INSERT INTO Customer(FirstName, LastName, BillingAddress, DateOfBirth) VALUES ('Customer1','Lname1','Address_1','1990-01-07');
INSERT INTO CustomerEmails(CustomerID, Email) VALUES (1, 'customer1.lname1@mail.com');
INSERT INTO CustomerPhones(CustomerID, Phone) VALUES (1, '0313963682');
INSERT INTO Customer(FirstName, LastName, BillingAddress, DateOfBirth) VALUES ('Customer2','Lname2','Address_2','1990-05-27');
INSERT INTO CustomerEmails(CustomerID, Email) VALUES (2, 'customer2.lname2@mail.com');
INSERT INTO CustomerPhones(CustomerID, Phone) VALUES (2, '0388290059');
INSERT INTO Customer(FirstName, LastName, BillingAddress, DateOfBirth) VALUES ('Customer3','Lname3','Address_3','1990-09-28');
INSERT INTO CustomerEmails(CustomerID, Email) VALUES (3, 'customer3.lname3@mail.com');
INSERT INTO CustomerPhones(CustomerID, Phone) VALUES (3, '0334798317');
INSERT INTO Customer(FirstName, LastName, BillingAddress, DateOfBirth) VALUES ('Customer4','Lname4','Address_4','1990-09-22');
INSERT INTO CustomerEmails(CustomerID, Email) VALUES (4, 'customer4.lname4@mail.com');
INSERT INTO CustomerPhones(CustomerID, Phone) VALUES (4, '0399716351');
INSERT INTO Customer(FirstName, LastName, BillingAddress, DateOfBirth) VALUES ('Customer5','Lname5','Address_5','1990-07-05');
INSERT INTO CustomerEmails(CustomerID, Email) VALUES (5, 'customer5.lname5@mail.com');
INSERT INTO CustomerPhones(CustomerID, Phone) VALUES (5, '0376080480');
INSERT INTO Customer(FirstName, LastName, BillingAddress, DateOfBirth) VALUES ('Customer6','Lname6','Address_6','1990-02-02');
INSERT INTO CustomerEmails(CustomerID, Email) VALUES (6, 'customer6.lname6@mail.com');
INSERT INTO CustomerPhones(CustomerID, Phone) VALUES (6, '0377775777');
INSERT INTO Customer(FirstName, LastName, BillingAddress, DateOfBirth) VALUES ('Customer7','Lname7','Address_7','1990-10-12');
INSERT INTO CustomerEmails(CustomerID, Email) VALUES (7, 'customer7.lname7@mail.com');
INSERT INTO CustomerPhones(CustomerID, Phone) VALUES (7, '0391829724');
INSERT INTO Customer(FirstName, LastName, BillingAddress, DateOfBirth) VALUES ('Customer8','Lname8','Address_8','1990-12-09');
INSERT INTO CustomerEmails(CustomerID, Email) VALUES (8, 'customer8.lname8@mail.com');
INSERT INTO CustomerPhones(CustomerID, Phone) VALUES (8, '0352697903');
INSERT INTO Customer(FirstName, LastName, BillingAddress, DateOfBirth) VALUES ('Customer9','Lname9','Address_9','1990-07-21');
INSERT INTO CustomerEmails(CustomerID, Email) VALUES (9, 'customer9.lname9@mail.com');
INSERT INTO CustomerPhones(CustomerID, Phone) VALUES (9, '0376103681');
INSERT INTO Customer(FirstName, LastName, BillingAddress, DateOfBirth) VALUES ('Customer10','Lname10','Address_10','1990-11-09');
INSERT INTO CustomerEmails(CustomerID, Email) VALUES (10, 'customer10.lname10@mail.com');
INSERT INTO CustomerPhones(CustomerID, Phone) VALUES (10, '0341384651');
INSERT INTO Customer(FirstName, LastName, BillingAddress, DateOfBirth) VALUES ('Customer11','Lname11','Address_11','1990-03-18');
INSERT INTO CustomerEmails(CustomerID, Email) VALUES (11, 'customer11.lname11@mail.com');
INSERT INTO CustomerPhones(CustomerID, Phone) VALUES (11, '0364498272');
INSERT INTO Customer(FirstName, LastName, BillingAddress, DateOfBirth) VALUES ('Customer12','Lname12','Address_12','1990-06-28');
INSERT INTO CustomerEmails(CustomerID, Email) VALUES (12, 'customer12.lname12@mail.com');
INSERT INTO CustomerPhones(CustomerID, Phone) VALUES (12, '0380589926');
INSERT INTO Customer(FirstName, LastName, BillingAddress, DateOfBirth) VALUES ('Customer13','Lname13','Address_13','1990-05-28');
INSERT INTO CustomerEmails(CustomerID, Email) VALUES (13, 'customer13.lname13@mail.com');
INSERT INTO CustomerPhones(CustomerID, Phone) VALUES (13, '0371564689');
INSERT INTO Customer(FirstName, LastName, BillingAddress, DateOfBirth) VALUES ('Customer14','Lname14','Address_14','1990-04-15');
INSERT INTO CustomerEmails(CustomerID, Email) VALUES (14, 'customer14.lname14@mail.com');
INSERT INTO CustomerPhones(CustomerID, Phone) VALUES (14, '0361846384');
INSERT INTO Customer(FirstName, LastName, BillingAddress, DateOfBirth) VALUES ('Customer15','Lname15','Address_15','1990-11-26');
INSERT INTO CustomerEmails(CustomerID, Email) VALUES (15, 'customer15.lname15@mail.com');
INSERT INTO CustomerPhones(CustomerID, Phone) VALUES (15, '0319768521');
INSERT INTO Customer(FirstName, LastName, BillingAddress, DateOfBirth) VALUES ('Customer16','Lname16','Address_16','1990-05-23');
INSERT INTO CustomerEmails(CustomerID, Email) VALUES (16, 'customer16.lname16@mail.com');
INSERT INTO CustomerPhones(CustomerID, Phone) VALUES (16, '0328544260');
INSERT INTO Customer(FirstName, LastName, BillingAddress, DateOfBirth) VALUES ('Customer17','Lname17','Address_17','1990-04-16');
INSERT INTO CustomerEmails(CustomerID, Email) VALUES (17, 'customer17.lname17@mail.com');
INSERT INTO CustomerPhones(CustomerID, Phone) VALUES (17, '0395522909');
INSERT INTO Customer(FirstName, LastName, BillingAddress, DateOfBirth) VALUES ('Customer18','Lname18','Address_18','1990-03-22');
INSERT INTO CustomerEmails(CustomerID, Email) VALUES (18, 'customer18.lname18@mail.com');
INSERT INTO CustomerPhones(CustomerID, Phone) VALUES (18, '0335194093');
INSERT INTO Customer(FirstName, LastName, BillingAddress, DateOfBirth) VALUES ('Customer19','Lname19','Address_19','1990-02-22');
INSERT INTO CustomerEmails(CustomerID, Email) VALUES (19, 'customer19.lname19@mail.com');
INSERT INTO CustomerPhones(CustomerID, Phone) VALUES (19, '0335019584');
INSERT INTO Customer(FirstName, LastName, BillingAddress, DateOfBirth) VALUES ('Customer20','Lname20','Address_20','1990-11-15');
INSERT INTO CustomerEmails(CustomerID, Email) VALUES (20, 'customer20.lname20@mail.com');
INSERT INTO CustomerPhones(CustomerID, Phone) VALUES (20, '0340531402');
INSERT INTO Customer(FirstName, LastName, BillingAddress, DateOfBirth) VALUES ('Customer21','Lname21','Address_21','1990-12-09');
INSERT INTO CustomerEmails(CustomerID, Email) VALUES (21, 'customer21.lname21@mail.com');
INSERT INTO CustomerPhones(CustomerID, Phone) VALUES (21, '0390280902');
INSERT INTO Customer(FirstName, LastName, BillingAddress, DateOfBirth) VALUES ('Customer22','Lname22','Address_22','1990-08-17');
INSERT INTO CustomerEmails(CustomerID, Email) VALUES (22, 'customer22.lname22@mail.com');
INSERT INTO CustomerPhones(CustomerID, Phone) VALUES (22, '0352663190');
INSERT INTO Customer(FirstName, LastName, BillingAddress, DateOfBirth) VALUES ('Customer23','Lname23','Address_23','1990-10-14');
INSERT INTO CustomerEmails(CustomerID, Email) VALUES (23, 'customer23.lname23@mail.com');
INSERT INTO CustomerPhones(CustomerID, Phone) VALUES (23, '0326268148');
INSERT INTO Customer(FirstName, LastName, BillingAddress, DateOfBirth) VALUES ('Customer24','Lname24','Address_24','1990-12-14');
INSERT INTO CustomerEmails(CustomerID, Email) VALUES (24, 'customer24.lname24@mail.com');
INSERT INTO CustomerPhones(CustomerID, Phone) VALUES (24, '0367058254');
INSERT INTO Customer(FirstName, LastName, BillingAddress, DateOfBirth) VALUES ('Customer25','Lname25','Address_25','1990-01-18');
INSERT INTO CustomerEmails(CustomerID, Email) VALUES (25, 'customer25.lname25@mail.com');
INSERT INTO CustomerPhones(CustomerID, Phone) VALUES (25, '0359182410');
INSERT INTO Customer(FirstName, LastName, BillingAddress, DateOfBirth) VALUES ('Customer26','Lname26','Address_26','1990-05-05');
INSERT INTO CustomerEmails(CustomerID, Email) VALUES (26, 'customer26.lname26@mail.com');
INSERT INTO CustomerPhones(CustomerID, Phone) VALUES (26, '0359634194');
INSERT INTO Customer(FirstName, LastName, BillingAddress, DateOfBirth) VALUES ('Customer27','Lname27','Address_27','1990-02-12');
INSERT INTO CustomerEmails(CustomerID, Email) VALUES (27, 'customer27.lname27@mail.com');
INSERT INTO CustomerPhones(CustomerID, Phone) VALUES (27, '0394407945');
INSERT INTO Customer(FirstName, LastName, BillingAddress, DateOfBirth) VALUES ('Customer28','Lname28','Address_28','1990-12-14');
INSERT INTO CustomerEmails(CustomerID, Email) VALUES (28, 'customer28.lname28@mail.com');
INSERT INTO CustomerPhones(CustomerID, Phone) VALUES (28, '0312628989');
INSERT INTO Customer(FirstName, LastName, BillingAddress, DateOfBirth) VALUES ('Customer29','Lname29','Address_29','1990-04-02');
INSERT INTO CustomerEmails(CustomerID, Email) VALUES (29, 'customer29.lname29@mail.com');
INSERT INTO CustomerPhones(CustomerID, Phone) VALUES (29, '0365141991');
INSERT INTO Customer(FirstName, LastName, BillingAddress, DateOfBirth) VALUES ('Customer30','Lname30','Address_30','1990-03-15');
INSERT INTO CustomerEmails(CustomerID, Email) VALUES (30, 'customer30.lname30@mail.com');
INSERT INTO CustomerPhones(CustomerID, Phone) VALUES (30, '0332933274');
INSERT INTO Customer(FirstName, LastName, BillingAddress, DateOfBirth) VALUES ('Customer31','Lname31','Address_31','1990-07-22');
INSERT INTO CustomerEmails(CustomerID, Email) VALUES (31, 'customer31.lname31@mail.com');
INSERT INTO CustomerPhones(CustomerID, Phone) VALUES (31, '0333710302');
INSERT INTO Customer(FirstName, LastName, BillingAddress, DateOfBirth) VALUES ('Customer32','Lname32','Address_32','1990-09-08');
INSERT INTO CustomerEmails(CustomerID, Email) VALUES (32, 'customer32.lname32@mail.com');
INSERT INTO CustomerPhones(CustomerID, Phone) VALUES (32, '0376315042');
INSERT INTO Customer(FirstName, LastName, BillingAddress, DateOfBirth) VALUES ('Customer33','Lname33','Address_33','1990-11-04');
INSERT INTO CustomerEmails(CustomerID, Email) VALUES (33, 'customer33.lname33@mail.com');
INSERT INTO CustomerPhones(CustomerID, Phone) VALUES (33, '0380585569');
INSERT INTO Customer(FirstName, LastName, BillingAddress, DateOfBirth) VALUES ('Customer34','Lname34','Address_34','1990-01-23');
INSERT INTO CustomerEmails(CustomerID, Email) VALUES (34, 'customer34.lname34@mail.com');
INSERT INTO CustomerPhones(CustomerID, Phone) VALUES (34, '0348754772');
INSERT INTO Customer(FirstName, LastName, BillingAddress, DateOfBirth) VALUES ('Customer35','Lname35','Address_35','1990-08-19');
INSERT INTO CustomerEmails(CustomerID, Email) VALUES (35, 'customer35.lname35@mail.com');
INSERT INTO CustomerPhones(CustomerID, Phone) VALUES (35, '0367762142');
INSERT INTO Customer(FirstName, LastName, BillingAddress, DateOfBirth) VALUES ('Customer36','Lname36','Address_36','1990-01-24');
INSERT INTO CustomerEmails(CustomerID, Email) VALUES (36, 'customer36.lname36@mail.com');
INSERT INTO CustomerPhones(CustomerID, Phone) VALUES (36, '0396077944');
INSERT INTO Customer(FirstName, LastName, BillingAddress, DateOfBirth) VALUES ('Customer37','Lname37','Address_37','1990-03-13');
INSERT INTO CustomerEmails(CustomerID, Email) VALUES (37, 'customer37.lname37@mail.com');
INSERT INTO CustomerPhones(CustomerID, Phone) VALUES (37, '0383984136');
INSERT INTO Customer(FirstName, LastName, BillingAddress, DateOfBirth) VALUES ('Customer38','Lname38','Address_38','1990-10-22');
INSERT INTO CustomerEmails(CustomerID, Email) VALUES (38, 'customer38.lname38@mail.com');
INSERT INTO CustomerPhones(CustomerID, Phone) VALUES (38, '0324988535');
INSERT INTO Customer(FirstName, LastName, BillingAddress, DateOfBirth) VALUES ('Customer39','Lname39','Address_39','1990-04-20');
INSERT INTO CustomerEmails(CustomerID, Email) VALUES (39, 'customer39.lname39@mail.com');
INSERT INTO CustomerPhones(CustomerID, Phone) VALUES (39, '0347717256');
INSERT INTO Customer(FirstName, LastName, BillingAddress, DateOfBirth) VALUES ('Customer40','Lname40','Address_40','1990-02-22');
INSERT INTO CustomerEmails(CustomerID, Email) VALUES (40, 'customer40.lname40@mail.com');
INSERT INTO CustomerPhones(CustomerID, Phone) VALUES (40, '0393927916');
INSERT INTO Customer(FirstName, LastName, BillingAddress, DateOfBirth) VALUES ('Customer41','Lname41','Address_41','1990-10-02');
INSERT INTO CustomerEmails(CustomerID, Email) VALUES (41, 'customer41.lname41@mail.com');
INSERT INTO CustomerPhones(CustomerID, Phone) VALUES (41, '0391010065');
INSERT INTO Customer(FirstName, LastName, BillingAddress, DateOfBirth) VALUES ('Customer42','Lname42','Address_42','1990-09-20');
INSERT INTO CustomerEmails(CustomerID, Email) VALUES (42, 'customer42.lname42@mail.com');
INSERT INTO CustomerPhones(CustomerID, Phone) VALUES (42, '0396204578');
INSERT INTO Customer(FirstName, LastName, BillingAddress, DateOfBirth) VALUES ('Customer43','Lname43','Address_43','1990-11-07');
INSERT INTO CustomerEmails(CustomerID, Email) VALUES (43, 'customer43.lname43@mail.com');
INSERT INTO CustomerPhones(CustomerID, Phone) VALUES (43, '0392974333');
INSERT INTO Customer(FirstName, LastName, BillingAddress, DateOfBirth) VALUES ('Customer44','Lname44','Address_44','1990-12-04');
INSERT INTO CustomerEmails(CustomerID, Email) VALUES (44, 'customer44.lname44@mail.com');
INSERT INTO CustomerPhones(CustomerID, Phone) VALUES (44, '0324673742');
INSERT INTO Customer(FirstName, LastName, BillingAddress, DateOfBirth) VALUES ('Customer45','Lname45','Address_45','1990-11-25');
INSERT INTO CustomerEmails(CustomerID, Email) VALUES (45, 'customer45.lname45@mail.com');
INSERT INTO CustomerPhones(CustomerID, Phone) VALUES (45, '0328439764');
INSERT INTO Customer(FirstName, LastName, BillingAddress, DateOfBirth) VALUES ('Customer46','Lname46','Address_46','1990-08-20');
INSERT INTO CustomerEmails(CustomerID, Email) VALUES (46, 'customer46.lname46@mail.com');
INSERT INTO CustomerPhones(CustomerID, Phone) VALUES (46, '0310305179');
INSERT INTO Customer(FirstName, LastName, BillingAddress, DateOfBirth) VALUES ('Customer47','Lname47','Address_47','1990-10-28');
INSERT INTO CustomerEmails(CustomerID, Email) VALUES (47, 'customer47.lname47@mail.com');
INSERT INTO CustomerPhones(CustomerID, Phone) VALUES (47, '0394410196');
INSERT INTO Customer(FirstName, LastName, BillingAddress, DateOfBirth) VALUES ('Customer48','Lname48','Address_48','1990-08-28');
INSERT INTO CustomerEmails(CustomerID, Email) VALUES (48, 'customer48.lname48@mail.com');
INSERT INTO CustomerPhones(CustomerID, Phone) VALUES (48, '0326879593');
INSERT INTO Customer(FirstName, LastName, BillingAddress, DateOfBirth) VALUES ('Customer49','Lname49','Address_49','1990-07-02');
INSERT INTO CustomerEmails(CustomerID, Email) VALUES (49, 'customer49.lname49@mail.com');
INSERT INTO CustomerPhones(CustomerID, Phone) VALUES (49, '0360317491');
INSERT INTO Customer(FirstName, LastName, BillingAddress, DateOfBirth) VALUES ('Customer50','Lname50','Address_50','1990-06-23');
INSERT INTO CustomerEmails(CustomerID, Email) VALUES (50, 'customer50.lname50@mail.com');
INSERT INTO CustomerPhones(CustomerID, Phone) VALUES (50, '0391502729');
INSERT INTO Customer(FirstName, LastName, BillingAddress, DateOfBirth) VALUES ('Customer51','Lname51','Address_51','1990-07-02');
INSERT INTO CustomerEmails(CustomerID, Email) VALUES (51, 'customer51.lname51@mail.com');
INSERT INTO CustomerPhones(CustomerID, Phone) VALUES (51, '0342652317');
INSERT INTO Customer(FirstName, LastName, BillingAddress, DateOfBirth) VALUES ('Customer52','Lname52','Address_52','1990-09-09');
INSERT INTO CustomerEmails(CustomerID, Email) VALUES (52, 'customer52.lname52@mail.com');
INSERT INTO CustomerPhones(CustomerID, Phone) VALUES (52, '0362883375');
INSERT INTO Customer(FirstName, LastName, BillingAddress, DateOfBirth) VALUES ('Customer53','Lname53','Address_53','1990-08-08');
INSERT INTO CustomerEmails(CustomerID, Email) VALUES (53, 'customer53.lname53@mail.com');
INSERT INTO CustomerPhones(CustomerID, Phone) VALUES (53, '0311648755');
INSERT INTO Customer(FirstName, LastName, BillingAddress, DateOfBirth) VALUES ('Customer54','Lname54','Address_54','1990-05-13');
INSERT INTO CustomerEmails(CustomerID, Email) VALUES (54, 'customer54.lname54@mail.com');
INSERT INTO CustomerPhones(CustomerID, Phone) VALUES (54, '0326347770');
INSERT INTO Customer(FirstName, LastName, BillingAddress, DateOfBirth) VALUES ('Customer55','Lname55','Address_55','1990-05-02');
INSERT INTO CustomerEmails(CustomerID, Email) VALUES (55, 'customer55.lname55@mail.com');
INSERT INTO CustomerPhones(CustomerID, Phone) VALUES (55, '0328013164');
INSERT INTO Customer(FirstName, LastName, BillingAddress, DateOfBirth) VALUES ('Customer56','Lname56','Address_56','1990-06-06');
INSERT INTO CustomerEmails(CustomerID, Email) VALUES (56, 'customer56.lname56@mail.com');
INSERT INTO CustomerPhones(CustomerID, Phone) VALUES (56, '0323243014');
INSERT INTO Customer(FirstName, LastName, BillingAddress, DateOfBirth) VALUES ('Customer57','Lname57','Address_57','1990-10-17');
INSERT INTO CustomerEmails(CustomerID, Email) VALUES (57, 'customer57.lname57@mail.com');
INSERT INTO CustomerPhones(CustomerID, Phone) VALUES (57, '0331871150');
INSERT INTO Customer(FirstName, LastName, BillingAddress, DateOfBirth) VALUES ('Customer58','Lname58','Address_58','1990-06-25');
INSERT INTO CustomerEmails(CustomerID, Email) VALUES (58, 'customer58.lname58@mail.com');
INSERT INTO CustomerPhones(CustomerID, Phone) VALUES (58, '0363324582');
INSERT INTO Customer(FirstName, LastName, BillingAddress, DateOfBirth) VALUES ('Customer59','Lname59','Address_59','1990-07-05');
INSERT INTO CustomerEmails(CustomerID, Email) VALUES (59, 'customer59.lname59@mail.com');
INSERT INTO CustomerPhones(CustomerID, Phone) VALUES (59, '0354223557');
INSERT INTO Customer(FirstName, LastName, BillingAddress, DateOfBirth) VALUES ('Customer60','Lname60','Address_60','1990-12-23');
INSERT INTO CustomerEmails(CustomerID, Email) VALUES (60, 'customer60.lname60@mail.com');
INSERT INTO CustomerPhones(CustomerID, Phone) VALUES (60, '0385259645');
INSERT INTO Customer(FirstName, LastName, BillingAddress, DateOfBirth) VALUES ('Customer61','Lname61','Address_61','1990-04-18');
INSERT INTO CustomerEmails(CustomerID, Email) VALUES (61, 'customer61.lname61@mail.com');
INSERT INTO CustomerPhones(CustomerID, Phone) VALUES (61, '0361342760');
INSERT INTO Customer(FirstName, LastName, BillingAddress, DateOfBirth) VALUES ('Customer62','Lname62','Address_62','1990-04-25');
INSERT INTO CustomerEmails(CustomerID, Email) VALUES (62, 'customer62.lname62@mail.com');
INSERT INTO CustomerPhones(CustomerID, Phone) VALUES (62, '0330087949');
INSERT INTO Customer(FirstName, LastName, BillingAddress, DateOfBirth) VALUES ('Customer63','Lname63','Address_63','1990-05-16');
INSERT INTO CustomerEmails(CustomerID, Email) VALUES (63, 'customer63.lname63@mail.com');
INSERT INTO CustomerPhones(CustomerID, Phone) VALUES (63, '0393570805');
INSERT INTO Customer(FirstName, LastName, BillingAddress, DateOfBirth) VALUES ('Customer64','Lname64','Address_64','1990-10-21');
INSERT INTO CustomerEmails(CustomerID, Email) VALUES (64, 'customer64.lname64@mail.com');
INSERT INTO CustomerPhones(CustomerID, Phone) VALUES (64, '0350622758');
INSERT INTO Customer(FirstName, LastName, BillingAddress, DateOfBirth) VALUES ('Customer65','Lname65','Address_65','1990-03-12');
INSERT INTO CustomerEmails(CustomerID, Email) VALUES (65, 'customer65.lname65@mail.com');
INSERT INTO CustomerPhones(CustomerID, Phone) VALUES (65, '0365738071');
INSERT INTO Customer(FirstName, LastName, BillingAddress, DateOfBirth) VALUES ('Customer66','Lname66','Address_66','1990-12-26');
INSERT INTO CustomerEmails(CustomerID, Email) VALUES (66, 'customer66.lname66@mail.com');
INSERT INTO CustomerPhones(CustomerID, Phone) VALUES (66, '0385883611');
INSERT INTO Customer(FirstName, LastName, BillingAddress, DateOfBirth) VALUES ('Customer67','Lname67','Address_67','1990-07-23');
INSERT INTO CustomerEmails(CustomerID, Email) VALUES (67, 'customer67.lname67@mail.com');
INSERT INTO CustomerPhones(CustomerID, Phone) VALUES (67, '0325976213');
INSERT INTO Customer(FirstName, LastName, BillingAddress, DateOfBirth) VALUES ('Customer68','Lname68','Address_68','1990-05-01');
INSERT INTO CustomerEmails(CustomerID, Email) VALUES (68, 'customer68.lname68@mail.com');
INSERT INTO CustomerPhones(CustomerID, Phone) VALUES (68, '0310605831');
INSERT INTO Customer(FirstName, LastName, BillingAddress, DateOfBirth) VALUES ('Customer69','Lname69','Address_69','1990-12-12');
INSERT INTO CustomerEmails(CustomerID, Email) VALUES (69, 'customer69.lname69@mail.com');
INSERT INTO CustomerPhones(CustomerID, Phone) VALUES (69, '0361139158');
INSERT INTO Customer(FirstName, LastName, BillingAddress, DateOfBirth) VALUES ('Customer70','Lname70','Address_70','1990-07-16');
INSERT INTO CustomerEmails(CustomerID, Email) VALUES (70, 'customer70.lname70@mail.com');
INSERT INTO CustomerPhones(CustomerID, Phone) VALUES (70, '0391141850');
INSERT INTO Customer(FirstName, LastName, BillingAddress, DateOfBirth) VALUES ('Customer71','Lname71','Address_71','1990-06-20');
INSERT INTO CustomerEmails(CustomerID, Email) VALUES (71, 'customer71.lname71@mail.com');
INSERT INTO CustomerPhones(CustomerID, Phone) VALUES (71, '0367617434');
INSERT INTO Customer(FirstName, LastName, BillingAddress, DateOfBirth) VALUES ('Customer72','Lname72','Address_72','1990-10-18');
INSERT INTO CustomerEmails(CustomerID, Email) VALUES (72, 'customer72.lname72@mail.com');
INSERT INTO CustomerPhones(CustomerID, Phone) VALUES (72, '0374122613');
INSERT INTO Customer(FirstName, LastName, BillingAddress, DateOfBirth) VALUES ('Customer73','Lname73','Address_73','1990-12-28');
INSERT INTO CustomerEmails(CustomerID, Email) VALUES (73, 'customer73.lname73@mail.com');
INSERT INTO CustomerPhones(CustomerID, Phone) VALUES (73, '0367666866');
INSERT INTO Customer(FirstName, LastName, BillingAddress, DateOfBirth) VALUES ('Customer74','Lname74','Address_74','1990-06-12');
INSERT INTO CustomerEmails(CustomerID, Email) VALUES (74, 'customer74.lname74@mail.com');
INSERT INTO CustomerPhones(CustomerID, Phone) VALUES (74, '0317464968');
INSERT INTO Customer(FirstName, LastName, BillingAddress, DateOfBirth) VALUES ('Customer75','Lname75','Address_75','1990-03-26');
INSERT INTO CustomerEmails(CustomerID, Email) VALUES (75, 'customer75.lname75@mail.com');
INSERT INTO CustomerPhones(CustomerID, Phone) VALUES (75, '0366898486');
INSERT INTO Customer(FirstName, LastName, BillingAddress, DateOfBirth) VALUES ('Customer76','Lname76','Address_76','1990-03-17');
INSERT INTO CustomerEmails(CustomerID, Email) VALUES (76, 'customer76.lname76@mail.com');
INSERT INTO CustomerPhones(CustomerID, Phone) VALUES (76, '0326784197');
INSERT INTO Customer(FirstName, LastName, BillingAddress, DateOfBirth) VALUES ('Customer77','Lname77','Address_77','1990-08-28');
INSERT INTO CustomerEmails(CustomerID, Email) VALUES (77, 'customer77.lname77@mail.com');
INSERT INTO CustomerPhones(CustomerID, Phone) VALUES (77, '0376257874');
INSERT INTO Customer(FirstName, LastName, BillingAddress, DateOfBirth) VALUES ('Customer78','Lname78','Address_78','1990-03-16');
INSERT INTO CustomerEmails(CustomerID, Email) VALUES (78, 'customer78.lname78@mail.com');
INSERT INTO CustomerPhones(CustomerID, Phone) VALUES (78, '0364473360');
INSERT INTO Customer(FirstName, LastName, BillingAddress, DateOfBirth) VALUES ('Customer79','Lname79','Address_79','1990-07-09');
INSERT INTO CustomerEmails(CustomerID, Email) VALUES (79, 'customer79.lname79@mail.com');
INSERT INTO CustomerPhones(CustomerID, Phone) VALUES (79, '0376865951');
INSERT INTO Customer(FirstName, LastName, BillingAddress, DateOfBirth) VALUES ('Customer80','Lname80','Address_80','1990-10-01');
INSERT INTO CustomerEmails(CustomerID, Email) VALUES (80, 'customer80.lname80@mail.com');
INSERT INTO CustomerPhones(CustomerID, Phone) VALUES (80, '0330931291');
INSERT INTO Customer(FirstName, LastName, BillingAddress, DateOfBirth) VALUES ('Customer81','Lname81','Address_81','1990-04-01');
INSERT INTO CustomerEmails(CustomerID, Email) VALUES (81, 'customer81.lname81@mail.com');
INSERT INTO CustomerPhones(CustomerID, Phone) VALUES (81, '0346568216');
INSERT INTO Customer(FirstName, LastName, BillingAddress, DateOfBirth) VALUES ('Customer82','Lname82','Address_82','1990-10-19');
INSERT INTO CustomerEmails(CustomerID, Email) VALUES (82, 'customer82.lname82@mail.com');
INSERT INTO CustomerPhones(CustomerID, Phone) VALUES (82, '0372940913');
INSERT INTO Customer(FirstName, LastName, BillingAddress, DateOfBirth) VALUES ('Customer83','Lname83','Address_83','1990-06-08');
INSERT INTO CustomerEmails(CustomerID, Email) VALUES (83, 'customer83.lname83@mail.com');
INSERT INTO CustomerPhones(CustomerID, Phone) VALUES (83, '0323734989');
INSERT INTO Customer(FirstName, LastName, BillingAddress, DateOfBirth) VALUES ('Customer84','Lname84','Address_84','1990-07-23');
INSERT INTO CustomerEmails(CustomerID, Email) VALUES (84, 'customer84.lname84@mail.com');
INSERT INTO CustomerPhones(CustomerID, Phone) VALUES (84, '0363586568');
INSERT INTO Customer(FirstName, LastName, BillingAddress, DateOfBirth) VALUES ('Customer85','Lname85','Address_85','1990-09-22');
INSERT INTO CustomerEmails(CustomerID, Email) VALUES (85, 'customer85.lname85@mail.com');
INSERT INTO CustomerPhones(CustomerID, Phone) VALUES (85, '0344154765');
INSERT INTO Customer(FirstName, LastName, BillingAddress, DateOfBirth) VALUES ('Customer86','Lname86','Address_86','1990-03-06');
INSERT INTO CustomerEmails(CustomerID, Email) VALUES (86, 'customer86.lname86@mail.com');
INSERT INTO CustomerPhones(CustomerID, Phone) VALUES (86, '0372322424');
INSERT INTO Customer(FirstName, LastName, BillingAddress, DateOfBirth) VALUES ('Customer87','Lname87','Address_87','1990-04-20');
INSERT INTO CustomerEmails(CustomerID, Email) VALUES (87, 'customer87.lname87@mail.com');
INSERT INTO CustomerPhones(CustomerID, Phone) VALUES (87, '0376482861');
INSERT INTO Customer(FirstName, LastName, BillingAddress, DateOfBirth) VALUES ('Customer88','Lname88','Address_88','1990-04-05');
INSERT INTO CustomerEmails(CustomerID, Email) VALUES (88, 'customer88.lname88@mail.com');
INSERT INTO CustomerPhones(CustomerID, Phone) VALUES (88, '0373082306');
INSERT INTO Customer(FirstName, LastName, BillingAddress, DateOfBirth) VALUES ('Customer89','Lname89','Address_89','1990-08-02');
INSERT INTO CustomerEmails(CustomerID, Email) VALUES (89, 'customer89.lname89@mail.com');
INSERT INTO CustomerPhones(CustomerID, Phone) VALUES (89, '0335015705');
INSERT INTO Customer(FirstName, LastName, BillingAddress, DateOfBirth) VALUES ('Customer90','Lname90','Address_90','1990-10-18');
INSERT INTO CustomerEmails(CustomerID, Email) VALUES (90, 'customer90.lname90@mail.com');
INSERT INTO CustomerPhones(CustomerID, Phone) VALUES (90, '0351462932');
INSERT INTO Customer(FirstName, LastName, BillingAddress, DateOfBirth) VALUES ('Customer91','Lname91','Address_91','1990-12-27');
INSERT INTO CustomerEmails(CustomerID, Email) VALUES (91, 'customer91.lname91@mail.com');
INSERT INTO CustomerPhones(CustomerID, Phone) VALUES (91, '0372775535');
INSERT INTO Customer(FirstName, LastName, BillingAddress, DateOfBirth) VALUES ('Customer92','Lname92','Address_92','1990-04-02');
INSERT INTO CustomerEmails(CustomerID, Email) VALUES (92, 'customer92.lname92@mail.com');
INSERT INTO CustomerPhones(CustomerID, Phone) VALUES (92, '0383308242');
INSERT INTO Customer(FirstName, LastName, BillingAddress, DateOfBirth) VALUES ('Customer93','Lname93','Address_93','1990-02-15');
INSERT INTO CustomerEmails(CustomerID, Email) VALUES (93, 'customer93.lname93@mail.com');
INSERT INTO CustomerPhones(CustomerID, Phone) VALUES (93, '0334645765');
INSERT INTO Customer(FirstName, LastName, BillingAddress, DateOfBirth) VALUES ('Customer94','Lname94','Address_94','1990-11-07');
INSERT INTO CustomerEmails(CustomerID, Email) VALUES (94, 'customer94.lname94@mail.com');
INSERT INTO CustomerPhones(CustomerID, Phone) VALUES (94, '0327763230');
INSERT INTO Customer(FirstName, LastName, BillingAddress, DateOfBirth) VALUES ('Customer95','Lname95','Address_95','1990-06-28');
INSERT INTO CustomerEmails(CustomerID, Email) VALUES (95, 'customer95.lname95@mail.com');
INSERT INTO CustomerPhones(CustomerID, Phone) VALUES (95, '0393067032');
INSERT INTO Customer(FirstName, LastName, BillingAddress, DateOfBirth) VALUES ('Customer96','Lname96','Address_96','1990-01-16');
INSERT INTO CustomerEmails(CustomerID, Email) VALUES (96, 'customer96.lname96@mail.com');
INSERT INTO CustomerPhones(CustomerID, Phone) VALUES (96, '0359677993');
INSERT INTO Customer(FirstName, LastName, BillingAddress, DateOfBirth) VALUES ('Customer97','Lname97','Address_97','1990-04-10');
INSERT INTO CustomerEmails(CustomerID, Email) VALUES (97, 'customer97.lname97@mail.com');
INSERT INTO CustomerPhones(CustomerID, Phone) VALUES (97, '0367669626');
INSERT INTO Customer(FirstName, LastName, BillingAddress, DateOfBirth) VALUES ('Customer98','Lname98','Address_98','1990-10-10');
INSERT INTO CustomerEmails(CustomerID, Email) VALUES (98, 'customer98.lname98@mail.com');
INSERT INTO CustomerPhones(CustomerID, Phone) VALUES (98, '0367183075');
INSERT INTO Customer(FirstName, LastName, BillingAddress, DateOfBirth) VALUES ('Customer99','Lname99','Address_99','1990-11-21');
INSERT INTO CustomerEmails(CustomerID, Email) VALUES (99, 'customer99.lname99@mail.com');
INSERT INTO CustomerPhones(CustomerID, Phone) VALUES (99, '0360354956');
INSERT INTO Customer(FirstName, LastName, BillingAddress, DateOfBirth) VALUES ('Customer100','Lname100','Address_100','1990-06-25');
INSERT INTO CustomerEmails(CustomerID, Email) VALUES (100, 'customer100.lname100@mail.com');
INSERT INTO CustomerPhones(CustomerID, Phone) VALUES (100, '0385733015');
INSERT INTO Customer(FirstName, LastName, BillingAddress, DateOfBirth) VALUES ('Customer101','Lname101','Address_101','1990-04-22');
INSERT INTO CustomerEmails(CustomerID, Email) VALUES (101, 'customer101.lname101@mail.com');
INSERT INTO CustomerPhones(CustomerID, Phone) VALUES (101, '0313374323');
INSERT INTO Customer(FirstName, LastName, BillingAddress, DateOfBirth) VALUES ('Customer102','Lname102','Address_102','1990-11-23');
INSERT INTO CustomerEmails(CustomerID, Email) VALUES (102, 'customer102.lname102@mail.com');
INSERT INTO CustomerPhones(CustomerID, Phone) VALUES (102, '0381479999');
INSERT INTO Customer(FirstName, LastName, BillingAddress, DateOfBirth) VALUES ('Customer103','Lname103','Address_103','1990-10-14');
INSERT INTO CustomerEmails(CustomerID, Email) VALUES (103, 'customer103.lname103@mail.com');
INSERT INTO CustomerPhones(CustomerID, Phone) VALUES (103, '0396466212');
INSERT INTO Customer(FirstName, LastName, BillingAddress, DateOfBirth) VALUES ('Customer104','Lname104','Address_104','1990-06-11');
INSERT INTO CustomerEmails(CustomerID, Email) VALUES (104, 'customer104.lname104@mail.com');
INSERT INTO CustomerPhones(CustomerID, Phone) VALUES (104, '0320216679');
INSERT INTO Customer(FirstName, LastName, BillingAddress, DateOfBirth) VALUES ('Customer105','Lname105','Address_105','1990-06-03');
INSERT INTO CustomerEmails(CustomerID, Email) VALUES (105, 'customer105.lname105@mail.com');
INSERT INTO CustomerPhones(CustomerID, Phone) VALUES (105, '0329452972');
INSERT INTO Customer(FirstName, LastName, BillingAddress, DateOfBirth) VALUES ('Customer106','Lname106','Address_106','1990-03-25');
INSERT INTO CustomerEmails(CustomerID, Email) VALUES (106, 'customer106.lname106@mail.com');
INSERT INTO CustomerPhones(CustomerID, Phone) VALUES (106, '0330625812');
INSERT INTO Customer(FirstName, LastName, BillingAddress, DateOfBirth) VALUES ('Customer107','Lname107','Address_107','1990-01-08');
INSERT INTO CustomerEmails(CustomerID, Email) VALUES (107, 'customer107.lname107@mail.com');
INSERT INTO CustomerPhones(CustomerID, Phone) VALUES (107, '0356945743');
INSERT INTO Customer(FirstName, LastName, BillingAddress, DateOfBirth) VALUES ('Customer108','Lname108','Address_108','1990-07-24');
INSERT INTO CustomerEmails(CustomerID, Email) VALUES (108, 'customer108.lname108@mail.com');
INSERT INTO CustomerPhones(CustomerID, Phone) VALUES (108, '0350775207');
INSERT INTO Customer(FirstName, LastName, BillingAddress, DateOfBirth) VALUES ('Customer109','Lname109','Address_109','1990-03-08');
INSERT INTO CustomerEmails(CustomerID, Email) VALUES (109, 'customer109.lname109@mail.com');
INSERT INTO CustomerPhones(CustomerID, Phone) VALUES (109, '0369990830');
INSERT INTO Customer(FirstName, LastName, BillingAddress, DateOfBirth) VALUES ('Customer110','Lname110','Address_110','1990-08-02');
INSERT INTO CustomerEmails(CustomerID, Email) VALUES (110, 'customer110.lname110@mail.com');
INSERT INTO CustomerPhones(CustomerID, Phone) VALUES (110, '0323670747');
INSERT INTO Customer(FirstName, LastName, BillingAddress, DateOfBirth) VALUES ('Customer111','Lname111','Address_111','1990-01-14');
INSERT INTO CustomerEmails(CustomerID, Email) VALUES (111, 'customer111.lname111@mail.com');
INSERT INTO CustomerPhones(CustomerID, Phone) VALUES (111, '0366342579');
INSERT INTO Customer(FirstName, LastName, BillingAddress, DateOfBirth) VALUES ('Customer112','Lname112','Address_112','1990-11-04');
INSERT INTO CustomerEmails(CustomerID, Email) VALUES (112, 'customer112.lname112@mail.com');
INSERT INTO CustomerPhones(CustomerID, Phone) VALUES (112, '0383899051');
INSERT INTO Customer(FirstName, LastName, BillingAddress, DateOfBirth) VALUES ('Customer113','Lname113','Address_113','1990-09-11');
INSERT INTO CustomerEmails(CustomerID, Email) VALUES (113, 'customer113.lname113@mail.com');
INSERT INTO CustomerPhones(CustomerID, Phone) VALUES (113, '0368208568');
INSERT INTO Customer(FirstName, LastName, BillingAddress, DateOfBirth) VALUES ('Customer114','Lname114','Address_114','1990-01-13');
INSERT INTO CustomerEmails(CustomerID, Email) VALUES (114, 'customer114.lname114@mail.com');
INSERT INTO CustomerPhones(CustomerID, Phone) VALUES (114, '0359961847');
INSERT INTO Customer(FirstName, LastName, BillingAddress, DateOfBirth) VALUES ('Customer115','Lname115','Address_115','1990-04-03');
INSERT INTO CustomerEmails(CustomerID, Email) VALUES (115, 'customer115.lname115@mail.com');
INSERT INTO CustomerPhones(CustomerID, Phone) VALUES (115, '0346383221');
INSERT INTO Customer(FirstName, LastName, BillingAddress, DateOfBirth) VALUES ('Customer116','Lname116','Address_116','1990-11-22');
INSERT INTO CustomerEmails(CustomerID, Email) VALUES (116, 'customer116.lname116@mail.com');
INSERT INTO CustomerPhones(CustomerID, Phone) VALUES (116, '0386645430');
INSERT INTO Customer(FirstName, LastName, BillingAddress, DateOfBirth) VALUES ('Customer117','Lname117','Address_117','1990-11-01');
INSERT INTO CustomerEmails(CustomerID, Email) VALUES (117, 'customer117.lname117@mail.com');
INSERT INTO CustomerPhones(CustomerID, Phone) VALUES (117, '0326304443');
INSERT INTO Customer(FirstName, LastName, BillingAddress, DateOfBirth) VALUES ('Customer118','Lname118','Address_118','1990-07-15');
INSERT INTO CustomerEmails(CustomerID, Email) VALUES (118, 'customer118.lname118@mail.com');
INSERT INTO CustomerPhones(CustomerID, Phone) VALUES (118, '0379323436');
INSERT INTO Customer(FirstName, LastName, BillingAddress, DateOfBirth) VALUES ('Customer119','Lname119','Address_119','1990-01-08');
INSERT INTO CustomerEmails(CustomerID, Email) VALUES (119, 'customer119.lname119@mail.com');
INSERT INTO CustomerPhones(CustomerID, Phone) VALUES (119, '0347788748');
INSERT INTO Customer(FirstName, LastName, BillingAddress, DateOfBirth) VALUES ('Customer120','Lname120','Address_120','1990-05-27');
INSERT INTO CustomerEmails(CustomerID, Email) VALUES (120, 'customer120.lname120@mail.com');
INSERT INTO CustomerPhones(CustomerID, Phone) VALUES (120, '0312951150');
INSERT INTO Customer(FirstName, LastName, BillingAddress, DateOfBirth) VALUES ('Customer121','Lname121','Address_121','1990-01-06');
INSERT INTO CustomerEmails(CustomerID, Email) VALUES (121, 'customer121.lname121@mail.com');
INSERT INTO CustomerPhones(CustomerID, Phone) VALUES (121, '0313993561');
INSERT INTO Customer(FirstName, LastName, BillingAddress, DateOfBirth) VALUES ('Customer122','Lname122','Address_122','1990-12-07');
INSERT INTO CustomerEmails(CustomerID, Email) VALUES (122, 'customer122.lname122@mail.com');
INSERT INTO CustomerPhones(CustomerID, Phone) VALUES (122, '0379108482');
INSERT INTO Customer(FirstName, LastName, BillingAddress, DateOfBirth) VALUES ('Customer123','Lname123','Address_123','1990-05-01');
INSERT INTO CustomerEmails(CustomerID, Email) VALUES (123, 'customer123.lname123@mail.com');
INSERT INTO CustomerPhones(CustomerID, Phone) VALUES (123, '0371075655');
INSERT INTO Customer(FirstName, LastName, BillingAddress, DateOfBirth) VALUES ('Customer124','Lname124','Address_124','1990-04-10');
INSERT INTO CustomerEmails(CustomerID, Email) VALUES (124, 'customer124.lname124@mail.com');
INSERT INTO CustomerPhones(CustomerID, Phone) VALUES (124, '0360308269');
INSERT INTO Customer(FirstName, LastName, BillingAddress, DateOfBirth) VALUES ('Customer125','Lname125','Address_125','1990-09-08');
INSERT INTO CustomerEmails(CustomerID, Email) VALUES (125, 'customer125.lname125@mail.com');
INSERT INTO CustomerPhones(CustomerID, Phone) VALUES (125, '0329529305');
INSERT INTO Customer(FirstName, LastName, BillingAddress, DateOfBirth) VALUES ('Customer126','Lname126','Address_126','1990-11-05');
INSERT INTO CustomerEmails(CustomerID, Email) VALUES (126, 'customer126.lname126@mail.com');
INSERT INTO CustomerPhones(CustomerID, Phone) VALUES (126, '0345406480');
INSERT INTO Customer(FirstName, LastName, BillingAddress, DateOfBirth) VALUES ('Customer127','Lname127','Address_127','1990-03-04');
INSERT INTO CustomerEmails(CustomerID, Email) VALUES (127, 'customer127.lname127@mail.com');
INSERT INTO CustomerPhones(CustomerID, Phone) VALUES (127, '0311875037');
INSERT INTO Customer(FirstName, LastName, BillingAddress, DateOfBirth) VALUES ('Customer128','Lname128','Address_128','1990-03-09');
INSERT INTO CustomerEmails(CustomerID, Email) VALUES (128, 'customer128.lname128@mail.com');
INSERT INTO CustomerPhones(CustomerID, Phone) VALUES (128, '0391829701');
INSERT INTO Customer(FirstName, LastName, BillingAddress, DateOfBirth) VALUES ('Customer129','Lname129','Address_129','1990-05-17');
INSERT INTO CustomerEmails(CustomerID, Email) VALUES (129, 'customer129.lname129@mail.com');
INSERT INTO CustomerPhones(CustomerID, Phone) VALUES (129, '0345208647');
INSERT INTO Customer(FirstName, LastName, BillingAddress, DateOfBirth) VALUES ('Customer130','Lname130','Address_130','1990-03-08');
INSERT INTO CustomerEmails(CustomerID, Email) VALUES (130, 'customer130.lname130@mail.com');
INSERT INTO CustomerPhones(CustomerID, Phone) VALUES (130, '0361651195');
INSERT INTO Customer(FirstName, LastName, BillingAddress, DateOfBirth) VALUES ('Customer131','Lname131','Address_131','1990-12-02');
INSERT INTO CustomerEmails(CustomerID, Email) VALUES (131, 'customer131.lname131@mail.com');
INSERT INTO CustomerPhones(CustomerID, Phone) VALUES (131, '0398100793');
INSERT INTO Customer(FirstName, LastName, BillingAddress, DateOfBirth) VALUES ('Customer132','Lname132','Address_132','1990-05-18');
INSERT INTO CustomerEmails(CustomerID, Email) VALUES (132, 'customer132.lname132@mail.com');
INSERT INTO CustomerPhones(CustomerID, Phone) VALUES (132, '0362613956');
INSERT INTO Customer(FirstName, LastName, BillingAddress, DateOfBirth) VALUES ('Customer133','Lname133','Address_133','1990-03-27');
INSERT INTO CustomerEmails(CustomerID, Email) VALUES (133, 'customer133.lname133@mail.com');
INSERT INTO CustomerPhones(CustomerID, Phone) VALUES (133, '0382591816');
INSERT INTO Customer(FirstName, LastName, BillingAddress, DateOfBirth) VALUES ('Customer134','Lname134','Address_134','1990-01-22');
INSERT INTO CustomerEmails(CustomerID, Email) VALUES (134, 'customer134.lname134@mail.com');
INSERT INTO CustomerPhones(CustomerID, Phone) VALUES (134, '0368156942');
INSERT INTO Customer(FirstName, LastName, BillingAddress, DateOfBirth) VALUES ('Customer135','Lname135','Address_135','1990-09-11');
INSERT INTO CustomerEmails(CustomerID, Email) VALUES (135, 'customer135.lname135@mail.com');
INSERT INTO CustomerPhones(CustomerID, Phone) VALUES (135, '0343087580');
INSERT INTO Customer(FirstName, LastName, BillingAddress, DateOfBirth) VALUES ('Customer136','Lname136','Address_136','1990-03-12');
INSERT INTO CustomerEmails(CustomerID, Email) VALUES (136, 'customer136.lname136@mail.com');
INSERT INTO CustomerPhones(CustomerID, Phone) VALUES (136, '0373672964');
INSERT INTO Customer(FirstName, LastName, BillingAddress, DateOfBirth) VALUES ('Customer137','Lname137','Address_137','1990-01-28');
INSERT INTO CustomerEmails(CustomerID, Email) VALUES (137, 'customer137.lname137@mail.com');
INSERT INTO CustomerPhones(CustomerID, Phone) VALUES (137, '0392726104');
INSERT INTO Customer(FirstName, LastName, BillingAddress, DateOfBirth) VALUES ('Customer138','Lname138','Address_138','1990-11-18');
INSERT INTO CustomerEmails(CustomerID, Email) VALUES (138, 'customer138.lname138@mail.com');
INSERT INTO CustomerPhones(CustomerID, Phone) VALUES (138, '0319990350');
INSERT INTO Customer(FirstName, LastName, BillingAddress, DateOfBirth) VALUES ('Customer139','Lname139','Address_139','1990-08-22');
INSERT INTO CustomerEmails(CustomerID, Email) VALUES (139, 'customer139.lname139@mail.com');
INSERT INTO CustomerPhones(CustomerID, Phone) VALUES (139, '0351491411');
INSERT INTO Customer(FirstName, LastName, BillingAddress, DateOfBirth) VALUES ('Customer140','Lname140','Address_140','1990-04-14');
INSERT INTO CustomerEmails(CustomerID, Email) VALUES (140, 'customer140.lname140@mail.com');
INSERT INTO CustomerPhones(CustomerID, Phone) VALUES (140, '0381765752');
INSERT INTO Customer(FirstName, LastName, BillingAddress, DateOfBirth) VALUES ('Customer141','Lname141','Address_141','1990-10-10');
INSERT INTO CustomerEmails(CustomerID, Email) VALUES (141, 'customer141.lname141@mail.com');
INSERT INTO CustomerPhones(CustomerID, Phone) VALUES (141, '0333006050');
INSERT INTO Customer(FirstName, LastName, BillingAddress, DateOfBirth) VALUES ('Customer142','Lname142','Address_142','1990-05-23');
INSERT INTO CustomerEmails(CustomerID, Email) VALUES (142, 'customer142.lname142@mail.com');
INSERT INTO CustomerPhones(CustomerID, Phone) VALUES (142, '0353528443');
INSERT INTO Customer(FirstName, LastName, BillingAddress, DateOfBirth) VALUES ('Customer143','Lname143','Address_143','1990-04-15');
INSERT INTO CustomerEmails(CustomerID, Email) VALUES (143, 'customer143.lname143@mail.com');
INSERT INTO CustomerPhones(CustomerID, Phone) VALUES (143, '0346314094');
INSERT INTO Customer(FirstName, LastName, BillingAddress, DateOfBirth) VALUES ('Customer144','Lname144','Address_144','1990-12-28');
INSERT INTO CustomerEmails(CustomerID, Email) VALUES (144, 'customer144.lname144@mail.com');
INSERT INTO CustomerPhones(CustomerID, Phone) VALUES (144, '0370293871');
INSERT INTO Customer(FirstName, LastName, BillingAddress, DateOfBirth) VALUES ('Customer145','Lname145','Address_145','1990-08-12');
INSERT INTO CustomerEmails(CustomerID, Email) VALUES (145, 'customer145.lname145@mail.com');
INSERT INTO CustomerPhones(CustomerID, Phone) VALUES (145, '0310755586');
INSERT INTO Customer(FirstName, LastName, BillingAddress, DateOfBirth) VALUES ('Customer146','Lname146','Address_146','1990-07-22');
INSERT INTO CustomerEmails(CustomerID, Email) VALUES (146, 'customer146.lname146@mail.com');
INSERT INTO CustomerPhones(CustomerID, Phone) VALUES (146, '0340130432');
INSERT INTO Customer(FirstName, LastName, BillingAddress, DateOfBirth) VALUES ('Customer147','Lname147','Address_147','1990-06-26');
INSERT INTO CustomerEmails(CustomerID, Email) VALUES (147, 'customer147.lname147@mail.com');
INSERT INTO CustomerPhones(CustomerID, Phone) VALUES (147, '0395891991');
INSERT INTO Customer(FirstName, LastName, BillingAddress, DateOfBirth) VALUES ('Customer148','Lname148','Address_148','1990-12-18');
INSERT INTO CustomerEmails(CustomerID, Email) VALUES (148, 'customer148.lname148@mail.com');
INSERT INTO CustomerPhones(CustomerID, Phone) VALUES (148, '0317121059');
INSERT INTO Customer(FirstName, LastName, BillingAddress, DateOfBirth) VALUES ('Customer149','Lname149','Address_149','1990-08-04');
INSERT INTO CustomerEmails(CustomerID, Email) VALUES (149, 'customer149.lname149@mail.com');
INSERT INTO CustomerPhones(CustomerID, Phone) VALUES (149, '0312368681');
INSERT INTO Customer(FirstName, LastName, BillingAddress, DateOfBirth) VALUES ('Customer150','Lname150','Address_150','1990-10-09');
INSERT INTO CustomerEmails(CustomerID, Email) VALUES (150, 'customer150.lname150@mail.com');
INSERT INTO CustomerPhones(CustomerID, Phone) VALUES (150, '0349104803');
INSERT INTO Customer(FirstName, LastName, BillingAddress, DateOfBirth) VALUES ('Customer151','Lname151','Address_151','1990-02-23');
INSERT INTO CustomerEmails(CustomerID, Email) VALUES (151, 'customer151.lname151@mail.com');
INSERT INTO CustomerPhones(CustomerID, Phone) VALUES (151, '0358292062');
INSERT INTO Customer(FirstName, LastName, BillingAddress, DateOfBirth) VALUES ('Customer152','Lname152','Address_152','1990-09-07');
INSERT INTO CustomerEmails(CustomerID, Email) VALUES (152, 'customer152.lname152@mail.com');
INSERT INTO CustomerPhones(CustomerID, Phone) VALUES (152, '0333972820');
INSERT INTO Customer(FirstName, LastName, BillingAddress, DateOfBirth) VALUES ('Customer153','Lname153','Address_153','1990-05-13');
INSERT INTO CustomerEmails(CustomerID, Email) VALUES (153, 'customer153.lname153@mail.com');
INSERT INTO CustomerPhones(CustomerID, Phone) VALUES (153, '0358026852');
INSERT INTO Customer(FirstName, LastName, BillingAddress, DateOfBirth) VALUES ('Customer154','Lname154','Address_154','1990-10-23');
INSERT INTO CustomerEmails(CustomerID, Email) VALUES (154, 'customer154.lname154@mail.com');
INSERT INTO CustomerPhones(CustomerID, Phone) VALUES (154, '0310091197');
INSERT INTO Customer(FirstName, LastName, BillingAddress, DateOfBirth) VALUES ('Customer155','Lname155','Address_155','1990-08-06');
INSERT INTO CustomerEmails(CustomerID, Email) VALUES (155, 'customer155.lname155@mail.com');
INSERT INTO CustomerPhones(CustomerID, Phone) VALUES (155, '0374404859');
INSERT INTO Customer(FirstName, LastName, BillingAddress, DateOfBirth) VALUES ('Customer156','Lname156','Address_156','1990-11-21');
INSERT INTO CustomerEmails(CustomerID, Email) VALUES (156, 'customer156.lname156@mail.com');
INSERT INTO CustomerPhones(CustomerID, Phone) VALUES (156, '0320147800');
INSERT INTO Customer(FirstName, LastName, BillingAddress, DateOfBirth) VALUES ('Customer157','Lname157','Address_157','1990-09-13');
INSERT INTO CustomerEmails(CustomerID, Email) VALUES (157, 'customer157.lname157@mail.com');
INSERT INTO CustomerPhones(CustomerID, Phone) VALUES (157, '0359759152');
INSERT INTO Customer(FirstName, LastName, BillingAddress, DateOfBirth) VALUES ('Customer158','Lname158','Address_158','1990-04-24');
INSERT INTO CustomerEmails(CustomerID, Email) VALUES (158, 'customer158.lname158@mail.com');
INSERT INTO CustomerPhones(CustomerID, Phone) VALUES (158, '0384425389');
INSERT INTO Customer(FirstName, LastName, BillingAddress, DateOfBirth) VALUES ('Customer159','Lname159','Address_159','1990-06-10');
INSERT INTO CustomerEmails(CustomerID, Email) VALUES (159, 'customer159.lname159@mail.com');
INSERT INTO CustomerPhones(CustomerID, Phone) VALUES (159, '0347431866');
INSERT INTO Customer(FirstName, LastName, BillingAddress, DateOfBirth) VALUES ('Customer160','Lname160','Address_160','1990-03-27');
INSERT INTO CustomerEmails(CustomerID, Email) VALUES (160, 'customer160.lname160@mail.com');
INSERT INTO CustomerPhones(CustomerID, Phone) VALUES (160, '0333811798');
INSERT INTO Customer(FirstName, LastName, BillingAddress, DateOfBirth) VALUES ('Customer161','Lname161','Address_161','1990-04-15');
INSERT INTO CustomerEmails(CustomerID, Email) VALUES (161, 'customer161.lname161@mail.com');
INSERT INTO CustomerPhones(CustomerID, Phone) VALUES (161, '0380217768');
INSERT INTO Customer(FirstName, LastName, BillingAddress, DateOfBirth) VALUES ('Customer162','Lname162','Address_162','1990-01-22');
INSERT INTO CustomerEmails(CustomerID, Email) VALUES (162, 'customer162.lname162@mail.com');
INSERT INTO CustomerPhones(CustomerID, Phone) VALUES (162, '0373154468');
INSERT INTO Customer(FirstName, LastName, BillingAddress, DateOfBirth) VALUES ('Customer163','Lname163','Address_163','1990-10-18');
INSERT INTO CustomerEmails(CustomerID, Email) VALUES (163, 'customer163.lname163@mail.com');
INSERT INTO CustomerPhones(CustomerID, Phone) VALUES (163, '0324707437');
INSERT INTO Customer(FirstName, LastName, BillingAddress, DateOfBirth) VALUES ('Customer164','Lname164','Address_164','1990-04-25');
INSERT INTO CustomerEmails(CustomerID, Email) VALUES (164, 'customer164.lname164@mail.com');
INSERT INTO CustomerPhones(CustomerID, Phone) VALUES (164, '0353418781');
INSERT INTO Customer(FirstName, LastName, BillingAddress, DateOfBirth) VALUES ('Customer165','Lname165','Address_165','1990-06-20');
INSERT INTO CustomerEmails(CustomerID, Email) VALUES (165, 'customer165.lname165@mail.com');
INSERT INTO CustomerPhones(CustomerID, Phone) VALUES (165, '0388371229');
INSERT INTO Customer(FirstName, LastName, BillingAddress, DateOfBirth) VALUES ('Customer166','Lname166','Address_166','1990-12-13');
INSERT INTO CustomerEmails(CustomerID, Email) VALUES (166, 'customer166.lname166@mail.com');
INSERT INTO CustomerPhones(CustomerID, Phone) VALUES (166, '0313176177');
INSERT INTO Customer(FirstName, LastName, BillingAddress, DateOfBirth) VALUES ('Customer167','Lname167','Address_167','1990-12-26');
INSERT INTO CustomerEmails(CustomerID, Email) VALUES (167, 'customer167.lname167@mail.com');
INSERT INTO CustomerPhones(CustomerID, Phone) VALUES (167, '0395899824');
INSERT INTO Customer(FirstName, LastName, BillingAddress, DateOfBirth) VALUES ('Customer168','Lname168','Address_168','1990-04-09');
INSERT INTO CustomerEmails(CustomerID, Email) VALUES (168, 'customer168.lname168@mail.com');
INSERT INTO CustomerPhones(CustomerID, Phone) VALUES (168, '0323054650');
INSERT INTO Customer(FirstName, LastName, BillingAddress, DateOfBirth) VALUES ('Customer169','Lname169','Address_169','1990-03-09');
INSERT INTO CustomerEmails(CustomerID, Email) VALUES (169, 'customer169.lname169@mail.com');
INSERT INTO CustomerPhones(CustomerID, Phone) VALUES (169, '0319308636');
INSERT INTO Customer(FirstName, LastName, BillingAddress, DateOfBirth) VALUES ('Customer170','Lname170','Address_170','1990-04-28');
INSERT INTO CustomerEmails(CustomerID, Email) VALUES (170, 'customer170.lname170@mail.com');
INSERT INTO CustomerPhones(CustomerID, Phone) VALUES (170, '0328970812');
INSERT INTO Customer(FirstName, LastName, BillingAddress, DateOfBirth) VALUES ('Customer171','Lname171','Address_171','1990-01-21');
INSERT INTO CustomerEmails(CustomerID, Email) VALUES (171, 'customer171.lname171@mail.com');
INSERT INTO CustomerPhones(CustomerID, Phone) VALUES (171, '0374574214');
INSERT INTO Customer(FirstName, LastName, BillingAddress, DateOfBirth) VALUES ('Customer172','Lname172','Address_172','1990-10-26');
INSERT INTO CustomerEmails(CustomerID, Email) VALUES (172, 'customer172.lname172@mail.com');
INSERT INTO CustomerPhones(CustomerID, Phone) VALUES (172, '0346993083');
INSERT INTO Customer(FirstName, LastName, BillingAddress, DateOfBirth) VALUES ('Customer173','Lname173','Address_173','1990-11-11');
INSERT INTO CustomerEmails(CustomerID, Email) VALUES (173, 'customer173.lname173@mail.com');
INSERT INTO CustomerPhones(CustomerID, Phone) VALUES (173, '0337025361');
INSERT INTO Customer(FirstName, LastName, BillingAddress, DateOfBirth) VALUES ('Customer174','Lname174','Address_174','1990-11-06');
INSERT INTO CustomerEmails(CustomerID, Email) VALUES (174, 'customer174.lname174@mail.com');
INSERT INTO CustomerPhones(CustomerID, Phone) VALUES (174, '0359422930');
INSERT INTO Customer(FirstName, LastName, BillingAddress, DateOfBirth) VALUES ('Customer175','Lname175','Address_175','1990-02-11');
INSERT INTO CustomerEmails(CustomerID, Email) VALUES (175, 'customer175.lname175@mail.com');
INSERT INTO CustomerPhones(CustomerID, Phone) VALUES (175, '0369920327');
INSERT INTO Customer(FirstName, LastName, BillingAddress, DateOfBirth) VALUES ('Customer176','Lname176','Address_176','1990-08-02');
INSERT INTO CustomerEmails(CustomerID, Email) VALUES (176, 'customer176.lname176@mail.com');
INSERT INTO CustomerPhones(CustomerID, Phone) VALUES (176, '0369916434');
INSERT INTO Customer(FirstName, LastName, BillingAddress, DateOfBirth) VALUES ('Customer177','Lname177','Address_177','1990-05-19');
INSERT INTO CustomerEmails(CustomerID, Email) VALUES (177, 'customer177.lname177@mail.com');
INSERT INTO CustomerPhones(CustomerID, Phone) VALUES (177, '0310828730');
INSERT INTO Customer(FirstName, LastName, BillingAddress, DateOfBirth) VALUES ('Customer178','Lname178','Address_178','1990-03-04');
INSERT INTO CustomerEmails(CustomerID, Email) VALUES (178, 'customer178.lname178@mail.com');
INSERT INTO CustomerPhones(CustomerID, Phone) VALUES (178, '0331336413');
INSERT INTO Customer(FirstName, LastName, BillingAddress, DateOfBirth) VALUES ('Customer179','Lname179','Address_179','1990-05-17');
INSERT INTO CustomerEmails(CustomerID, Email) VALUES (179, 'customer179.lname179@mail.com');
INSERT INTO CustomerPhones(CustomerID, Phone) VALUES (179, '0328035254');
INSERT INTO Customer(FirstName, LastName, BillingAddress, DateOfBirth) VALUES ('Customer180','Lname180','Address_180','1990-02-15');
INSERT INTO CustomerEmails(CustomerID, Email) VALUES (180, 'customer180.lname180@mail.com');
INSERT INTO CustomerPhones(CustomerID, Phone) VALUES (180, '0332271512');
INSERT INTO Customer(FirstName, LastName, BillingAddress, DateOfBirth) VALUES ('Customer181','Lname181','Address_181','1990-06-16');
INSERT INTO CustomerEmails(CustomerID, Email) VALUES (181, 'customer181.lname181@mail.com');
INSERT INTO CustomerPhones(CustomerID, Phone) VALUES (181, '0397405668');
INSERT INTO Customer(FirstName, LastName, BillingAddress, DateOfBirth) VALUES ('Customer182','Lname182','Address_182','1990-02-12');
INSERT INTO CustomerEmails(CustomerID, Email) VALUES (182, 'customer182.lname182@mail.com');
INSERT INTO CustomerPhones(CustomerID, Phone) VALUES (182, '0329811710');
INSERT INTO Customer(FirstName, LastName, BillingAddress, DateOfBirth) VALUES ('Customer183','Lname183','Address_183','1990-01-23');
INSERT INTO CustomerEmails(CustomerID, Email) VALUES (183, 'customer183.lname183@mail.com');
INSERT INTO CustomerPhones(CustomerID, Phone) VALUES (183, '0375250319');
INSERT INTO Customer(FirstName, LastName, BillingAddress, DateOfBirth) VALUES ('Customer184','Lname184','Address_184','1990-05-21');
INSERT INTO CustomerEmails(CustomerID, Email) VALUES (184, 'customer184.lname184@mail.com');
INSERT INTO CustomerPhones(CustomerID, Phone) VALUES (184, '0352308151');
INSERT INTO Customer(FirstName, LastName, BillingAddress, DateOfBirth) VALUES ('Customer185','Lname185','Address_185','1990-03-22');
INSERT INTO CustomerEmails(CustomerID, Email) VALUES (185, 'customer185.lname185@mail.com');
INSERT INTO CustomerPhones(CustomerID, Phone) VALUES (185, '0367497231');
INSERT INTO Customer(FirstName, LastName, BillingAddress, DateOfBirth) VALUES ('Customer186','Lname186','Address_186','1990-02-21');
INSERT INTO CustomerEmails(CustomerID, Email) VALUES (186, 'customer186.lname186@mail.com');
INSERT INTO CustomerPhones(CustomerID, Phone) VALUES (186, '0346601403');
INSERT INTO Customer(FirstName, LastName, BillingAddress, DateOfBirth) VALUES ('Customer187','Lname187','Address_187','1990-10-27');
INSERT INTO CustomerEmails(CustomerID, Email) VALUES (187, 'customer187.lname187@mail.com');
INSERT INTO CustomerPhones(CustomerID, Phone) VALUES (187, '0310708381');
INSERT INTO Customer(FirstName, LastName, BillingAddress, DateOfBirth) VALUES ('Customer188','Lname188','Address_188','1990-02-09');
INSERT INTO CustomerEmails(CustomerID, Email) VALUES (188, 'customer188.lname188@mail.com');
INSERT INTO CustomerPhones(CustomerID, Phone) VALUES (188, '0359748198');
INSERT INTO Customer(FirstName, LastName, BillingAddress, DateOfBirth) VALUES ('Customer189','Lname189','Address_189','1990-02-26');
INSERT INTO CustomerEmails(CustomerID, Email) VALUES (189, 'customer189.lname189@mail.com');
INSERT INTO CustomerPhones(CustomerID, Phone) VALUES (189, '0368999002');
INSERT INTO Customer(FirstName, LastName, BillingAddress, DateOfBirth) VALUES ('Customer190','Lname190','Address_190','1990-04-12');
INSERT INTO CustomerEmails(CustomerID, Email) VALUES (190, 'customer190.lname190@mail.com');
INSERT INTO CustomerPhones(CustomerID, Phone) VALUES (190, '0366282556');
INSERT INTO Customer(FirstName, LastName, BillingAddress, DateOfBirth) VALUES ('Customer191','Lname191','Address_191','1990-12-11');
INSERT INTO CustomerEmails(CustomerID, Email) VALUES (191, 'customer191.lname191@mail.com');
INSERT INTO CustomerPhones(CustomerID, Phone) VALUES (191, '0360418453');
INSERT INTO Customer(FirstName, LastName, BillingAddress, DateOfBirth) VALUES ('Customer192','Lname192','Address_192','1990-08-24');
INSERT INTO CustomerEmails(CustomerID, Email) VALUES (192, 'customer192.lname192@mail.com');
INSERT INTO CustomerPhones(CustomerID, Phone) VALUES (192, '0348240791');
INSERT INTO Customer(FirstName, LastName, BillingAddress, DateOfBirth) VALUES ('Customer193','Lname193','Address_193','1990-12-11');
INSERT INTO CustomerEmails(CustomerID, Email) VALUES (193, 'customer193.lname193@mail.com');
INSERT INTO CustomerPhones(CustomerID, Phone) VALUES (193, '0336969304');
INSERT INTO Customer(FirstName, LastName, BillingAddress, DateOfBirth) VALUES ('Customer194','Lname194','Address_194','1990-08-06');
INSERT INTO CustomerEmails(CustomerID, Email) VALUES (194, 'customer194.lname194@mail.com');
INSERT INTO CustomerPhones(CustomerID, Phone) VALUES (194, '0326373918');
INSERT INTO Customer(FirstName, LastName, BillingAddress, DateOfBirth) VALUES ('Customer195','Lname195','Address_195','1990-12-18');
INSERT INTO CustomerEmails(CustomerID, Email) VALUES (195, 'customer195.lname195@mail.com');
INSERT INTO CustomerPhones(CustomerID, Phone) VALUES (195, '0323259421');
INSERT INTO Customer(FirstName, LastName, BillingAddress, DateOfBirth) VALUES ('Customer196','Lname196','Address_196','1990-07-10');
INSERT INTO CustomerEmails(CustomerID, Email) VALUES (196, 'customer196.lname196@mail.com');
INSERT INTO CustomerPhones(CustomerID, Phone) VALUES (196, '0336061632');
INSERT INTO Customer(FirstName, LastName, BillingAddress, DateOfBirth) VALUES ('Customer197','Lname197','Address_197','1990-10-21');
INSERT INTO CustomerEmails(CustomerID, Email) VALUES (197, 'customer197.lname197@mail.com');
INSERT INTO CustomerPhones(CustomerID, Phone) VALUES (197, '0368974908');
INSERT INTO Customer(FirstName, LastName, BillingAddress, DateOfBirth) VALUES ('Customer198','Lname198','Address_198','1990-11-20');
INSERT INTO CustomerEmails(CustomerID, Email) VALUES (198, 'customer198.lname198@mail.com');
INSERT INTO CustomerPhones(CustomerID, Phone) VALUES (198, '0334316096');
INSERT INTO Customer(FirstName, LastName, BillingAddress, DateOfBirth) VALUES ('Customer199','Lname199','Address_199','1990-08-28');
INSERT INTO CustomerEmails(CustomerID, Email) VALUES (199, 'customer199.lname199@mail.com');
INSERT INTO CustomerPhones(CustomerID, Phone) VALUES (199, '0375945624');
INSERT INTO Customer(FirstName, LastName, BillingAddress, DateOfBirth) VALUES ('Customer200','Lname200','Address_200','1990-07-24');
INSERT INTO CustomerEmails(CustomerID, Email) VALUES (200, 'customer200.lname200@mail.com');
INSERT INTO CustomerPhones(CustomerID, Phone) VALUES (200, '0321084211');
INSERT INTO Customer(FirstName, LastName, BillingAddress, DateOfBirth) VALUES ('Customer201','Lname201','Address_201','1990-06-18');
INSERT INTO CustomerEmails(CustomerID, Email) VALUES (201, 'customer201.lname201@mail.com');
INSERT INTO CustomerPhones(CustomerID, Phone) VALUES (201, '0351845239');
INSERT INTO Customer(FirstName, LastName, BillingAddress, DateOfBirth) VALUES ('Customer202','Lname202','Address_202','1990-08-17');
INSERT INTO CustomerEmails(CustomerID, Email) VALUES (202, 'customer202.lname202@mail.com');
INSERT INTO CustomerPhones(CustomerID, Phone) VALUES (202, '0362842761');
INSERT INTO Customer(FirstName, LastName, BillingAddress, DateOfBirth) VALUES ('Customer203','Lname203','Address_203','1990-06-16');
INSERT INTO CustomerEmails(CustomerID, Email) VALUES (203, 'customer203.lname203@mail.com');
INSERT INTO CustomerPhones(CustomerID, Phone) VALUES (203, '0318278550');
INSERT INTO Customer(FirstName, LastName, BillingAddress, DateOfBirth) VALUES ('Customer204','Lname204','Address_204','1990-08-02');
INSERT INTO CustomerEmails(CustomerID, Email) VALUES (204, 'customer204.lname204@mail.com');
INSERT INTO CustomerPhones(CustomerID, Phone) VALUES (204, '0323258018');
INSERT INTO Customer(FirstName, LastName, BillingAddress, DateOfBirth) VALUES ('Customer205','Lname205','Address_205','1990-03-22');
INSERT INTO CustomerEmails(CustomerID, Email) VALUES (205, 'customer205.lname205@mail.com');
INSERT INTO CustomerPhones(CustomerID, Phone) VALUES (205, '0327908253');
INSERT INTO Customer(FirstName, LastName, BillingAddress, DateOfBirth) VALUES ('Customer206','Lname206','Address_206','1990-01-25');
INSERT INTO CustomerEmails(CustomerID, Email) VALUES (206, 'customer206.lname206@mail.com');
INSERT INTO CustomerPhones(CustomerID, Phone) VALUES (206, '0330964078');
INSERT INTO Customer(FirstName, LastName, BillingAddress, DateOfBirth) VALUES ('Customer207','Lname207','Address_207','1990-08-19');
INSERT INTO CustomerEmails(CustomerID, Email) VALUES (207, 'customer207.lname207@mail.com');
INSERT INTO CustomerPhones(CustomerID, Phone) VALUES (207, '0381049319');
INSERT INTO Customer(FirstName, LastName, BillingAddress, DateOfBirth) VALUES ('Customer208','Lname208','Address_208','1990-01-03');
INSERT INTO CustomerEmails(CustomerID, Email) VALUES (208, 'customer208.lname208@mail.com');
INSERT INTO CustomerPhones(CustomerID, Phone) VALUES (208, '0392086766');
INSERT INTO Customer(FirstName, LastName, BillingAddress, DateOfBirth) VALUES ('Customer209','Lname209','Address_209','1990-10-24');
INSERT INTO CustomerEmails(CustomerID, Email) VALUES (209, 'customer209.lname209@mail.com');
INSERT INTO CustomerPhones(CustomerID, Phone) VALUES (209, '0353164587');
INSERT INTO Customer(FirstName, LastName, BillingAddress, DateOfBirth) VALUES ('Customer210','Lname210','Address_210','1990-03-08');
INSERT INTO CustomerEmails(CustomerID, Email) VALUES (210, 'customer210.lname210@mail.com');
INSERT INTO CustomerPhones(CustomerID, Phone) VALUES (210, '0313573880');
INSERT INTO Customer(FirstName, LastName, BillingAddress, DateOfBirth) VALUES ('Customer211','Lname211','Address_211','1990-05-25');
INSERT INTO CustomerEmails(CustomerID, Email) VALUES (211, 'customer211.lname211@mail.com');
INSERT INTO CustomerPhones(CustomerID, Phone) VALUES (211, '0343184168');
INSERT INTO Customer(FirstName, LastName, BillingAddress, DateOfBirth) VALUES ('Customer212','Lname212','Address_212','1990-03-24');
INSERT INTO CustomerEmails(CustomerID, Email) VALUES (212, 'customer212.lname212@mail.com');
INSERT INTO CustomerPhones(CustomerID, Phone) VALUES (212, '0348612977');
INSERT INTO Customer(FirstName, LastName, BillingAddress, DateOfBirth) VALUES ('Customer213','Lname213','Address_213','1990-10-17');
INSERT INTO CustomerEmails(CustomerID, Email) VALUES (213, 'customer213.lname213@mail.com');
INSERT INTO CustomerPhones(CustomerID, Phone) VALUES (213, '0335484286');
INSERT INTO Customer(FirstName, LastName, BillingAddress, DateOfBirth) VALUES ('Customer214','Lname214','Address_214','1990-12-01');
INSERT INTO CustomerEmails(CustomerID, Email) VALUES (214, 'customer214.lname214@mail.com');
INSERT INTO CustomerPhones(CustomerID, Phone) VALUES (214, '0332402587');
INSERT INTO Customer(FirstName, LastName, BillingAddress, DateOfBirth) VALUES ('Customer215','Lname215','Address_215','1990-09-20');
INSERT INTO CustomerEmails(CustomerID, Email) VALUES (215, 'customer215.lname215@mail.com');
INSERT INTO CustomerPhones(CustomerID, Phone) VALUES (215, '0329496085');
INSERT INTO Customer(FirstName, LastName, BillingAddress, DateOfBirth) VALUES ('Customer216','Lname216','Address_216','1990-10-12');
INSERT INTO CustomerEmails(CustomerID, Email) VALUES (216, 'customer216.lname216@mail.com');
INSERT INTO CustomerPhones(CustomerID, Phone) VALUES (216, '0357175081');
INSERT INTO Customer(FirstName, LastName, BillingAddress, DateOfBirth) VALUES ('Customer217','Lname217','Address_217','1990-07-27');
INSERT INTO CustomerEmails(CustomerID, Email) VALUES (217, 'customer217.lname217@mail.com');
INSERT INTO CustomerPhones(CustomerID, Phone) VALUES (217, '0340603019');
INSERT INTO Customer(FirstName, LastName, BillingAddress, DateOfBirth) VALUES ('Customer218','Lname218','Address_218','1990-03-10');
INSERT INTO CustomerEmails(CustomerID, Email) VALUES (218, 'customer218.lname218@mail.com');
INSERT INTO CustomerPhones(CustomerID, Phone) VALUES (218, '0362035813');
INSERT INTO Customer(FirstName, LastName, BillingAddress, DateOfBirth) VALUES ('Customer219','Lname219','Address_219','1990-11-14');
INSERT INTO CustomerEmails(CustomerID, Email) VALUES (219, 'customer219.lname219@mail.com');
INSERT INTO CustomerPhones(CustomerID, Phone) VALUES (219, '0387679933');
INSERT INTO Customer(FirstName, LastName, BillingAddress, DateOfBirth) VALUES ('Customer220','Lname220','Address_220','1990-11-16');
INSERT INTO CustomerEmails(CustomerID, Email) VALUES (220, 'customer220.lname220@mail.com');
INSERT INTO CustomerPhones(CustomerID, Phone) VALUES (220, '0324179761');
INSERT INTO Customer(FirstName, LastName, BillingAddress, DateOfBirth) VALUES ('Customer221','Lname221','Address_221','1990-02-12');
INSERT INTO CustomerEmails(CustomerID, Email) VALUES (221, 'customer221.lname221@mail.com');
INSERT INTO CustomerPhones(CustomerID, Phone) VALUES (221, '0380718750');
INSERT INTO Customer(FirstName, LastName, BillingAddress, DateOfBirth) VALUES ('Customer222','Lname222','Address_222','1990-02-25');
INSERT INTO CustomerEmails(CustomerID, Email) VALUES (222, 'customer222.lname222@mail.com');
INSERT INTO CustomerPhones(CustomerID, Phone) VALUES (222, '0389720995');
INSERT INTO Customer(FirstName, LastName, BillingAddress, DateOfBirth) VALUES ('Customer223','Lname223','Address_223','1990-07-16');
INSERT INTO CustomerEmails(CustomerID, Email) VALUES (223, 'customer223.lname223@mail.com');
INSERT INTO CustomerPhones(CustomerID, Phone) VALUES (223, '0313097903');
INSERT INTO Customer(FirstName, LastName, BillingAddress, DateOfBirth) VALUES ('Customer224','Lname224','Address_224','1990-08-12');
INSERT INTO CustomerEmails(CustomerID, Email) VALUES (224, 'customer224.lname224@mail.com');
INSERT INTO CustomerPhones(CustomerID, Phone) VALUES (224, '0392814921');
INSERT INTO Customer(FirstName, LastName, BillingAddress, DateOfBirth) VALUES ('Customer225','Lname225','Address_225','1990-07-15');
INSERT INTO CustomerEmails(CustomerID, Email) VALUES (225, 'customer225.lname225@mail.com');
INSERT INTO CustomerPhones(CustomerID, Phone) VALUES (225, '0342400897');
INSERT INTO Customer(FirstName, LastName, BillingAddress, DateOfBirth) VALUES ('Customer226','Lname226','Address_226','1990-10-02');
INSERT INTO CustomerEmails(CustomerID, Email) VALUES (226, 'customer226.lname226@mail.com');
INSERT INTO CustomerPhones(CustomerID, Phone) VALUES (226, '0362146353');
INSERT INTO Customer(FirstName, LastName, BillingAddress, DateOfBirth) VALUES ('Customer227','Lname227','Address_227','1990-01-25');
INSERT INTO CustomerEmails(CustomerID, Email) VALUES (227, 'customer227.lname227@mail.com');
INSERT INTO CustomerPhones(CustomerID, Phone) VALUES (227, '0320191230');
INSERT INTO Customer(FirstName, LastName, BillingAddress, DateOfBirth) VALUES ('Customer228','Lname228','Address_228','1990-10-05');
INSERT INTO CustomerEmails(CustomerID, Email) VALUES (228, 'customer228.lname228@mail.com');
INSERT INTO CustomerPhones(CustomerID, Phone) VALUES (228, '0333893720');
INSERT INTO Customer(FirstName, LastName, BillingAddress, DateOfBirth) VALUES ('Customer229','Lname229','Address_229','1990-11-23');
INSERT INTO CustomerEmails(CustomerID, Email) VALUES (229, 'customer229.lname229@mail.com');
INSERT INTO CustomerPhones(CustomerID, Phone) VALUES (229, '0360912435');
INSERT INTO Customer(FirstName, LastName, BillingAddress, DateOfBirth) VALUES ('Customer230','Lname230','Address_230','1990-08-04');
INSERT INTO CustomerEmails(CustomerID, Email) VALUES (230, 'customer230.lname230@mail.com');
INSERT INTO CustomerPhones(CustomerID, Phone) VALUES (230, '0324153157');
INSERT INTO Customer(FirstName, LastName, BillingAddress, DateOfBirth) VALUES ('Customer231','Lname231','Address_231','1990-09-03');
INSERT INTO CustomerEmails(CustomerID, Email) VALUES (231, 'customer231.lname231@mail.com');
INSERT INTO CustomerPhones(CustomerID, Phone) VALUES (231, '0353174266');
INSERT INTO Customer(FirstName, LastName, BillingAddress, DateOfBirth) VALUES ('Customer232','Lname232','Address_232','1990-01-25');
INSERT INTO CustomerEmails(CustomerID, Email) VALUES (232, 'customer232.lname232@mail.com');
INSERT INTO CustomerPhones(CustomerID, Phone) VALUES (232, '0315805080');
INSERT INTO Customer(FirstName, LastName, BillingAddress, DateOfBirth) VALUES ('Customer233','Lname233','Address_233','1990-12-22');
INSERT INTO CustomerEmails(CustomerID, Email) VALUES (233, 'customer233.lname233@mail.com');
INSERT INTO CustomerPhones(CustomerID, Phone) VALUES (233, '0313160780');
INSERT INTO Customer(FirstName, LastName, BillingAddress, DateOfBirth) VALUES ('Customer234','Lname234','Address_234','1990-03-19');
INSERT INTO CustomerEmails(CustomerID, Email) VALUES (234, 'customer234.lname234@mail.com');
INSERT INTO CustomerPhones(CustomerID, Phone) VALUES (234, '0310776610');
INSERT INTO Customer(FirstName, LastName, BillingAddress, DateOfBirth) VALUES ('Customer235','Lname235','Address_235','1990-09-01');
INSERT INTO CustomerEmails(CustomerID, Email) VALUES (235, 'customer235.lname235@mail.com');
INSERT INTO CustomerPhones(CustomerID, Phone) VALUES (235, '0368698260');
INSERT INTO Customer(FirstName, LastName, BillingAddress, DateOfBirth) VALUES ('Customer236','Lname236','Address_236','1990-02-09');
INSERT INTO CustomerEmails(CustomerID, Email) VALUES (236, 'customer236.lname236@mail.com');
INSERT INTO CustomerPhones(CustomerID, Phone) VALUES (236, '0334071199');
INSERT INTO Customer(FirstName, LastName, BillingAddress, DateOfBirth) VALUES ('Customer237','Lname237','Address_237','1990-12-13');
INSERT INTO CustomerEmails(CustomerID, Email) VALUES (237, 'customer237.lname237@mail.com');
INSERT INTO CustomerPhones(CustomerID, Phone) VALUES (237, '0394056519');
INSERT INTO Customer(FirstName, LastName, BillingAddress, DateOfBirth) VALUES ('Customer238','Lname238','Address_238','1990-09-21');
INSERT INTO CustomerEmails(CustomerID, Email) VALUES (238, 'customer238.lname238@mail.com');
INSERT INTO CustomerPhones(CustomerID, Phone) VALUES (238, '0334398224');
INSERT INTO Customer(FirstName, LastName, BillingAddress, DateOfBirth) VALUES ('Customer239','Lname239','Address_239','1990-12-08');
INSERT INTO CustomerEmails(CustomerID, Email) VALUES (239, 'customer239.lname239@mail.com');
INSERT INTO CustomerPhones(CustomerID, Phone) VALUES (239, '0348463501');
INSERT INTO Customer(FirstName, LastName, BillingAddress, DateOfBirth) VALUES ('Customer240','Lname240','Address_240','1990-05-21');
INSERT INTO CustomerEmails(CustomerID, Email) VALUES (240, 'customer240.lname240@mail.com');
INSERT INTO CustomerPhones(CustomerID, Phone) VALUES (240, '0362182705');
INSERT INTO Customer(FirstName, LastName, BillingAddress, DateOfBirth) VALUES ('Customer241','Lname241','Address_241','1990-09-27');
INSERT INTO CustomerEmails(CustomerID, Email) VALUES (241, 'customer241.lname241@mail.com');
INSERT INTO CustomerPhones(CustomerID, Phone) VALUES (241, '0370232875');
INSERT INTO Customer(FirstName, LastName, BillingAddress, DateOfBirth) VALUES ('Customer242','Lname242','Address_242','1990-10-24');
INSERT INTO CustomerEmails(CustomerID, Email) VALUES (242, 'customer242.lname242@mail.com');
INSERT INTO CustomerPhones(CustomerID, Phone) VALUES (242, '0348406255');
INSERT INTO Customer(FirstName, LastName, BillingAddress, DateOfBirth) VALUES ('Customer243','Lname243','Address_243','1990-02-17');
INSERT INTO CustomerEmails(CustomerID, Email) VALUES (243, 'customer243.lname243@mail.com');
INSERT INTO CustomerPhones(CustomerID, Phone) VALUES (243, '0312770077');
INSERT INTO Customer(FirstName, LastName, BillingAddress, DateOfBirth) VALUES ('Customer244','Lname244','Address_244','1990-05-10');
INSERT INTO CustomerEmails(CustomerID, Email) VALUES (244, 'customer244.lname244@mail.com');
INSERT INTO CustomerPhones(CustomerID, Phone) VALUES (244, '0335032738');
INSERT INTO Customer(FirstName, LastName, BillingAddress, DateOfBirth) VALUES ('Customer245','Lname245','Address_245','1990-02-27');
INSERT INTO CustomerEmails(CustomerID, Email) VALUES (245, 'customer245.lname245@mail.com');
INSERT INTO CustomerPhones(CustomerID, Phone) VALUES (245, '0378691220');
INSERT INTO Customer(FirstName, LastName, BillingAddress, DateOfBirth) VALUES ('Customer246','Lname246','Address_246','1990-06-08');
INSERT INTO CustomerEmails(CustomerID, Email) VALUES (246, 'customer246.lname246@mail.com');
INSERT INTO CustomerPhones(CustomerID, Phone) VALUES (246, '0347085365');
INSERT INTO Customer(FirstName, LastName, BillingAddress, DateOfBirth) VALUES ('Customer247','Lname247','Address_247','1990-10-20');
INSERT INTO CustomerEmails(CustomerID, Email) VALUES (247, 'customer247.lname247@mail.com');
INSERT INTO CustomerPhones(CustomerID, Phone) VALUES (247, '0328142835');
INSERT INTO Customer(FirstName, LastName, BillingAddress, DateOfBirth) VALUES ('Customer248','Lname248','Address_248','1990-10-24');
INSERT INTO CustomerEmails(CustomerID, Email) VALUES (248, 'customer248.lname248@mail.com');
INSERT INTO CustomerPhones(CustomerID, Phone) VALUES (248, '0317527921');
INSERT INTO Customer(FirstName, LastName, BillingAddress, DateOfBirth) VALUES ('Customer249','Lname249','Address_249','1990-10-21');
INSERT INTO CustomerEmails(CustomerID, Email) VALUES (249, 'customer249.lname249@mail.com');
INSERT INTO CustomerPhones(CustomerID, Phone) VALUES (249, '0359519346');
INSERT INTO Customer(FirstName, LastName, BillingAddress, DateOfBirth) VALUES ('Customer250','Lname250','Address_250','1990-04-28');
INSERT INTO CustomerEmails(CustomerID, Email) VALUES (250, 'customer250.lname250@mail.com');
INSERT INTO CustomerPhones(CustomerID, Phone) VALUES (250, '0337963652');
INSERT INTO Customer(FirstName, LastName, BillingAddress, DateOfBirth) VALUES ('Customer251','Lname251','Address_251','1990-02-26');
INSERT INTO CustomerEmails(CustomerID, Email) VALUES (251, 'customer251.lname251@mail.com');
INSERT INTO CustomerPhones(CustomerID, Phone) VALUES (251, '0314819362');
INSERT INTO Customer(FirstName, LastName, BillingAddress, DateOfBirth) VALUES ('Customer252','Lname252','Address_252','1990-10-13');
INSERT INTO CustomerEmails(CustomerID, Email) VALUES (252, 'customer252.lname252@mail.com');
INSERT INTO CustomerPhones(CustomerID, Phone) VALUES (252, '0311058216');
INSERT INTO Customer(FirstName, LastName, BillingAddress, DateOfBirth) VALUES ('Customer253','Lname253','Address_253','1990-05-07');
INSERT INTO CustomerEmails(CustomerID, Email) VALUES (253, 'customer253.lname253@mail.com');
INSERT INTO CustomerPhones(CustomerID, Phone) VALUES (253, '0394945562');
INSERT INTO Customer(FirstName, LastName, BillingAddress, DateOfBirth) VALUES ('Customer254','Lname254','Address_254','1990-05-17');
INSERT INTO CustomerEmails(CustomerID, Email) VALUES (254, 'customer254.lname254@mail.com');
INSERT INTO CustomerPhones(CustomerID, Phone) VALUES (254, '0393544127');
INSERT INTO Customer(FirstName, LastName, BillingAddress, DateOfBirth) VALUES ('Customer255','Lname255','Address_255','1990-11-10');
INSERT INTO CustomerEmails(CustomerID, Email) VALUES (255, 'customer255.lname255@mail.com');
INSERT INTO CustomerPhones(CustomerID, Phone) VALUES (255, '0341961750');
INSERT INTO Customer(FirstName, LastName, BillingAddress, DateOfBirth) VALUES ('Customer256','Lname256','Address_256','1990-12-01');
INSERT INTO CustomerEmails(CustomerID, Email) VALUES (256, 'customer256.lname256@mail.com');
INSERT INTO CustomerPhones(CustomerID, Phone) VALUES (256, '0316988979');
INSERT INTO Customer(FirstName, LastName, BillingAddress, DateOfBirth) VALUES ('Customer257','Lname257','Address_257','1990-04-11');
INSERT INTO CustomerEmails(CustomerID, Email) VALUES (257, 'customer257.lname257@mail.com');
INSERT INTO CustomerPhones(CustomerID, Phone) VALUES (257, '0330132058');
INSERT INTO Customer(FirstName, LastName, BillingAddress, DateOfBirth) VALUES ('Customer258','Lname258','Address_258','1990-05-11');
INSERT INTO CustomerEmails(CustomerID, Email) VALUES (258, 'customer258.lname258@mail.com');
INSERT INTO CustomerPhones(CustomerID, Phone) VALUES (258, '0340854568');
INSERT INTO Customer(FirstName, LastName, BillingAddress, DateOfBirth) VALUES ('Customer259','Lname259','Address_259','1990-11-17');
INSERT INTO CustomerEmails(CustomerID, Email) VALUES (259, 'customer259.lname259@mail.com');
INSERT INTO CustomerPhones(CustomerID, Phone) VALUES (259, '0384103763');
INSERT INTO Customer(FirstName, LastName, BillingAddress, DateOfBirth) VALUES ('Customer260','Lname260','Address_260','1990-01-19');
INSERT INTO CustomerEmails(CustomerID, Email) VALUES (260, 'customer260.lname260@mail.com');
INSERT INTO CustomerPhones(CustomerID, Phone) VALUES (260, '0313572168');
INSERT INTO Customer(FirstName, LastName, BillingAddress, DateOfBirth) VALUES ('Customer261','Lname261','Address_261','1990-07-24');
INSERT INTO CustomerEmails(CustomerID, Email) VALUES (261, 'customer261.lname261@mail.com');
INSERT INTO CustomerPhones(CustomerID, Phone) VALUES (261, '0318580395');
INSERT INTO Customer(FirstName, LastName, BillingAddress, DateOfBirth) VALUES ('Customer262','Lname262','Address_262','1990-07-26');
INSERT INTO CustomerEmails(CustomerID, Email) VALUES (262, 'customer262.lname262@mail.com');
INSERT INTO CustomerPhones(CustomerID, Phone) VALUES (262, '0325381581');
INSERT INTO Customer(FirstName, LastName, BillingAddress, DateOfBirth) VALUES ('Customer263','Lname263','Address_263','1990-12-19');
INSERT INTO CustomerEmails(CustomerID, Email) VALUES (263, 'customer263.lname263@mail.com');
INSERT INTO CustomerPhones(CustomerID, Phone) VALUES (263, '0381302534');
INSERT INTO Customer(FirstName, LastName, BillingAddress, DateOfBirth) VALUES ('Customer264','Lname264','Address_264','1990-06-24');
INSERT INTO CustomerEmails(CustomerID, Email) VALUES (264, 'customer264.lname264@mail.com');
INSERT INTO CustomerPhones(CustomerID, Phone) VALUES (264, '0380612663');
INSERT INTO Customer(FirstName, LastName, BillingAddress, DateOfBirth) VALUES ('Customer265','Lname265','Address_265','1990-06-07');
INSERT INTO CustomerEmails(CustomerID, Email) VALUES (265, 'customer265.lname265@mail.com');
INSERT INTO CustomerPhones(CustomerID, Phone) VALUES (265, '0345213580');
INSERT INTO Customer(FirstName, LastName, BillingAddress, DateOfBirth) VALUES ('Customer266','Lname266','Address_266','1990-12-09');
INSERT INTO CustomerEmails(CustomerID, Email) VALUES (266, 'customer266.lname266@mail.com');
INSERT INTO CustomerPhones(CustomerID, Phone) VALUES (266, '0327077385');
INSERT INTO Customer(FirstName, LastName, BillingAddress, DateOfBirth) VALUES ('Customer267','Lname267','Address_267','1990-07-18');
INSERT INTO CustomerEmails(CustomerID, Email) VALUES (267, 'customer267.lname267@mail.com');
INSERT INTO CustomerPhones(CustomerID, Phone) VALUES (267, '0330059184');
INSERT INTO Customer(FirstName, LastName, BillingAddress, DateOfBirth) VALUES ('Customer268','Lname268','Address_268','1990-03-05');
INSERT INTO CustomerEmails(CustomerID, Email) VALUES (268, 'customer268.lname268@mail.com');
INSERT INTO CustomerPhones(CustomerID, Phone) VALUES (268, '0371551029');
INSERT INTO Customer(FirstName, LastName, BillingAddress, DateOfBirth) VALUES ('Customer269','Lname269','Address_269','1990-01-08');
INSERT INTO CustomerEmails(CustomerID, Email) VALUES (269, 'customer269.lname269@mail.com');
INSERT INTO CustomerPhones(CustomerID, Phone) VALUES (269, '0348143213');
INSERT INTO Customer(FirstName, LastName, BillingAddress, DateOfBirth) VALUES ('Customer270','Lname270','Address_270','1990-12-15');
INSERT INTO CustomerEmails(CustomerID, Email) VALUES (270, 'customer270.lname270@mail.com');
INSERT INTO CustomerPhones(CustomerID, Phone) VALUES (270, '0320380300');
INSERT INTO Customer(FirstName, LastName, BillingAddress, DateOfBirth) VALUES ('Customer271','Lname271','Address_271','1990-04-09');
INSERT INTO CustomerEmails(CustomerID, Email) VALUES (271, 'customer271.lname271@mail.com');
INSERT INTO CustomerPhones(CustomerID, Phone) VALUES (271, '0374273241');
INSERT INTO Customer(FirstName, LastName, BillingAddress, DateOfBirth) VALUES ('Customer272','Lname272','Address_272','1990-06-23');
INSERT INTO CustomerEmails(CustomerID, Email) VALUES (272, 'customer272.lname272@mail.com');
INSERT INTO CustomerPhones(CustomerID, Phone) VALUES (272, '0369159466');
INSERT INTO Customer(FirstName, LastName, BillingAddress, DateOfBirth) VALUES ('Customer273','Lname273','Address_273','1990-06-16');
INSERT INTO CustomerEmails(CustomerID, Email) VALUES (273, 'customer273.lname273@mail.com');
INSERT INTO CustomerPhones(CustomerID, Phone) VALUES (273, '0334980400');
INSERT INTO Customer(FirstName, LastName, BillingAddress, DateOfBirth) VALUES ('Customer274','Lname274','Address_274','1990-12-26');
INSERT INTO CustomerEmails(CustomerID, Email) VALUES (274, 'customer274.lname274@mail.com');
INSERT INTO CustomerPhones(CustomerID, Phone) VALUES (274, '0314502303');
INSERT INTO Customer(FirstName, LastName, BillingAddress, DateOfBirth) VALUES ('Customer275','Lname275','Address_275','1990-07-21');
INSERT INTO CustomerEmails(CustomerID, Email) VALUES (275, 'customer275.lname275@mail.com');
INSERT INTO CustomerPhones(CustomerID, Phone) VALUES (275, '0332972544');
INSERT INTO Customer(FirstName, LastName, BillingAddress, DateOfBirth) VALUES ('Customer276','Lname276','Address_276','1990-04-21');
INSERT INTO CustomerEmails(CustomerID, Email) VALUES (276, 'customer276.lname276@mail.com');
INSERT INTO CustomerPhones(CustomerID, Phone) VALUES (276, '0313584260');
INSERT INTO Customer(FirstName, LastName, BillingAddress, DateOfBirth) VALUES ('Customer277','Lname277','Address_277','1990-05-18');
INSERT INTO CustomerEmails(CustomerID, Email) VALUES (277, 'customer277.lname277@mail.com');
INSERT INTO CustomerPhones(CustomerID, Phone) VALUES (277, '0378622803');
INSERT INTO Customer(FirstName, LastName, BillingAddress, DateOfBirth) VALUES ('Customer278','Lname278','Address_278','1990-02-04');
INSERT INTO CustomerEmails(CustomerID, Email) VALUES (278, 'customer278.lname278@mail.com');
INSERT INTO CustomerPhones(CustomerID, Phone) VALUES (278, '0351085330');
INSERT INTO Customer(FirstName, LastName, BillingAddress, DateOfBirth) VALUES ('Customer279','Lname279','Address_279','1990-08-28');
INSERT INTO CustomerEmails(CustomerID, Email) VALUES (279, 'customer279.lname279@mail.com');
INSERT INTO CustomerPhones(CustomerID, Phone) VALUES (279, '0355158802');
INSERT INTO Customer(FirstName, LastName, BillingAddress, DateOfBirth) VALUES ('Customer280','Lname280','Address_280','1990-02-22');
INSERT INTO CustomerEmails(CustomerID, Email) VALUES (280, 'customer280.lname280@mail.com');
INSERT INTO CustomerPhones(CustomerID, Phone) VALUES (280, '0372794473');
INSERT INTO Customer(FirstName, LastName, BillingAddress, DateOfBirth) VALUES ('Customer281','Lname281','Address_281','1990-07-26');
INSERT INTO CustomerEmails(CustomerID, Email) VALUES (281, 'customer281.lname281@mail.com');
INSERT INTO CustomerPhones(CustomerID, Phone) VALUES (281, '0345051843');
INSERT INTO Customer(FirstName, LastName, BillingAddress, DateOfBirth) VALUES ('Customer282','Lname282','Address_282','1990-12-19');
INSERT INTO CustomerEmails(CustomerID, Email) VALUES (282, 'customer282.lname282@mail.com');
INSERT INTO CustomerPhones(CustomerID, Phone) VALUES (282, '0387516983');
INSERT INTO Customer(FirstName, LastName, BillingAddress, DateOfBirth) VALUES ('Customer283','Lname283','Address_283','1990-06-26');
INSERT INTO CustomerEmails(CustomerID, Email) VALUES (283, 'customer283.lname283@mail.com');
INSERT INTO CustomerPhones(CustomerID, Phone) VALUES (283, '0368570434');
INSERT INTO Customer(FirstName, LastName, BillingAddress, DateOfBirth) VALUES ('Customer284','Lname284','Address_284','1990-12-15');
INSERT INTO CustomerEmails(CustomerID, Email) VALUES (284, 'customer284.lname284@mail.com');
INSERT INTO CustomerPhones(CustomerID, Phone) VALUES (284, '0356061126');
INSERT INTO Customer(FirstName, LastName, BillingAddress, DateOfBirth) VALUES ('Customer285','Lname285','Address_285','1990-11-26');
INSERT INTO CustomerEmails(CustomerID, Email) VALUES (285, 'customer285.lname285@mail.com');
INSERT INTO CustomerPhones(CustomerID, Phone) VALUES (285, '0322081439');
INSERT INTO Customer(FirstName, LastName, BillingAddress, DateOfBirth) VALUES ('Customer286','Lname286','Address_286','1990-03-28');
INSERT INTO CustomerEmails(CustomerID, Email) VALUES (286, 'customer286.lname286@mail.com');
INSERT INTO CustomerPhones(CustomerID, Phone) VALUES (286, '0396419544');
INSERT INTO Customer(FirstName, LastName, BillingAddress, DateOfBirth) VALUES ('Customer287','Lname287','Address_287','1990-10-26');
INSERT INTO CustomerEmails(CustomerID, Email) VALUES (287, 'customer287.lname287@mail.com');
INSERT INTO CustomerPhones(CustomerID, Phone) VALUES (287, '0382095633');
INSERT INTO Customer(FirstName, LastName, BillingAddress, DateOfBirth) VALUES ('Customer288','Lname288','Address_288','1990-05-15');
INSERT INTO CustomerEmails(CustomerID, Email) VALUES (288, 'customer288.lname288@mail.com');
INSERT INTO CustomerPhones(CustomerID, Phone) VALUES (288, '0354769692');
INSERT INTO Customer(FirstName, LastName, BillingAddress, DateOfBirth) VALUES ('Customer289','Lname289','Address_289','1990-11-20');
INSERT INTO CustomerEmails(CustomerID, Email) VALUES (289, 'customer289.lname289@mail.com');
INSERT INTO CustomerPhones(CustomerID, Phone) VALUES (289, '0387219459');
INSERT INTO Customer(FirstName, LastName, BillingAddress, DateOfBirth) VALUES ('Customer290','Lname290','Address_290','1990-12-14');
INSERT INTO CustomerEmails(CustomerID, Email) VALUES (290, 'customer290.lname290@mail.com');
INSERT INTO CustomerPhones(CustomerID, Phone) VALUES (290, '0384626620');
INSERT INTO Customer(FirstName, LastName, BillingAddress, DateOfBirth) VALUES ('Customer291','Lname291','Address_291','1990-04-11');
INSERT INTO CustomerEmails(CustomerID, Email) VALUES (291, 'customer291.lname291@mail.com');
INSERT INTO CustomerPhones(CustomerID, Phone) VALUES (291, '0391379308');
INSERT INTO Customer(FirstName, LastName, BillingAddress, DateOfBirth) VALUES ('Customer292','Lname292','Address_292','1990-03-18');
INSERT INTO CustomerEmails(CustomerID, Email) VALUES (292, 'customer292.lname292@mail.com');
INSERT INTO CustomerPhones(CustomerID, Phone) VALUES (292, '0371908150');
INSERT INTO Customer(FirstName, LastName, BillingAddress, DateOfBirth) VALUES ('Customer293','Lname293','Address_293','1990-01-10');
INSERT INTO CustomerEmails(CustomerID, Email) VALUES (293, 'customer293.lname293@mail.com');
INSERT INTO CustomerPhones(CustomerID, Phone) VALUES (293, '0377926562');
INSERT INTO Customer(FirstName, LastName, BillingAddress, DateOfBirth) VALUES ('Customer294','Lname294','Address_294','1990-10-25');
INSERT INTO CustomerEmails(CustomerID, Email) VALUES (294, 'customer294.lname294@mail.com');
INSERT INTO CustomerPhones(CustomerID, Phone) VALUES (294, '0367598857');
INSERT INTO Customer(FirstName, LastName, BillingAddress, DateOfBirth) VALUES ('Customer295','Lname295','Address_295','1990-02-25');
INSERT INTO CustomerEmails(CustomerID, Email) VALUES (295, 'customer295.lname295@mail.com');
INSERT INTO CustomerPhones(CustomerID, Phone) VALUES (295, '0393953638');
INSERT INTO Customer(FirstName, LastName, BillingAddress, DateOfBirth) VALUES ('Customer296','Lname296','Address_296','1990-07-08');
INSERT INTO CustomerEmails(CustomerID, Email) VALUES (296, 'customer296.lname296@mail.com');
INSERT INTO CustomerPhones(CustomerID, Phone) VALUES (296, '0312365273');
INSERT INTO Customer(FirstName, LastName, BillingAddress, DateOfBirth) VALUES ('Customer297','Lname297','Address_297','1990-06-11');
INSERT INTO CustomerEmails(CustomerID, Email) VALUES (297, 'customer297.lname297@mail.com');
INSERT INTO CustomerPhones(CustomerID, Phone) VALUES (297, '0385741831');
INSERT INTO Customer(FirstName, LastName, BillingAddress, DateOfBirth) VALUES ('Customer298','Lname298','Address_298','1990-04-12');
INSERT INTO CustomerEmails(CustomerID, Email) VALUES (298, 'customer298.lname298@mail.com');
INSERT INTO CustomerPhones(CustomerID, Phone) VALUES (298, '0362616176');
INSERT INTO Customer(FirstName, LastName, BillingAddress, DateOfBirth) VALUES ('Customer299','Lname299','Address_299','1990-11-14');
INSERT INTO CustomerEmails(CustomerID, Email) VALUES (299, 'customer299.lname299@mail.com');
INSERT INTO CustomerPhones(CustomerID, Phone) VALUES (299, '0328445521');
INSERT INTO Customer(FirstName, LastName, BillingAddress, DateOfBirth) VALUES ('Customer300','Lname300','Address_300','1990-06-09');
INSERT INTO CustomerEmails(CustomerID, Email) VALUES (300, 'customer300.lname300@mail.com');
INSERT INTO CustomerPhones(CustomerID, Phone) VALUES (300, '0371454188');
INSERT INTO Customer(FirstName, LastName, BillingAddress, DateOfBirth) VALUES ('Customer301','Lname301','Address_301','1990-07-01');
INSERT INTO CustomerEmails(CustomerID, Email) VALUES (301, 'customer301.lname301@mail.com');
INSERT INTO CustomerPhones(CustomerID, Phone) VALUES (301, '0329411786');
INSERT INTO Customer(FirstName, LastName, BillingAddress, DateOfBirth) VALUES ('Customer302','Lname302','Address_302','1990-06-15');
INSERT INTO CustomerEmails(CustomerID, Email) VALUES (302, 'customer302.lname302@mail.com');
INSERT INTO CustomerPhones(CustomerID, Phone) VALUES (302, '0386233503');
INSERT INTO Customer(FirstName, LastName, BillingAddress, DateOfBirth) VALUES ('Customer303','Lname303','Address_303','1990-04-25');
INSERT INTO CustomerEmails(CustomerID, Email) VALUES (303, 'customer303.lname303@mail.com');
INSERT INTO CustomerPhones(CustomerID, Phone) VALUES (303, '0348415578');
INSERT INTO Customer(FirstName, LastName, BillingAddress, DateOfBirth) VALUES ('Customer304','Lname304','Address_304','1990-05-15');
INSERT INTO CustomerEmails(CustomerID, Email) VALUES (304, 'customer304.lname304@mail.com');
INSERT INTO CustomerPhones(CustomerID, Phone) VALUES (304, '0342115897');
INSERT INTO Customer(FirstName, LastName, BillingAddress, DateOfBirth) VALUES ('Customer305','Lname305','Address_305','1990-04-24');
INSERT INTO CustomerEmails(CustomerID, Email) VALUES (305, 'customer305.lname305@mail.com');
INSERT INTO CustomerPhones(CustomerID, Phone) VALUES (305, '0398094648');
INSERT INTO Customer(FirstName, LastName, BillingAddress, DateOfBirth) VALUES ('Customer306','Lname306','Address_306','1990-03-04');
INSERT INTO CustomerEmails(CustomerID, Email) VALUES (306, 'customer306.lname306@mail.com');
INSERT INTO CustomerPhones(CustomerID, Phone) VALUES (306, '0380240693');
INSERT INTO Customer(FirstName, LastName, BillingAddress, DateOfBirth) VALUES ('Customer307','Lname307','Address_307','1990-01-12');
INSERT INTO CustomerEmails(CustomerID, Email) VALUES (307, 'customer307.lname307@mail.com');
INSERT INTO CustomerPhones(CustomerID, Phone) VALUES (307, '0373046097');
INSERT INTO Customer(FirstName, LastName, BillingAddress, DateOfBirth) VALUES ('Customer308','Lname308','Address_308','1990-03-11');
INSERT INTO CustomerEmails(CustomerID, Email) VALUES (308, 'customer308.lname308@mail.com');
INSERT INTO CustomerPhones(CustomerID, Phone) VALUES (308, '0363965451');
INSERT INTO Customer(FirstName, LastName, BillingAddress, DateOfBirth) VALUES ('Customer309','Lname309','Address_309','1990-01-02');
INSERT INTO CustomerEmails(CustomerID, Email) VALUES (309, 'customer309.lname309@mail.com');
INSERT INTO CustomerPhones(CustomerID, Phone) VALUES (309, '0398085590');
INSERT INTO Customer(FirstName, LastName, BillingAddress, DateOfBirth) VALUES ('Customer310','Lname310','Address_310','1990-03-04');
INSERT INTO CustomerEmails(CustomerID, Email) VALUES (310, 'customer310.lname310@mail.com');
INSERT INTO CustomerPhones(CustomerID, Phone) VALUES (310, '0373407782');
INSERT INTO Customer(FirstName, LastName, BillingAddress, DateOfBirth) VALUES ('Customer311','Lname311','Address_311','1990-03-01');
INSERT INTO CustomerEmails(CustomerID, Email) VALUES (311, 'customer311.lname311@mail.com');
INSERT INTO CustomerPhones(CustomerID, Phone) VALUES (311, '0381834912');
INSERT INTO Customer(FirstName, LastName, BillingAddress, DateOfBirth) VALUES ('Customer312','Lname312','Address_312','1990-07-19');
INSERT INTO CustomerEmails(CustomerID, Email) VALUES (312, 'customer312.lname312@mail.com');
INSERT INTO CustomerPhones(CustomerID, Phone) VALUES (312, '0324769611');
INSERT INTO Customer(FirstName, LastName, BillingAddress, DateOfBirth) VALUES ('Customer313','Lname313','Address_313','1990-05-14');
INSERT INTO CustomerEmails(CustomerID, Email) VALUES (313, 'customer313.lname313@mail.com');
INSERT INTO CustomerPhones(CustomerID, Phone) VALUES (313, '0332338102');
INSERT INTO Customer(FirstName, LastName, BillingAddress, DateOfBirth) VALUES ('Customer314','Lname314','Address_314','1990-01-18');
INSERT INTO CustomerEmails(CustomerID, Email) VALUES (314, 'customer314.lname314@mail.com');
INSERT INTO CustomerPhones(CustomerID, Phone) VALUES (314, '0315032916');
INSERT INTO Customer(FirstName, LastName, BillingAddress, DateOfBirth) VALUES ('Customer315','Lname315','Address_315','1990-11-25');
INSERT INTO CustomerEmails(CustomerID, Email) VALUES (315, 'customer315.lname315@mail.com');
INSERT INTO CustomerPhones(CustomerID, Phone) VALUES (315, '0329060784');
INSERT INTO Customer(FirstName, LastName, BillingAddress, DateOfBirth) VALUES ('Customer316','Lname316','Address_316','1990-11-02');
INSERT INTO CustomerEmails(CustomerID, Email) VALUES (316, 'customer316.lname316@mail.com');
INSERT INTO CustomerPhones(CustomerID, Phone) VALUES (316, '0327904986');
INSERT INTO Customer(FirstName, LastName, BillingAddress, DateOfBirth) VALUES ('Customer317','Lname317','Address_317','1990-01-20');
INSERT INTO CustomerEmails(CustomerID, Email) VALUES (317, 'customer317.lname317@mail.com');
INSERT INTO CustomerPhones(CustomerID, Phone) VALUES (317, '0376781194');
INSERT INTO Customer(FirstName, LastName, BillingAddress, DateOfBirth) VALUES ('Customer318','Lname318','Address_318','1990-01-08');
INSERT INTO CustomerEmails(CustomerID, Email) VALUES (318, 'customer318.lname318@mail.com');
INSERT INTO CustomerPhones(CustomerID, Phone) VALUES (318, '0375140910');
INSERT INTO Customer(FirstName, LastName, BillingAddress, DateOfBirth) VALUES ('Customer319','Lname319','Address_319','1990-08-24');
INSERT INTO CustomerEmails(CustomerID, Email) VALUES (319, 'customer319.lname319@mail.com');
INSERT INTO CustomerPhones(CustomerID, Phone) VALUES (319, '0364413103');
INSERT INTO Customer(FirstName, LastName, BillingAddress, DateOfBirth) VALUES ('Customer320','Lname320','Address_320','1990-03-13');
INSERT INTO CustomerEmails(CustomerID, Email) VALUES (320, 'customer320.lname320@mail.com');
INSERT INTO CustomerPhones(CustomerID, Phone) VALUES (320, '0337014064');
INSERT INTO Customer(FirstName, LastName, BillingAddress, DateOfBirth) VALUES ('Customer321','Lname321','Address_321','1990-02-12');
INSERT INTO CustomerEmails(CustomerID, Email) VALUES (321, 'customer321.lname321@mail.com');
INSERT INTO CustomerPhones(CustomerID, Phone) VALUES (321, '0316277080');
INSERT INTO Customer(FirstName, LastName, BillingAddress, DateOfBirth) VALUES ('Customer322','Lname322','Address_322','1990-07-17');
INSERT INTO CustomerEmails(CustomerID, Email) VALUES (322, 'customer322.lname322@mail.com');
INSERT INTO CustomerPhones(CustomerID, Phone) VALUES (322, '0333526794');
INSERT INTO Customer(FirstName, LastName, BillingAddress, DateOfBirth) VALUES ('Customer323','Lname323','Address_323','1990-04-03');
INSERT INTO CustomerEmails(CustomerID, Email) VALUES (323, 'customer323.lname323@mail.com');
INSERT INTO CustomerPhones(CustomerID, Phone) VALUES (323, '0370767710');
INSERT INTO Customer(FirstName, LastName, BillingAddress, DateOfBirth) VALUES ('Customer324','Lname324','Address_324','1990-02-20');
INSERT INTO CustomerEmails(CustomerID, Email) VALUES (324, 'customer324.lname324@mail.com');
INSERT INTO CustomerPhones(CustomerID, Phone) VALUES (324, '0378438653');
INSERT INTO Customer(FirstName, LastName, BillingAddress, DateOfBirth) VALUES ('Customer325','Lname325','Address_325','1990-12-14');
INSERT INTO CustomerEmails(CustomerID, Email) VALUES (325, 'customer325.lname325@mail.com');
INSERT INTO CustomerPhones(CustomerID, Phone) VALUES (325, '0363001819');
INSERT INTO Customer(FirstName, LastName, BillingAddress, DateOfBirth) VALUES ('Customer326','Lname326','Address_326','1990-06-03');
INSERT INTO CustomerEmails(CustomerID, Email) VALUES (326, 'customer326.lname326@mail.com');
INSERT INTO CustomerPhones(CustomerID, Phone) VALUES (326, '0391789962');
INSERT INTO Customer(FirstName, LastName, BillingAddress, DateOfBirth) VALUES ('Customer327','Lname327','Address_327','1990-06-04');
INSERT INTO CustomerEmails(CustomerID, Email) VALUES (327, 'customer327.lname327@mail.com');
INSERT INTO CustomerPhones(CustomerID, Phone) VALUES (327, '0353956382');
INSERT INTO Customer(FirstName, LastName, BillingAddress, DateOfBirth) VALUES ('Customer328','Lname328','Address_328','1990-12-24');
INSERT INTO CustomerEmails(CustomerID, Email) VALUES (328, 'customer328.lname328@mail.com');
INSERT INTO CustomerPhones(CustomerID, Phone) VALUES (328, '0331796218');
INSERT INTO Customer(FirstName, LastName, BillingAddress, DateOfBirth) VALUES ('Customer329','Lname329','Address_329','1990-10-12');
INSERT INTO CustomerEmails(CustomerID, Email) VALUES (329, 'customer329.lname329@mail.com');
INSERT INTO CustomerPhones(CustomerID, Phone) VALUES (329, '0367084731');
INSERT INTO Customer(FirstName, LastName, BillingAddress, DateOfBirth) VALUES ('Customer330','Lname330','Address_330','1990-08-16');
INSERT INTO CustomerEmails(CustomerID, Email) VALUES (330, 'customer330.lname330@mail.com');
INSERT INTO CustomerPhones(CustomerID, Phone) VALUES (330, '0357353326');
INSERT INTO Customer(FirstName, LastName, BillingAddress, DateOfBirth) VALUES ('Customer331','Lname331','Address_331','1990-10-27');
INSERT INTO CustomerEmails(CustomerID, Email) VALUES (331, 'customer331.lname331@mail.com');
INSERT INTO CustomerPhones(CustomerID, Phone) VALUES (331, '0393425085');
INSERT INTO Customer(FirstName, LastName, BillingAddress, DateOfBirth) VALUES ('Customer332','Lname332','Address_332','1990-01-09');
INSERT INTO CustomerEmails(CustomerID, Email) VALUES (332, 'customer332.lname332@mail.com');
INSERT INTO CustomerPhones(CustomerID, Phone) VALUES (332, '0399000611');
INSERT INTO Customer(FirstName, LastName, BillingAddress, DateOfBirth) VALUES ('Customer333','Lname333','Address_333','1990-07-11');
INSERT INTO CustomerEmails(CustomerID, Email) VALUES (333, 'customer333.lname333@mail.com');
INSERT INTO CustomerPhones(CustomerID, Phone) VALUES (333, '0313561988');
INSERT INTO Customer(FirstName, LastName, BillingAddress, DateOfBirth) VALUES ('Customer334','Lname334','Address_334','1990-05-28');
INSERT INTO CustomerEmails(CustomerID, Email) VALUES (334, 'customer334.lname334@mail.com');
INSERT INTO CustomerPhones(CustomerID, Phone) VALUES (334, '0368300699');
INSERT INTO Customer(FirstName, LastName, BillingAddress, DateOfBirth) VALUES ('Customer335','Lname335','Address_335','1990-11-13');
INSERT INTO CustomerEmails(CustomerID, Email) VALUES (335, 'customer335.lname335@mail.com');
INSERT INTO CustomerPhones(CustomerID, Phone) VALUES (335, '0311637305');
INSERT INTO Customer(FirstName, LastName, BillingAddress, DateOfBirth) VALUES ('Customer336','Lname336','Address_336','1990-02-27');
INSERT INTO CustomerEmails(CustomerID, Email) VALUES (336, 'customer336.lname336@mail.com');
INSERT INTO CustomerPhones(CustomerID, Phone) VALUES (336, '0310939901');
INSERT INTO Customer(FirstName, LastName, BillingAddress, DateOfBirth) VALUES ('Customer337','Lname337','Address_337','1990-06-25');
INSERT INTO CustomerEmails(CustomerID, Email) VALUES (337, 'customer337.lname337@mail.com');
INSERT INTO CustomerPhones(CustomerID, Phone) VALUES (337, '0374851368');
INSERT INTO Customer(FirstName, LastName, BillingAddress, DateOfBirth) VALUES ('Customer338','Lname338','Address_338','1990-01-28');
INSERT INTO CustomerEmails(CustomerID, Email) VALUES (338, 'customer338.lname338@mail.com');
INSERT INTO CustomerPhones(CustomerID, Phone) VALUES (338, '0350950586');
INSERT INTO Customer(FirstName, LastName, BillingAddress, DateOfBirth) VALUES ('Customer339','Lname339','Address_339','1990-11-10');
INSERT INTO CustomerEmails(CustomerID, Email) VALUES (339, 'customer339.lname339@mail.com');
INSERT INTO CustomerPhones(CustomerID, Phone) VALUES (339, '0327030436');
INSERT INTO Customer(FirstName, LastName, BillingAddress, DateOfBirth) VALUES ('Customer340','Lname340','Address_340','1990-05-09');
INSERT INTO CustomerEmails(CustomerID, Email) VALUES (340, 'customer340.lname340@mail.com');
INSERT INTO CustomerPhones(CustomerID, Phone) VALUES (340, '0351738419');
INSERT INTO Customer(FirstName, LastName, BillingAddress, DateOfBirth) VALUES ('Customer341','Lname341','Address_341','1990-07-13');
INSERT INTO CustomerEmails(CustomerID, Email) VALUES (341, 'customer341.lname341@mail.com');
INSERT INTO CustomerPhones(CustomerID, Phone) VALUES (341, '0372555858');
INSERT INTO Customer(FirstName, LastName, BillingAddress, DateOfBirth) VALUES ('Customer342','Lname342','Address_342','1990-03-03');
INSERT INTO CustomerEmails(CustomerID, Email) VALUES (342, 'customer342.lname342@mail.com');
INSERT INTO CustomerPhones(CustomerID, Phone) VALUES (342, '0321182909');
INSERT INTO Customer(FirstName, LastName, BillingAddress, DateOfBirth) VALUES ('Customer343','Lname343','Address_343','1990-04-26');
INSERT INTO CustomerEmails(CustomerID, Email) VALUES (343, 'customer343.lname343@mail.com');
INSERT INTO CustomerPhones(CustomerID, Phone) VALUES (343, '0374922254');
INSERT INTO Customer(FirstName, LastName, BillingAddress, DateOfBirth) VALUES ('Customer344','Lname344','Address_344','1990-07-10');
INSERT INTO CustomerEmails(CustomerID, Email) VALUES (344, 'customer344.lname344@mail.com');
INSERT INTO CustomerPhones(CustomerID, Phone) VALUES (344, '0390721149');
INSERT INTO Customer(FirstName, LastName, BillingAddress, DateOfBirth) VALUES ('Customer345','Lname345','Address_345','1990-05-25');
INSERT INTO CustomerEmails(CustomerID, Email) VALUES (345, 'customer345.lname345@mail.com');
INSERT INTO CustomerPhones(CustomerID, Phone) VALUES (345, '0311912566');
INSERT INTO Customer(FirstName, LastName, BillingAddress, DateOfBirth) VALUES ('Customer346','Lname346','Address_346','1990-02-13');
INSERT INTO CustomerEmails(CustomerID, Email) VALUES (346, 'customer346.lname346@mail.com');
INSERT INTO CustomerPhones(CustomerID, Phone) VALUES (346, '0364258020');
INSERT INTO Customer(FirstName, LastName, BillingAddress, DateOfBirth) VALUES ('Customer347','Lname347','Address_347','1990-04-16');
INSERT INTO CustomerEmails(CustomerID, Email) VALUES (347, 'customer347.lname347@mail.com');
INSERT INTO CustomerPhones(CustomerID, Phone) VALUES (347, '0344063667');
INSERT INTO Customer(FirstName, LastName, BillingAddress, DateOfBirth) VALUES ('Customer348','Lname348','Address_348','1990-01-09');
INSERT INTO CustomerEmails(CustomerID, Email) VALUES (348, 'customer348.lname348@mail.com');
INSERT INTO CustomerPhones(CustomerID, Phone) VALUES (348, '0336877846');
INSERT INTO Customer(FirstName, LastName, BillingAddress, DateOfBirth) VALUES ('Customer349','Lname349','Address_349','1990-07-20');
INSERT INTO CustomerEmails(CustomerID, Email) VALUES (349, 'customer349.lname349@mail.com');
INSERT INTO CustomerPhones(CustomerID, Phone) VALUES (349, '0322489938');
INSERT INTO Customer(FirstName, LastName, BillingAddress, DateOfBirth) VALUES ('Customer350','Lname350','Address_350','1990-11-01');
INSERT INTO CustomerEmails(CustomerID, Email) VALUES (350, 'customer350.lname350@mail.com');
INSERT INTO CustomerPhones(CustomerID, Phone) VALUES (350, '0388532831');
INSERT INTO Customer(FirstName, LastName, BillingAddress, DateOfBirth) VALUES ('Customer351','Lname351','Address_351','1990-05-24');
INSERT INTO CustomerEmails(CustomerID, Email) VALUES (351, 'customer351.lname351@mail.com');
INSERT INTO CustomerPhones(CustomerID, Phone) VALUES (351, '0376762015');
INSERT INTO Customer(FirstName, LastName, BillingAddress, DateOfBirth) VALUES ('Customer352','Lname352','Address_352','1990-04-04');
INSERT INTO CustomerEmails(CustomerID, Email) VALUES (352, 'customer352.lname352@mail.com');
INSERT INTO CustomerPhones(CustomerID, Phone) VALUES (352, '0324577557');
INSERT INTO Customer(FirstName, LastName, BillingAddress, DateOfBirth) VALUES ('Customer353','Lname353','Address_353','1990-11-01');
INSERT INTO CustomerEmails(CustomerID, Email) VALUES (353, 'customer353.lname353@mail.com');
INSERT INTO CustomerPhones(CustomerID, Phone) VALUES (353, '0338571330');
INSERT INTO Customer(FirstName, LastName, BillingAddress, DateOfBirth) VALUES ('Customer354','Lname354','Address_354','1990-02-13');
INSERT INTO CustomerEmails(CustomerID, Email) VALUES (354, 'customer354.lname354@mail.com');
INSERT INTO CustomerPhones(CustomerID, Phone) VALUES (354, '0373628785');
INSERT INTO Customer(FirstName, LastName, BillingAddress, DateOfBirth) VALUES ('Customer355','Lname355','Address_355','1990-06-16');
INSERT INTO CustomerEmails(CustomerID, Email) VALUES (355, 'customer355.lname355@mail.com');
INSERT INTO CustomerPhones(CustomerID, Phone) VALUES (355, '0343247106');
INSERT INTO Customer(FirstName, LastName, BillingAddress, DateOfBirth) VALUES ('Customer356','Lname356','Address_356','1990-07-24');
INSERT INTO CustomerEmails(CustomerID, Email) VALUES (356, 'customer356.lname356@mail.com');
INSERT INTO CustomerPhones(CustomerID, Phone) VALUES (356, '0323823981');
INSERT INTO Customer(FirstName, LastName, BillingAddress, DateOfBirth) VALUES ('Customer357','Lname357','Address_357','1990-08-11');
INSERT INTO CustomerEmails(CustomerID, Email) VALUES (357, 'customer357.lname357@mail.com');
INSERT INTO CustomerPhones(CustomerID, Phone) VALUES (357, '0389701672');
INSERT INTO Customer(FirstName, LastName, BillingAddress, DateOfBirth) VALUES ('Customer358','Lname358','Address_358','1990-11-13');
INSERT INTO CustomerEmails(CustomerID, Email) VALUES (358, 'customer358.lname358@mail.com');
INSERT INTO CustomerPhones(CustomerID, Phone) VALUES (358, '0313005280');
INSERT INTO Customer(FirstName, LastName, BillingAddress, DateOfBirth) VALUES ('Customer359','Lname359','Address_359','1990-03-05');
INSERT INTO CustomerEmails(CustomerID, Email) VALUES (359, 'customer359.lname359@mail.com');
INSERT INTO CustomerPhones(CustomerID, Phone) VALUES (359, '0380254052');
INSERT INTO Customer(FirstName, LastName, BillingAddress, DateOfBirth) VALUES ('Customer360','Lname360','Address_360','1990-05-11');
INSERT INTO CustomerEmails(CustomerID, Email) VALUES (360, 'customer360.lname360@mail.com');
INSERT INTO CustomerPhones(CustomerID, Phone) VALUES (360, '0373994237');
INSERT INTO Customer(FirstName, LastName, BillingAddress, DateOfBirth) VALUES ('Customer361','Lname361','Address_361','1990-02-22');
INSERT INTO CustomerEmails(CustomerID, Email) VALUES (361, 'customer361.lname361@mail.com');
INSERT INTO CustomerPhones(CustomerID, Phone) VALUES (361, '0325748655');
INSERT INTO Customer(FirstName, LastName, BillingAddress, DateOfBirth) VALUES ('Customer362','Lname362','Address_362','1990-10-15');
INSERT INTO CustomerEmails(CustomerID, Email) VALUES (362, 'customer362.lname362@mail.com');
INSERT INTO CustomerPhones(CustomerID, Phone) VALUES (362, '0368047189');
INSERT INTO Customer(FirstName, LastName, BillingAddress, DateOfBirth) VALUES ('Customer363','Lname363','Address_363','1990-05-04');
INSERT INTO CustomerEmails(CustomerID, Email) VALUES (363, 'customer363.lname363@mail.com');
INSERT INTO CustomerPhones(CustomerID, Phone) VALUES (363, '0344965190');
INSERT INTO Customer(FirstName, LastName, BillingAddress, DateOfBirth) VALUES ('Customer364','Lname364','Address_364','1990-09-17');
INSERT INTO CustomerEmails(CustomerID, Email) VALUES (364, 'customer364.lname364@mail.com');
INSERT INTO CustomerPhones(CustomerID, Phone) VALUES (364, '0380345000');
INSERT INTO Customer(FirstName, LastName, BillingAddress, DateOfBirth) VALUES ('Customer365','Lname365','Address_365','1990-01-19');
INSERT INTO CustomerEmails(CustomerID, Email) VALUES (365, 'customer365.lname365@mail.com');
INSERT INTO CustomerPhones(CustomerID, Phone) VALUES (365, '0324140327');
INSERT INTO Customer(FirstName, LastName, BillingAddress, DateOfBirth) VALUES ('Customer366','Lname366','Address_366','1990-05-04');
INSERT INTO CustomerEmails(CustomerID, Email) VALUES (366, 'customer366.lname366@mail.com');
INSERT INTO CustomerPhones(CustomerID, Phone) VALUES (366, '0328855070');
INSERT INTO Customer(FirstName, LastName, BillingAddress, DateOfBirth) VALUES ('Customer367','Lname367','Address_367','1990-04-02');
INSERT INTO CustomerEmails(CustomerID, Email) VALUES (367, 'customer367.lname367@mail.com');
INSERT INTO CustomerPhones(CustomerID, Phone) VALUES (367, '0315242571');
INSERT INTO Customer(FirstName, LastName, BillingAddress, DateOfBirth) VALUES ('Customer368','Lname368','Address_368','1990-08-28');
INSERT INTO CustomerEmails(CustomerID, Email) VALUES (368, 'customer368.lname368@mail.com');
INSERT INTO CustomerPhones(CustomerID, Phone) VALUES (368, '0331049391');
INSERT INTO Customer(FirstName, LastName, BillingAddress, DateOfBirth) VALUES ('Customer369','Lname369','Address_369','1990-02-16');
INSERT INTO CustomerEmails(CustomerID, Email) VALUES (369, 'customer369.lname369@mail.com');
INSERT INTO CustomerPhones(CustomerID, Phone) VALUES (369, '0337609564');
INSERT INTO Customer(FirstName, LastName, BillingAddress, DateOfBirth) VALUES ('Customer370','Lname370','Address_370','1990-08-23');
INSERT INTO CustomerEmails(CustomerID, Email) VALUES (370, 'customer370.lname370@mail.com');
INSERT INTO CustomerPhones(CustomerID, Phone) VALUES (370, '0328073143');
INSERT INTO Customer(FirstName, LastName, BillingAddress, DateOfBirth) VALUES ('Customer371','Lname371','Address_371','1990-11-05');
INSERT INTO CustomerEmails(CustomerID, Email) VALUES (371, 'customer371.lname371@mail.com');
INSERT INTO CustomerPhones(CustomerID, Phone) VALUES (371, '0363700661');
INSERT INTO Customer(FirstName, LastName, BillingAddress, DateOfBirth) VALUES ('Customer372','Lname372','Address_372','1990-02-13');
INSERT INTO CustomerEmails(CustomerID, Email) VALUES (372, 'customer372.lname372@mail.com');
INSERT INTO CustomerPhones(CustomerID, Phone) VALUES (372, '0386765838');
INSERT INTO Customer(FirstName, LastName, BillingAddress, DateOfBirth) VALUES ('Customer373','Lname373','Address_373','1990-12-05');
INSERT INTO CustomerEmails(CustomerID, Email) VALUES (373, 'customer373.lname373@mail.com');
INSERT INTO CustomerPhones(CustomerID, Phone) VALUES (373, '0344685540');
INSERT INTO Customer(FirstName, LastName, BillingAddress, DateOfBirth) VALUES ('Customer374','Lname374','Address_374','1990-11-19');
INSERT INTO CustomerEmails(CustomerID, Email) VALUES (374, 'customer374.lname374@mail.com');
INSERT INTO CustomerPhones(CustomerID, Phone) VALUES (374, '0344996797');
INSERT INTO Customer(FirstName, LastName, BillingAddress, DateOfBirth) VALUES ('Customer375','Lname375','Address_375','1990-05-23');
INSERT INTO CustomerEmails(CustomerID, Email) VALUES (375, 'customer375.lname375@mail.com');
INSERT INTO CustomerPhones(CustomerID, Phone) VALUES (375, '0311915571');
INSERT INTO Customer(FirstName, LastName, BillingAddress, DateOfBirth) VALUES ('Customer376','Lname376','Address_376','1990-07-18');
INSERT INTO CustomerEmails(CustomerID, Email) VALUES (376, 'customer376.lname376@mail.com');
INSERT INTO CustomerPhones(CustomerID, Phone) VALUES (376, '0350742359');
INSERT INTO Customer(FirstName, LastName, BillingAddress, DateOfBirth) VALUES ('Customer377','Lname377','Address_377','1990-12-17');
INSERT INTO CustomerEmails(CustomerID, Email) VALUES (377, 'customer377.lname377@mail.com');
INSERT INTO CustomerPhones(CustomerID, Phone) VALUES (377, '0327436631');
INSERT INTO Customer(FirstName, LastName, BillingAddress, DateOfBirth) VALUES ('Customer378','Lname378','Address_378','1990-02-05');
INSERT INTO CustomerEmails(CustomerID, Email) VALUES (378, 'customer378.lname378@mail.com');
INSERT INTO CustomerPhones(CustomerID, Phone) VALUES (378, '0333587824');
INSERT INTO Customer(FirstName, LastName, BillingAddress, DateOfBirth) VALUES ('Customer379','Lname379','Address_379','1990-11-18');
INSERT INTO CustomerEmails(CustomerID, Email) VALUES (379, 'customer379.lname379@mail.com');
INSERT INTO CustomerPhones(CustomerID, Phone) VALUES (379, '0334209146');
INSERT INTO Customer(FirstName, LastName, BillingAddress, DateOfBirth) VALUES ('Customer380','Lname380','Address_380','1990-09-12');
INSERT INTO CustomerEmails(CustomerID, Email) VALUES (380, 'customer380.lname380@mail.com');
INSERT INTO CustomerPhones(CustomerID, Phone) VALUES (380, '0398452937');
INSERT INTO Customer(FirstName, LastName, BillingAddress, DateOfBirth) VALUES ('Customer381','Lname381','Address_381','1990-04-18');
INSERT INTO CustomerEmails(CustomerID, Email) VALUES (381, 'customer381.lname381@mail.com');
INSERT INTO CustomerPhones(CustomerID, Phone) VALUES (381, '0398237714');
INSERT INTO Customer(FirstName, LastName, BillingAddress, DateOfBirth) VALUES ('Customer382','Lname382','Address_382','1990-12-08');
INSERT INTO CustomerEmails(CustomerID, Email) VALUES (382, 'customer382.lname382@mail.com');
INSERT INTO CustomerPhones(CustomerID, Phone) VALUES (382, '0389645907');
INSERT INTO Customer(FirstName, LastName, BillingAddress, DateOfBirth) VALUES ('Customer383','Lname383','Address_383','1990-10-26');
INSERT INTO CustomerEmails(CustomerID, Email) VALUES (383, 'customer383.lname383@mail.com');
INSERT INTO CustomerPhones(CustomerID, Phone) VALUES (383, '0330486544');
INSERT INTO Customer(FirstName, LastName, BillingAddress, DateOfBirth) VALUES ('Customer384','Lname384','Address_384','1990-01-27');
INSERT INTO CustomerEmails(CustomerID, Email) VALUES (384, 'customer384.lname384@mail.com');
INSERT INTO CustomerPhones(CustomerID, Phone) VALUES (384, '0389961448');
INSERT INTO Customer(FirstName, LastName, BillingAddress, DateOfBirth) VALUES ('Customer385','Lname385','Address_385','1990-04-02');
INSERT INTO CustomerEmails(CustomerID, Email) VALUES (385, 'customer385.lname385@mail.com');
INSERT INTO CustomerPhones(CustomerID, Phone) VALUES (385, '0374837050');
INSERT INTO Customer(FirstName, LastName, BillingAddress, DateOfBirth) VALUES ('Customer386','Lname386','Address_386','1990-03-28');
INSERT INTO CustomerEmails(CustomerID, Email) VALUES (386, 'customer386.lname386@mail.com');
INSERT INTO CustomerPhones(CustomerID, Phone) VALUES (386, '0322692118');
INSERT INTO Customer(FirstName, LastName, BillingAddress, DateOfBirth) VALUES ('Customer387','Lname387','Address_387','1990-05-19');
INSERT INTO CustomerEmails(CustomerID, Email) VALUES (387, 'customer387.lname387@mail.com');
INSERT INTO CustomerPhones(CustomerID, Phone) VALUES (387, '0382250976');
INSERT INTO Customer(FirstName, LastName, BillingAddress, DateOfBirth) VALUES ('Customer388','Lname388','Address_388','1990-12-26');
INSERT INTO CustomerEmails(CustomerID, Email) VALUES (388, 'customer388.lname388@mail.com');
INSERT INTO CustomerPhones(CustomerID, Phone) VALUES (388, '0346107781');
INSERT INTO Customer(FirstName, LastName, BillingAddress, DateOfBirth) VALUES ('Customer389','Lname389','Address_389','1990-04-23');
INSERT INTO CustomerEmails(CustomerID, Email) VALUES (389, 'customer389.lname389@mail.com');
INSERT INTO CustomerPhones(CustomerID, Phone) VALUES (389, '0335524890');
INSERT INTO Customer(FirstName, LastName, BillingAddress, DateOfBirth) VALUES ('Customer390','Lname390','Address_390','1990-04-27');
INSERT INTO CustomerEmails(CustomerID, Email) VALUES (390, 'customer390.lname390@mail.com');
INSERT INTO CustomerPhones(CustomerID, Phone) VALUES (390, '0363167397');
INSERT INTO Customer(FirstName, LastName, BillingAddress, DateOfBirth) VALUES ('Customer391','Lname391','Address_391','1990-03-13');
INSERT INTO CustomerEmails(CustomerID, Email) VALUES (391, 'customer391.lname391@mail.com');
INSERT INTO CustomerPhones(CustomerID, Phone) VALUES (391, '0338882494');
INSERT INTO Customer(FirstName, LastName, BillingAddress, DateOfBirth) VALUES ('Customer392','Lname392','Address_392','1990-08-09');
INSERT INTO CustomerEmails(CustomerID, Email) VALUES (392, 'customer392.lname392@mail.com');
INSERT INTO CustomerPhones(CustomerID, Phone) VALUES (392, '0319092006');
INSERT INTO Customer(FirstName, LastName, BillingAddress, DateOfBirth) VALUES ('Customer393','Lname393','Address_393','1990-08-27');
INSERT INTO CustomerEmails(CustomerID, Email) VALUES (393, 'customer393.lname393@mail.com');
INSERT INTO CustomerPhones(CustomerID, Phone) VALUES (393, '0328237739');
INSERT INTO Customer(FirstName, LastName, BillingAddress, DateOfBirth) VALUES ('Customer394','Lname394','Address_394','1990-10-13');
INSERT INTO CustomerEmails(CustomerID, Email) VALUES (394, 'customer394.lname394@mail.com');
INSERT INTO CustomerPhones(CustomerID, Phone) VALUES (394, '0342538072');
INSERT INTO Customer(FirstName, LastName, BillingAddress, DateOfBirth) VALUES ('Customer395','Lname395','Address_395','1990-11-08');
INSERT INTO CustomerEmails(CustomerID, Email) VALUES (395, 'customer395.lname395@mail.com');
INSERT INTO CustomerPhones(CustomerID, Phone) VALUES (395, '0357203005');
INSERT INTO Customer(FirstName, LastName, BillingAddress, DateOfBirth) VALUES ('Customer396','Lname396','Address_396','1990-04-27');
INSERT INTO CustomerEmails(CustomerID, Email) VALUES (396, 'customer396.lname396@mail.com');
INSERT INTO CustomerPhones(CustomerID, Phone) VALUES (396, '0329190661');
INSERT INTO Customer(FirstName, LastName, BillingAddress, DateOfBirth) VALUES ('Customer397','Lname397','Address_397','1990-03-19');
INSERT INTO CustomerEmails(CustomerID, Email) VALUES (397, 'customer397.lname397@mail.com');
INSERT INTO CustomerPhones(CustomerID, Phone) VALUES (397, '0398502956');
INSERT INTO Customer(FirstName, LastName, BillingAddress, DateOfBirth) VALUES ('Customer398','Lname398','Address_398','1990-10-13');
INSERT INTO CustomerEmails(CustomerID, Email) VALUES (398, 'customer398.lname398@mail.com');
INSERT INTO CustomerPhones(CustomerID, Phone) VALUES (398, '0388761047');
INSERT INTO Customer(FirstName, LastName, BillingAddress, DateOfBirth) VALUES ('Customer399','Lname399','Address_399','1990-04-03');
INSERT INTO CustomerEmails(CustomerID, Email) VALUES (399, 'customer399.lname399@mail.com');
INSERT INTO CustomerPhones(CustomerID, Phone) VALUES (399, '0336105325');
INSERT INTO Customer(FirstName, LastName, BillingAddress, DateOfBirth) VALUES ('Customer400','Lname400','Address_400','1990-04-01');
INSERT INTO CustomerEmails(CustomerID, Email) VALUES (400, 'customer400.lname400@mail.com');
INSERT INTO CustomerPhones(CustomerID, Phone) VALUES (400, '0331089988');
INSERT INTO Product(ProductName, SKU, CategoryID, Price, Weight) VALUES ('Product_1','SKU001',9,731,3.2);
INSERT INTO ProductImages(ProductID, ImageURL) VALUES (1, 'product_1.jpg');
INSERT INTO ProductTags(ProductID, Tag) VALUES (1, 'Tag1');
INSERT INTO Product(ProductName, SKU, CategoryID, Price, Weight) VALUES ('Product_2','SKU002',4,27,2.52);
INSERT INTO ProductImages(ProductID, ImageURL) VALUES (2, 'product_2.jpg');
INSERT INTO ProductTags(ProductID, Tag) VALUES (2, 'Tag2');
INSERT INTO Product(ProductName, SKU, CategoryID, Price, Weight) VALUES ('Product_3','SKU003',5,750,1.5);
INSERT INTO ProductImages(ProductID, ImageURL) VALUES (3, 'product_3.jpg');
INSERT INTO ProductTags(ProductID, Tag) VALUES (3, 'Tag3');
INSERT INTO Product(ProductName, SKU, CategoryID, Price, Weight) VALUES ('Product_4','SKU004',6,1296,1.22);
INSERT INTO ProductImages(ProductID, ImageURL) VALUES (4, 'product_4.jpg');
INSERT INTO ProductTags(ProductID, Tag) VALUES (4, 'Tag4');
INSERT INTO Product(ProductName, SKU, CategoryID, Price, Weight) VALUES ('Product_5','SKU005',3,1458,2.06);
INSERT INTO ProductImages(ProductID, ImageURL) VALUES (5, 'product_5.jpg');
INSERT INTO ProductTags(ProductID, Tag) VALUES (5, 'Tag5');
INSERT INTO Product(ProductName, SKU, CategoryID, Price, Weight) VALUES ('Product_6','SKU006',6,516,2.98);
INSERT INTO ProductImages(ProductID, ImageURL) VALUES (6, 'product_6.jpg');
INSERT INTO ProductTags(ProductID, Tag) VALUES (6, 'Tag6');
INSERT INTO Product(ProductName, SKU, CategoryID, Price, Weight) VALUES ('Product_7','SKU007',7,461,4.95);
INSERT INTO ProductImages(ProductID, ImageURL) VALUES (7, 'product_7.jpg');
INSERT INTO ProductTags(ProductID, Tag) VALUES (7, 'Tag7');
INSERT INTO Product(ProductName, SKU, CategoryID, Price, Weight) VALUES ('Product_8','SKU008',2,241,2.88);
INSERT INTO ProductImages(ProductID, ImageURL) VALUES (8, 'product_8.jpg');
INSERT INTO ProductTags(ProductID, Tag) VALUES (8, 'Tag8');
INSERT INTO Product(ProductName, SKU, CategoryID, Price, Weight) VALUES ('Product_9','SKU009',8,704,1.27);
INSERT INTO ProductImages(ProductID, ImageURL) VALUES (9, 'product_9.jpg');
INSERT INTO ProductTags(ProductID, Tag) VALUES (9, 'Tag9');
INSERT INTO Product(ProductName, SKU, CategoryID, Price, Weight) VALUES ('Product_10','SKU010',1,76,2.21);
INSERT INTO ProductImages(ProductID, ImageURL) VALUES (10, 'product_10.jpg');
INSERT INTO ProductTags(ProductID, Tag) VALUES (10, 'Tag10');
INSERT INTO Product(ProductName, SKU, CategoryID, Price, Weight) VALUES ('Product_11','SKU011',6,328,2.84);
INSERT INTO ProductImages(ProductID, ImageURL) VALUES (11, 'product_11.jpg');
INSERT INTO ProductTags(ProductID, Tag) VALUES (11, 'Tag11');
INSERT INTO Product(ProductName, SKU, CategoryID, Price, Weight) VALUES ('Product_12','SKU012',8,908,3.67);
INSERT INTO ProductImages(ProductID, ImageURL) VALUES (12, 'product_12.jpg');
INSERT INTO ProductTags(ProductID, Tag) VALUES (12, 'Tag12');
INSERT INTO Product(ProductName, SKU, CategoryID, Price, Weight) VALUES ('Product_13','SKU013',5,1017,4.46);
INSERT INTO ProductImages(ProductID, ImageURL) VALUES (13, 'product_13.jpg');
INSERT INTO ProductTags(ProductID, Tag) VALUES (13, 'Tag13');
INSERT INTO Product(ProductName, SKU, CategoryID, Price, Weight) VALUES ('Product_14','SKU014',8,1480,1.55);
INSERT INTO ProductImages(ProductID, ImageURL) VALUES (14, 'product_14.jpg');
INSERT INTO ProductTags(ProductID, Tag) VALUES (14, 'Tag14');
INSERT INTO Product(ProductName, SKU, CategoryID, Price, Weight) VALUES ('Product_15','SKU015',2,1140,1.44);
INSERT INTO ProductImages(ProductID, ImageURL) VALUES (15, 'product_15.jpg');
INSERT INTO ProductTags(ProductID, Tag) VALUES (15, 'Tag15');
INSERT INTO Product(ProductName, SKU, CategoryID, Price, Weight) VALUES ('Product_16','SKU016',10,845,3.87);
INSERT INTO ProductImages(ProductID, ImageURL) VALUES (16, 'product_16.jpg');
INSERT INTO ProductTags(ProductID, Tag) VALUES (16, 'Tag16');
INSERT INTO Product(ProductName, SKU, CategoryID, Price, Weight) VALUES ('Product_17','SKU017',9,447,1.67);
INSERT INTO ProductImages(ProductID, ImageURL) VALUES (17, 'product_17.jpg');
INSERT INTO ProductTags(ProductID, Tag) VALUES (17, 'Tag17');
INSERT INTO Product(ProductName, SKU, CategoryID, Price, Weight) VALUES ('Product_18','SKU018',7,584,2.82);
INSERT INTO ProductImages(ProductID, ImageURL) VALUES (18, 'product_18.jpg');
INSERT INTO ProductTags(ProductID, Tag) VALUES (18, 'Tag18');
INSERT INTO Product(ProductName, SKU, CategoryID, Price, Weight) VALUES ('Product_19','SKU019',3,1166,0.98);
INSERT INTO ProductImages(ProductID, ImageURL) VALUES (19, 'product_19.jpg');
INSERT INTO ProductTags(ProductID, Tag) VALUES (19, 'Tag19');
INSERT INTO Product(ProductName, SKU, CategoryID, Price, Weight) VALUES ('Product_20','SKU020',10,616,1.75);
INSERT INTO ProductImages(ProductID, ImageURL) VALUES (20, 'product_20.jpg');
INSERT INTO ProductTags(ProductID, Tag) VALUES (20, 'Tag20');
INSERT INTO Product(ProductName, SKU, CategoryID, Price, Weight) VALUES ('Product_21','SKU021',10,591,3.32);
INSERT INTO ProductImages(ProductID, ImageURL) VALUES (21, 'product_21.jpg');
INSERT INTO ProductTags(ProductID, Tag) VALUES (21, 'Tag21');
INSERT INTO Product(ProductName, SKU, CategoryID, Price, Weight) VALUES ('Product_22','SKU022',10,156,2.31);
INSERT INTO ProductImages(ProductID, ImageURL) VALUES (22, 'product_22.jpg');
INSERT INTO ProductTags(ProductID, Tag) VALUES (22, 'Tag22');
INSERT INTO Product(ProductName, SKU, CategoryID, Price, Weight) VALUES ('Product_23','SKU023',8,1061,4.33);
INSERT INTO ProductImages(ProductID, ImageURL) VALUES (23, 'product_23.jpg');
INSERT INTO ProductTags(ProductID, Tag) VALUES (23, 'Tag23');
INSERT INTO Product(ProductName, SKU, CategoryID, Price, Weight) VALUES ('Product_24','SKU024',3,607,2.44);
INSERT INTO ProductImages(ProductID, ImageURL) VALUES (24, 'product_24.jpg');
INSERT INTO ProductTags(ProductID, Tag) VALUES (24, 'Tag24');
INSERT INTO Product(ProductName, SKU, CategoryID, Price, Weight) VALUES ('Product_25','SKU025',3,1374,4.2);
INSERT INTO ProductImages(ProductID, ImageURL) VALUES (25, 'product_25.jpg');
INSERT INTO ProductTags(ProductID, Tag) VALUES (25, 'Tag25');
INSERT INTO Product(ProductName, SKU, CategoryID, Price, Weight) VALUES ('Product_26','SKU026',7,1095,0.64);
INSERT INTO ProductImages(ProductID, ImageURL) VALUES (26, 'product_26.jpg');
INSERT INTO ProductTags(ProductID, Tag) VALUES (26, 'Tag26');
INSERT INTO Product(ProductName, SKU, CategoryID, Price, Weight) VALUES ('Product_27','SKU027',3,363,3.08);
INSERT INTO ProductImages(ProductID, ImageURL) VALUES (27, 'product_27.jpg');
INSERT INTO ProductTags(ProductID, Tag) VALUES (27, 'Tag27');
INSERT INTO Product(ProductName, SKU, CategoryID, Price, Weight) VALUES ('Product_28','SKU028',6,236,1.49);
INSERT INTO ProductImages(ProductID, ImageURL) VALUES (28, 'product_28.jpg');
INSERT INTO ProductTags(ProductID, Tag) VALUES (28, 'Tag28');
INSERT INTO Product(ProductName, SKU, CategoryID, Price, Weight) VALUES ('Product_29','SKU029',3,758,0.85);
INSERT INTO ProductImages(ProductID, ImageURL) VALUES (29, 'product_29.jpg');
INSERT INTO ProductTags(ProductID, Tag) VALUES (29, 'Tag29');
INSERT INTO Product(ProductName, SKU, CategoryID, Price, Weight) VALUES ('Product_30','SKU030',10,1002,1.35);
INSERT INTO ProductImages(ProductID, ImageURL) VALUES (30, 'product_30.jpg');
INSERT INTO ProductTags(ProductID, Tag) VALUES (30, 'Tag30');
INSERT INTO Product(ProductName, SKU, CategoryID, Price, Weight) VALUES ('Product_31','SKU031',3,788,4.02);
INSERT INTO ProductImages(ProductID, ImageURL) VALUES (31, 'product_31.jpg');
INSERT INTO ProductTags(ProductID, Tag) VALUES (31, 'Tag31');
INSERT INTO Product(ProductName, SKU, CategoryID, Price, Weight) VALUES ('Product_32','SKU032',1,677,2.26);
INSERT INTO ProductImages(ProductID, ImageURL) VALUES (32, 'product_32.jpg');
INSERT INTO ProductTags(ProductID, Tag) VALUES (32, 'Tag32');
INSERT INTO Product(ProductName, SKU, CategoryID, Price, Weight) VALUES ('Product_33','SKU033',1,322,3.15);
INSERT INTO ProductImages(ProductID, ImageURL) VALUES (33, 'product_33.jpg');
INSERT INTO ProductTags(ProductID, Tag) VALUES (33, 'Tag33');
INSERT INTO Product(ProductName, SKU, CategoryID, Price, Weight) VALUES ('Product_34','SKU034',4,1108,4.85);
INSERT INTO ProductImages(ProductID, ImageURL) VALUES (34, 'product_34.jpg');
INSERT INTO ProductTags(ProductID, Tag) VALUES (34, 'Tag34');
INSERT INTO Product(ProductName, SKU, CategoryID, Price, Weight) VALUES ('Product_35','SKU035',1,291,4.04);
INSERT INTO ProductImages(ProductID, ImageURL) VALUES (35, 'product_35.jpg');
INSERT INTO ProductTags(ProductID, Tag) VALUES (35, 'Tag35');
INSERT INTO Product(ProductName, SKU, CategoryID, Price, Weight) VALUES ('Product_36','SKU036',9,421,4.45);
INSERT INTO ProductImages(ProductID, ImageURL) VALUES (36, 'product_36.jpg');
INSERT INTO ProductTags(ProductID, Tag) VALUES (36, 'Tag36');
INSERT INTO Product(ProductName, SKU, CategoryID, Price, Weight) VALUES ('Product_37','SKU037',1,830,3.7);
INSERT INTO ProductImages(ProductID, ImageURL) VALUES (37, 'product_37.jpg');
INSERT INTO ProductTags(ProductID, Tag) VALUES (37, 'Tag37');
INSERT INTO Product(ProductName, SKU, CategoryID, Price, Weight) VALUES ('Product_38','SKU038',3,152,4.58);
INSERT INTO ProductImages(ProductID, ImageURL) VALUES (38, 'product_38.jpg');
INSERT INTO ProductTags(ProductID, Tag) VALUES (38, 'Tag38');
INSERT INTO Product(ProductName, SKU, CategoryID, Price, Weight) VALUES ('Product_39','SKU039',2,254,3.98);
INSERT INTO ProductImages(ProductID, ImageURL) VALUES (39, 'product_39.jpg');
INSERT INTO ProductTags(ProductID, Tag) VALUES (39, 'Tag39');
INSERT INTO Product(ProductName, SKU, CategoryID, Price, Weight) VALUES ('Product_40','SKU040',4,1304,3.99);
INSERT INTO ProductImages(ProductID, ImageURL) VALUES (40, 'product_40.jpg');
INSERT INTO ProductTags(ProductID, Tag) VALUES (40, 'Tag40');
INSERT INTO Product(ProductName, SKU, CategoryID, Price, Weight) VALUES ('Product_41','SKU041',4,496,3.75);
INSERT INTO ProductImages(ProductID, ImageURL) VALUES (41, 'product_41.jpg');
INSERT INTO ProductTags(ProductID, Tag) VALUES (41, 'Tag41');
INSERT INTO Product(ProductName, SKU, CategoryID, Price, Weight) VALUES ('Product_42','SKU042',8,867,4.72);
INSERT INTO ProductImages(ProductID, ImageURL) VALUES (42, 'product_42.jpg');
INSERT INTO ProductTags(ProductID, Tag) VALUES (42, 'Tag42');
INSERT INTO Product(ProductName, SKU, CategoryID, Price, Weight) VALUES ('Product_43','SKU043',9,1453,3.59);
INSERT INTO ProductImages(ProductID, ImageURL) VALUES (43, 'product_43.jpg');
INSERT INTO ProductTags(ProductID, Tag) VALUES (43, 'Tag43');
INSERT INTO Product(ProductName, SKU, CategoryID, Price, Weight) VALUES ('Product_44','SKU044',7,937,2.4);
INSERT INTO ProductImages(ProductID, ImageURL) VALUES (44, 'product_44.jpg');
INSERT INTO ProductTags(ProductID, Tag) VALUES (44, 'Tag44');
INSERT INTO Product(ProductName, SKU, CategoryID, Price, Weight) VALUES ('Product_45','SKU045',4,931,3.81);
INSERT INTO ProductImages(ProductID, ImageURL) VALUES (45, 'product_45.jpg');
INSERT INTO ProductTags(ProductID, Tag) VALUES (45, 'Tag45');
INSERT INTO Product(ProductName, SKU, CategoryID, Price, Weight) VALUES ('Product_46','SKU046',10,534,0.64);
INSERT INTO ProductImages(ProductID, ImageURL) VALUES (46, 'product_46.jpg');
INSERT INTO ProductTags(ProductID, Tag) VALUES (46, 'Tag46');
INSERT INTO Product(ProductName, SKU, CategoryID, Price, Weight) VALUES ('Product_47','SKU047',9,1341,1.3);
INSERT INTO ProductImages(ProductID, ImageURL) VALUES (47, 'product_47.jpg');
INSERT INTO ProductTags(ProductID, Tag) VALUES (47, 'Tag47');
INSERT INTO Product(ProductName, SKU, CategoryID, Price, Weight) VALUES ('Product_48','SKU048',8,1189,0.17);
INSERT INTO ProductImages(ProductID, ImageURL) VALUES (48, 'product_48.jpg');
INSERT INTO ProductTags(ProductID, Tag) VALUES (48, 'Tag48');
INSERT INTO Product(ProductName, SKU, CategoryID, Price, Weight) VALUES ('Product_49','SKU049',4,639,2.8);
INSERT INTO ProductImages(ProductID, ImageURL) VALUES (49, 'product_49.jpg');
INSERT INTO ProductTags(ProductID, Tag) VALUES (49, 'Tag49');
INSERT INTO Product(ProductName, SKU, CategoryID, Price, Weight) VALUES ('Product_50','SKU050',6,108,0.58);
INSERT INTO ProductImages(ProductID, ImageURL) VALUES (50, 'product_50.jpg');
INSERT INTO ProductTags(ProductID, Tag) VALUES (50, 'Tag50');
INSERT INTO [Order](CustomerID, OrderDate, Status, TotalAmount) VALUES (1,'2025-07-14','Delivered',0);
INSERT INTO OrderLines(OrderID, ProductID, Qty, UnitPrice) VALUES (1,10,2,604);
INSERT INTO OrderLines(OrderID, ProductID, Qty, UnitPrice) VALUES (1,25,2,1372);
INSERT INTO OrderLines(OrderID, ProductID, Qty, UnitPrice) VALUES (1,17,3,1328);
INSERT INTO OrderLines(OrderID, ProductID, Qty, UnitPrice) VALUES (1,21,2,1106);
UPDATE [Order] SET TotalAmount=10148 WHERE OrderID=1;
INSERT INTO Payment(OrderID, PaymentDate, Amount, PaymentMethod, TransactionRef) VALUES (1,'2025-07-16',10148,'Card','TXN400570');
INSERT INTO [Order](CustomerID, OrderDate, Status, TotalAmount) VALUES (1,'2025-10-14','Shipped',0);
INSERT INTO OrderLines(OrderID, ProductID, Qty, UnitPrice) VALUES (2,29,3,1186);
INSERT INTO OrderLines(OrderID, ProductID, Qty, UnitPrice) VALUES (2,5,3,1221);
INSERT INTO OrderLines(OrderID, ProductID, Qty, UnitPrice) VALUES (2,47,2,863);
INSERT INTO OrderLines(OrderID, ProductID, Qty, UnitPrice) VALUES (2,22,3,988);
UPDATE [Order] SET TotalAmount=11911 WHERE OrderID=2;
INSERT INTO Payment(OrderID, PaymentDate, Amount, PaymentMethod, TransactionRef) VALUES (2,'2025-10-17',11911,'Cash','TXN419796');
INSERT INTO [Order](CustomerID, OrderDate, Status, TotalAmount) VALUES (1,'2025-09-11','Processing',0);
INSERT INTO OrderLines(OrderID, ProductID, Qty, UnitPrice) VALUES (3,43,3,637);
INSERT INTO OrderLines(OrderID, ProductID, Qty, UnitPrice) VALUES (3,35,3,280);
INSERT INTO OrderLines(OrderID, ProductID, Qty, UnitPrice) VALUES (3,43,3,1180);
INSERT INTO OrderLines(OrderID, ProductID, Qty, UnitPrice) VALUES (3,29,3,826);
UPDATE [Order] SET TotalAmount=8769 WHERE OrderID=3;
INSERT INTO Payment(OrderID, PaymentDate, Amount, PaymentMethod, TransactionRef) VALUES (3,'2025-09-14',8769,'Card','TXN987622');
INSERT INTO [Order](CustomerID, OrderDate, Status, TotalAmount) VALUES (1,'2025-02-06','Processing',0);
INSERT INTO OrderLines(OrderID, ProductID, Qty, UnitPrice) VALUES (4,45,1,111);
INSERT INTO OrderLines(OrderID, ProductID, Qty, UnitPrice) VALUES (4,12,1,244);
INSERT INTO OrderLines(OrderID, ProductID, Qty, UnitPrice) VALUES (4,16,1,213);
INSERT INTO OrderLines(OrderID, ProductID, Qty, UnitPrice) VALUES (4,9,1,1408);
UPDATE [Order] SET TotalAmount=1976 WHERE OrderID=4;
INSERT INTO Payment(OrderID, PaymentDate, Amount, PaymentMethod, TransactionRef) VALUES (4,'2025-02-06',1976,'PayPal','TXN646709');
INSERT INTO [Order](CustomerID, OrderDate, Status, TotalAmount) VALUES (1,'2025-01-10','Delivered',0);
INSERT INTO OrderLines(OrderID, ProductID, Qty, UnitPrice) VALUES (5,43,2,1202);
INSERT INTO OrderLines(OrderID, ProductID, Qty, UnitPrice) VALUES (5,5,3,1217);
INSERT INTO OrderLines(OrderID, ProductID, Qty, UnitPrice) VALUES (5,49,3,955);
INSERT INTO OrderLines(OrderID, ProductID, Qty, UnitPrice) VALUES (5,18,2,729);
UPDATE [Order] SET TotalAmount=10378 WHERE OrderID=5;
INSERT INTO Payment(OrderID, PaymentDate, Amount, PaymentMethod, TransactionRef) VALUES (5,'2025-01-11',10378,'Cash','TXN287860');
INSERT INTO [Order](CustomerID, OrderDate, Status, TotalAmount) VALUES (1,'2025-02-28','Cancelled',0);
INSERT INTO OrderLines(OrderID, ProductID, Qty, UnitPrice) VALUES (6,21,2,891);
INSERT INTO OrderLines(OrderID, ProductID, Qty, UnitPrice) VALUES (6,10,3,1206);
INSERT INTO OrderLines(OrderID, ProductID, Qty, UnitPrice) VALUES (6,7,3,426);
INSERT INTO OrderLines(OrderID, ProductID, Qty, UnitPrice) VALUES (6,6,2,827);
UPDATE [Order] SET TotalAmount=8332 WHERE OrderID=6;
INSERT INTO Payment(OrderID, PaymentDate, Amount, PaymentMethod, TransactionRef) VALUES (6,'2025-03-02',8332,'PayPal','TXN998275');
INSERT INTO [Order](CustomerID, OrderDate, Status, TotalAmount) VALUES (1,'2025-05-26','Processing',0);
INSERT INTO OrderLines(OrderID, ProductID, Qty, UnitPrice) VALUES (7,44,1,668);
INSERT INTO OrderLines(OrderID, ProductID, Qty, UnitPrice) VALUES (7,17,2,215);
INSERT INTO OrderLines(OrderID, ProductID, Qty, UnitPrice) VALUES (7,16,1,836);
INSERT INTO OrderLines(OrderID, ProductID, Qty, UnitPrice) VALUES (7,34,3,933);
UPDATE [Order] SET TotalAmount=4733 WHERE OrderID=7;
INSERT INTO Payment(OrderID, PaymentDate, Amount, PaymentMethod, TransactionRef) VALUES (7,'2025-05-26',4733,'PayPal','TXN272098');
INSERT INTO [Order](CustomerID, OrderDate, Status, TotalAmount) VALUES (1,'2025-02-27','Shipped',0);
INSERT INTO OrderLines(OrderID, ProductID, Qty, UnitPrice) VALUES (8,30,2,978);
INSERT INTO OrderLines(OrderID, ProductID, Qty, UnitPrice) VALUES (8,39,2,885);
INSERT INTO OrderLines(OrderID, ProductID, Qty, UnitPrice) VALUES (8,41,3,1320);
INSERT INTO OrderLines(OrderID, ProductID, Qty, UnitPrice) VALUES (8,44,3,570);
UPDATE [Order] SET TotalAmount=9396 WHERE OrderID=8;
INSERT INTO Payment(OrderID, PaymentDate, Amount, PaymentMethod, TransactionRef) VALUES (8,'2025-03-04',9396,'Cash','TXN360420');
INSERT INTO [Order](CustomerID, OrderDate, Status, TotalAmount) VALUES (1,'2025-08-18','Shipped',0);
INSERT INTO OrderLines(OrderID, ProductID, Qty, UnitPrice) VALUES (9,3,3,652);
INSERT INTO OrderLines(OrderID, ProductID, Qty, UnitPrice) VALUES (9,8,2,1484);
INSERT INTO OrderLines(OrderID, ProductID, Qty, UnitPrice) VALUES (9,21,3,357);
INSERT INTO OrderLines(OrderID, ProductID, Qty, UnitPrice) VALUES (9,50,3,890);
UPDATE [Order] SET TotalAmount=8665 WHERE OrderID=9;
INSERT INTO Payment(OrderID, PaymentDate, Amount, PaymentMethod, TransactionRef) VALUES (9,'2025-08-23',8665,'PayPal','TXN972067');
INSERT INTO [Order](CustomerID, OrderDate, Status, TotalAmount) VALUES (1,'2025-10-01','Shipped',0);
INSERT INTO OrderLines(OrderID, ProductID, Qty, UnitPrice) VALUES (10,28,1,1095);
INSERT INTO OrderLines(OrderID, ProductID, Qty, UnitPrice) VALUES (10,26,3,208);
INSERT INTO OrderLines(OrderID, ProductID, Qty, UnitPrice) VALUES (10,18,2,782);
INSERT INTO OrderLines(OrderID, ProductID, Qty, UnitPrice) VALUES (10,3,2,328);
UPDATE [Order] SET TotalAmount=3939 WHERE OrderID=10;
INSERT INTO Payment(OrderID, PaymentDate, Amount, PaymentMethod, TransactionRef) VALUES (10,'2025-10-05',3939,'PayPal','TXN852519');
INSERT INTO [Order](CustomerID, OrderDate, Status, TotalAmount) VALUES (2,'2025-08-09','Processing',0);
INSERT INTO OrderLines(OrderID, ProductID, Qty, UnitPrice) VALUES (11,16,2,252);
INSERT INTO OrderLines(OrderID, ProductID, Qty, UnitPrice) VALUES (11,35,3,640);
INSERT INTO OrderLines(OrderID, ProductID, Qty, UnitPrice) VALUES (11,6,3,1246);
INSERT INTO OrderLines(OrderID, ProductID, Qty, UnitPrice) VALUES (11,48,2,1385);
UPDATE [Order] SET TotalAmount=8932 WHERE OrderID=11;
INSERT INTO Payment(OrderID, PaymentDate, Amount, PaymentMethod, TransactionRef) VALUES (11,'2025-08-13',8932,'Card','TXN368466');
INSERT INTO [Order](CustomerID, OrderDate, Status, TotalAmount) VALUES (2,'2025-11-09','Cancelled',0);
INSERT INTO OrderLines(OrderID, ProductID, Qty, UnitPrice) VALUES (12,19,2,340);
INSERT INTO OrderLines(OrderID, ProductID, Qty, UnitPrice) VALUES (12,33,1,1112);
INSERT INTO OrderLines(OrderID, ProductID, Qty, UnitPrice) VALUES (12,36,1,141);
INSERT INTO OrderLines(OrderID, ProductID, Qty, UnitPrice) VALUES (12,26,3,1071);
UPDATE [Order] SET TotalAmount=5146 WHERE OrderID=12;
INSERT INTO Payment(OrderID, PaymentDate, Amount, PaymentMethod, TransactionRef) VALUES (12,'2025-11-13',5146,'Card','TXN159822');
INSERT INTO [Order](CustomerID, OrderDate, Status, TotalAmount) VALUES (2,'2025-01-12','Cancelled',0);
INSERT INTO OrderLines(OrderID, ProductID, Qty, UnitPrice) VALUES (13,49,2,1193);
INSERT INTO OrderLines(OrderID, ProductID, Qty, UnitPrice) VALUES (13,24,2,107);
INSERT INTO OrderLines(OrderID, ProductID, Qty, UnitPrice) VALUES (13,3,3,803);
INSERT INTO OrderLines(OrderID, ProductID, Qty, UnitPrice) VALUES (13,39,3,559);
UPDATE [Order] SET TotalAmount=6686 WHERE OrderID=13;
INSERT INTO Payment(OrderID, PaymentDate, Amount, PaymentMethod, TransactionRef) VALUES (13,'2025-01-17',6686,'Cash','TXN574793');
INSERT INTO [Order](CustomerID, OrderDate, Status, TotalAmount) VALUES (2,'2025-08-25','Delivered',0);
INSERT INTO OrderLines(OrderID, ProductID, Qty, UnitPrice) VALUES (14,34,1,1125);
INSERT INTO OrderLines(OrderID, ProductID, Qty, UnitPrice) VALUES (14,49,2,221);
INSERT INTO OrderLines(OrderID, ProductID, Qty, UnitPrice) VALUES (14,22,3,1281);
INSERT INTO OrderLines(OrderID, ProductID, Qty, UnitPrice) VALUES (14,43,3,61);
UPDATE [Order] SET TotalAmount=5593 WHERE OrderID=14;
INSERT INTO Payment(OrderID, PaymentDate, Amount, PaymentMethod, TransactionRef) VALUES (14,'2025-08-28',5593,'Cash','TXN658269');
INSERT INTO [Order](CustomerID, OrderDate, Status, TotalAmount) VALUES (2,'2025-08-08','Shipped',0);
INSERT INTO OrderLines(OrderID, ProductID, Qty, UnitPrice) VALUES (15,38,1,236);
INSERT INTO OrderLines(OrderID, ProductID, Qty, UnitPrice) VALUES (15,41,2,849);
INSERT INTO OrderLines(OrderID, ProductID, Qty, UnitPrice) VALUES (15,35,1,383);
INSERT INTO OrderLines(OrderID, ProductID, Qty, UnitPrice) VALUES (15,48,3,1227);
UPDATE [Order] SET TotalAmount=5998 WHERE OrderID=15;
INSERT INTO Payment(OrderID, PaymentDate, Amount, PaymentMethod, TransactionRef) VALUES (15,'2025-08-10',5998,'Card','TXN644057');
INSERT INTO [Order](CustomerID, OrderDate, Status, TotalAmount) VALUES (2,'2025-03-03','Shipped',0);
INSERT INTO OrderLines(OrderID, ProductID, Qty, UnitPrice) VALUES (16,8,1,1264);
INSERT INTO OrderLines(OrderID, ProductID, Qty, UnitPrice) VALUES (16,34,1,818);
INSERT INTO OrderLines(OrderID, ProductID, Qty, UnitPrice) VALUES (16,24,2,161);
INSERT INTO OrderLines(OrderID, ProductID, Qty, UnitPrice) VALUES (16,33,2,952);
UPDATE [Order] SET TotalAmount=4308 WHERE OrderID=16;
INSERT INTO Payment(OrderID, PaymentDate, Amount, PaymentMethod, TransactionRef) VALUES (16,'2025-03-04',4308,'PayPal','TXN489184');
INSERT INTO [Order](CustomerID, OrderDate, Status, TotalAmount) VALUES (2,'2025-03-09','Shipped',0);
INSERT INTO OrderLines(OrderID, ProductID, Qty, UnitPrice) VALUES (17,34,1,73);
INSERT INTO OrderLines(OrderID, ProductID, Qty, UnitPrice) VALUES (17,26,3,243);
INSERT INTO OrderLines(OrderID, ProductID, Qty, UnitPrice) VALUES (17,11,3,813);
INSERT INTO OrderLines(OrderID, ProductID, Qty, UnitPrice) VALUES (17,26,2,897);
UPDATE [Order] SET TotalAmount=5035 WHERE OrderID=17;
INSERT INTO Payment(OrderID, PaymentDate, Amount, PaymentMethod, TransactionRef) VALUES (17,'2025-03-09',5035,'Cash','TXN753717');
INSERT INTO [Order](CustomerID, OrderDate, Status, TotalAmount) VALUES (2,'2025-06-29','Cancelled',0);
INSERT INTO OrderLines(OrderID, ProductID, Qty, UnitPrice) VALUES (18,15,1,1128);
INSERT INTO OrderLines(OrderID, ProductID, Qty, UnitPrice) VALUES (18,35,3,1476);
INSERT INTO OrderLines(OrderID, ProductID, Qty, UnitPrice) VALUES (18,25,3,555);
INSERT INTO OrderLines(OrderID, ProductID, Qty, UnitPrice) VALUES (18,10,2,1015);
UPDATE [Order] SET TotalAmount=9251 WHERE OrderID=18;
INSERT INTO Payment(OrderID, PaymentDate, Amount, PaymentMethod, TransactionRef) VALUES (18,'2025-07-04',9251,'PayPal','TXN559806');
INSERT INTO [Order](CustomerID, OrderDate, Status, TotalAmount) VALUES (2,'2025-10-28','Processing',0);
INSERT INTO OrderLines(OrderID, ProductID, Qty, UnitPrice) VALUES (19,37,3,172);
INSERT INTO OrderLines(OrderID, ProductID, Qty, UnitPrice) VALUES (19,4,1,528);
INSERT INTO OrderLines(OrderID, ProductID, Qty, UnitPrice) VALUES (19,21,3,1499);
INSERT INTO OrderLines(OrderID, ProductID, Qty, UnitPrice) VALUES (19,45,3,328);
UPDATE [Order] SET TotalAmount=6525 WHERE OrderID=19;
INSERT INTO Payment(OrderID, PaymentDate, Amount, PaymentMethod, TransactionRef) VALUES (19,'2025-11-01',6525,'Card','TXN161946');
INSERT INTO [Order](CustomerID, OrderDate, Status, TotalAmount) VALUES (2,'2025-09-06','Delivered',0);
INSERT INTO OrderLines(OrderID, ProductID, Qty, UnitPrice) VALUES (20,37,3,1169);
INSERT INTO OrderLines(OrderID, ProductID, Qty, UnitPrice) VALUES (20,20,1,54);
INSERT INTO OrderLines(OrderID, ProductID, Qty, UnitPrice) VALUES (20,22,2,48);
INSERT INTO OrderLines(OrderID, ProductID, Qty, UnitPrice) VALUES (20,6,2,506);
UPDATE [Order] SET TotalAmount=4669 WHERE OrderID=20;
INSERT INTO Payment(OrderID, PaymentDate, Amount, PaymentMethod, TransactionRef) VALUES (20,'2025-09-06',4669,'Cash','TXN333641');
INSERT INTO [Order](CustomerID, OrderDate, Status, TotalAmount) VALUES (3,'2025-07-13','Processing',0);
INSERT INTO OrderLines(OrderID, ProductID, Qty, UnitPrice) VALUES (21,41,3,713);
INSERT INTO OrderLines(OrderID, ProductID, Qty, UnitPrice) VALUES (21,9,2,46);
INSERT INTO OrderLines(OrderID, ProductID, Qty, UnitPrice) VALUES (21,18,3,432);
INSERT INTO OrderLines(OrderID, ProductID, Qty, UnitPrice) VALUES (21,21,3,1237);
UPDATE [Order] SET TotalAmount=7238 WHERE OrderID=21;
INSERT INTO Payment(OrderID, PaymentDate, Amount, PaymentMethod, TransactionRef) VALUES (21,'2025-07-14',7238,'PayPal','TXN101770');
INSERT INTO [Order](CustomerID, OrderDate, Status, TotalAmount) VALUES (3,'2025-11-17','Shipped',0);
INSERT INTO OrderLines(OrderID, ProductID, Qty, UnitPrice) VALUES (22,36,2,279);
INSERT INTO OrderLines(OrderID, ProductID, Qty, UnitPrice) VALUES (22,17,2,1314);
INSERT INTO OrderLines(OrderID, ProductID, Qty, UnitPrice) VALUES (22,37,2,416);
INSERT INTO OrderLines(OrderID, ProductID, Qty, UnitPrice) VALUES (22,36,1,738);
UPDATE [Order] SET TotalAmount=4756 WHERE OrderID=22;
INSERT INTO Payment(OrderID, PaymentDate, Amount, PaymentMethod, TransactionRef) VALUES (22,'2025-11-21',4756,'Cash','TXN471799');
INSERT INTO [Order](CustomerID, OrderDate, Status, TotalAmount) VALUES (3,'2025-01-19','Shipped',0);
INSERT INTO OrderLines(OrderID, ProductID, Qty, UnitPrice) VALUES (23,38,3,1323);
INSERT INTO OrderLines(OrderID, ProductID, Qty, UnitPrice) VALUES (23,5,1,1358);
INSERT INTO OrderLines(OrderID, ProductID, Qty, UnitPrice) VALUES (23,11,1,1256);
INSERT INTO OrderLines(OrderID, ProductID, Qty, UnitPrice) VALUES (23,14,3,506);
UPDATE [Order] SET TotalAmount=8101 WHERE OrderID=23;
INSERT INTO Payment(OrderID, PaymentDate, Amount, PaymentMethod, TransactionRef) VALUES (23,'2025-01-23',8101,'PayPal','TXN567706');
INSERT INTO [Order](CustomerID, OrderDate, Status, TotalAmount) VALUES (3,'2025-10-09','Processing',0);
INSERT INTO OrderLines(OrderID, ProductID, Qty, UnitPrice) VALUES (24,30,1,938);
INSERT INTO OrderLines(OrderID, ProductID, Qty, UnitPrice) VALUES (24,46,1,546);
INSERT INTO OrderLines(OrderID, ProductID, Qty, UnitPrice) VALUES (24,9,1,1096);
INSERT INTO OrderLines(OrderID, ProductID, Qty, UnitPrice) VALUES (24,37,3,1077);
UPDATE [Order] SET TotalAmount=5811 WHERE OrderID=24;
INSERT INTO Payment(OrderID, PaymentDate, Amount, PaymentMethod, TransactionRef) VALUES (24,'2025-10-12',5811,'Card','TXN918090');
INSERT INTO [Order](CustomerID, OrderDate, Status, TotalAmount) VALUES (3,'2025-03-19','Shipped',0);
INSERT INTO OrderLines(OrderID, ProductID, Qty, UnitPrice) VALUES (25,42,1,404);
INSERT INTO OrderLines(OrderID, ProductID, Qty, UnitPrice) VALUES (25,45,3,1231);
INSERT INTO OrderLines(OrderID, ProductID, Qty, UnitPrice) VALUES (25,32,2,546);
INSERT INTO OrderLines(OrderID, ProductID, Qty, UnitPrice) VALUES (25,2,2,903);
UPDATE [Order] SET TotalAmount=6995 WHERE OrderID=25;
INSERT INTO Payment(OrderID, PaymentDate, Amount, PaymentMethod, TransactionRef) VALUES (25,'2025-03-19',6995,'Cash','TXN387641');
INSERT INTO [Order](CustomerID, OrderDate, Status, TotalAmount) VALUES (3,'2025-12-22','Shipped',0);
INSERT INTO OrderLines(OrderID, ProductID, Qty, UnitPrice) VALUES (26,48,2,1225);
INSERT INTO OrderLines(OrderID, ProductID, Qty, UnitPrice) VALUES (26,50,2,1326);
INSERT INTO OrderLines(OrderID, ProductID, Qty, UnitPrice) VALUES (26,17,3,302);
INSERT INTO OrderLines(OrderID, ProductID, Qty, UnitPrice) VALUES (26,14,3,606);
UPDATE [Order] SET TotalAmount=7826 WHERE OrderID=26;
INSERT INTO Payment(OrderID, PaymentDate, Amount, PaymentMethod, TransactionRef) VALUES (26,'2025-12-25',7826,'Card','TXN187269');
INSERT INTO [Order](CustomerID, OrderDate, Status, TotalAmount) VALUES (3,'2025-07-24','Shipped',0);
INSERT INTO OrderLines(OrderID, ProductID, Qty, UnitPrice) VALUES (27,15,3,185);
INSERT INTO OrderLines(OrderID, ProductID, Qty, UnitPrice) VALUES (27,46,1,973);
INSERT INTO OrderLines(OrderID, ProductID, Qty, UnitPrice) VALUES (27,13,3,484);
INSERT INTO OrderLines(OrderID, ProductID, Qty, UnitPrice) VALUES (27,32,3,1147);
UPDATE [Order] SET TotalAmount=6421 WHERE OrderID=27;
INSERT INTO Payment(OrderID, PaymentDate, Amount, PaymentMethod, TransactionRef) VALUES (27,'2025-07-29',6421,'Cash','TXN702682');
INSERT INTO [Order](CustomerID, OrderDate, Status, TotalAmount) VALUES (3,'2025-03-28','Processing',0);
INSERT INTO OrderLines(OrderID, ProductID, Qty, UnitPrice) VALUES (28,22,1,1499);
INSERT INTO OrderLines(OrderID, ProductID, Qty, UnitPrice) VALUES (28,2,2,982);
INSERT INTO OrderLines(OrderID, ProductID, Qty, UnitPrice) VALUES (28,15,1,64);
INSERT INTO OrderLines(OrderID, ProductID, Qty, UnitPrice) VALUES (28,39,1,1121);
UPDATE [Order] SET TotalAmount=4648 WHERE OrderID=28;
INSERT INTO Payment(OrderID, PaymentDate, Amount, PaymentMethod, TransactionRef) VALUES (28,'2025-03-29',4648,'Cash','TXN351435');
INSERT INTO [Order](CustomerID, OrderDate, Status, TotalAmount) VALUES (3,'2025-08-10','Shipped',0);
INSERT INTO OrderLines(OrderID, ProductID, Qty, UnitPrice) VALUES (29,25,1,859);
INSERT INTO OrderLines(OrderID, ProductID, Qty, UnitPrice) VALUES (29,18,3,353);
INSERT INTO OrderLines(OrderID, ProductID, Qty, UnitPrice) VALUES (29,16,2,569);
INSERT INTO OrderLines(OrderID, ProductID, Qty, UnitPrice) VALUES (29,29,3,1131);
UPDATE [Order] SET TotalAmount=6449 WHERE OrderID=29;
INSERT INTO Payment(OrderID, PaymentDate, Amount, PaymentMethod, TransactionRef) VALUES (29,'2025-08-15',6449,'Cash','TXN441273');
INSERT INTO [Order](CustomerID, OrderDate, Status, TotalAmount) VALUES (3,'2025-11-18','Shipped',0);
INSERT INTO OrderLines(OrderID, ProductID, Qty, UnitPrice) VALUES (30,22,1,932);
INSERT INTO OrderLines(OrderID, ProductID, Qty, UnitPrice) VALUES (30,41,1,623);
INSERT INTO OrderLines(OrderID, ProductID, Qty, UnitPrice) VALUES (30,15,3,794);
INSERT INTO OrderLines(OrderID, ProductID, Qty, UnitPrice) VALUES (30,47,1,1188);
UPDATE [Order] SET TotalAmount=5125 WHERE OrderID=30;
INSERT INTO Payment(OrderID, PaymentDate, Amount, PaymentMethod, TransactionRef) VALUES (30,'2025-11-19',5125,'Cash','TXN427234');
INSERT INTO [Order](CustomerID, OrderDate, Status, TotalAmount) VALUES (4,'2025-08-15','Delivered',0);
INSERT INTO OrderLines(OrderID, ProductID, Qty, UnitPrice) VALUES (31,18,2,850);
INSERT INTO OrderLines(OrderID, ProductID, Qty, UnitPrice) VALUES (31,36,1,818);
INSERT INTO OrderLines(OrderID, ProductID, Qty, UnitPrice) VALUES (31,4,2,378);
INSERT INTO OrderLines(OrderID, ProductID, Qty, UnitPrice) VALUES (31,27,2,915);
UPDATE [Order] SET TotalAmount=5104 WHERE OrderID=31;
INSERT INTO Payment(OrderID, PaymentDate, Amount, PaymentMethod, TransactionRef) VALUES (31,'2025-08-20',5104,'Card','TXN621675');
INSERT INTO [Order](CustomerID, OrderDate, Status, TotalAmount) VALUES (4,'2025-10-24','Delivered',0);
INSERT INTO OrderLines(OrderID, ProductID, Qty, UnitPrice) VALUES (32,30,2,725);
INSERT INTO OrderLines(OrderID, ProductID, Qty, UnitPrice) VALUES (32,10,3,77);
INSERT INTO OrderLines(OrderID, ProductID, Qty, UnitPrice) VALUES (32,28,1,1072);
INSERT INTO OrderLines(OrderID, ProductID, Qty, UnitPrice) VALUES (32,36,1,832);
UPDATE [Order] SET TotalAmount=3585 WHERE OrderID=32;
INSERT INTO Payment(OrderID, PaymentDate, Amount, PaymentMethod, TransactionRef) VALUES (32,'2025-10-26',3585,'Cash','TXN825794');
INSERT INTO [Order](CustomerID, OrderDate, Status, TotalAmount) VALUES (4,'2025-10-29','Cancelled',0);
INSERT INTO OrderLines(OrderID, ProductID, Qty, UnitPrice) VALUES (33,19,3,807);
INSERT INTO OrderLines(OrderID, ProductID, Qty, UnitPrice) VALUES (33,12,3,1169);
INSERT INTO OrderLines(OrderID, ProductID, Qty, UnitPrice) VALUES (33,3,1,1157);
INSERT INTO OrderLines(OrderID, ProductID, Qty, UnitPrice) VALUES (33,43,2,1378);
UPDATE [Order] SET TotalAmount=9841 WHERE OrderID=33;
INSERT INTO Payment(OrderID, PaymentDate, Amount, PaymentMethod, TransactionRef) VALUES (33,'2025-10-29',9841,'Card','TXN864216');
INSERT INTO [Order](CustomerID, OrderDate, Status, TotalAmount) VALUES (4,'2025-08-20','Cancelled',0);
INSERT INTO OrderLines(OrderID, ProductID, Qty, UnitPrice) VALUES (34,48,3,264);
INSERT INTO OrderLines(OrderID, ProductID, Qty, UnitPrice) VALUES (34,29,2,1475);
INSERT INTO OrderLines(OrderID, ProductID, Qty, UnitPrice) VALUES (34,33,1,414);
INSERT INTO OrderLines(OrderID, ProductID, Qty, UnitPrice) VALUES (34,26,1,1452);
UPDATE [Order] SET TotalAmount=5608 WHERE OrderID=34;
INSERT INTO Payment(OrderID, PaymentDate, Amount, PaymentMethod, TransactionRef) VALUES (34,'2025-08-24',5608,'PayPal','TXN757612');
INSERT INTO [Order](CustomerID, OrderDate, Status, TotalAmount) VALUES (4,'2025-10-11','Delivered',0);
INSERT INTO OrderLines(OrderID, ProductID, Qty, UnitPrice) VALUES (35,1,3,815);
INSERT INTO OrderLines(OrderID, ProductID, Qty, UnitPrice) VALUES (35,5,2,1311);
INSERT INTO OrderLines(OrderID, ProductID, Qty, UnitPrice) VALUES (35,37,3,1195);
INSERT INTO OrderLines(OrderID, ProductID, Qty, UnitPrice) VALUES (35,43,2,319);
UPDATE [Order] SET TotalAmount=9290 WHERE OrderID=35;
INSERT INTO Payment(OrderID, PaymentDate, Amount, PaymentMethod, TransactionRef) VALUES (35,'2025-10-12',9290,'Card','TXN153668');
INSERT INTO [Order](CustomerID, OrderDate, Status, TotalAmount) VALUES (4,'2025-09-03','Cancelled',0);
INSERT INTO OrderLines(OrderID, ProductID, Qty, UnitPrice) VALUES (36,29,1,1254);
INSERT INTO OrderLines(OrderID, ProductID, Qty, UnitPrice) VALUES (36,27,2,1060);
INSERT INTO OrderLines(OrderID, ProductID, Qty, UnitPrice) VALUES (36,49,2,250);
INSERT INTO OrderLines(OrderID, ProductID, Qty, UnitPrice) VALUES (36,32,2,406);
UPDATE [Order] SET TotalAmount=4686 WHERE OrderID=36;
INSERT INTO Payment(OrderID, PaymentDate, Amount, PaymentMethod, TransactionRef) VALUES (36,'2025-09-04',4686,'Cash','TXN852320');
INSERT INTO [Order](CustomerID, OrderDate, Status, TotalAmount) VALUES (4,'2025-06-01','Delivered',0);
INSERT INTO OrderLines(OrderID, ProductID, Qty, UnitPrice) VALUES (37,36,3,968);
INSERT INTO OrderLines(OrderID, ProductID, Qty, UnitPrice) VALUES (37,39,1,1019);
INSERT INTO OrderLines(OrderID, ProductID, Qty, UnitPrice) VALUES (37,17,2,23);
INSERT INTO OrderLines(OrderID, ProductID, Qty, UnitPrice) VALUES (37,32,2,756);
UPDATE [Order] SET TotalAmount=5481 WHERE OrderID=37;
INSERT INTO Payment(OrderID, PaymentDate, Amount, PaymentMethod, TransactionRef) VALUES (37,'2025-06-02',5481,'PayPal','TXN469182');
INSERT INTO [Order](CustomerID, OrderDate, Status, TotalAmount) VALUES (4,'2025-10-21','Shipped',0);
INSERT INTO OrderLines(OrderID, ProductID, Qty, UnitPrice) VALUES (38,4,2,1376);
INSERT INTO OrderLines(OrderID, ProductID, Qty, UnitPrice) VALUES (38,10,2,1313);
INSERT INTO OrderLines(OrderID, ProductID, Qty, UnitPrice) VALUES (38,47,3,204);
INSERT INTO OrderLines(OrderID, ProductID, Qty, UnitPrice) VALUES (38,47,1,39);
UPDATE [Order] SET TotalAmount=6029 WHERE OrderID=38;
INSERT INTO Payment(OrderID, PaymentDate, Amount, PaymentMethod, TransactionRef) VALUES (38,'2025-10-25',6029,'Card','TXN471111');
INSERT INTO [Order](CustomerID, OrderDate, Status, TotalAmount) VALUES (4,'2025-06-05','Processing',0);
INSERT INTO OrderLines(OrderID, ProductID, Qty, UnitPrice) VALUES (39,12,1,1386);
INSERT INTO OrderLines(OrderID, ProductID, Qty, UnitPrice) VALUES (39,45,3,1258);
INSERT INTO OrderLines(OrderID, ProductID, Qty, UnitPrice) VALUES (39,16,3,130);
INSERT INTO OrderLines(OrderID, ProductID, Qty, UnitPrice) VALUES (39,17,2,89);
UPDATE [Order] SET TotalAmount=5728 WHERE OrderID=39;
INSERT INTO Payment(OrderID, PaymentDate, Amount, PaymentMethod, TransactionRef) VALUES (39,'2025-06-07',5728,'Card','TXN490452');
INSERT INTO [Order](CustomerID, OrderDate, Status, TotalAmount) VALUES (4,'2025-04-30','Processing',0);
INSERT INTO OrderLines(OrderID, ProductID, Qty, UnitPrice) VALUES (40,40,1,141);
INSERT INTO OrderLines(OrderID, ProductID, Qty, UnitPrice) VALUES (40,31,1,425);
INSERT INTO OrderLines(OrderID, ProductID, Qty, UnitPrice) VALUES (40,13,1,1273);
INSERT INTO OrderLines(OrderID, ProductID, Qty, UnitPrice) VALUES (40,38,2,212);
UPDATE [Order] SET TotalAmount=2263 WHERE OrderID=40;
INSERT INTO Payment(OrderID, PaymentDate, Amount, PaymentMethod, TransactionRef) VALUES (40,'2025-05-02',2263,'Card','TXN855051');
INSERT INTO [Order](CustomerID, OrderDate, Status, TotalAmount) VALUES (5,'2025-01-12','Processing',0);
INSERT INTO OrderLines(OrderID, ProductID, Qty, UnitPrice) VALUES (41,20,2,168);
INSERT INTO OrderLines(OrderID, ProductID, Qty, UnitPrice) VALUES (41,49,1,529);
INSERT INTO OrderLines(OrderID, ProductID, Qty, UnitPrice) VALUES (41,11,2,682);
INSERT INTO OrderLines(OrderID, ProductID, Qty, UnitPrice) VALUES (41,22,1,1043);
UPDATE [Order] SET TotalAmount=3272 WHERE OrderID=41;
INSERT INTO Payment(OrderID, PaymentDate, Amount, PaymentMethod, TransactionRef) VALUES (41,'2025-01-12',3272,'Card','TXN179413');
INSERT INTO [Order](CustomerID, OrderDate, Status, TotalAmount) VALUES (5,'2025-07-12','Processing',0);
INSERT INTO OrderLines(OrderID, ProductID, Qty, UnitPrice) VALUES (42,22,2,923);
INSERT INTO OrderLines(OrderID, ProductID, Qty, UnitPrice) VALUES (42,32,1,94);
INSERT INTO OrderLines(OrderID, ProductID, Qty, UnitPrice) VALUES (42,35,2,1476);
INSERT INTO OrderLines(OrderID, ProductID, Qty, UnitPrice) VALUES (42,19,2,1267);
UPDATE [Order] SET TotalAmount=7426 WHERE OrderID=42;
INSERT INTO Payment(OrderID, PaymentDate, Amount, PaymentMethod, TransactionRef) VALUES (42,'2025-07-17',7426,'PayPal','TXN548277');
INSERT INTO [Order](CustomerID, OrderDate, Status, TotalAmount) VALUES (5,'2025-02-14','Cancelled',0);
INSERT INTO OrderLines(OrderID, ProductID, Qty, UnitPrice) VALUES (43,11,1,203);
INSERT INTO OrderLines(OrderID, ProductID, Qty, UnitPrice) VALUES (43,43,2,958);
INSERT INTO OrderLines(OrderID, ProductID, Qty, UnitPrice) VALUES (43,24,3,1028);
INSERT INTO OrderLines(OrderID, ProductID, Qty, UnitPrice) VALUES (43,16,1,57);
UPDATE [Order] SET TotalAmount=5260 WHERE OrderID=43;
INSERT INTO Payment(OrderID, PaymentDate, Amount, PaymentMethod, TransactionRef) VALUES (43,'2025-02-14',5260,'PayPal','TXN524723');
INSERT INTO [Order](CustomerID, OrderDate, Status, TotalAmount) VALUES (5,'2025-11-29','Shipped',0);
INSERT INTO OrderLines(OrderID, ProductID, Qty, UnitPrice) VALUES (44,22,3,1370);
INSERT INTO OrderLines(OrderID, ProductID, Qty, UnitPrice) VALUES (44,47,1,995);
INSERT INTO OrderLines(OrderID, ProductID, Qty, UnitPrice) VALUES (44,31,3,334);
INSERT INTO OrderLines(OrderID, ProductID, Qty, UnitPrice) VALUES (44,38,2,530);
UPDATE [Order] SET TotalAmount=7167 WHERE OrderID=44;
INSERT INTO Payment(OrderID, PaymentDate, Amount, PaymentMethod, TransactionRef) VALUES (44,'2025-12-01',7167,'Cash','TXN362654');
INSERT INTO [Order](CustomerID, OrderDate, Status, TotalAmount) VALUES (5,'2025-06-29','Delivered',0);
INSERT INTO OrderLines(OrderID, ProductID, Qty, UnitPrice) VALUES (45,10,1,1460);
INSERT INTO OrderLines(OrderID, ProductID, Qty, UnitPrice) VALUES (45,6,1,1057);
INSERT INTO OrderLines(OrderID, ProductID, Qty, UnitPrice) VALUES (45,46,2,1477);
INSERT INTO OrderLines(OrderID, ProductID, Qty, UnitPrice) VALUES (45,32,3,1430);
UPDATE [Order] SET TotalAmount=9761 WHERE OrderID=45;
INSERT INTO Payment(OrderID, PaymentDate, Amount, PaymentMethod, TransactionRef) VALUES (45,'2025-06-30',9761,'Card','TXN692033');
INSERT INTO [Order](CustomerID, OrderDate, Status, TotalAmount) VALUES (5,'2025-08-01','Processing',0);
INSERT INTO OrderLines(OrderID, ProductID, Qty, UnitPrice) VALUES (46,23,1,1339);
INSERT INTO OrderLines(OrderID, ProductID, Qty, UnitPrice) VALUES (46,34,3,608);
INSERT INTO OrderLines(OrderID, ProductID, Qty, UnitPrice) VALUES (46,26,1,564);
INSERT INTO OrderLines(OrderID, ProductID, Qty, UnitPrice) VALUES (46,13,1,60);
UPDATE [Order] SET TotalAmount=3787 WHERE OrderID=46;
INSERT INTO Payment(OrderID, PaymentDate, Amount, PaymentMethod, TransactionRef) VALUES (46,'2025-08-05',3787,'PayPal','TXN151225');
INSERT INTO [Order](CustomerID, OrderDate, Status, TotalAmount) VALUES (5,'2025-06-11','Processing',0);
INSERT INTO OrderLines(OrderID, ProductID, Qty, UnitPrice) VALUES (47,12,1,1040);
INSERT INTO OrderLines(OrderID, ProductID, Qty, UnitPrice) VALUES (47,49,2,1128);
INSERT INTO OrderLines(OrderID, ProductID, Qty, UnitPrice) VALUES (47,46,1,414);
INSERT INTO OrderLines(OrderID, ProductID, Qty, UnitPrice) VALUES (47,45,2,712);
UPDATE [Order] SET TotalAmount=5134 WHERE OrderID=47;
INSERT INTO Payment(OrderID, PaymentDate, Amount, PaymentMethod, TransactionRef) VALUES (47,'2025-06-12',5134,'Card','TXN394376');
INSERT INTO [Order](CustomerID, OrderDate, Status, TotalAmount) VALUES (5,'2025-10-21','Delivered',0);
INSERT INTO OrderLines(OrderID, ProductID, Qty, UnitPrice) VALUES (48,15,2,132);
INSERT INTO OrderLines(OrderID, ProductID, Qty, UnitPrice) VALUES (48,16,2,81);
INSERT INTO OrderLines(OrderID, ProductID, Qty, UnitPrice) VALUES (48,45,1,199);
INSERT INTO OrderLines(OrderID, ProductID, Qty, UnitPrice) VALUES (48,48,2,294);
UPDATE [Order] SET TotalAmount=1213 WHERE OrderID=48;
INSERT INTO Payment(OrderID, PaymentDate, Amount, PaymentMethod, TransactionRef) VALUES (48,'2025-10-22',1213,'Cash','TXN467174');
INSERT INTO [Order](CustomerID, OrderDate, Status, TotalAmount) VALUES (5,'2025-04-22','Shipped',0);
INSERT INTO OrderLines(OrderID, ProductID, Qty, UnitPrice) VALUES (49,6,2,1245);
INSERT INTO OrderLines(OrderID, ProductID, Qty, UnitPrice) VALUES (49,11,3,925);
INSERT INTO OrderLines(OrderID, ProductID, Qty, UnitPrice) VALUES (49,43,1,587);
INSERT INTO OrderLines(OrderID, ProductID, Qty, UnitPrice) VALUES (49,20,2,742);
UPDATE [Order] SET TotalAmount=7336 WHERE OrderID=49;
INSERT INTO Payment(OrderID, PaymentDate, Amount, PaymentMethod, TransactionRef) VALUES (49,'2025-04-26',7336,'Cash','TXN819965');
INSERT INTO [Order](CustomerID, OrderDate, Status, TotalAmount) VALUES (5,'2025-06-07','Shipped',0);
INSERT INTO OrderLines(OrderID, ProductID, Qty, UnitPrice) VALUES (50,22,3,1266);
INSERT INTO OrderLines(OrderID, ProductID, Qty, UnitPrice) VALUES (50,18,3,1003);
INSERT INTO OrderLines(OrderID, ProductID, Qty, UnitPrice) VALUES (50,13,3,1084);
INSERT INTO OrderLines(OrderID, ProductID, Qty, UnitPrice) VALUES (50,47,3,110);
UPDATE [Order] SET TotalAmount=10389 WHERE OrderID=50;
INSERT INTO Payment(OrderID, PaymentDate, Amount, PaymentMethod, TransactionRef) VALUES (50,'2025-06-12',10389,'PayPal','TXN965877');
INSERT INTO [Order](CustomerID, OrderDate, Status, TotalAmount) VALUES (6,'2025-07-14','Cancelled',0);
INSERT INTO OrderLines(OrderID, ProductID, Qty, UnitPrice) VALUES (51,18,2,887);
INSERT INTO OrderLines(OrderID, ProductID, Qty, UnitPrice) VALUES (51,21,2,742);
INSERT INTO OrderLines(OrderID, ProductID, Qty, UnitPrice) VALUES (51,50,1,374);
INSERT INTO OrderLines(OrderID, ProductID, Qty, UnitPrice) VALUES (51,41,2,1499);
UPDATE [Order] SET TotalAmount=6630 WHERE OrderID=51;
INSERT INTO Payment(OrderID, PaymentDate, Amount, PaymentMethod, TransactionRef) VALUES (51,'2025-07-18',6630,'Cash','TXN659183');
INSERT INTO [Order](CustomerID, OrderDate, Status, TotalAmount) VALUES (6,'2025-03-19','Cancelled',0);
INSERT INTO OrderLines(OrderID, ProductID, Qty, UnitPrice) VALUES (52,41,2,492);
INSERT INTO OrderLines(OrderID, ProductID, Qty, UnitPrice) VALUES (52,5,1,1142);
INSERT INTO OrderLines(OrderID, ProductID, Qty, UnitPrice) VALUES (52,12,2,714);
INSERT INTO OrderLines(OrderID, ProductID, Qty, UnitPrice) VALUES (52,41,2,971);
UPDATE [Order] SET TotalAmount=5496 WHERE OrderID=52;
INSERT INTO Payment(OrderID, PaymentDate, Amount, PaymentMethod, TransactionRef) VALUES (52,'2025-03-23',5496,'Cash','TXN929832');
INSERT INTO [Order](CustomerID, OrderDate, Status, TotalAmount) VALUES (6,'2025-03-13','Shipped',0);
INSERT INTO OrderLines(OrderID, ProductID, Qty, UnitPrice) VALUES (53,24,3,1393);
INSERT INTO OrderLines(OrderID, ProductID, Qty, UnitPrice) VALUES (53,4,3,775);
INSERT INTO OrderLines(OrderID, ProductID, Qty, UnitPrice) VALUES (53,21,3,873);
INSERT INTO OrderLines(OrderID, ProductID, Qty, UnitPrice) VALUES (53,3,3,1042);
UPDATE [Order] SET TotalAmount=12249 WHERE OrderID=53;
INSERT INTO Payment(OrderID, PaymentDate, Amount, PaymentMethod, TransactionRef) VALUES (53,'2025-03-14',12249,'Card','TXN780196');
INSERT INTO [Order](CustomerID, OrderDate, Status, TotalAmount) VALUES (6,'2025-01-04','Cancelled',0);
INSERT INTO OrderLines(OrderID, ProductID, Qty, UnitPrice) VALUES (54,29,1,721);
INSERT INTO OrderLines(OrderID, ProductID, Qty, UnitPrice) VALUES (54,13,3,641);
INSERT INTO OrderLines(OrderID, ProductID, Qty, UnitPrice) VALUES (54,15,3,738);
INSERT INTO OrderLines(OrderID, ProductID, Qty, UnitPrice) VALUES (54,30,1,252);
UPDATE [Order] SET TotalAmount=5110 WHERE OrderID=54;
INSERT INTO Payment(OrderID, PaymentDate, Amount, PaymentMethod, TransactionRef) VALUES (54,'2025-01-06',5110,'Card','TXN608447');
INSERT INTO [Order](CustomerID, OrderDate, Status, TotalAmount) VALUES (6,'2025-12-15','Processing',0);
INSERT INTO OrderLines(OrderID, ProductID, Qty, UnitPrice) VALUES (55,30,1,421);
INSERT INTO OrderLines(OrderID, ProductID, Qty, UnitPrice) VALUES (55,44,1,736);
INSERT INTO OrderLines(OrderID, ProductID, Qty, UnitPrice) VALUES (55,17,1,1467);
INSERT INTO OrderLines(OrderID, ProductID, Qty, UnitPrice) VALUES (55,34,1,799);
UPDATE [Order] SET TotalAmount=3423 WHERE OrderID=55;
INSERT INTO Payment(OrderID, PaymentDate, Amount, PaymentMethod, TransactionRef) VALUES (55,'2025-12-19',3423,'Card','TXN557650');
INSERT INTO [Order](CustomerID, OrderDate, Status, TotalAmount) VALUES (6,'2025-05-27','Shipped',0);
INSERT INTO OrderLines(OrderID, ProductID, Qty, UnitPrice) VALUES (56,25,3,1346);
INSERT INTO OrderLines(OrderID, ProductID, Qty, UnitPrice) VALUES (56,44,1,178);
INSERT INTO OrderLines(OrderID, ProductID, Qty, UnitPrice) VALUES (56,30,2,1180);
INSERT INTO OrderLines(OrderID, ProductID, Qty, UnitPrice) VALUES (56,32,3,526);
UPDATE [Order] SET TotalAmount=8154 WHERE OrderID=56;
INSERT INTO Payment(OrderID, PaymentDate, Amount, PaymentMethod, TransactionRef) VALUES (56,'2025-06-01',8154,'PayPal','TXN992719');
INSERT INTO [Order](CustomerID, OrderDate, Status, TotalAmount) VALUES (6,'2025-09-25','Cancelled',0);
INSERT INTO OrderLines(OrderID, ProductID, Qty, UnitPrice) VALUES (57,35,1,823);
INSERT INTO OrderLines(OrderID, ProductID, Qty, UnitPrice) VALUES (57,22,3,531);
INSERT INTO OrderLines(OrderID, ProductID, Qty, UnitPrice) VALUES (57,39,2,457);
INSERT INTO OrderLines(OrderID, ProductID, Qty, UnitPrice) VALUES (57,19,3,293);
UPDATE [Order] SET TotalAmount=4209 WHERE OrderID=57;
INSERT INTO Payment(OrderID, PaymentDate, Amount, PaymentMethod, TransactionRef) VALUES (57,'2025-09-29',4209,'Card','TXN288522');
INSERT INTO [Order](CustomerID, OrderDate, Status, TotalAmount) VALUES (6,'2025-06-17','Shipped',0);
INSERT INTO OrderLines(OrderID, ProductID, Qty, UnitPrice) VALUES (58,32,1,868);
INSERT INTO OrderLines(OrderID, ProductID, Qty, UnitPrice) VALUES (58,27,2,707);
INSERT INTO OrderLines(OrderID, ProductID, Qty, UnitPrice) VALUES (58,47,1,1321);
INSERT INTO OrderLines(OrderID, ProductID, Qty, UnitPrice) VALUES (58,5,1,26);
UPDATE [Order] SET TotalAmount=3629 WHERE OrderID=58;
INSERT INTO Payment(OrderID, PaymentDate, Amount, PaymentMethod, TransactionRef) VALUES (58,'2025-06-22',3629,'Cash','TXN155717');
INSERT INTO [Order](CustomerID, OrderDate, Status, TotalAmount) VALUES (6,'2025-03-28','Cancelled',0);
INSERT INTO OrderLines(OrderID, ProductID, Qty, UnitPrice) VALUES (59,29,2,1458);
INSERT INTO OrderLines(OrderID, ProductID, Qty, UnitPrice) VALUES (59,43,2,622);
INSERT INTO OrderLines(OrderID, ProductID, Qty, UnitPrice) VALUES (59,1,3,350);
INSERT INTO OrderLines(OrderID, ProductID, Qty, UnitPrice) VALUES (59,21,3,1210);
UPDATE [Order] SET TotalAmount=8840 WHERE OrderID=59;
INSERT INTO Payment(OrderID, PaymentDate, Amount, PaymentMethod, TransactionRef) VALUES (59,'2025-03-28',8840,'Cash','TXN655454');
INSERT INTO [Order](CustomerID, OrderDate, Status, TotalAmount) VALUES (6,'2025-07-10','Shipped',0);
INSERT INTO OrderLines(OrderID, ProductID, Qty, UnitPrice) VALUES (60,40,3,146);
INSERT INTO OrderLines(OrderID, ProductID, Qty, UnitPrice) VALUES (60,31,1,684);
INSERT INTO OrderLines(OrderID, ProductID, Qty, UnitPrice) VALUES (60,38,1,1415);
INSERT INTO OrderLines(OrderID, ProductID, Qty, UnitPrice) VALUES (60,18,1,759);
UPDATE [Order] SET TotalAmount=3296 WHERE OrderID=60;
INSERT INTO Payment(OrderID, PaymentDate, Amount, PaymentMethod, TransactionRef) VALUES (60,'2025-07-13',3296,'PayPal','TXN632111');
INSERT INTO [Order](CustomerID, OrderDate, Status, TotalAmount) VALUES (7,'2025-08-04','Shipped',0);
INSERT INTO OrderLines(OrderID, ProductID, Qty, UnitPrice) VALUES (61,47,3,599);
INSERT INTO OrderLines(OrderID, ProductID, Qty, UnitPrice) VALUES (61,24,3,900);
INSERT INTO OrderLines(OrderID, ProductID, Qty, UnitPrice) VALUES (61,15,2,345);
INSERT INTO OrderLines(OrderID, ProductID, Qty, UnitPrice) VALUES (61,39,1,1388);
UPDATE [Order] SET TotalAmount=6575 WHERE OrderID=61;
INSERT INTO Payment(OrderID, PaymentDate, Amount, PaymentMethod, TransactionRef) VALUES (61,'2025-08-04',6575,'PayPal','TXN635850');
INSERT INTO [Order](CustomerID, OrderDate, Status, TotalAmount) VALUES (7,'2025-03-27','Processing',0);
INSERT INTO OrderLines(OrderID, ProductID, Qty, UnitPrice) VALUES (62,21,1,1414);
INSERT INTO OrderLines(OrderID, ProductID, Qty, UnitPrice) VALUES (62,32,2,397);
INSERT INTO OrderLines(OrderID, ProductID, Qty, UnitPrice) VALUES (62,18,2,1295);
INSERT INTO OrderLines(OrderID, ProductID, Qty, UnitPrice) VALUES (62,8,3,414);
UPDATE [Order] SET TotalAmount=6040 WHERE OrderID=62;
INSERT INTO Payment(OrderID, PaymentDate, Amount, PaymentMethod, TransactionRef) VALUES (62,'2025-03-28',6040,'Cash','TXN748532');
INSERT INTO [Order](CustomerID, OrderDate, Status, TotalAmount) VALUES (7,'2025-02-23','Processing',0);
INSERT INTO OrderLines(OrderID, ProductID, Qty, UnitPrice) VALUES (63,4,3,1125);
INSERT INTO OrderLines(OrderID, ProductID, Qty, UnitPrice) VALUES (63,5,2,410);
INSERT INTO OrderLines(OrderID, ProductID, Qty, UnitPrice) VALUES (63,50,2,327);
INSERT INTO OrderLines(OrderID, ProductID, Qty, UnitPrice) VALUES (63,37,2,232);
UPDATE [Order] SET TotalAmount=5313 WHERE OrderID=63;
INSERT INTO Payment(OrderID, PaymentDate, Amount, PaymentMethod, TransactionRef) VALUES (63,'2025-02-28',5313,'Card','TXN394052');
INSERT INTO [Order](CustomerID, OrderDate, Status, TotalAmount) VALUES (7,'2025-06-24','Shipped',0);
INSERT INTO OrderLines(OrderID, ProductID, Qty, UnitPrice) VALUES (64,17,2,585);
INSERT INTO OrderLines(OrderID, ProductID, Qty, UnitPrice) VALUES (64,3,1,644);
INSERT INTO OrderLines(OrderID, ProductID, Qty, UnitPrice) VALUES (64,27,3,302);
INSERT INTO OrderLines(OrderID, ProductID, Qty, UnitPrice) VALUES (64,43,2,177);
UPDATE [Order] SET TotalAmount=3074 WHERE OrderID=64;
INSERT INTO Payment(OrderID, PaymentDate, Amount, PaymentMethod, TransactionRef) VALUES (64,'2025-06-29',3074,'Card','TXN944874');
INSERT INTO [Order](CustomerID, OrderDate, Status, TotalAmount) VALUES (7,'2025-06-18','Delivered',0);
INSERT INTO OrderLines(OrderID, ProductID, Qty, UnitPrice) VALUES (65,4,2,1098);
INSERT INTO OrderLines(OrderID, ProductID, Qty, UnitPrice) VALUES (65,50,3,799);
INSERT INTO OrderLines(OrderID, ProductID, Qty, UnitPrice) VALUES (65,43,1,1029);
INSERT INTO OrderLines(OrderID, ProductID, Qty, UnitPrice) VALUES (65,30,3,132);
UPDATE [Order] SET TotalAmount=6018 WHERE OrderID=65;
INSERT INTO Payment(OrderID, PaymentDate, Amount, PaymentMethod, TransactionRef) VALUES (65,'2025-06-23',6018,'Card','TXN765618');
INSERT INTO [Order](CustomerID, OrderDate, Status, TotalAmount) VALUES (7,'2025-10-12','Processing',0);
INSERT INTO OrderLines(OrderID, ProductID, Qty, UnitPrice) VALUES (66,10,2,493);
INSERT INTO OrderLines(OrderID, ProductID, Qty, UnitPrice) VALUES (66,11,3,225);
INSERT INTO OrderLines(OrderID, ProductID, Qty, UnitPrice) VALUES (66,21,3,190);
INSERT INTO OrderLines(OrderID, ProductID, Qty, UnitPrice) VALUES (66,18,2,501);
UPDATE [Order] SET TotalAmount=3233 WHERE OrderID=66;
INSERT INTO Payment(OrderID, PaymentDate, Amount, PaymentMethod, TransactionRef) VALUES (66,'2025-10-13',3233,'Card','TXN473757');
INSERT INTO [Order](CustomerID, OrderDate, Status, TotalAmount) VALUES (7,'2025-09-27','Cancelled',0);
INSERT INTO OrderLines(OrderID, ProductID, Qty, UnitPrice) VALUES (67,12,1,481);
INSERT INTO OrderLines(OrderID, ProductID, Qty, UnitPrice) VALUES (67,17,3,197);
INSERT INTO OrderLines(OrderID, ProductID, Qty, UnitPrice) VALUES (67,40,2,429);
INSERT INTO OrderLines(OrderID, ProductID, Qty, UnitPrice) VALUES (67,17,1,175);
UPDATE [Order] SET TotalAmount=2105 WHERE OrderID=67;
INSERT INTO Payment(OrderID, PaymentDate, Amount, PaymentMethod, TransactionRef) VALUES (67,'2025-10-01',2105,'PayPal','TXN471615');
INSERT INTO [Order](CustomerID, OrderDate, Status, TotalAmount) VALUES (7,'2025-02-19','Processing',0);
INSERT INTO OrderLines(OrderID, ProductID, Qty, UnitPrice) VALUES (68,42,2,389);
INSERT INTO OrderLines(OrderID, ProductID, Qty, UnitPrice) VALUES (68,34,2,150);
INSERT INTO OrderLines(OrderID, ProductID, Qty, UnitPrice) VALUES (68,32,1,179);
INSERT INTO OrderLines(OrderID, ProductID, Qty, UnitPrice) VALUES (68,48,2,796);
UPDATE [Order] SET TotalAmount=2849 WHERE OrderID=68;
INSERT INTO Payment(OrderID, PaymentDate, Amount, PaymentMethod, TransactionRef) VALUES (68,'2025-02-24',2849,'PayPal','TXN744134');
INSERT INTO [Order](CustomerID, OrderDate, Status, TotalAmount) VALUES (7,'2025-07-02','Cancelled',0);
INSERT INTO OrderLines(OrderID, ProductID, Qty, UnitPrice) VALUES (69,49,2,1158);
INSERT INTO OrderLines(OrderID, ProductID, Qty, UnitPrice) VALUES (69,8,1,182);
INSERT INTO OrderLines(OrderID, ProductID, Qty, UnitPrice) VALUES (69,20,1,1095);
INSERT INTO OrderLines(OrderID, ProductID, Qty, UnitPrice) VALUES (69,23,1,535);
UPDATE [Order] SET TotalAmount=4128 WHERE OrderID=69;
INSERT INTO Payment(OrderID, PaymentDate, Amount, PaymentMethod, TransactionRef) VALUES (69,'2025-07-03',4128,'Cash','TXN678545');
INSERT INTO [Order](CustomerID, OrderDate, Status, TotalAmount) VALUES (7,'2025-04-21','Delivered',0);
INSERT INTO OrderLines(OrderID, ProductID, Qty, UnitPrice) VALUES (70,3,1,788);
INSERT INTO OrderLines(OrderID, ProductID, Qty, UnitPrice) VALUES (70,8,1,1492);
INSERT INTO OrderLines(OrderID, ProductID, Qty, UnitPrice) VALUES (70,26,2,1164);
INSERT INTO OrderLines(OrderID, ProductID, Qty, UnitPrice) VALUES (70,22,1,1421);
UPDATE [Order] SET TotalAmount=6029 WHERE OrderID=70;
INSERT INTO Payment(OrderID, PaymentDate, Amount, PaymentMethod, TransactionRef) VALUES (70,'2025-04-22',6029,'Cash','TXN656389');
INSERT INTO [Order](CustomerID, OrderDate, Status, TotalAmount) VALUES (8,'2025-02-02','Shipped',0);
INSERT INTO OrderLines(OrderID, ProductID, Qty, UnitPrice) VALUES (71,45,1,1023);
INSERT INTO OrderLines(OrderID, ProductID, Qty, UnitPrice) VALUES (71,46,1,976);
INSERT INTO OrderLines(OrderID, ProductID, Qty, UnitPrice) VALUES (71,41,1,872);
INSERT INTO OrderLines(OrderID, ProductID, Qty, UnitPrice) VALUES (71,39,2,860);
UPDATE [Order] SET TotalAmount=4591 WHERE OrderID=71;
INSERT INTO Payment(OrderID, PaymentDate, Amount, PaymentMethod, TransactionRef) VALUES (71,'2025-02-02',4591,'Card','TXN981117');
INSERT INTO [Order](CustomerID, OrderDate, Status, TotalAmount) VALUES (8,'2025-09-02','Shipped',0);
INSERT INTO OrderLines(OrderID, ProductID, Qty, UnitPrice) VALUES (72,42,1,383);
INSERT INTO OrderLines(OrderID, ProductID, Qty, UnitPrice) VALUES (72,12,1,811);
INSERT INTO OrderLines(OrderID, ProductID, Qty, UnitPrice) VALUES (72,50,1,910);
INSERT INTO OrderLines(OrderID, ProductID, Qty, UnitPrice) VALUES (72,27,1,878);
UPDATE [Order] SET TotalAmount=2982 WHERE OrderID=72;
INSERT INTO Payment(OrderID, PaymentDate, Amount, PaymentMethod, TransactionRef) VALUES (72,'2025-09-07',2982,'PayPal','TXN810658');
INSERT INTO [Order](CustomerID, OrderDate, Status, TotalAmount) VALUES (8,'2025-06-29','Shipped',0);
INSERT INTO OrderLines(OrderID, ProductID, Qty, UnitPrice) VALUES (73,14,3,1157);
INSERT INTO OrderLines(OrderID, ProductID, Qty, UnitPrice) VALUES (73,12,3,449);
INSERT INTO OrderLines(OrderID, ProductID, Qty, UnitPrice) VALUES (73,21,2,980);
INSERT INTO OrderLines(OrderID, ProductID, Qty, UnitPrice) VALUES (73,31,2,296);
UPDATE [Order] SET TotalAmount=7370 WHERE OrderID=73;
INSERT INTO Payment(OrderID, PaymentDate, Amount, PaymentMethod, TransactionRef) VALUES (73,'2025-06-29',7370,'Card','TXN414409');
INSERT INTO [Order](CustomerID, OrderDate, Status, TotalAmount) VALUES (8,'2025-08-11','Cancelled',0);
INSERT INTO OrderLines(OrderID, ProductID, Qty, UnitPrice) VALUES (74,6,1,667);
INSERT INTO OrderLines(OrderID, ProductID, Qty, UnitPrice) VALUES (74,5,2,1103);
INSERT INTO OrderLines(OrderID, ProductID, Qty, UnitPrice) VALUES (74,44,2,1011);
INSERT INTO OrderLines(OrderID, ProductID, Qty, UnitPrice) VALUES (74,24,2,905);
UPDATE [Order] SET TotalAmount=6705 WHERE OrderID=74;
INSERT INTO Payment(OrderID, PaymentDate, Amount, PaymentMethod, TransactionRef) VALUES (74,'2025-08-11',6705,'PayPal','TXN215663');
INSERT INTO [Order](CustomerID, OrderDate, Status, TotalAmount) VALUES (8,'2025-05-27','Shipped',0);
INSERT INTO OrderLines(OrderID, ProductID, Qty, UnitPrice) VALUES (75,29,2,874);
INSERT INTO OrderLines(OrderID, ProductID, Qty, UnitPrice) VALUES (75,29,3,1453);
INSERT INTO OrderLines(OrderID, ProductID, Qty, UnitPrice) VALUES (75,50,3,1207);
INSERT INTO OrderLines(OrderID, ProductID, Qty, UnitPrice) VALUES (75,10,1,52);
UPDATE [Order] SET TotalAmount=9780 WHERE OrderID=75;
INSERT INTO Payment(OrderID, PaymentDate, Amount, PaymentMethod, TransactionRef) VALUES (75,'2025-05-30',9780,'Card','TXN845727');
INSERT INTO [Order](CustomerID, OrderDate, Status, TotalAmount) VALUES (8,'2025-11-04','Cancelled',0);
INSERT INTO OrderLines(OrderID, ProductID, Qty, UnitPrice) VALUES (76,48,1,1086);
INSERT INTO OrderLines(OrderID, ProductID, Qty, UnitPrice) VALUES (76,49,3,27);
INSERT INTO OrderLines(OrderID, ProductID, Qty, UnitPrice) VALUES (76,22,1,520);
INSERT INTO OrderLines(OrderID, ProductID, Qty, UnitPrice) VALUES (76,8,2,317);
UPDATE [Order] SET TotalAmount=2321 WHERE OrderID=76;
INSERT INTO Payment(OrderID, PaymentDate, Amount, PaymentMethod, TransactionRef) VALUES (76,'2025-11-08',2321,'Card','TXN205452');
INSERT INTO [Order](CustomerID, OrderDate, Status, TotalAmount) VALUES (8,'2025-06-07','Cancelled',0);
INSERT INTO OrderLines(OrderID, ProductID, Qty, UnitPrice) VALUES (77,30,2,603);
INSERT INTO OrderLines(OrderID, ProductID, Qty, UnitPrice) VALUES (77,30,1,780);
INSERT INTO OrderLines(OrderID, ProductID, Qty, UnitPrice) VALUES (77,25,1,968);
INSERT INTO OrderLines(OrderID, ProductID, Qty, UnitPrice) VALUES (77,35,3,376);
UPDATE [Order] SET TotalAmount=4082 WHERE OrderID=77;
INSERT INTO Payment(OrderID, PaymentDate, Amount, PaymentMethod, TransactionRef) VALUES (77,'2025-06-12',4082,'PayPal','TXN501701');
INSERT INTO [Order](CustomerID, OrderDate, Status, TotalAmount) VALUES (8,'2025-11-23','Processing',0);
INSERT INTO OrderLines(OrderID, ProductID, Qty, UnitPrice) VALUES (78,15,2,549);
INSERT INTO OrderLines(OrderID, ProductID, Qty, UnitPrice) VALUES (78,29,1,352);
INSERT INTO OrderLines(OrderID, ProductID, Qty, UnitPrice) VALUES (78,30,2,1241);
INSERT INTO OrderLines(OrderID, ProductID, Qty, UnitPrice) VALUES (78,43,2,977);
UPDATE [Order] SET TotalAmount=5886 WHERE OrderID=78;
INSERT INTO Payment(OrderID, PaymentDate, Amount, PaymentMethod, TransactionRef) VALUES (78,'2025-11-23',5886,'Cash','TXN119854');
INSERT INTO [Order](CustomerID, OrderDate, Status, TotalAmount) VALUES (8,'2025-04-09','Processing',0);
INSERT INTO OrderLines(OrderID, ProductID, Qty, UnitPrice) VALUES (79,3,2,556);
INSERT INTO OrderLines(OrderID, ProductID, Qty, UnitPrice) VALUES (79,7,2,1121);
INSERT INTO OrderLines(OrderID, ProductID, Qty, UnitPrice) VALUES (79,11,2,368);
INSERT INTO OrderLines(OrderID, ProductID, Qty, UnitPrice) VALUES (79,34,3,674);
UPDATE [Order] SET TotalAmount=6112 WHERE OrderID=79;
INSERT INTO Payment(OrderID, PaymentDate, Amount, PaymentMethod, TransactionRef) VALUES (79,'2025-04-14',6112,'PayPal','TXN252682');
INSERT INTO [Order](CustomerID, OrderDate, Status, TotalAmount) VALUES (8,'2025-07-23','Delivered',0);
INSERT INTO OrderLines(OrderID, ProductID, Qty, UnitPrice) VALUES (80,15,1,1261);
INSERT INTO OrderLines(OrderID, ProductID, Qty, UnitPrice) VALUES (80,17,3,867);
INSERT INTO OrderLines(OrderID, ProductID, Qty, UnitPrice) VALUES (80,5,1,1463);
INSERT INTO OrderLines(OrderID, ProductID, Qty, UnitPrice) VALUES (80,45,2,1009);
UPDATE [Order] SET TotalAmount=7343 WHERE OrderID=80;
INSERT INTO Payment(OrderID, PaymentDate, Amount, PaymentMethod, TransactionRef) VALUES (80,'2025-07-26',7343,'Cash','TXN418476');
INSERT INTO [Order](CustomerID, OrderDate, Status, TotalAmount) VALUES (9,'2025-07-02','Delivered',0);
INSERT INTO OrderLines(OrderID, ProductID, Qty, UnitPrice) VALUES (81,42,3,1164);
INSERT INTO OrderLines(OrderID, ProductID, Qty, UnitPrice) VALUES (81,6,1,1334);
INSERT INTO OrderLines(OrderID, ProductID, Qty, UnitPrice) VALUES (81,41,2,816);
INSERT INTO OrderLines(OrderID, ProductID, Qty, UnitPrice) VALUES (81,46,3,1379);
UPDATE [Order] SET TotalAmount=10595 WHERE OrderID=81;
INSERT INTO Payment(OrderID, PaymentDate, Amount, PaymentMethod, TransactionRef) VALUES (81,'2025-07-02',10595,'PayPal','TXN236519');
INSERT INTO [Order](CustomerID, OrderDate, Status, TotalAmount) VALUES (9,'2025-04-06','Cancelled',0);
INSERT INTO OrderLines(OrderID, ProductID, Qty, UnitPrice) VALUES (82,29,1,1071);
INSERT INTO OrderLines(OrderID, ProductID, Qty, UnitPrice) VALUES (82,37,2,1147);
INSERT INTO OrderLines(OrderID, ProductID, Qty, UnitPrice) VALUES (82,28,1,932);
INSERT INTO OrderLines(OrderID, ProductID, Qty, UnitPrice) VALUES (82,19,2,1037);
UPDATE [Order] SET TotalAmount=6371 WHERE OrderID=82;
INSERT INTO Payment(OrderID, PaymentDate, Amount, PaymentMethod, TransactionRef) VALUES (82,'2025-04-08',6371,'PayPal','TXN800523');
INSERT INTO [Order](CustomerID, OrderDate, Status, TotalAmount) VALUES (9,'2025-07-25','Shipped',0);
INSERT INTO OrderLines(OrderID, ProductID, Qty, UnitPrice) VALUES (83,19,1,384);
INSERT INTO OrderLines(OrderID, ProductID, Qty, UnitPrice) VALUES (83,42,3,1276);
INSERT INTO OrderLines(OrderID, ProductID, Qty, UnitPrice) VALUES (83,21,3,1431);
INSERT INTO OrderLines(OrderID, ProductID, Qty, UnitPrice) VALUES (83,49,2,270);
UPDATE [Order] SET TotalAmount=9045 WHERE OrderID=83;
INSERT INTO Payment(OrderID, PaymentDate, Amount, PaymentMethod, TransactionRef) VALUES (83,'2025-07-25',9045,'Card','TXN240278');
INSERT INTO [Order](CustomerID, OrderDate, Status, TotalAmount) VALUES (9,'2025-02-01','Processing',0);
INSERT INTO OrderLines(OrderID, ProductID, Qty, UnitPrice) VALUES (84,25,2,1009);
INSERT INTO OrderLines(OrderID, ProductID, Qty, UnitPrice) VALUES (84,26,3,571);
INSERT INTO OrderLines(OrderID, ProductID, Qty, UnitPrice) VALUES (84,32,2,193);
INSERT INTO OrderLines(OrderID, ProductID, Qty, UnitPrice) VALUES (84,18,1,1053);
UPDATE [Order] SET TotalAmount=5170 WHERE OrderID=84;
INSERT INTO Payment(OrderID, PaymentDate, Amount, PaymentMethod, TransactionRef) VALUES (84,'2025-02-02',5170,'PayPal','TXN353471');
INSERT INTO [Order](CustomerID, OrderDate, Status, TotalAmount) VALUES (9,'2025-08-30','Processing',0);
INSERT INTO OrderLines(OrderID, ProductID, Qty, UnitPrice) VALUES (85,23,2,936);
INSERT INTO OrderLines(OrderID, ProductID, Qty, UnitPrice) VALUES (85,30,1,177);
INSERT INTO OrderLines(OrderID, ProductID, Qty, UnitPrice) VALUES (85,26,3,471);
INSERT INTO OrderLines(OrderID, ProductID, Qty, UnitPrice) VALUES (85,45,1,1059);
UPDATE [Order] SET TotalAmount=4521 WHERE OrderID=85;
INSERT INTO Payment(OrderID, PaymentDate, Amount, PaymentMethod, TransactionRef) VALUES (85,'2025-08-30',4521,'PayPal','TXN706209');
INSERT INTO [Order](CustomerID, OrderDate, Status, TotalAmount) VALUES (9,'2025-08-23','Shipped',0);
INSERT INTO OrderLines(OrderID, ProductID, Qty, UnitPrice) VALUES (86,31,1,370);
INSERT INTO OrderLines(OrderID, ProductID, Qty, UnitPrice) VALUES (86,16,3,1096);
INSERT INTO OrderLines(OrderID, ProductID, Qty, UnitPrice) VALUES (86,4,3,1114);
INSERT INTO OrderLines(OrderID, ProductID, Qty, UnitPrice) VALUES (86,50,2,1422);
UPDATE [Order] SET TotalAmount=9844 WHERE OrderID=86;
INSERT INTO Payment(OrderID, PaymentDate, Amount, PaymentMethod, TransactionRef) VALUES (86,'2025-08-28',9844,'Cash','TXN998245');
INSERT INTO [Order](CustomerID, OrderDate, Status, TotalAmount) VALUES (9,'2025-05-25','Shipped',0);
INSERT INTO OrderLines(OrderID, ProductID, Qty, UnitPrice) VALUES (87,2,2,76);
INSERT INTO OrderLines(OrderID, ProductID, Qty, UnitPrice) VALUES (87,43,1,156);
INSERT INTO OrderLines(OrderID, ProductID, Qty, UnitPrice) VALUES (87,50,3,1232);
INSERT INTO OrderLines(OrderID, ProductID, Qty, UnitPrice) VALUES (87,39,1,481);
UPDATE [Order] SET TotalAmount=4485 WHERE OrderID=87;
INSERT INTO Payment(OrderID, PaymentDate, Amount, PaymentMethod, TransactionRef) VALUES (87,'2025-05-28',4485,'Card','TXN447334');
INSERT INTO [Order](CustomerID, OrderDate, Status, TotalAmount) VALUES (9,'2025-03-04','Cancelled',0);
INSERT INTO OrderLines(OrderID, ProductID, Qty, UnitPrice) VALUES (88,26,2,377);
INSERT INTO OrderLines(OrderID, ProductID, Qty, UnitPrice) VALUES (88,9,2,228);
INSERT INTO OrderLines(OrderID, ProductID, Qty, UnitPrice) VALUES (88,40,2,712);
INSERT INTO OrderLines(OrderID, ProductID, Qty, UnitPrice) VALUES (88,1,1,1354);
UPDATE [Order] SET TotalAmount=3988 WHERE OrderID=88;
INSERT INTO Payment(OrderID, PaymentDate, Amount, PaymentMethod, TransactionRef) VALUES (88,'2025-03-05',3988,'Cash','TXN652667');
INSERT INTO [Order](CustomerID, OrderDate, Status, TotalAmount) VALUES (9,'2025-06-10','Delivered',0);
INSERT INTO OrderLines(OrderID, ProductID, Qty, UnitPrice) VALUES (89,28,1,676);
INSERT INTO OrderLines(OrderID, ProductID, Qty, UnitPrice) VALUES (89,4,2,388);
INSERT INTO OrderLines(OrderID, ProductID, Qty, UnitPrice) VALUES (89,45,1,104);
INSERT INTO OrderLines(OrderID, ProductID, Qty, UnitPrice) VALUES (89,1,1,51);
UPDATE [Order] SET TotalAmount=1607 WHERE OrderID=89;
INSERT INTO Payment(OrderID, PaymentDate, Amount, PaymentMethod, TransactionRef) VALUES (89,'2025-06-11',1607,'PayPal','TXN796182');
INSERT INTO [Order](CustomerID, OrderDate, Status, TotalAmount) VALUES (9,'2025-10-26','Cancelled',0);
INSERT INTO OrderLines(OrderID, ProductID, Qty, UnitPrice) VALUES (90,39,2,169);
INSERT INTO OrderLines(OrderID, ProductID, Qty, UnitPrice) VALUES (90,32,3,1124);
INSERT INTO OrderLines(OrderID, ProductID, Qty, UnitPrice) VALUES (90,5,1,381);
INSERT INTO OrderLines(OrderID, ProductID, Qty, UnitPrice) VALUES (90,4,2,591);
UPDATE [Order] SET TotalAmount=5273 WHERE OrderID=90;
INSERT INTO Payment(OrderID, PaymentDate, Amount, PaymentMethod, TransactionRef) VALUES (90,'2025-10-26',5273,'PayPal','TXN574242');
INSERT INTO [Order](CustomerID, OrderDate, Status, TotalAmount) VALUES (10,'2025-03-19','Cancelled',0);
INSERT INTO OrderLines(OrderID, ProductID, Qty, UnitPrice) VALUES (91,11,1,517);
INSERT INTO OrderLines(OrderID, ProductID, Qty, UnitPrice) VALUES (91,7,1,66);
INSERT INTO OrderLines(OrderID, ProductID, Qty, UnitPrice) VALUES (91,18,1,1492);
INSERT INTO OrderLines(OrderID, ProductID, Qty, UnitPrice) VALUES (91,28,3,187);
UPDATE [Order] SET TotalAmount=2636 WHERE OrderID=91;
INSERT INTO Payment(OrderID, PaymentDate, Amount, PaymentMethod, TransactionRef) VALUES (91,'2025-03-23',2636,'Card','TXN216020');
INSERT INTO [Order](CustomerID, OrderDate, Status, TotalAmount) VALUES (10,'2025-12-18','Cancelled',0);
INSERT INTO OrderLines(OrderID, ProductID, Qty, UnitPrice) VALUES (92,47,1,1127);
INSERT INTO OrderLines(OrderID, ProductID, Qty, UnitPrice) VALUES (92,25,3,1019);
INSERT INTO OrderLines(OrderID, ProductID, Qty, UnitPrice) VALUES (92,46,2,502);
INSERT INTO OrderLines(OrderID, ProductID, Qty, UnitPrice) VALUES (92,21,2,678);
UPDATE [Order] SET TotalAmount=6544 WHERE OrderID=92;
INSERT INTO Payment(OrderID, PaymentDate, Amount, PaymentMethod, TransactionRef) VALUES (92,'2025-12-23',6544,'Card','TXN879864');
INSERT INTO [Order](CustomerID, OrderDate, Status, TotalAmount) VALUES (10,'2025-09-29','Shipped',0);
INSERT INTO OrderLines(OrderID, ProductID, Qty, UnitPrice) VALUES (93,8,2,739);
INSERT INTO OrderLines(OrderID, ProductID, Qty, UnitPrice) VALUES (93,24,2,453);
INSERT INTO OrderLines(OrderID, ProductID, Qty, UnitPrice) VALUES (93,48,1,1324);
INSERT INTO OrderLines(OrderID, ProductID, Qty, UnitPrice) VALUES (93,41,2,1397);
UPDATE [Order] SET TotalAmount=6502 WHERE OrderID=93;
INSERT INTO Payment(OrderID, PaymentDate, Amount, PaymentMethod, TransactionRef) VALUES (93,'2025-09-29',6502,'PayPal','TXN189923');
INSERT INTO [Order](CustomerID, OrderDate, Status, TotalAmount) VALUES (10,'2025-11-26','Delivered',0);
INSERT INTO OrderLines(OrderID, ProductID, Qty, UnitPrice) VALUES (94,7,1,1344);
INSERT INTO OrderLines(OrderID, ProductID, Qty, UnitPrice) VALUES (94,32,3,87);
INSERT INTO OrderLines(OrderID, ProductID, Qty, UnitPrice) VALUES (94,14,1,471);
INSERT INTO OrderLines(OrderID, ProductID, Qty, UnitPrice) VALUES (94,14,2,987);
UPDATE [Order] SET TotalAmount=4050 WHERE OrderID=94;
INSERT INTO Payment(OrderID, PaymentDate, Amount, PaymentMethod, TransactionRef) VALUES (94,'2025-11-30',4050,'Card','TXN248656');
INSERT INTO [Order](CustomerID, OrderDate, Status, TotalAmount) VALUES (10,'2025-08-08','Delivered',0);
INSERT INTO OrderLines(OrderID, ProductID, Qty, UnitPrice) VALUES (95,12,1,55);
INSERT INTO OrderLines(OrderID, ProductID, Qty, UnitPrice) VALUES (95,48,1,972);
INSERT INTO OrderLines(OrderID, ProductID, Qty, UnitPrice) VALUES (95,13,1,328);
INSERT INTO OrderLines(OrderID, ProductID, Qty, UnitPrice) VALUES (95,37,3,756);
UPDATE [Order] SET TotalAmount=3623 WHERE OrderID=95;
INSERT INTO Payment(OrderID, PaymentDate, Amount, PaymentMethod, TransactionRef) VALUES (95,'2025-08-11',3623,'Cash','TXN129514');
INSERT INTO [Order](CustomerID, OrderDate, Status, TotalAmount) VALUES (10,'2025-04-22','Shipped',0);
INSERT INTO OrderLines(OrderID, ProductID, Qty, UnitPrice) VALUES (96,16,2,1089);
INSERT INTO OrderLines(OrderID, ProductID, Qty, UnitPrice) VALUES (96,12,1,949);
INSERT INTO OrderLines(OrderID, ProductID, Qty, UnitPrice) VALUES (96,7,1,766);
INSERT INTO OrderLines(OrderID, ProductID, Qty, UnitPrice) VALUES (96,1,1,755);
UPDATE [Order] SET TotalAmount=4648 WHERE OrderID=96;
INSERT INTO Payment(OrderID, PaymentDate, Amount, PaymentMethod, TransactionRef) VALUES (96,'2025-04-23',4648,'PayPal','TXN604804');
INSERT INTO [Order](CustomerID, OrderDate, Status, TotalAmount) VALUES (10,'2025-03-25','Shipped',0);
INSERT INTO OrderLines(OrderID, ProductID, Qty, UnitPrice) VALUES (97,13,1,1262);
INSERT INTO OrderLines(OrderID, ProductID, Qty, UnitPrice) VALUES (97,38,1,775);
INSERT INTO OrderLines(OrderID, ProductID, Qty, UnitPrice) VALUES (97,1,3,297);
INSERT INTO OrderLines(OrderID, ProductID, Qty, UnitPrice) VALUES (97,13,2,1197);
UPDATE [Order] SET TotalAmount=5322 WHERE OrderID=97;
INSERT INTO Payment(OrderID, PaymentDate, Amount, PaymentMethod, TransactionRef) VALUES (97,'2025-03-29',5322,'PayPal','TXN720625');
INSERT INTO [Order](CustomerID, OrderDate, Status, TotalAmount) VALUES (10,'2025-01-08','Cancelled',0);
INSERT INTO OrderLines(OrderID, ProductID, Qty, UnitPrice) VALUES (98,34,2,1313);
INSERT INTO OrderLines(OrderID, ProductID, Qty, UnitPrice) VALUES (98,50,2,1410);
INSERT INTO OrderLines(OrderID, ProductID, Qty, UnitPrice) VALUES (98,47,2,1154);
INSERT INTO OrderLines(OrderID, ProductID, Qty, UnitPrice) VALUES (98,40,2,525);
UPDATE [Order] SET TotalAmount=8804 WHERE OrderID=98;
INSERT INTO Payment(OrderID, PaymentDate, Amount, PaymentMethod, TransactionRef) VALUES (98,'2025-01-13',8804,'PayPal','TXN637776');
INSERT INTO [Order](CustomerID, OrderDate, Status, TotalAmount) VALUES (10,'2025-02-15','Shipped',0);
INSERT INTO OrderLines(OrderID, ProductID, Qty, UnitPrice) VALUES (99,37,2,1215);
INSERT INTO OrderLines(OrderID, ProductID, Qty, UnitPrice) VALUES (99,27,2,434);
INSERT INTO OrderLines(OrderID, ProductID, Qty, UnitPrice) VALUES (99,41,1,1239);
INSERT INTO OrderLines(OrderID, ProductID, Qty, UnitPrice) VALUES (99,32,2,202);
UPDATE [Order] SET TotalAmount=4941 WHERE OrderID=99;
INSERT INTO Payment(OrderID, PaymentDate, Amount, PaymentMethod, TransactionRef) VALUES (99,'2025-02-20',4941,'PayPal','TXN304561');
INSERT INTO [Order](CustomerID, OrderDate, Status, TotalAmount) VALUES (10,'2025-02-09','Processing',0);
INSERT INTO OrderLines(OrderID, ProductID, Qty, UnitPrice) VALUES (100,5,2,46);
INSERT INTO OrderLines(OrderID, ProductID, Qty, UnitPrice) VALUES (100,37,2,717);
INSERT INTO OrderLines(OrderID, ProductID, Qty, UnitPrice) VALUES (100,19,2,870);
INSERT INTO OrderLines(OrderID, ProductID, Qty, UnitPrice) VALUES (100,24,2,1105);
UPDATE [Order] SET TotalAmount=5476 WHERE OrderID=100;
INSERT INTO Payment(OrderID, PaymentDate, Amount, PaymentMethod, TransactionRef) VALUES (100,'2025-02-09',5476,'Card','TXN363255');
INSERT INTO [Order](CustomerID, OrderDate, Status, TotalAmount) VALUES (11,'2025-09-06','Shipped',0);
INSERT INTO OrderLines(OrderID, ProductID, Qty, UnitPrice) VALUES (101,46,2,789);
INSERT INTO OrderLines(OrderID, ProductID, Qty, UnitPrice) VALUES (101,30,2,1499);
INSERT INTO OrderLines(OrderID, ProductID, Qty, UnitPrice) VALUES (101,12,3,380);
INSERT INTO OrderLines(OrderID, ProductID, Qty, UnitPrice) VALUES (101,4,1,485);
UPDATE [Order] SET TotalAmount=6201 WHERE OrderID=101;
INSERT INTO Payment(OrderID, PaymentDate, Amount, PaymentMethod, TransactionRef) VALUES (101,'2025-09-08',6201,'PayPal','TXN301459');
INSERT INTO [Order](CustomerID, OrderDate, Status, TotalAmount) VALUES (11,'2025-07-07','Processing',0);
INSERT INTO OrderLines(OrderID, ProductID, Qty, UnitPrice) VALUES (102,35,2,116);
INSERT INTO OrderLines(OrderID, ProductID, Qty, UnitPrice) VALUES (102,26,2,1401);
INSERT INTO OrderLines(OrderID, ProductID, Qty, UnitPrice) VALUES (102,9,3,499);
INSERT INTO OrderLines(OrderID, ProductID, Qty, UnitPrice) VALUES (102,11,2,171);
UPDATE [Order] SET TotalAmount=4873 WHERE OrderID=102;
INSERT INTO Payment(OrderID, PaymentDate, Amount, PaymentMethod, TransactionRef) VALUES (102,'2025-07-12',4873,'Cash','TXN128284');
INSERT INTO [Order](CustomerID, OrderDate, Status, TotalAmount) VALUES (11,'2025-08-24','Cancelled',0);
INSERT INTO OrderLines(OrderID, ProductID, Qty, UnitPrice) VALUES (103,3,1,570);
INSERT INTO OrderLines(OrderID, ProductID, Qty, UnitPrice) VALUES (103,43,2,478);
INSERT INTO OrderLines(OrderID, ProductID, Qty, UnitPrice) VALUES (103,50,2,445);
INSERT INTO OrderLines(OrderID, ProductID, Qty, UnitPrice) VALUES (103,9,3,787);
UPDATE [Order] SET TotalAmount=4777 WHERE OrderID=103;
INSERT INTO Payment(OrderID, PaymentDate, Amount, PaymentMethod, TransactionRef) VALUES (103,'2025-08-24',4777,'PayPal','TXN666431');
INSERT INTO [Order](CustomerID, OrderDate, Status, TotalAmount) VALUES (11,'2025-12-08','Processing',0);
INSERT INTO OrderLines(OrderID, ProductID, Qty, UnitPrice) VALUES (104,17,1,412);
INSERT INTO OrderLines(OrderID, ProductID, Qty, UnitPrice) VALUES (104,18,1,36);
INSERT INTO OrderLines(OrderID, ProductID, Qty, UnitPrice) VALUES (104,41,2,1453);
INSERT INTO OrderLines(OrderID, ProductID, Qty, UnitPrice) VALUES (104,48,2,1019);
UPDATE [Order] SET TotalAmount=5392 WHERE OrderID=104;
INSERT INTO Payment(OrderID, PaymentDate, Amount, PaymentMethod, TransactionRef) VALUES (104,'2025-12-10',5392,'Card','TXN359442');
INSERT INTO [Order](CustomerID, OrderDate, Status, TotalAmount) VALUES (11,'2025-04-21','Cancelled',0);
INSERT INTO OrderLines(OrderID, ProductID, Qty, UnitPrice) VALUES (105,38,2,697);
INSERT INTO OrderLines(OrderID, ProductID, Qty, UnitPrice) VALUES (105,25,3,277);
INSERT INTO OrderLines(OrderID, ProductID, Qty, UnitPrice) VALUES (105,45,3,1193);
INSERT INTO OrderLines(OrderID, ProductID, Qty, UnitPrice) VALUES (105,47,2,1002);
UPDATE [Order] SET TotalAmount=7808 WHERE OrderID=105;
INSERT INTO Payment(OrderID, PaymentDate, Amount, PaymentMethod, TransactionRef) VALUES (105,'2025-04-26',7808,'Card','TXN689705');
INSERT INTO [Order](CustomerID, OrderDate, Status, TotalAmount) VALUES (11,'2025-04-24','Cancelled',0);
INSERT INTO OrderLines(OrderID, ProductID, Qty, UnitPrice) VALUES (106,33,1,1409);
INSERT INTO OrderLines(OrderID, ProductID, Qty, UnitPrice) VALUES (106,9,1,860);
INSERT INTO OrderLines(OrderID, ProductID, Qty, UnitPrice) VALUES (106,26,3,482);
INSERT INTO OrderLines(OrderID, ProductID, Qty, UnitPrice) VALUES (106,5,3,565);
UPDATE [Order] SET TotalAmount=5410 WHERE OrderID=106;
INSERT INTO Payment(OrderID, PaymentDate, Amount, PaymentMethod, TransactionRef) VALUES (106,'2025-04-26',5410,'PayPal','TXN979322');
INSERT INTO [Order](CustomerID, OrderDate, Status, TotalAmount) VALUES (11,'2025-03-15','Processing',0);
INSERT INTO OrderLines(OrderID, ProductID, Qty, UnitPrice) VALUES (107,16,3,808);
INSERT INTO OrderLines(OrderID, ProductID, Qty, UnitPrice) VALUES (107,16,3,125);
INSERT INTO OrderLines(OrderID, ProductID, Qty, UnitPrice) VALUES (107,9,1,1082);
INSERT INTO OrderLines(OrderID, ProductID, Qty, UnitPrice) VALUES (107,44,2,174);
UPDATE [Order] SET TotalAmount=4229 WHERE OrderID=107;
INSERT INTO Payment(OrderID, PaymentDate, Amount, PaymentMethod, TransactionRef) VALUES (107,'2025-03-18',4229,'Cash','TXN693444');
INSERT INTO [Order](CustomerID, OrderDate, Status, TotalAmount) VALUES (11,'2025-04-30','Shipped',0);
INSERT INTO OrderLines(OrderID, ProductID, Qty, UnitPrice) VALUES (108,44,1,79);
INSERT INTO OrderLines(OrderID, ProductID, Qty, UnitPrice) VALUES (108,5,2,786);
INSERT INTO OrderLines(OrderID, ProductID, Qty, UnitPrice) VALUES (108,42,2,184);
INSERT INTO OrderLines(OrderID, ProductID, Qty, UnitPrice) VALUES (108,3,3,1496);
UPDATE [Order] SET TotalAmount=6507 WHERE OrderID=108;
INSERT INTO Payment(OrderID, PaymentDate, Amount, PaymentMethod, TransactionRef) VALUES (108,'2025-04-30',6507,'Card','TXN680382');
INSERT INTO [Order](CustomerID, OrderDate, Status, TotalAmount) VALUES (11,'2025-02-13','Delivered',0);
INSERT INTO OrderLines(OrderID, ProductID, Qty, UnitPrice) VALUES (109,40,2,170);
INSERT INTO OrderLines(OrderID, ProductID, Qty, UnitPrice) VALUES (109,18,3,1345);
INSERT INTO OrderLines(OrderID, ProductID, Qty, UnitPrice) VALUES (109,30,3,1499);
INSERT INTO OrderLines(OrderID, ProductID, Qty, UnitPrice) VALUES (109,44,3,1144);
UPDATE [Order] SET TotalAmount=12304 WHERE OrderID=109;
INSERT INTO Payment(OrderID, PaymentDate, Amount, PaymentMethod, TransactionRef) VALUES (109,'2025-02-13',12304,'PayPal','TXN112792');
INSERT INTO [Order](CustomerID, OrderDate, Status, TotalAmount) VALUES (11,'2025-06-07','Delivered',0);
INSERT INTO OrderLines(OrderID, ProductID, Qty, UnitPrice) VALUES (110,31,1,821);
INSERT INTO OrderLines(OrderID, ProductID, Qty, UnitPrice) VALUES (110,15,2,483);
INSERT INTO OrderLines(OrderID, ProductID, Qty, UnitPrice) VALUES (110,5,1,895);
INSERT INTO OrderLines(OrderID, ProductID, Qty, UnitPrice) VALUES (110,22,3,105);
UPDATE [Order] SET TotalAmount=2997 WHERE OrderID=110;
INSERT INTO Payment(OrderID, PaymentDate, Amount, PaymentMethod, TransactionRef) VALUES (110,'2025-06-09',2997,'PayPal','TXN687990');
INSERT INTO [Order](CustomerID, OrderDate, Status, TotalAmount) VALUES (12,'2025-03-16','Delivered',0);
INSERT INTO OrderLines(OrderID, ProductID, Qty, UnitPrice) VALUES (111,16,2,1255);
INSERT INTO OrderLines(OrderID, ProductID, Qty, UnitPrice) VALUES (111,33,1,1421);
INSERT INTO OrderLines(OrderID, ProductID, Qty, UnitPrice) VALUES (111,14,2,1234);
INSERT INTO OrderLines(OrderID, ProductID, Qty, UnitPrice) VALUES (111,17,1,1185);
UPDATE [Order] SET TotalAmount=7584 WHERE OrderID=111;
INSERT INTO Payment(OrderID, PaymentDate, Amount, PaymentMethod, TransactionRef) VALUES (111,'2025-03-20',7584,'PayPal','TXN194949');
INSERT INTO [Order](CustomerID, OrderDate, Status, TotalAmount) VALUES (12,'2025-10-10','Processing',0);
INSERT INTO OrderLines(OrderID, ProductID, Qty, UnitPrice) VALUES (112,19,3,1129);
INSERT INTO OrderLines(OrderID, ProductID, Qty, UnitPrice) VALUES (112,6,1,611);
INSERT INTO OrderLines(OrderID, ProductID, Qty, UnitPrice) VALUES (112,47,1,852);
INSERT INTO OrderLines(OrderID, ProductID, Qty, UnitPrice) VALUES (112,10,1,979);
UPDATE [Order] SET TotalAmount=5829 WHERE OrderID=112;
INSERT INTO Payment(OrderID, PaymentDate, Amount, PaymentMethod, TransactionRef) VALUES (112,'2025-10-11',5829,'Cash','TXN419663');
INSERT INTO [Order](CustomerID, OrderDate, Status, TotalAmount) VALUES (12,'2025-01-25','Cancelled',0);
INSERT INTO OrderLines(OrderID, ProductID, Qty, UnitPrice) VALUES (113,47,3,498);
INSERT INTO OrderLines(OrderID, ProductID, Qty, UnitPrice) VALUES (113,13,2,475);
INSERT INTO OrderLines(OrderID, ProductID, Qty, UnitPrice) VALUES (113,25,1,667);
INSERT INTO OrderLines(OrderID, ProductID, Qty, UnitPrice) VALUES (113,17,3,1456);
UPDATE [Order] SET TotalAmount=7479 WHERE OrderID=113;
INSERT INTO Payment(OrderID, PaymentDate, Amount, PaymentMethod, TransactionRef) VALUES (113,'2025-01-28',7479,'Cash','TXN412704');
INSERT INTO [Order](CustomerID, OrderDate, Status, TotalAmount) VALUES (12,'2025-07-13','Shipped',0);
INSERT INTO OrderLines(OrderID, ProductID, Qty, UnitPrice) VALUES (114,30,1,748);
INSERT INTO OrderLines(OrderID, ProductID, Qty, UnitPrice) VALUES (114,34,2,1493);
INSERT INTO OrderLines(OrderID, ProductID, Qty, UnitPrice) VALUES (114,20,1,101);
INSERT INTO OrderLines(OrderID, ProductID, Qty, UnitPrice) VALUES (114,47,3,530);
UPDATE [Order] SET TotalAmount=5425 WHERE OrderID=114;
INSERT INTO Payment(OrderID, PaymentDate, Amount, PaymentMethod, TransactionRef) VALUES (114,'2025-07-16',5425,'Card','TXN940755');
INSERT INTO [Order](CustomerID, OrderDate, Status, TotalAmount) VALUES (12,'2025-06-13','Delivered',0);
INSERT INTO OrderLines(OrderID, ProductID, Qty, UnitPrice) VALUES (115,26,2,497);
INSERT INTO OrderLines(OrderID, ProductID, Qty, UnitPrice) VALUES (115,19,1,1445);
INSERT INTO OrderLines(OrderID, ProductID, Qty, UnitPrice) VALUES (115,23,3,1265);
INSERT INTO OrderLines(OrderID, ProductID, Qty, UnitPrice) VALUES (115,11,3,1065);
UPDATE [Order] SET TotalAmount=9429 WHERE OrderID=115;
INSERT INTO Payment(OrderID, PaymentDate, Amount, PaymentMethod, TransactionRef) VALUES (115,'2025-06-18',9429,'Cash','TXN615277');
INSERT INTO [Order](CustomerID, OrderDate, Status, TotalAmount) VALUES (12,'2025-02-24','Delivered',0);
INSERT INTO OrderLines(OrderID, ProductID, Qty, UnitPrice) VALUES (116,11,1,1317);
INSERT INTO OrderLines(OrderID, ProductID, Qty, UnitPrice) VALUES (116,5,2,138);
INSERT INTO OrderLines(OrderID, ProductID, Qty, UnitPrice) VALUES (116,31,1,935);
INSERT INTO OrderLines(OrderID, ProductID, Qty, UnitPrice) VALUES (116,6,2,384);
UPDATE [Order] SET TotalAmount=3296 WHERE OrderID=116;
INSERT INTO Payment(OrderID, PaymentDate, Amount, PaymentMethod, TransactionRef) VALUES (116,'2025-02-25',3296,'Card','TXN833645');
INSERT INTO [Order](CustomerID, OrderDate, Status, TotalAmount) VALUES (12,'2025-03-14','Processing',0);
INSERT INTO OrderLines(OrderID, ProductID, Qty, UnitPrice) VALUES (117,26,1,284);
INSERT INTO OrderLines(OrderID, ProductID, Qty, UnitPrice) VALUES (117,11,3,292);
INSERT INTO OrderLines(OrderID, ProductID, Qty, UnitPrice) VALUES (117,25,3,566);
INSERT INTO OrderLines(OrderID, ProductID, Qty, UnitPrice) VALUES (117,35,2,940);
UPDATE [Order] SET TotalAmount=4738 WHERE OrderID=117;
INSERT INTO Payment(OrderID, PaymentDate, Amount, PaymentMethod, TransactionRef) VALUES (117,'2025-03-17',4738,'PayPal','TXN250573');
INSERT INTO [Order](CustomerID, OrderDate, Status, TotalAmount) VALUES (12,'2025-03-13','Cancelled',0);
INSERT INTO OrderLines(OrderID, ProductID, Qty, UnitPrice) VALUES (118,19,3,716);
INSERT INTO OrderLines(OrderID, ProductID, Qty, UnitPrice) VALUES (118,1,2,326);
INSERT INTO OrderLines(OrderID, ProductID, Qty, UnitPrice) VALUES (118,49,1,427);
INSERT INTO OrderLines(OrderID, ProductID, Qty, UnitPrice) VALUES (118,40,3,615);
UPDATE [Order] SET TotalAmount=5072 WHERE OrderID=118;
INSERT INTO Payment(OrderID, PaymentDate, Amount, PaymentMethod, TransactionRef) VALUES (118,'2025-03-18',5072,'PayPal','TXN951158');
INSERT INTO [Order](CustomerID, OrderDate, Status, TotalAmount) VALUES (12,'2025-03-31','Processing',0);
INSERT INTO OrderLines(OrderID, ProductID, Qty, UnitPrice) VALUES (119,18,2,24);
INSERT INTO OrderLines(OrderID, ProductID, Qty, UnitPrice) VALUES (119,17,1,1121);
INSERT INTO OrderLines(OrderID, ProductID, Qty, UnitPrice) VALUES (119,6,2,1138);
INSERT INTO OrderLines(OrderID, ProductID, Qty, UnitPrice) VALUES (119,26,1,23);
UPDATE [Order] SET TotalAmount=3468 WHERE OrderID=119;
INSERT INTO Payment(OrderID, PaymentDate, Amount, PaymentMethod, TransactionRef) VALUES (119,'2025-04-04',3468,'Cash','TXN594447');
INSERT INTO [Order](CustomerID, OrderDate, Status, TotalAmount) VALUES (12,'2025-05-20','Processing',0);
INSERT INTO OrderLines(OrderID, ProductID, Qty, UnitPrice) VALUES (120,18,1,1134);
INSERT INTO OrderLines(OrderID, ProductID, Qty, UnitPrice) VALUES (120,43,1,1470);
INSERT INTO OrderLines(OrderID, ProductID, Qty, UnitPrice) VALUES (120,40,2,569);
INSERT INTO OrderLines(OrderID, ProductID, Qty, UnitPrice) VALUES (120,10,2,387);
UPDATE [Order] SET TotalAmount=4516 WHERE OrderID=120;
INSERT INTO Payment(OrderID, PaymentDate, Amount, PaymentMethod, TransactionRef) VALUES (120,'2025-05-24',4516,'Cash','TXN483264');
INSERT INTO [Order](CustomerID, OrderDate, Status, TotalAmount) VALUES (13,'2025-12-10','Processing',0);
INSERT INTO OrderLines(OrderID, ProductID, Qty, UnitPrice) VALUES (121,29,3,1408);
INSERT INTO OrderLines(OrderID, ProductID, Qty, UnitPrice) VALUES (121,50,2,224);
INSERT INTO OrderLines(OrderID, ProductID, Qty, UnitPrice) VALUES (121,7,2,23);
INSERT INTO OrderLines(OrderID, ProductID, Qty, UnitPrice) VALUES (121,41,3,928);
UPDATE [Order] SET TotalAmount=7502 WHERE OrderID=121;
INSERT INTO Payment(OrderID, PaymentDate, Amount, PaymentMethod, TransactionRef) VALUES (121,'2025-12-13',7502,'Cash','TXN255967');
INSERT INTO [Order](CustomerID, OrderDate, Status, TotalAmount) VALUES (13,'2025-07-16','Cancelled',0);
INSERT INTO OrderLines(OrderID, ProductID, Qty, UnitPrice) VALUES (122,12,1,174);
INSERT INTO OrderLines(OrderID, ProductID, Qty, UnitPrice) VALUES (122,26,3,758);
INSERT INTO OrderLines(OrderID, ProductID, Qty, UnitPrice) VALUES (122,44,2,882);
INSERT INTO OrderLines(OrderID, ProductID, Qty, UnitPrice) VALUES (122,3,1,1089);
UPDATE [Order] SET TotalAmount=5301 WHERE OrderID=122;
INSERT INTO Payment(OrderID, PaymentDate, Amount, PaymentMethod, TransactionRef) VALUES (122,'2025-07-16',5301,'Card','TXN398641');
INSERT INTO [Order](CustomerID, OrderDate, Status, TotalAmount) VALUES (13,'2025-02-17','Delivered',0);
INSERT INTO OrderLines(OrderID, ProductID, Qty, UnitPrice) VALUES (123,47,2,1426);
INSERT INTO OrderLines(OrderID, ProductID, Qty, UnitPrice) VALUES (123,26,1,1188);
INSERT INTO OrderLines(OrderID, ProductID, Qty, UnitPrice) VALUES (123,41,2,937);
INSERT INTO OrderLines(OrderID, ProductID, Qty, UnitPrice) VALUES (123,15,3,520);
UPDATE [Order] SET TotalAmount=7474 WHERE OrderID=123;
INSERT INTO Payment(OrderID, PaymentDate, Amount, PaymentMethod, TransactionRef) VALUES (123,'2025-02-18',7474,'Cash','TXN672868');
INSERT INTO [Order](CustomerID, OrderDate, Status, TotalAmount) VALUES (13,'2025-02-12','Delivered',0);
INSERT INTO OrderLines(OrderID, ProductID, Qty, UnitPrice) VALUES (124,21,1,1110);
INSERT INTO OrderLines(OrderID, ProductID, Qty, UnitPrice) VALUES (124,36,2,480);
INSERT INTO OrderLines(OrderID, ProductID, Qty, UnitPrice) VALUES (124,15,1,229);
INSERT INTO OrderLines(OrderID, ProductID, Qty, UnitPrice) VALUES (124,20,2,232);
UPDATE [Order] SET TotalAmount=2763 WHERE OrderID=124;
INSERT INTO Payment(OrderID, PaymentDate, Amount, PaymentMethod, TransactionRef) VALUES (124,'2025-02-12',2763,'Card','TXN845636');
INSERT INTO [Order](CustomerID, OrderDate, Status, TotalAmount) VALUES (13,'2025-07-05','Cancelled',0);
INSERT INTO OrderLines(OrderID, ProductID, Qty, UnitPrice) VALUES (125,2,2,990);
INSERT INTO OrderLines(OrderID, ProductID, Qty, UnitPrice) VALUES (125,10,1,1413);
INSERT INTO OrderLines(OrderID, ProductID, Qty, UnitPrice) VALUES (125,28,2,416);
INSERT INTO OrderLines(OrderID, ProductID, Qty, UnitPrice) VALUES (125,38,3,274);
UPDATE [Order] SET TotalAmount=5047 WHERE OrderID=125;
INSERT INTO Payment(OrderID, PaymentDate, Amount, PaymentMethod, TransactionRef) VALUES (125,'2025-07-05',5047,'Card','TXN569700');
INSERT INTO [Order](CustomerID, OrderDate, Status, TotalAmount) VALUES (13,'2025-06-24','Delivered',0);
INSERT INTO OrderLines(OrderID, ProductID, Qty, UnitPrice) VALUES (126,31,2,1224);
INSERT INTO OrderLines(OrderID, ProductID, Qty, UnitPrice) VALUES (126,10,1,606);
INSERT INTO OrderLines(OrderID, ProductID, Qty, UnitPrice) VALUES (126,27,2,62);
INSERT INTO OrderLines(OrderID, ProductID, Qty, UnitPrice) VALUES (126,5,1,943);
UPDATE [Order] SET TotalAmount=4121 WHERE OrderID=126;
INSERT INTO Payment(OrderID, PaymentDate, Amount, PaymentMethod, TransactionRef) VALUES (126,'2025-06-24',4121,'Cash','TXN488784');
INSERT INTO [Order](CustomerID, OrderDate, Status, TotalAmount) VALUES (13,'2025-07-29','Shipped',0);
INSERT INTO OrderLines(OrderID, ProductID, Qty, UnitPrice) VALUES (127,9,1,412);
INSERT INTO OrderLines(OrderID, ProductID, Qty, UnitPrice) VALUES (127,38,2,210);
INSERT INTO OrderLines(OrderID, ProductID, Qty, UnitPrice) VALUES (127,28,3,811);
INSERT INTO OrderLines(OrderID, ProductID, Qty, UnitPrice) VALUES (127,36,1,1287);
UPDATE [Order] SET TotalAmount=4552 WHERE OrderID=127;
INSERT INTO Payment(OrderID, PaymentDate, Amount, PaymentMethod, TransactionRef) VALUES (127,'2025-08-01',4552,'Cash','TXN407350');
INSERT INTO [Order](CustomerID, OrderDate, Status, TotalAmount) VALUES (13,'2025-06-19','Cancelled',0);
INSERT INTO OrderLines(OrderID, ProductID, Qty, UnitPrice) VALUES (128,35,2,1183);
INSERT INTO OrderLines(OrderID, ProductID, Qty, UnitPrice) VALUES (128,5,3,1496);
INSERT INTO OrderLines(OrderID, ProductID, Qty, UnitPrice) VALUES (128,18,1,597);
INSERT INTO OrderLines(OrderID, ProductID, Qty, UnitPrice) VALUES (128,35,3,1025);
UPDATE [Order] SET TotalAmount=10526 WHERE OrderID=128;
INSERT INTO Payment(OrderID, PaymentDate, Amount, PaymentMethod, TransactionRef) VALUES (128,'2025-06-20',10526,'PayPal','TXN870278');
INSERT INTO [Order](CustomerID, OrderDate, Status, TotalAmount) VALUES (13,'2025-01-20','Delivered',0);
INSERT INTO OrderLines(OrderID, ProductID, Qty, UnitPrice) VALUES (129,20,1,1074);
INSERT INTO OrderLines(OrderID, ProductID, Qty, UnitPrice) VALUES (129,33,2,760);
INSERT INTO OrderLines(OrderID, ProductID, Qty, UnitPrice) VALUES (129,41,1,1386);
INSERT INTO OrderLines(OrderID, ProductID, Qty, UnitPrice) VALUES (129,16,2,423);
UPDATE [Order] SET TotalAmount=4826 WHERE OrderID=129;
INSERT INTO Payment(OrderID, PaymentDate, Amount, PaymentMethod, TransactionRef) VALUES (129,'2025-01-21',4826,'PayPal','TXN901368');
INSERT INTO [Order](CustomerID, OrderDate, Status, TotalAmount) VALUES (13,'2025-03-29','Delivered',0);
INSERT INTO OrderLines(OrderID, ProductID, Qty, UnitPrice) VALUES (130,39,2,24);
INSERT INTO OrderLines(OrderID, ProductID, Qty, UnitPrice) VALUES (130,5,2,1236);
INSERT INTO OrderLines(OrderID, ProductID, Qty, UnitPrice) VALUES (130,37,2,1485);
INSERT INTO OrderLines(OrderID, ProductID, Qty, UnitPrice) VALUES (130,39,1,347);
UPDATE [Order] SET TotalAmount=5837 WHERE OrderID=130;
INSERT INTO Payment(OrderID, PaymentDate, Amount, PaymentMethod, TransactionRef) VALUES (130,'2025-04-01',5837,'Cash','TXN738478');
INSERT INTO [Order](CustomerID, OrderDate, Status, TotalAmount) VALUES (14,'2025-10-17','Delivered',0);
INSERT INTO OrderLines(OrderID, ProductID, Qty, UnitPrice) VALUES (131,16,1,272);
INSERT INTO OrderLines(OrderID, ProductID, Qty, UnitPrice) VALUES (131,45,3,456);
INSERT INTO OrderLines(OrderID, ProductID, Qty, UnitPrice) VALUES (131,8,1,956);
INSERT INTO OrderLines(OrderID, ProductID, Qty, UnitPrice) VALUES (131,1,2,988);
UPDATE [Order] SET TotalAmount=4572 WHERE OrderID=131;
INSERT INTO Payment(OrderID, PaymentDate, Amount, PaymentMethod, TransactionRef) VALUES (131,'2025-10-19',4572,'Card','TXN500789');
INSERT INTO [Order](CustomerID, OrderDate, Status, TotalAmount) VALUES (14,'2025-11-27','Processing',0);
INSERT INTO OrderLines(OrderID, ProductID, Qty, UnitPrice) VALUES (132,41,1,786);
INSERT INTO OrderLines(OrderID, ProductID, Qty, UnitPrice) VALUES (132,45,1,1057);
INSERT INTO OrderLines(OrderID, ProductID, Qty, UnitPrice) VALUES (132,1,2,143);
INSERT INTO OrderLines(OrderID, ProductID, Qty, UnitPrice) VALUES (132,23,1,494);
UPDATE [Order] SET TotalAmount=2623 WHERE OrderID=132;
INSERT INTO Payment(OrderID, PaymentDate, Amount, PaymentMethod, TransactionRef) VALUES (132,'2025-11-30',2623,'Cash','TXN540105');
INSERT INTO [Order](CustomerID, OrderDate, Status, TotalAmount) VALUES (14,'2025-03-13','Shipped',0);
INSERT INTO OrderLines(OrderID, ProductID, Qty, UnitPrice) VALUES (133,37,3,377);
INSERT INTO OrderLines(OrderID, ProductID, Qty, UnitPrice) VALUES (133,8,1,555);
INSERT INTO OrderLines(OrderID, ProductID, Qty, UnitPrice) VALUES (133,23,2,1234);
INSERT INTO OrderLines(OrderID, ProductID, Qty, UnitPrice) VALUES (133,26,2,770);
UPDATE [Order] SET TotalAmount=5694 WHERE OrderID=133;
INSERT INTO Payment(OrderID, PaymentDate, Amount, PaymentMethod, TransactionRef) VALUES (133,'2025-03-15',5694,'Cash','TXN160242');
INSERT INTO [Order](CustomerID, OrderDate, Status, TotalAmount) VALUES (14,'2025-07-25','Processing',0);
INSERT INTO OrderLines(OrderID, ProductID, Qty, UnitPrice) VALUES (134,48,3,1087);
INSERT INTO OrderLines(OrderID, ProductID, Qty, UnitPrice) VALUES (134,28,2,1040);
INSERT INTO OrderLines(OrderID, ProductID, Qty, UnitPrice) VALUES (134,23,1,453);
INSERT INTO OrderLines(OrderID, ProductID, Qty, UnitPrice) VALUES (134,3,2,1487);
UPDATE [Order] SET TotalAmount=8768 WHERE OrderID=134;
INSERT INTO Payment(OrderID, PaymentDate, Amount, PaymentMethod, TransactionRef) VALUES (134,'2025-07-28',8768,'Card','TXN913019');
INSERT INTO [Order](CustomerID, OrderDate, Status, TotalAmount) VALUES (14,'2025-05-20','Delivered',0);
INSERT INTO OrderLines(OrderID, ProductID, Qty, UnitPrice) VALUES (135,33,3,1109);
INSERT INTO OrderLines(OrderID, ProductID, Qty, UnitPrice) VALUES (135,41,3,154);
INSERT INTO OrderLines(OrderID, ProductID, Qty, UnitPrice) VALUES (135,44,1,371);
INSERT INTO OrderLines(OrderID, ProductID, Qty, UnitPrice) VALUES (135,50,1,1351);
UPDATE [Order] SET TotalAmount=5511 WHERE OrderID=135;
INSERT INTO Payment(OrderID, PaymentDate, Amount, PaymentMethod, TransactionRef) VALUES (135,'2025-05-24',5511,'PayPal','TXN143479');
INSERT INTO [Order](CustomerID, OrderDate, Status, TotalAmount) VALUES (14,'2025-12-21','Delivered',0);
INSERT INTO OrderLines(OrderID, ProductID, Qty, UnitPrice) VALUES (136,34,3,1317);
INSERT INTO OrderLines(OrderID, ProductID, Qty, UnitPrice) VALUES (136,2,1,693);
INSERT INTO OrderLines(OrderID, ProductID, Qty, UnitPrice) VALUES (136,6,2,1170);
INSERT INTO OrderLines(OrderID, ProductID, Qty, UnitPrice) VALUES (136,37,1,325);
UPDATE [Order] SET TotalAmount=7309 WHERE OrderID=136;
INSERT INTO Payment(OrderID, PaymentDate, Amount, PaymentMethod, TransactionRef) VALUES (136,'2025-12-25',7309,'PayPal','TXN420216');
INSERT INTO [Order](CustomerID, OrderDate, Status, TotalAmount) VALUES (14,'2025-09-12','Delivered',0);
INSERT INTO OrderLines(OrderID, ProductID, Qty, UnitPrice) VALUES (137,47,2,623);
INSERT INTO OrderLines(OrderID, ProductID, Qty, UnitPrice) VALUES (137,42,2,365);
INSERT INTO OrderLines(OrderID, ProductID, Qty, UnitPrice) VALUES (137,48,3,1087);
INSERT INTO OrderLines(OrderID, ProductID, Qty, UnitPrice) VALUES (137,15,3,1141);
UPDATE [Order] SET TotalAmount=8660 WHERE OrderID=137;
INSERT INTO Payment(OrderID, PaymentDate, Amount, PaymentMethod, TransactionRef) VALUES (137,'2025-09-12',8660,'Card','TXN312232');
INSERT INTO [Order](CustomerID, OrderDate, Status, TotalAmount) VALUES (14,'2025-01-10','Delivered',0);
INSERT INTO OrderLines(OrderID, ProductID, Qty, UnitPrice) VALUES (138,32,2,1026);
INSERT INTO OrderLines(OrderID, ProductID, Qty, UnitPrice) VALUES (138,10,1,1126);
INSERT INTO OrderLines(OrderID, ProductID, Qty, UnitPrice) VALUES (138,14,3,773);
INSERT INTO OrderLines(OrderID, ProductID, Qty, UnitPrice) VALUES (138,1,3,394);
UPDATE [Order] SET TotalAmount=6679 WHERE OrderID=138;
INSERT INTO Payment(OrderID, PaymentDate, Amount, PaymentMethod, TransactionRef) VALUES (138,'2025-01-13',6679,'Card','TXN175283');
INSERT INTO [Order](CustomerID, OrderDate, Status, TotalAmount) VALUES (14,'2025-12-11','Delivered',0);
INSERT INTO OrderLines(OrderID, ProductID, Qty, UnitPrice) VALUES (139,26,1,102);
INSERT INTO OrderLines(OrderID, ProductID, Qty, UnitPrice) VALUES (139,24,2,736);
INSERT INTO OrderLines(OrderID, ProductID, Qty, UnitPrice) VALUES (139,47,1,1459);
INSERT INTO OrderLines(OrderID, ProductID, Qty, UnitPrice) VALUES (139,5,3,555);
UPDATE [Order] SET TotalAmount=4698 WHERE OrderID=139;
INSERT INTO Payment(OrderID, PaymentDate, Amount, PaymentMethod, TransactionRef) VALUES (139,'2025-12-12',4698,'Cash','TXN629128');
INSERT INTO [Order](CustomerID, OrderDate, Status, TotalAmount) VALUES (14,'2025-08-06','Delivered',0);
INSERT INTO OrderLines(OrderID, ProductID, Qty, UnitPrice) VALUES (140,41,1,617);
INSERT INTO OrderLines(OrderID, ProductID, Qty, UnitPrice) VALUES (140,28,1,1236);
INSERT INTO OrderLines(OrderID, ProductID, Qty, UnitPrice) VALUES (140,24,2,600);
INSERT INTO OrderLines(OrderID, ProductID, Qty, UnitPrice) VALUES (140,40,3,1475);
UPDATE [Order] SET TotalAmount=7478 WHERE OrderID=140;
INSERT INTO Payment(OrderID, PaymentDate, Amount, PaymentMethod, TransactionRef) VALUES (140,'2025-08-08',7478,'Card','TXN261259');
INSERT INTO [Order](CustomerID, OrderDate, Status, TotalAmount) VALUES (15,'2025-09-12','Cancelled',0);
INSERT INTO OrderLines(OrderID, ProductID, Qty, UnitPrice) VALUES (141,47,3,80);
INSERT INTO OrderLines(OrderID, ProductID, Qty, UnitPrice) VALUES (141,43,2,1203);
INSERT INTO OrderLines(OrderID, ProductID, Qty, UnitPrice) VALUES (141,28,2,586);
INSERT INTO OrderLines(OrderID, ProductID, Qty, UnitPrice) VALUES (141,41,2,571);
UPDATE [Order] SET TotalAmount=4960 WHERE OrderID=141;
INSERT INTO Payment(OrderID, PaymentDate, Amount, PaymentMethod, TransactionRef) VALUES (141,'2025-09-14',4960,'Card','TXN564931');
INSERT INTO [Order](CustomerID, OrderDate, Status, TotalAmount) VALUES (15,'2025-08-23','Cancelled',0);
INSERT INTO OrderLines(OrderID, ProductID, Qty, UnitPrice) VALUES (142,44,3,918);
INSERT INTO OrderLines(OrderID, ProductID, Qty, UnitPrice) VALUES (142,44,1,91);
INSERT INTO OrderLines(OrderID, ProductID, Qty, UnitPrice) VALUES (142,41,3,1200);
INSERT INTO OrderLines(OrderID, ProductID, Qty, UnitPrice) VALUES (142,29,3,592);
UPDATE [Order] SET TotalAmount=8221 WHERE OrderID=142;
INSERT INTO Payment(OrderID, PaymentDate, Amount, PaymentMethod, TransactionRef) VALUES (142,'2025-08-25',8221,'Card','TXN542706');
INSERT INTO [Order](CustomerID, OrderDate, Status, TotalAmount) VALUES (15,'2025-01-05','Cancelled',0);
INSERT INTO OrderLines(OrderID, ProductID, Qty, UnitPrice) VALUES (143,14,3,1440);
INSERT INTO OrderLines(OrderID, ProductID, Qty, UnitPrice) VALUES (143,5,3,972);
INSERT INTO OrderLines(OrderID, ProductID, Qty, UnitPrice) VALUES (143,21,3,1036);
INSERT INTO OrderLines(OrderID, ProductID, Qty, UnitPrice) VALUES (143,12,3,1258);
UPDATE [Order] SET TotalAmount=14118 WHERE OrderID=143;
INSERT INTO Payment(OrderID, PaymentDate, Amount, PaymentMethod, TransactionRef) VALUES (143,'2025-01-07',14118,'Card','TXN619049');
INSERT INTO [Order](CustomerID, OrderDate, Status, TotalAmount) VALUES (15,'2025-07-18','Processing',0);
INSERT INTO OrderLines(OrderID, ProductID, Qty, UnitPrice) VALUES (144,2,1,348);
INSERT INTO OrderLines(OrderID, ProductID, Qty, UnitPrice) VALUES (144,44,1,75);
INSERT INTO OrderLines(OrderID, ProductID, Qty, UnitPrice) VALUES (144,41,1,187);
INSERT INTO OrderLines(OrderID, ProductID, Qty, UnitPrice) VALUES (144,19,1,1150);
UPDATE [Order] SET TotalAmount=1760 WHERE OrderID=144;
INSERT INTO Payment(OrderID, PaymentDate, Amount, PaymentMethod, TransactionRef) VALUES (144,'2025-07-18',1760,'Card','TXN356771');
INSERT INTO [Order](CustomerID, OrderDate, Status, TotalAmount) VALUES (15,'2025-03-02','Cancelled',0);
INSERT INTO OrderLines(OrderID, ProductID, Qty, UnitPrice) VALUES (145,32,1,1261);
INSERT INTO OrderLines(OrderID, ProductID, Qty, UnitPrice) VALUES (145,18,1,689);
INSERT INTO OrderLines(OrderID, ProductID, Qty, UnitPrice) VALUES (145,36,3,1211);
INSERT INTO OrderLines(OrderID, ProductID, Qty, UnitPrice) VALUES (145,10,1,954);
UPDATE [Order] SET TotalAmount=6537 WHERE OrderID=145;
INSERT INTO Payment(OrderID, PaymentDate, Amount, PaymentMethod, TransactionRef) VALUES (145,'2025-03-06',6537,'Card','TXN897023');
INSERT INTO [Order](CustomerID, OrderDate, Status, TotalAmount) VALUES (15,'2025-03-10','Shipped',0);
INSERT INTO OrderLines(OrderID, ProductID, Qty, UnitPrice) VALUES (146,31,3,860);
INSERT INTO OrderLines(OrderID, ProductID, Qty, UnitPrice) VALUES (146,9,3,1432);
INSERT INTO OrderLines(OrderID, ProductID, Qty, UnitPrice) VALUES (146,46,2,620);
INSERT INTO OrderLines(OrderID, ProductID, Qty, UnitPrice) VALUES (146,26,3,1093);
UPDATE [Order] SET TotalAmount=11395 WHERE OrderID=146;
INSERT INTO Payment(OrderID, PaymentDate, Amount, PaymentMethod, TransactionRef) VALUES (146,'2025-03-11',11395,'Cash','TXN428700');
INSERT INTO [Order](CustomerID, OrderDate, Status, TotalAmount) VALUES (15,'2025-11-23','Cancelled',0);
INSERT INTO OrderLines(OrderID, ProductID, Qty, UnitPrice) VALUES (147,46,2,554);
INSERT INTO OrderLines(OrderID, ProductID, Qty, UnitPrice) VALUES (147,49,1,1087);
INSERT INTO OrderLines(OrderID, ProductID, Qty, UnitPrice) VALUES (147,44,3,1001);
INSERT INTO OrderLines(OrderID, ProductID, Qty, UnitPrice) VALUES (147,22,1,692);
UPDATE [Order] SET TotalAmount=5890 WHERE OrderID=147;
INSERT INTO Payment(OrderID, PaymentDate, Amount, PaymentMethod, TransactionRef) VALUES (147,'2025-11-27',5890,'PayPal','TXN142245');
INSERT INTO [Order](CustomerID, OrderDate, Status, TotalAmount) VALUES (15,'2025-01-29','Shipped',0);
INSERT INTO OrderLines(OrderID, ProductID, Qty, UnitPrice) VALUES (148,41,3,1134);
INSERT INTO OrderLines(OrderID, ProductID, Qty, UnitPrice) VALUES (148,37,2,1438);
INSERT INTO OrderLines(OrderID, ProductID, Qty, UnitPrice) VALUES (148,39,2,575);
INSERT INTO OrderLines(OrderID, ProductID, Qty, UnitPrice) VALUES (148,27,3,543);
UPDATE [Order] SET TotalAmount=9057 WHERE OrderID=148;
INSERT INTO Payment(OrderID, PaymentDate, Amount, PaymentMethod, TransactionRef) VALUES (148,'2025-01-29',9057,'PayPal','TXN442934');
INSERT INTO [Order](CustomerID, OrderDate, Status, TotalAmount) VALUES (15,'2025-04-28','Processing',0);
INSERT INTO OrderLines(OrderID, ProductID, Qty, UnitPrice) VALUES (149,2,1,1265);
INSERT INTO OrderLines(OrderID, ProductID, Qty, UnitPrice) VALUES (149,10,2,1031);
INSERT INTO OrderLines(OrderID, ProductID, Qty, UnitPrice) VALUES (149,40,1,249);
INSERT INTO OrderLines(OrderID, ProductID, Qty, UnitPrice) VALUES (149,3,2,1082);
UPDATE [Order] SET TotalAmount=5740 WHERE OrderID=149;
INSERT INTO Payment(OrderID, PaymentDate, Amount, PaymentMethod, TransactionRef) VALUES (149,'2025-05-03',5740,'Card','TXN899699');
INSERT INTO [Order](CustomerID, OrderDate, Status, TotalAmount) VALUES (15,'2025-03-24','Processing',0);
INSERT INTO OrderLines(OrderID, ProductID, Qty, UnitPrice) VALUES (150,42,3,466);
INSERT INTO OrderLines(OrderID, ProductID, Qty, UnitPrice) VALUES (150,19,3,416);
INSERT INTO OrderLines(OrderID, ProductID, Qty, UnitPrice) VALUES (150,42,1,820);
INSERT INTO OrderLines(OrderID, ProductID, Qty, UnitPrice) VALUES (150,15,1,414);
UPDATE [Order] SET TotalAmount=3880 WHERE OrderID=150;
INSERT INTO Payment(OrderID, PaymentDate, Amount, PaymentMethod, TransactionRef) VALUES (150,'2025-03-25',3880,'Card','TXN838077');
INSERT INTO [Order](CustomerID, OrderDate, Status, TotalAmount) VALUES (16,'2025-01-02','Delivered',0);
INSERT INTO OrderLines(OrderID, ProductID, Qty, UnitPrice) VALUES (151,41,3,1292);
INSERT INTO OrderLines(OrderID, ProductID, Qty, UnitPrice) VALUES (151,10,3,113);
INSERT INTO OrderLines(OrderID, ProductID, Qty, UnitPrice) VALUES (151,43,1,639);
INSERT INTO OrderLines(OrderID, ProductID, Qty, UnitPrice) VALUES (151,6,3,1483);
UPDATE [Order] SET TotalAmount=9303 WHERE OrderID=151;
INSERT INTO Payment(OrderID, PaymentDate, Amount, PaymentMethod, TransactionRef) VALUES (151,'2025-01-02',9303,'Cash','TXN739028');
INSERT INTO [Order](CustomerID, OrderDate, Status, TotalAmount) VALUES (16,'2025-02-27','Processing',0);
INSERT INTO OrderLines(OrderID, ProductID, Qty, UnitPrice) VALUES (152,3,3,1067);
INSERT INTO OrderLines(OrderID, ProductID, Qty, UnitPrice) VALUES (152,34,1,937);
INSERT INTO OrderLines(OrderID, ProductID, Qty, UnitPrice) VALUES (152,44,2,371);
INSERT INTO OrderLines(OrderID, ProductID, Qty, UnitPrice) VALUES (152,46,2,1004);
UPDATE [Order] SET TotalAmount=6888 WHERE OrderID=152;
INSERT INTO Payment(OrderID, PaymentDate, Amount, PaymentMethod, TransactionRef) VALUES (152,'2025-03-04',6888,'PayPal','TXN633560');
INSERT INTO [Order](CustomerID, OrderDate, Status, TotalAmount) VALUES (16,'2025-01-10','Shipped',0);
INSERT INTO OrderLines(OrderID, ProductID, Qty, UnitPrice) VALUES (153,23,2,546);
INSERT INTO OrderLines(OrderID, ProductID, Qty, UnitPrice) VALUES (153,18,1,965);
INSERT INTO OrderLines(OrderID, ProductID, Qty, UnitPrice) VALUES (153,26,2,305);
INSERT INTO OrderLines(OrderID, ProductID, Qty, UnitPrice) VALUES (153,34,3,611);
UPDATE [Order] SET TotalAmount=4500 WHERE OrderID=153;
INSERT INTO Payment(OrderID, PaymentDate, Amount, PaymentMethod, TransactionRef) VALUES (153,'2025-01-10',4500,'Card','TXN805898');
INSERT INTO [Order](CustomerID, OrderDate, Status, TotalAmount) VALUES (16,'2025-04-25','Cancelled',0);
INSERT INTO OrderLines(OrderID, ProductID, Qty, UnitPrice) VALUES (154,36,2,619);
INSERT INTO OrderLines(OrderID, ProductID, Qty, UnitPrice) VALUES (154,40,1,570);
INSERT INTO OrderLines(OrderID, ProductID, Qty, UnitPrice) VALUES (154,7,1,1150);
INSERT INTO OrderLines(OrderID, ProductID, Qty, UnitPrice) VALUES (154,11,1,613);
UPDATE [Order] SET TotalAmount=3571 WHERE OrderID=154;
INSERT INTO Payment(OrderID, PaymentDate, Amount, PaymentMethod, TransactionRef) VALUES (154,'2025-04-26',3571,'Card','TXN576440');
INSERT INTO [Order](CustomerID, OrderDate, Status, TotalAmount) VALUES (16,'2025-09-14','Cancelled',0);
INSERT INTO OrderLines(OrderID, ProductID, Qty, UnitPrice) VALUES (155,12,3,1035);
INSERT INTO OrderLines(OrderID, ProductID, Qty, UnitPrice) VALUES (155,24,1,1498);
INSERT INTO OrderLines(OrderID, ProductID, Qty, UnitPrice) VALUES (155,24,3,281);
INSERT INTO OrderLines(OrderID, ProductID, Qty, UnitPrice) VALUES (155,48,3,386);
UPDATE [Order] SET TotalAmount=6604 WHERE OrderID=155;
INSERT INTO Payment(OrderID, PaymentDate, Amount, PaymentMethod, TransactionRef) VALUES (155,'2025-09-14',6604,'Card','TXN115125');
INSERT INTO [Order](CustomerID, OrderDate, Status, TotalAmount) VALUES (16,'2025-12-17','Delivered',0);
INSERT INTO OrderLines(OrderID, ProductID, Qty, UnitPrice) VALUES (156,20,3,1222);
INSERT INTO OrderLines(OrderID, ProductID, Qty, UnitPrice) VALUES (156,40,1,1291);
INSERT INTO OrderLines(OrderID, ProductID, Qty, UnitPrice) VALUES (156,28,3,586);
INSERT INTO OrderLines(OrderID, ProductID, Qty, UnitPrice) VALUES (156,42,3,40);
UPDATE [Order] SET TotalAmount=6835 WHERE OrderID=156;
INSERT INTO Payment(OrderID, PaymentDate, Amount, PaymentMethod, TransactionRef) VALUES (156,'2025-12-20',6835,'PayPal','TXN596028');
INSERT INTO [Order](CustomerID, OrderDate, Status, TotalAmount) VALUES (16,'2025-07-03','Delivered',0);
INSERT INTO OrderLines(OrderID, ProductID, Qty, UnitPrice) VALUES (157,22,2,477);
INSERT INTO OrderLines(OrderID, ProductID, Qty, UnitPrice) VALUES (157,29,1,1431);
INSERT INTO OrderLines(OrderID, ProductID, Qty, UnitPrice) VALUES (157,48,1,283);
INSERT INTO OrderLines(OrderID, ProductID, Qty, UnitPrice) VALUES (157,29,2,515);
UPDATE [Order] SET TotalAmount=3698 WHERE OrderID=157;
INSERT INTO Payment(OrderID, PaymentDate, Amount, PaymentMethod, TransactionRef) VALUES (157,'2025-07-06',3698,'PayPal','TXN972373');
INSERT INTO [Order](CustomerID, OrderDate, Status, TotalAmount) VALUES (16,'2025-11-17','Cancelled',0);
INSERT INTO OrderLines(OrderID, ProductID, Qty, UnitPrice) VALUES (158,37,3,681);
INSERT INTO OrderLines(OrderID, ProductID, Qty, UnitPrice) VALUES (158,26,1,1279);
INSERT INTO OrderLines(OrderID, ProductID, Qty, UnitPrice) VALUES (158,24,1,857);
INSERT INTO OrderLines(OrderID, ProductID, Qty, UnitPrice) VALUES (158,20,3,1053);
UPDATE [Order] SET TotalAmount=7338 WHERE OrderID=158;
INSERT INTO Payment(OrderID, PaymentDate, Amount, PaymentMethod, TransactionRef) VALUES (158,'2025-11-19',7338,'Cash','TXN642889');
INSERT INTO [Order](CustomerID, OrderDate, Status, TotalAmount) VALUES (16,'2025-11-20','Delivered',0);
INSERT INTO OrderLines(OrderID, ProductID, Qty, UnitPrice) VALUES (159,48,3,1464);
INSERT INTO OrderLines(OrderID, ProductID, Qty, UnitPrice) VALUES (159,6,3,169);
INSERT INTO OrderLines(OrderID, ProductID, Qty, UnitPrice) VALUES (159,16,2,1273);
INSERT INTO OrderLines(OrderID, ProductID, Qty, UnitPrice) VALUES (159,37,1,1230);
UPDATE [Order] SET TotalAmount=8675 WHERE OrderID=159;
INSERT INTO Payment(OrderID, PaymentDate, Amount, PaymentMethod, TransactionRef) VALUES (159,'2025-11-25',8675,'Cash','TXN302491');
INSERT INTO [Order](CustomerID, OrderDate, Status, TotalAmount) VALUES (16,'2025-08-14','Processing',0);
INSERT INTO OrderLines(OrderID, ProductID, Qty, UnitPrice) VALUES (160,50,2,609);
INSERT INTO OrderLines(OrderID, ProductID, Qty, UnitPrice) VALUES (160,48,2,1396);
INSERT INTO OrderLines(OrderID, ProductID, Qty, UnitPrice) VALUES (160,19,1,1041);
INSERT INTO OrderLines(OrderID, ProductID, Qty, UnitPrice) VALUES (160,1,2,480);
UPDATE [Order] SET TotalAmount=6011 WHERE OrderID=160;
INSERT INTO Payment(OrderID, PaymentDate, Amount, PaymentMethod, TransactionRef) VALUES (160,'2025-08-17',6011,'Cash','TXN595290');
INSERT INTO [Order](CustomerID, OrderDate, Status, TotalAmount) VALUES (17,'2025-01-31','Shipped',0);
INSERT INTO OrderLines(OrderID, ProductID, Qty, UnitPrice) VALUES (161,13,3,706);
INSERT INTO OrderLines(OrderID, ProductID, Qty, UnitPrice) VALUES (161,39,1,459);
INSERT INTO OrderLines(OrderID, ProductID, Qty, UnitPrice) VALUES (161,32,2,794);
INSERT INTO OrderLines(OrderID, ProductID, Qty, UnitPrice) VALUES (161,18,2,799);
UPDATE [Order] SET TotalAmount=5763 WHERE OrderID=161;
INSERT INTO Payment(OrderID, PaymentDate, Amount, PaymentMethod, TransactionRef) VALUES (161,'2025-02-02',5763,'Cash','TXN730844');
INSERT INTO [Order](CustomerID, OrderDate, Status, TotalAmount) VALUES (17,'2025-11-21','Shipped',0);
INSERT INTO OrderLines(OrderID, ProductID, Qty, UnitPrice) VALUES (162,14,1,643);
INSERT INTO OrderLines(OrderID, ProductID, Qty, UnitPrice) VALUES (162,15,3,846);
INSERT INTO OrderLines(OrderID, ProductID, Qty, UnitPrice) VALUES (162,38,1,1455);
INSERT INTO OrderLines(OrderID, ProductID, Qty, UnitPrice) VALUES (162,21,1,749);
UPDATE [Order] SET TotalAmount=5385 WHERE OrderID=162;
INSERT INTO Payment(OrderID, PaymentDate, Amount, PaymentMethod, TransactionRef) VALUES (162,'2025-11-25',5385,'PayPal','TXN325972');
INSERT INTO [Order](CustomerID, OrderDate, Status, TotalAmount) VALUES (17,'2025-07-02','Cancelled',0);
INSERT INTO OrderLines(OrderID, ProductID, Qty, UnitPrice) VALUES (163,49,2,565);
INSERT INTO OrderLines(OrderID, ProductID, Qty, UnitPrice) VALUES (163,41,2,1280);
INSERT INTO OrderLines(OrderID, ProductID, Qty, UnitPrice) VALUES (163,36,3,682);
INSERT INTO OrderLines(OrderID, ProductID, Qty, UnitPrice) VALUES (163,38,3,1206);
UPDATE [Order] SET TotalAmount=9354 WHERE OrderID=163;
INSERT INTO Payment(OrderID, PaymentDate, Amount, PaymentMethod, TransactionRef) VALUES (163,'2025-07-03',9354,'Cash','TXN564711');
INSERT INTO [Order](CustomerID, OrderDate, Status, TotalAmount) VALUES (17,'2025-10-29','Shipped',0);
INSERT INTO OrderLines(OrderID, ProductID, Qty, UnitPrice) VALUES (164,27,3,917);
INSERT INTO OrderLines(OrderID, ProductID, Qty, UnitPrice) VALUES (164,41,1,1179);
INSERT INTO OrderLines(OrderID, ProductID, Qty, UnitPrice) VALUES (164,8,1,71);
INSERT INTO OrderLines(OrderID, ProductID, Qty, UnitPrice) VALUES (164,3,2,1211);
UPDATE [Order] SET TotalAmount=6423 WHERE OrderID=164;
INSERT INTO Payment(OrderID, PaymentDate, Amount, PaymentMethod, TransactionRef) VALUES (164,'2025-10-31',6423,'Cash','TXN253928');
INSERT INTO [Order](CustomerID, OrderDate, Status, TotalAmount) VALUES (17,'2025-02-16','Processing',0);
INSERT INTO OrderLines(OrderID, ProductID, Qty, UnitPrice) VALUES (165,33,1,947);
INSERT INTO OrderLines(OrderID, ProductID, Qty, UnitPrice) VALUES (165,8,3,598);
INSERT INTO OrderLines(OrderID, ProductID, Qty, UnitPrice) VALUES (165,26,3,999);
INSERT INTO OrderLines(OrderID, ProductID, Qty, UnitPrice) VALUES (165,32,1,966);
UPDATE [Order] SET TotalAmount=6704 WHERE OrderID=165;
INSERT INTO Payment(OrderID, PaymentDate, Amount, PaymentMethod, TransactionRef) VALUES (165,'2025-02-20',6704,'PayPal','TXN667195');
INSERT INTO [Order](CustomerID, OrderDate, Status, TotalAmount) VALUES (17,'2025-06-26','Processing',0);
INSERT INTO OrderLines(OrderID, ProductID, Qty, UnitPrice) VALUES (166,46,2,434);
INSERT INTO OrderLines(OrderID, ProductID, Qty, UnitPrice) VALUES (166,35,1,575);
INSERT INTO OrderLines(OrderID, ProductID, Qty, UnitPrice) VALUES (166,29,3,1083);
INSERT INTO OrderLines(OrderID, ProductID, Qty, UnitPrice) VALUES (166,26,1,693);
UPDATE [Order] SET TotalAmount=5385 WHERE OrderID=166;
INSERT INTO Payment(OrderID, PaymentDate, Amount, PaymentMethod, TransactionRef) VALUES (166,'2025-06-27',5385,'Card','TXN316655');
INSERT INTO [Order](CustomerID, OrderDate, Status, TotalAmount) VALUES (17,'2025-08-21','Processing',0);
INSERT INTO OrderLines(OrderID, ProductID, Qty, UnitPrice) VALUES (167,45,1,1040);
INSERT INTO OrderLines(OrderID, ProductID, Qty, UnitPrice) VALUES (167,29,1,386);
INSERT INTO OrderLines(OrderID, ProductID, Qty, UnitPrice) VALUES (167,21,3,779);
INSERT INTO OrderLines(OrderID, ProductID, Qty, UnitPrice) VALUES (167,15,3,521);
UPDATE [Order] SET TotalAmount=5326 WHERE OrderID=167;
INSERT INTO Payment(OrderID, PaymentDate, Amount, PaymentMethod, TransactionRef) VALUES (167,'2025-08-23',5326,'Cash','TXN701496');
INSERT INTO [Order](CustomerID, OrderDate, Status, TotalAmount) VALUES (17,'2025-05-13','Processing',0);
INSERT INTO OrderLines(OrderID, ProductID, Qty, UnitPrice) VALUES (168,14,2,903);
INSERT INTO OrderLines(OrderID, ProductID, Qty, UnitPrice) VALUES (168,9,1,74);
INSERT INTO OrderLines(OrderID, ProductID, Qty, UnitPrice) VALUES (168,47,2,1394);
INSERT INTO OrderLines(OrderID, ProductID, Qty, UnitPrice) VALUES (168,50,1,117);
UPDATE [Order] SET TotalAmount=4785 WHERE OrderID=168;
INSERT INTO Payment(OrderID, PaymentDate, Amount, PaymentMethod, TransactionRef) VALUES (168,'2025-05-14',4785,'PayPal','TXN115402');
INSERT INTO [Order](CustomerID, OrderDate, Status, TotalAmount) VALUES (17,'2025-02-21','Cancelled',0);
INSERT INTO OrderLines(OrderID, ProductID, Qty, UnitPrice) VALUES (169,20,1,1443);
INSERT INTO OrderLines(OrderID, ProductID, Qty, UnitPrice) VALUES (169,47,1,325);
INSERT INTO OrderLines(OrderID, ProductID, Qty, UnitPrice) VALUES (169,39,1,1077);
INSERT INTO OrderLines(OrderID, ProductID, Qty, UnitPrice) VALUES (169,14,3,126);
UPDATE [Order] SET TotalAmount=3223 WHERE OrderID=169;
INSERT INTO Payment(OrderID, PaymentDate, Amount, PaymentMethod, TransactionRef) VALUES (169,'2025-02-24',3223,'Card','TXN989745');
INSERT INTO [Order](CustomerID, OrderDate, Status, TotalAmount) VALUES (17,'2025-08-26','Processing',0);
INSERT INTO OrderLines(OrderID, ProductID, Qty, UnitPrice) VALUES (170,26,3,1396);
INSERT INTO OrderLines(OrderID, ProductID, Qty, UnitPrice) VALUES (170,22,1,470);
INSERT INTO OrderLines(OrderID, ProductID, Qty, UnitPrice) VALUES (170,48,3,766);
INSERT INTO OrderLines(OrderID, ProductID, Qty, UnitPrice) VALUES (170,26,1,809);
UPDATE [Order] SET TotalAmount=7765 WHERE OrderID=170;
INSERT INTO Payment(OrderID, PaymentDate, Amount, PaymentMethod, TransactionRef) VALUES (170,'2025-08-30',7765,'PayPal','TXN314634');
INSERT INTO [Order](CustomerID, OrderDate, Status, TotalAmount) VALUES (18,'2025-06-08','Delivered',0);
INSERT INTO OrderLines(OrderID, ProductID, Qty, UnitPrice) VALUES (171,5,1,632);
INSERT INTO OrderLines(OrderID, ProductID, Qty, UnitPrice) VALUES (171,27,1,905);
INSERT INTO OrderLines(OrderID, ProductID, Qty, UnitPrice) VALUES (171,39,2,1341);
INSERT INTO OrderLines(OrderID, ProductID, Qty, UnitPrice) VALUES (171,12,1,1118);
UPDATE [Order] SET TotalAmount=5337 WHERE OrderID=171;
INSERT INTO Payment(OrderID, PaymentDate, Amount, PaymentMethod, TransactionRef) VALUES (171,'2025-06-13',5337,'Cash','TXN269698');
INSERT INTO [Order](CustomerID, OrderDate, Status, TotalAmount) VALUES (18,'2025-01-24','Cancelled',0);
INSERT INTO OrderLines(OrderID, ProductID, Qty, UnitPrice) VALUES (172,10,3,475);
INSERT INTO OrderLines(OrderID, ProductID, Qty, UnitPrice) VALUES (172,18,3,1335);
INSERT INTO OrderLines(OrderID, ProductID, Qty, UnitPrice) VALUES (172,21,2,1312);
INSERT INTO OrderLines(OrderID, ProductID, Qty, UnitPrice) VALUES (172,22,3,468);
UPDATE [Order] SET TotalAmount=9458 WHERE OrderID=172;
INSERT INTO Payment(OrderID, PaymentDate, Amount, PaymentMethod, TransactionRef) VALUES (172,'2025-01-26',9458,'PayPal','TXN356226');
INSERT INTO [Order](CustomerID, OrderDate, Status, TotalAmount) VALUES (18,'2025-04-25','Cancelled',0);
INSERT INTO OrderLines(OrderID, ProductID, Qty, UnitPrice) VALUES (173,49,1,383);
INSERT INTO OrderLines(OrderID, ProductID, Qty, UnitPrice) VALUES (173,16,1,844);
INSERT INTO OrderLines(OrderID, ProductID, Qty, UnitPrice) VALUES (173,44,2,852);
INSERT INTO OrderLines(OrderID, ProductID, Qty, UnitPrice) VALUES (173,46,1,1233);
UPDATE [Order] SET TotalAmount=4164 WHERE OrderID=173;
INSERT INTO Payment(OrderID, PaymentDate, Amount, PaymentMethod, TransactionRef) VALUES (173,'2025-04-28',4164,'Cash','TXN767654');
INSERT INTO [Order](CustomerID, OrderDate, Status, TotalAmount) VALUES (18,'2025-02-15','Delivered',0);
INSERT INTO OrderLines(OrderID, ProductID, Qty, UnitPrice) VALUES (174,41,2,427);
INSERT INTO OrderLines(OrderID, ProductID, Qty, UnitPrice) VALUES (174,45,3,1430);
INSERT INTO OrderLines(OrderID, ProductID, Qty, UnitPrice) VALUES (174,17,2,281);
INSERT INTO OrderLines(OrderID, ProductID, Qty, UnitPrice) VALUES (174,36,2,481);
UPDATE [Order] SET TotalAmount=6668 WHERE OrderID=174;
INSERT INTO Payment(OrderID, PaymentDate, Amount, PaymentMethod, TransactionRef) VALUES (174,'2025-02-16',6668,'PayPal','TXN705042');
INSERT INTO [Order](CustomerID, OrderDate, Status, TotalAmount) VALUES (18,'2025-01-31','Cancelled',0);
INSERT INTO OrderLines(OrderID, ProductID, Qty, UnitPrice) VALUES (175,45,2,1086);
INSERT INTO OrderLines(OrderID, ProductID, Qty, UnitPrice) VALUES (175,9,2,514);
INSERT INTO OrderLines(OrderID, ProductID, Qty, UnitPrice) VALUES (175,39,1,485);
INSERT INTO OrderLines(OrderID, ProductID, Qty, UnitPrice) VALUES (175,42,3,1318);
UPDATE [Order] SET TotalAmount=7639 WHERE OrderID=175;
INSERT INTO Payment(OrderID, PaymentDate, Amount, PaymentMethod, TransactionRef) VALUES (175,'2025-02-02',7639,'PayPal','TXN237809');
INSERT INTO [Order](CustomerID, OrderDate, Status, TotalAmount) VALUES (18,'2025-05-26','Cancelled',0);
INSERT INTO OrderLines(OrderID, ProductID, Qty, UnitPrice) VALUES (176,17,3,1367);
INSERT INTO OrderLines(OrderID, ProductID, Qty, UnitPrice) VALUES (176,43,2,476);
INSERT INTO OrderLines(OrderID, ProductID, Qty, UnitPrice) VALUES (176,12,1,434);
INSERT INTO OrderLines(OrderID, ProductID, Qty, UnitPrice) VALUES (176,6,1,1351);
UPDATE [Order] SET TotalAmount=6838 WHERE OrderID=176;
INSERT INTO Payment(OrderID, PaymentDate, Amount, PaymentMethod, TransactionRef) VALUES (176,'2025-05-30',6838,'Card','TXN333690');
INSERT INTO [Order](CustomerID, OrderDate, Status, TotalAmount) VALUES (18,'2025-09-15','Cancelled',0);
INSERT INTO OrderLines(OrderID, ProductID, Qty, UnitPrice) VALUES (177,40,3,528);
INSERT INTO OrderLines(OrderID, ProductID, Qty, UnitPrice) VALUES (177,2,2,1348);
INSERT INTO OrderLines(OrderID, ProductID, Qty, UnitPrice) VALUES (177,18,1,1487);
INSERT INTO OrderLines(OrderID, ProductID, Qty, UnitPrice) VALUES (177,48,2,1459);
UPDATE [Order] SET TotalAmount=8685 WHERE OrderID=177;
INSERT INTO Payment(OrderID, PaymentDate, Amount, PaymentMethod, TransactionRef) VALUES (177,'2025-09-18',8685,'Card','TXN321756');
INSERT INTO [Order](CustomerID, OrderDate, Status, TotalAmount) VALUES (18,'2025-11-21','Shipped',0);
INSERT INTO OrderLines(OrderID, ProductID, Qty, UnitPrice) VALUES (178,31,3,738);
INSERT INTO OrderLines(OrderID, ProductID, Qty, UnitPrice) VALUES (178,48,1,1463);
INSERT INTO OrderLines(OrderID, ProductID, Qty, UnitPrice) VALUES (178,25,1,1356);
INSERT INTO OrderLines(OrderID, ProductID, Qty, UnitPrice) VALUES (178,21,1,72);
UPDATE [Order] SET TotalAmount=5105 WHERE OrderID=178;
INSERT INTO Payment(OrderID, PaymentDate, Amount, PaymentMethod, TransactionRef) VALUES (178,'2025-11-22',5105,'PayPal','TXN812084');
INSERT INTO [Order](CustomerID, OrderDate, Status, TotalAmount) VALUES (18,'2025-11-30','Delivered',0);
INSERT INTO OrderLines(OrderID, ProductID, Qty, UnitPrice) VALUES (179,43,1,1149);
INSERT INTO OrderLines(OrderID, ProductID, Qty, UnitPrice) VALUES (179,41,1,250);
INSERT INTO OrderLines(OrderID, ProductID, Qty, UnitPrice) VALUES (179,23,2,1106);
INSERT INTO OrderLines(OrderID, ProductID, Qty, UnitPrice) VALUES (179,34,2,1052);
UPDATE [Order] SET TotalAmount=5715 WHERE OrderID=179;
INSERT INTO Payment(OrderID, PaymentDate, Amount, PaymentMethod, TransactionRef) VALUES (179,'2025-12-03',5715,'Cash','TXN304954');
INSERT INTO [Order](CustomerID, OrderDate, Status, TotalAmount) VALUES (18,'2025-03-09','Cancelled',0);
INSERT INTO OrderLines(OrderID, ProductID, Qty, UnitPrice) VALUES (180,36,1,1476);
INSERT INTO OrderLines(OrderID, ProductID, Qty, UnitPrice) VALUES (180,47,1,577);
INSERT INTO OrderLines(OrderID, ProductID, Qty, UnitPrice) VALUES (180,8,1,668);
INSERT INTO OrderLines(OrderID, ProductID, Qty, UnitPrice) VALUES (180,36,2,516);
UPDATE [Order] SET TotalAmount=3753 WHERE OrderID=180;
INSERT INTO Payment(OrderID, PaymentDate, Amount, PaymentMethod, TransactionRef) VALUES (180,'2025-03-14',3753,'PayPal','TXN109864');
INSERT INTO [Order](CustomerID, OrderDate, Status, TotalAmount) VALUES (19,'2025-04-25','Delivered',0);
INSERT INTO OrderLines(OrderID, ProductID, Qty, UnitPrice) VALUES (181,11,1,899);
INSERT INTO OrderLines(OrderID, ProductID, Qty, UnitPrice) VALUES (181,39,1,223);
INSERT INTO OrderLines(OrderID, ProductID, Qty, UnitPrice) VALUES (181,20,2,258);
INSERT INTO OrderLines(OrderID, ProductID, Qty, UnitPrice) VALUES (181,9,1,174);
UPDATE [Order] SET TotalAmount=1812 WHERE OrderID=181;
INSERT INTO Payment(OrderID, PaymentDate, Amount, PaymentMethod, TransactionRef) VALUES (181,'2025-04-30',1812,'Card','TXN161611');
INSERT INTO [Order](CustomerID, OrderDate, Status, TotalAmount) VALUES (19,'2025-06-08','Processing',0);
INSERT INTO OrderLines(OrderID, ProductID, Qty, UnitPrice) VALUES (182,3,2,607);
INSERT INTO OrderLines(OrderID, ProductID, Qty, UnitPrice) VALUES (182,1,2,824);
INSERT INTO OrderLines(OrderID, ProductID, Qty, UnitPrice) VALUES (182,13,2,192);
INSERT INTO OrderLines(OrderID, ProductID, Qty, UnitPrice) VALUES (182,32,2,729);
UPDATE [Order] SET TotalAmount=4704 WHERE OrderID=182;
INSERT INTO Payment(OrderID, PaymentDate, Amount, PaymentMethod, TransactionRef) VALUES (182,'2025-06-08',4704,'Cash','TXN718546');
INSERT INTO [Order](CustomerID, OrderDate, Status, TotalAmount) VALUES (19,'2025-01-01','Shipped',0);
INSERT INTO OrderLines(OrderID, ProductID, Qty, UnitPrice) VALUES (183,40,2,1307);
INSERT INTO OrderLines(OrderID, ProductID, Qty, UnitPrice) VALUES (183,30,1,1364);
INSERT INTO OrderLines(OrderID, ProductID, Qty, UnitPrice) VALUES (183,10,2,1248);
INSERT INTO OrderLines(OrderID, ProductID, Qty, UnitPrice) VALUES (183,10,3,264);
UPDATE [Order] SET TotalAmount=7266 WHERE OrderID=183;
INSERT INTO Payment(OrderID, PaymentDate, Amount, PaymentMethod, TransactionRef) VALUES (183,'2025-01-02',7266,'Card','TXN463934');
INSERT INTO [Order](CustomerID, OrderDate, Status, TotalAmount) VALUES (19,'2025-11-30','Cancelled',0);
INSERT INTO OrderLines(OrderID, ProductID, Qty, UnitPrice) VALUES (184,33,3,482);
INSERT INTO OrderLines(OrderID, ProductID, Qty, UnitPrice) VALUES (184,21,1,1147);
INSERT INTO OrderLines(OrderID, ProductID, Qty, UnitPrice) VALUES (184,36,2,592);
INSERT INTO OrderLines(OrderID, ProductID, Qty, UnitPrice) VALUES (184,36,1,52);
UPDATE [Order] SET TotalAmount=3829 WHERE OrderID=184;
INSERT INTO Payment(OrderID, PaymentDate, Amount, PaymentMethod, TransactionRef) VALUES (184,'2025-12-01',3829,'PayPal','TXN588929');
INSERT INTO [Order](CustomerID, OrderDate, Status, TotalAmount) VALUES (19,'2025-01-22','Cancelled',0);
INSERT INTO OrderLines(OrderID, ProductID, Qty, UnitPrice) VALUES (185,34,1,59);
INSERT INTO OrderLines(OrderID, ProductID, Qty, UnitPrice) VALUES (185,10,2,639);
INSERT INTO OrderLines(OrderID, ProductID, Qty, UnitPrice) VALUES (185,41,3,286);
INSERT INTO OrderLines(OrderID, ProductID, Qty, UnitPrice) VALUES (185,2,2,984);
UPDATE [Order] SET TotalAmount=4163 WHERE OrderID=185;
INSERT INTO Payment(OrderID, PaymentDate, Amount, PaymentMethod, TransactionRef) VALUES (185,'2025-01-23',4163,'Cash','TXN251870');
INSERT INTO [Order](CustomerID, OrderDate, Status, TotalAmount) VALUES (19,'2025-04-26','Delivered',0);
INSERT INTO OrderLines(OrderID, ProductID, Qty, UnitPrice) VALUES (186,32,3,614);
INSERT INTO OrderLines(OrderID, ProductID, Qty, UnitPrice) VALUES (186,41,3,1026);
INSERT INTO OrderLines(OrderID, ProductID, Qty, UnitPrice) VALUES (186,30,2,1074);
INSERT INTO OrderLines(OrderID, ProductID, Qty, UnitPrice) VALUES (186,2,3,305);
UPDATE [Order] SET TotalAmount=7983 WHERE OrderID=186;
INSERT INTO Payment(OrderID, PaymentDate, Amount, PaymentMethod, TransactionRef) VALUES (186,'2025-04-29',7983,'Cash','TXN202370');
INSERT INTO [Order](CustomerID, OrderDate, Status, TotalAmount) VALUES (19,'2025-11-21','Cancelled',0);
INSERT INTO OrderLines(OrderID, ProductID, Qty, UnitPrice) VALUES (187,35,3,94);
INSERT INTO OrderLines(OrderID, ProductID, Qty, UnitPrice) VALUES (187,25,3,164);
INSERT INTO OrderLines(OrderID, ProductID, Qty, UnitPrice) VALUES (187,3,1,156);
INSERT INTO OrderLines(OrderID, ProductID, Qty, UnitPrice) VALUES (187,14,2,687);
UPDATE [Order] SET TotalAmount=2304 WHERE OrderID=187;
INSERT INTO Payment(OrderID, PaymentDate, Amount, PaymentMethod, TransactionRef) VALUES (187,'2025-11-24',2304,'Card','TXN360488');
INSERT INTO [Order](CustomerID, OrderDate, Status, TotalAmount) VALUES (19,'2025-12-18','Delivered',0);
INSERT INTO OrderLines(OrderID, ProductID, Qty, UnitPrice) VALUES (188,48,2,1412);
INSERT INTO OrderLines(OrderID, ProductID, Qty, UnitPrice) VALUES (188,44,3,1067);
INSERT INTO OrderLines(OrderID, ProductID, Qty, UnitPrice) VALUES (188,35,3,747);
INSERT INTO OrderLines(OrderID, ProductID, Qty, UnitPrice) VALUES (188,5,1,103);
UPDATE [Order] SET TotalAmount=8369 WHERE OrderID=188;
INSERT INTO Payment(OrderID, PaymentDate, Amount, PaymentMethod, TransactionRef) VALUES (188,'2025-12-18',8369,'Cash','TXN287513');
INSERT INTO [Order](CustomerID, OrderDate, Status, TotalAmount) VALUES (19,'2025-03-16','Delivered',0);
INSERT INTO OrderLines(OrderID, ProductID, Qty, UnitPrice) VALUES (189,26,1,269);
INSERT INTO OrderLines(OrderID, ProductID, Qty, UnitPrice) VALUES (189,43,2,1233);
INSERT INTO OrderLines(OrderID, ProductID, Qty, UnitPrice) VALUES (189,48,2,1300);
INSERT INTO OrderLines(OrderID, ProductID, Qty, UnitPrice) VALUES (189,10,2,78);
UPDATE [Order] SET TotalAmount=5491 WHERE OrderID=189;
INSERT INTO Payment(OrderID, PaymentDate, Amount, PaymentMethod, TransactionRef) VALUES (189,'2025-03-17',5491,'PayPal','TXN692042');
INSERT INTO [Order](CustomerID, OrderDate, Status, TotalAmount) VALUES (19,'2025-12-07','Delivered',0);
INSERT INTO OrderLines(OrderID, ProductID, Qty, UnitPrice) VALUES (190,46,3,123);
INSERT INTO OrderLines(OrderID, ProductID, Qty, UnitPrice) VALUES (190,10,2,605);
INSERT INTO OrderLines(OrderID, ProductID, Qty, UnitPrice) VALUES (190,40,3,101);
INSERT INTO OrderLines(OrderID, ProductID, Qty, UnitPrice) VALUES (190,31,2,107);
UPDATE [Order] SET TotalAmount=2096 WHERE OrderID=190;
INSERT INTO Payment(OrderID, PaymentDate, Amount, PaymentMethod, TransactionRef) VALUES (190,'2025-12-10',2096,'PayPal','TXN780105');
INSERT INTO [Order](CustomerID, OrderDate, Status, TotalAmount) VALUES (20,'2025-09-08','Shipped',0);
INSERT INTO OrderLines(OrderID, ProductID, Qty, UnitPrice) VALUES (191,39,2,1282);
INSERT INTO OrderLines(OrderID, ProductID, Qty, UnitPrice) VALUES (191,46,2,319);
INSERT INTO OrderLines(OrderID, ProductID, Qty, UnitPrice) VALUES (191,13,2,641);
INSERT INTO OrderLines(OrderID, ProductID, Qty, UnitPrice) VALUES (191,17,1,606);
UPDATE [Order] SET TotalAmount=5090 WHERE OrderID=191;
INSERT INTO Payment(OrderID, PaymentDate, Amount, PaymentMethod, TransactionRef) VALUES (191,'2025-09-12',5090,'Card','TXN211184');
INSERT INTO [Order](CustomerID, OrderDate, Status, TotalAmount) VALUES (20,'2025-02-02','Processing',0);
INSERT INTO OrderLines(OrderID, ProductID, Qty, UnitPrice) VALUES (192,26,2,90);
INSERT INTO OrderLines(OrderID, ProductID, Qty, UnitPrice) VALUES (192,37,1,533);
INSERT INTO OrderLines(OrderID, ProductID, Qty, UnitPrice) VALUES (192,25,3,1117);
INSERT INTO OrderLines(OrderID, ProductID, Qty, UnitPrice) VALUES (192,40,1,1489);
UPDATE [Order] SET TotalAmount=5553 WHERE OrderID=192;
INSERT INTO Payment(OrderID, PaymentDate, Amount, PaymentMethod, TransactionRef) VALUES (192,'2025-02-05',5553,'Card','TXN969486');
INSERT INTO [Order](CustomerID, OrderDate, Status, TotalAmount) VALUES (20,'2025-09-09','Shipped',0);
INSERT INTO OrderLines(OrderID, ProductID, Qty, UnitPrice) VALUES (193,49,2,755);
INSERT INTO OrderLines(OrderID, ProductID, Qty, UnitPrice) VALUES (193,42,3,1457);
INSERT INTO OrderLines(OrderID, ProductID, Qty, UnitPrice) VALUES (193,38,3,211);
INSERT INTO OrderLines(OrderID, ProductID, Qty, UnitPrice) VALUES (193,20,3,586);
UPDATE [Order] SET TotalAmount=8272 WHERE OrderID=193;
INSERT INTO Payment(OrderID, PaymentDate, Amount, PaymentMethod, TransactionRef) VALUES (193,'2025-09-12',8272,'Card','TXN705464');
INSERT INTO [Order](CustomerID, OrderDate, Status, TotalAmount) VALUES (20,'2025-10-13','Delivered',0);
INSERT INTO OrderLines(OrderID, ProductID, Qty, UnitPrice) VALUES (194,44,1,1073);
INSERT INTO OrderLines(OrderID, ProductID, Qty, UnitPrice) VALUES (194,46,3,877);
INSERT INTO OrderLines(OrderID, ProductID, Qty, UnitPrice) VALUES (194,26,3,535);
INSERT INTO OrderLines(OrderID, ProductID, Qty, UnitPrice) VALUES (194,26,2,708);
UPDATE [Order] SET TotalAmount=6725 WHERE OrderID=194;
INSERT INTO Payment(OrderID, PaymentDate, Amount, PaymentMethod, TransactionRef) VALUES (194,'2025-10-15',6725,'PayPal','TXN339172');
INSERT INTO [Order](CustomerID, OrderDate, Status, TotalAmount) VALUES (20,'2025-02-11','Cancelled',0);
INSERT INTO OrderLines(OrderID, ProductID, Qty, UnitPrice) VALUES (195,20,3,289);
INSERT INTO OrderLines(OrderID, ProductID, Qty, UnitPrice) VALUES (195,31,1,1122);
INSERT INTO OrderLines(OrderID, ProductID, Qty, UnitPrice) VALUES (195,46,1,569);
INSERT INTO OrderLines(OrderID, ProductID, Qty, UnitPrice) VALUES (195,41,2,1284);
UPDATE [Order] SET TotalAmount=5126 WHERE OrderID=195;
INSERT INTO Payment(OrderID, PaymentDate, Amount, PaymentMethod, TransactionRef) VALUES (195,'2025-02-16',5126,'Card','TXN758671');
INSERT INTO [Order](CustomerID, OrderDate, Status, TotalAmount) VALUES (20,'2025-01-30','Cancelled',0);
INSERT INTO OrderLines(OrderID, ProductID, Qty, UnitPrice) VALUES (196,13,1,99);
INSERT INTO OrderLines(OrderID, ProductID, Qty, UnitPrice) VALUES (196,41,2,1027);
INSERT INTO OrderLines(OrderID, ProductID, Qty, UnitPrice) VALUES (196,13,2,434);
INSERT INTO OrderLines(OrderID, ProductID, Qty, UnitPrice) VALUES (196,12,2,649);
UPDATE [Order] SET TotalAmount=4319 WHERE OrderID=196;
INSERT INTO Payment(OrderID, PaymentDate, Amount, PaymentMethod, TransactionRef) VALUES (196,'2025-02-01',4319,'PayPal','TXN778172');
INSERT INTO [Order](CustomerID, OrderDate, Status, TotalAmount) VALUES (20,'2025-02-27','Processing',0);
INSERT INTO OrderLines(OrderID, ProductID, Qty, UnitPrice) VALUES (197,21,1,1194);
INSERT INTO OrderLines(OrderID, ProductID, Qty, UnitPrice) VALUES (197,11,1,435);
INSERT INTO OrderLines(OrderID, ProductID, Qty, UnitPrice) VALUES (197,24,3,1407);
INSERT INTO OrderLines(OrderID, ProductID, Qty, UnitPrice) VALUES (197,40,1,636);
UPDATE [Order] SET TotalAmount=6486 WHERE OrderID=197;
INSERT INTO Payment(OrderID, PaymentDate, Amount, PaymentMethod, TransactionRef) VALUES (197,'2025-02-27',6486,'Card','TXN235293');
INSERT INTO [Order](CustomerID, OrderDate, Status, TotalAmount) VALUES (20,'2025-09-26','Shipped',0);
INSERT INTO OrderLines(OrderID, ProductID, Qty, UnitPrice) VALUES (198,42,3,1477);
INSERT INTO OrderLines(OrderID, ProductID, Qty, UnitPrice) VALUES (198,24,2,656);
INSERT INTO OrderLines(OrderID, ProductID, Qty, UnitPrice) VALUES (198,13,1,1032);
INSERT INTO OrderLines(OrderID, ProductID, Qty, UnitPrice) VALUES (198,24,3,1317);
UPDATE [Order] SET TotalAmount=10726 WHERE OrderID=198;
INSERT INTO Payment(OrderID, PaymentDate, Amount, PaymentMethod, TransactionRef) VALUES (198,'2025-09-29',10726,'Card','TXN612342');
INSERT INTO [Order](CustomerID, OrderDate, Status, TotalAmount) VALUES (20,'2025-01-08','Cancelled',0);
INSERT INTO OrderLines(OrderID, ProductID, Qty, UnitPrice) VALUES (199,2,3,162);
INSERT INTO OrderLines(OrderID, ProductID, Qty, UnitPrice) VALUES (199,43,3,714);
INSERT INTO OrderLines(OrderID, ProductID, Qty, UnitPrice) VALUES (199,31,2,80);
INSERT INTO OrderLines(OrderID, ProductID, Qty, UnitPrice) VALUES (199,36,3,1339);
UPDATE [Order] SET TotalAmount=6805 WHERE OrderID=199;
INSERT INTO Payment(OrderID, PaymentDate, Amount, PaymentMethod, TransactionRef) VALUES (199,'2025-01-11',6805,'Cash','TXN871033');
INSERT INTO [Order](CustomerID, OrderDate, Status, TotalAmount) VALUES (20,'2025-04-16','Cancelled',0);
INSERT INTO OrderLines(OrderID, ProductID, Qty, UnitPrice) VALUES (200,39,3,1433);
INSERT INTO OrderLines(OrderID, ProductID, Qty, UnitPrice) VALUES (200,30,3,1285);
INSERT INTO OrderLines(OrderID, ProductID, Qty, UnitPrice) VALUES (200,44,2,1446);
INSERT INTO OrderLines(OrderID, ProductID, Qty, UnitPrice) VALUES (200,13,1,823);
UPDATE [Order] SET TotalAmount=11869 WHERE OrderID=200;
INSERT INTO Payment(OrderID, PaymentDate, Amount, PaymentMethod, TransactionRef) VALUES (200,'2025-04-16',11869,'Card','TXN123939');
INSERT INTO [Order](CustomerID, OrderDate, Status, TotalAmount) VALUES (21,'2025-12-20','Cancelled',0);
INSERT INTO OrderLines(OrderID, ProductID, Qty, UnitPrice) VALUES (201,40,3,783);
INSERT INTO OrderLines(OrderID, ProductID, Qty, UnitPrice) VALUES (201,5,3,1407);
INSERT INTO OrderLines(OrderID, ProductID, Qty, UnitPrice) VALUES (201,28,3,634);
INSERT INTO OrderLines(OrderID, ProductID, Qty, UnitPrice) VALUES (201,21,2,1078);
UPDATE [Order] SET TotalAmount=10628 WHERE OrderID=201;
INSERT INTO Payment(OrderID, PaymentDate, Amount, PaymentMethod, TransactionRef) VALUES (201,'2025-12-20',10628,'PayPal','TXN280239');
INSERT INTO [Order](CustomerID, OrderDate, Status, TotalAmount) VALUES (21,'2025-02-19','Processing',0);
INSERT INTO OrderLines(OrderID, ProductID, Qty, UnitPrice) VALUES (202,33,2,1155);
INSERT INTO OrderLines(OrderID, ProductID, Qty, UnitPrice) VALUES (202,2,1,318);
INSERT INTO OrderLines(OrderID, ProductID, Qty, UnitPrice) VALUES (202,7,1,1263);
INSERT INTO OrderLines(OrderID, ProductID, Qty, UnitPrice) VALUES (202,13,2,777);
UPDATE [Order] SET TotalAmount=5445 WHERE OrderID=202;
INSERT INTO Payment(OrderID, PaymentDate, Amount, PaymentMethod, TransactionRef) VALUES (202,'2025-02-19',5445,'Cash','TXN973791');
INSERT INTO [Order](CustomerID, OrderDate, Status, TotalAmount) VALUES (21,'2025-03-24','Processing',0);
INSERT INTO OrderLines(OrderID, ProductID, Qty, UnitPrice) VALUES (203,14,1,704);
INSERT INTO OrderLines(OrderID, ProductID, Qty, UnitPrice) VALUES (203,43,1,814);
INSERT INTO OrderLines(OrderID, ProductID, Qty, UnitPrice) VALUES (203,27,2,205);
INSERT INTO OrderLines(OrderID, ProductID, Qty, UnitPrice) VALUES (203,35,2,954);
UPDATE [Order] SET TotalAmount=3836 WHERE OrderID=203;
INSERT INTO Payment(OrderID, PaymentDate, Amount, PaymentMethod, TransactionRef) VALUES (203,'2025-03-27',3836,'Card','TXN829688');
INSERT INTO [Order](CustomerID, OrderDate, Status, TotalAmount) VALUES (21,'2025-03-15','Shipped',0);
INSERT INTO OrderLines(OrderID, ProductID, Qty, UnitPrice) VALUES (204,18,1,66);
INSERT INTO OrderLines(OrderID, ProductID, Qty, UnitPrice) VALUES (204,2,1,114);
INSERT INTO OrderLines(OrderID, ProductID, Qty, UnitPrice) VALUES (204,41,3,1366);
INSERT INTO OrderLines(OrderID, ProductID, Qty, UnitPrice) VALUES (204,17,1,791);
UPDATE [Order] SET TotalAmount=5069 WHERE OrderID=204;
INSERT INTO Payment(OrderID, PaymentDate, Amount, PaymentMethod, TransactionRef) VALUES (204,'2025-03-17',5069,'Card','TXN608440');
INSERT INTO [Order](CustomerID, OrderDate, Status, TotalAmount) VALUES (21,'2025-01-26','Shipped',0);
INSERT INTO OrderLines(OrderID, ProductID, Qty, UnitPrice) VALUES (205,39,1,197);
INSERT INTO OrderLines(OrderID, ProductID, Qty, UnitPrice) VALUES (205,24,2,1178);
INSERT INTO OrderLines(OrderID, ProductID, Qty, UnitPrice) VALUES (205,6,1,679);
INSERT INTO OrderLines(OrderID, ProductID, Qty, UnitPrice) VALUES (205,32,1,785);
UPDATE [Order] SET TotalAmount=4017 WHERE OrderID=205;
INSERT INTO Payment(OrderID, PaymentDate, Amount, PaymentMethod, TransactionRef) VALUES (205,'2025-01-31',4017,'Card','TXN674935');
INSERT INTO [Order](CustomerID, OrderDate, Status, TotalAmount) VALUES (21,'2025-07-01','Shipped',0);
INSERT INTO OrderLines(OrderID, ProductID, Qty, UnitPrice) VALUES (206,23,3,1467);
INSERT INTO OrderLines(OrderID, ProductID, Qty, UnitPrice) VALUES (206,23,1,1312);
INSERT INTO OrderLines(OrderID, ProductID, Qty, UnitPrice) VALUES (206,35,1,399);
INSERT INTO OrderLines(OrderID, ProductID, Qty, UnitPrice) VALUES (206,26,2,1339);
UPDATE [Order] SET TotalAmount=8790 WHERE OrderID=206;
INSERT INTO Payment(OrderID, PaymentDate, Amount, PaymentMethod, TransactionRef) VALUES (206,'2025-07-04',8790,'PayPal','TXN695559');
INSERT INTO [Order](CustomerID, OrderDate, Status, TotalAmount) VALUES (21,'2025-03-25','Delivered',0);
INSERT INTO OrderLines(OrderID, ProductID, Qty, UnitPrice) VALUES (207,39,3,485);
INSERT INTO OrderLines(OrderID, ProductID, Qty, UnitPrice) VALUES (207,35,1,307);
INSERT INTO OrderLines(OrderID, ProductID, Qty, UnitPrice) VALUES (207,26,1,462);
INSERT INTO OrderLines(OrderID, ProductID, Qty, UnitPrice) VALUES (207,25,2,1088);
UPDATE [Order] SET TotalAmount=4400 WHERE OrderID=207;
INSERT INTO Payment(OrderID, PaymentDate, Amount, PaymentMethod, TransactionRef) VALUES (207,'2025-03-26',4400,'Card','TXN417753');
INSERT INTO [Order](CustomerID, OrderDate, Status, TotalAmount) VALUES (21,'2025-03-03','Processing',0);
INSERT INTO OrderLines(OrderID, ProductID, Qty, UnitPrice) VALUES (208,49,3,297);
INSERT INTO OrderLines(OrderID, ProductID, Qty, UnitPrice) VALUES (208,10,1,751);
INSERT INTO OrderLines(OrderID, ProductID, Qty, UnitPrice) VALUES (208,32,1,150);
INSERT INTO OrderLines(OrderID, ProductID, Qty, UnitPrice) VALUES (208,24,1,1204);
UPDATE [Order] SET TotalAmount=2996 WHERE OrderID=208;
INSERT INTO Payment(OrderID, PaymentDate, Amount, PaymentMethod, TransactionRef) VALUES (208,'2025-03-08',2996,'Cash','TXN958032');
INSERT INTO [Order](CustomerID, OrderDate, Status, TotalAmount) VALUES (21,'2025-02-22','Cancelled',0);
INSERT INTO OrderLines(OrderID, ProductID, Qty, UnitPrice) VALUES (209,25,3,960);
INSERT INTO OrderLines(OrderID, ProductID, Qty, UnitPrice) VALUES (209,8,2,1478);
INSERT INTO OrderLines(OrderID, ProductID, Qty, UnitPrice) VALUES (209,32,3,1059);
INSERT INTO OrderLines(OrderID, ProductID, Qty, UnitPrice) VALUES (209,11,3,1209);
UPDATE [Order] SET TotalAmount=12640 WHERE OrderID=209;
INSERT INTO Payment(OrderID, PaymentDate, Amount, PaymentMethod, TransactionRef) VALUES (209,'2025-02-22',12640,'PayPal','TXN133168');
INSERT INTO [Order](CustomerID, OrderDate, Status, TotalAmount) VALUES (21,'2025-10-29','Cancelled',0);
INSERT INTO OrderLines(OrderID, ProductID, Qty, UnitPrice) VALUES (210,39,2,640);
INSERT INTO OrderLines(OrderID, ProductID, Qty, UnitPrice) VALUES (210,27,1,1224);
INSERT INTO OrderLines(OrderID, ProductID, Qty, UnitPrice) VALUES (210,32,2,1077);
INSERT INTO OrderLines(OrderID, ProductID, Qty, UnitPrice) VALUES (210,38,3,664);
UPDATE [Order] SET TotalAmount=6650 WHERE OrderID=210;
INSERT INTO Payment(OrderID, PaymentDate, Amount, PaymentMethod, TransactionRef) VALUES (210,'2025-11-02',6650,'PayPal','TXN446617');
INSERT INTO [Order](CustomerID, OrderDate, Status, TotalAmount) VALUES (22,'2025-03-16','Cancelled',0);
INSERT INTO OrderLines(OrderID, ProductID, Qty, UnitPrice) VALUES (211,14,1,584);
INSERT INTO OrderLines(OrderID, ProductID, Qty, UnitPrice) VALUES (211,22,2,873);
INSERT INTO OrderLines(OrderID, ProductID, Qty, UnitPrice) VALUES (211,35,3,596);
INSERT INTO OrderLines(OrderID, ProductID, Qty, UnitPrice) VALUES (211,18,3,335);
UPDATE [Order] SET TotalAmount=5123 WHERE OrderID=211;
INSERT INTO Payment(OrderID, PaymentDate, Amount, PaymentMethod, TransactionRef) VALUES (211,'2025-03-19',5123,'Card','TXN176674');
INSERT INTO [Order](CustomerID, OrderDate, Status, TotalAmount) VALUES (22,'2025-10-18','Cancelled',0);
INSERT INTO OrderLines(OrderID, ProductID, Qty, UnitPrice) VALUES (212,14,2,142);
INSERT INTO OrderLines(OrderID, ProductID, Qty, UnitPrice) VALUES (212,44,2,273);
INSERT INTO OrderLines(OrderID, ProductID, Qty, UnitPrice) VALUES (212,28,3,467);
INSERT INTO OrderLines(OrderID, ProductID, Qty, UnitPrice) VALUES (212,6,2,997);
UPDATE [Order] SET TotalAmount=4225 WHERE OrderID=212;
INSERT INTO Payment(OrderID, PaymentDate, Amount, PaymentMethod, TransactionRef) VALUES (212,'2025-10-20',4225,'Card','TXN301099');
INSERT INTO [Order](CustomerID, OrderDate, Status, TotalAmount) VALUES (22,'2025-10-25','Delivered',0);
INSERT INTO OrderLines(OrderID, ProductID, Qty, UnitPrice) VALUES (213,36,3,443);
INSERT INTO OrderLines(OrderID, ProductID, Qty, UnitPrice) VALUES (213,26,1,345);
INSERT INTO OrderLines(OrderID, ProductID, Qty, UnitPrice) VALUES (213,3,1,1123);
INSERT INTO OrderLines(OrderID, ProductID, Qty, UnitPrice) VALUES (213,33,2,1149);
UPDATE [Order] SET TotalAmount=5095 WHERE OrderID=213;
INSERT INTO Payment(OrderID, PaymentDate, Amount, PaymentMethod, TransactionRef) VALUES (213,'2025-10-25',5095,'PayPal','TXN918306');
INSERT INTO [Order](CustomerID, OrderDate, Status, TotalAmount) VALUES (22,'2025-02-06','Delivered',0);
INSERT INTO OrderLines(OrderID, ProductID, Qty, UnitPrice) VALUES (214,18,3,26);
INSERT INTO OrderLines(OrderID, ProductID, Qty, UnitPrice) VALUES (214,6,3,1421);
INSERT INTO OrderLines(OrderID, ProductID, Qty, UnitPrice) VALUES (214,28,1,1202);
INSERT INTO OrderLines(OrderID, ProductID, Qty, UnitPrice) VALUES (214,44,3,694);
UPDATE [Order] SET TotalAmount=7625 WHERE OrderID=214;
INSERT INTO Payment(OrderID, PaymentDate, Amount, PaymentMethod, TransactionRef) VALUES (214,'2025-02-10',7625,'PayPal','TXN762566');
INSERT INTO [Order](CustomerID, OrderDate, Status, TotalAmount) VALUES (22,'2025-01-06','Delivered',0);
INSERT INTO OrderLines(OrderID, ProductID, Qty, UnitPrice) VALUES (215,32,1,744);
INSERT INTO OrderLines(OrderID, ProductID, Qty, UnitPrice) VALUES (215,34,2,1449);
INSERT INTO OrderLines(OrderID, ProductID, Qty, UnitPrice) VALUES (215,50,2,904);
INSERT INTO OrderLines(OrderID, ProductID, Qty, UnitPrice) VALUES (215,32,3,803);
UPDATE [Order] SET TotalAmount=7859 WHERE OrderID=215;
INSERT INTO Payment(OrderID, PaymentDate, Amount, PaymentMethod, TransactionRef) VALUES (215,'2025-01-07',7859,'PayPal','TXN842229');
INSERT INTO [Order](CustomerID, OrderDate, Status, TotalAmount) VALUES (22,'2025-03-24','Processing',0);
INSERT INTO OrderLines(OrderID, ProductID, Qty, UnitPrice) VALUES (216,4,2,948);
INSERT INTO OrderLines(OrderID, ProductID, Qty, UnitPrice) VALUES (216,35,2,161);
INSERT INTO OrderLines(OrderID, ProductID, Qty, UnitPrice) VALUES (216,32,3,621);
INSERT INTO OrderLines(OrderID, ProductID, Qty, UnitPrice) VALUES (216,50,2,334);
UPDATE [Order] SET TotalAmount=4749 WHERE OrderID=216;
INSERT INTO Payment(OrderID, PaymentDate, Amount, PaymentMethod, TransactionRef) VALUES (216,'2025-03-25',4749,'PayPal','TXN771293');
INSERT INTO [Order](CustomerID, OrderDate, Status, TotalAmount) VALUES (22,'2025-01-06','Shipped',0);
INSERT INTO OrderLines(OrderID, ProductID, Qty, UnitPrice) VALUES (217,37,2,1179);
INSERT INTO OrderLines(OrderID, ProductID, Qty, UnitPrice) VALUES (217,19,1,1157);
INSERT INTO OrderLines(OrderID, ProductID, Qty, UnitPrice) VALUES (217,27,3,632);
INSERT INTO OrderLines(OrderID, ProductID, Qty, UnitPrice) VALUES (217,27,2,1003);
UPDATE [Order] SET TotalAmount=7417 WHERE OrderID=217;
INSERT INTO Payment(OrderID, PaymentDate, Amount, PaymentMethod, TransactionRef) VALUES (217,'2025-01-07',7417,'Cash','TXN927836');
INSERT INTO [Order](CustomerID, OrderDate, Status, TotalAmount) VALUES (22,'2025-04-05','Cancelled',0);
INSERT INTO OrderLines(OrderID, ProductID, Qty, UnitPrice) VALUES (218,47,1,119);
INSERT INTO OrderLines(OrderID, ProductID, Qty, UnitPrice) VALUES (218,37,3,1188);
INSERT INTO OrderLines(OrderID, ProductID, Qty, UnitPrice) VALUES (218,9,1,416);
INSERT INTO OrderLines(OrderID, ProductID, Qty, UnitPrice) VALUES (218,10,2,685);
UPDATE [Order] SET TotalAmount=5469 WHERE OrderID=218;
INSERT INTO Payment(OrderID, PaymentDate, Amount, PaymentMethod, TransactionRef) VALUES (218,'2025-04-07',5469,'Cash','TXN754680');
INSERT INTO [Order](CustomerID, OrderDate, Status, TotalAmount) VALUES (22,'2025-06-29','Delivered',0);
INSERT INTO OrderLines(OrderID, ProductID, Qty, UnitPrice) VALUES (219,6,1,87);
INSERT INTO OrderLines(OrderID, ProductID, Qty, UnitPrice) VALUES (219,10,2,123);
INSERT INTO OrderLines(OrderID, ProductID, Qty, UnitPrice) VALUES (219,47,2,407);
INSERT INTO OrderLines(OrderID, ProductID, Qty, UnitPrice) VALUES (219,6,3,254);
UPDATE [Order] SET TotalAmount=1909 WHERE OrderID=219;
INSERT INTO Payment(OrderID, PaymentDate, Amount, PaymentMethod, TransactionRef) VALUES (219,'2025-07-04',1909,'Cash','TXN416297');
INSERT INTO [Order](CustomerID, OrderDate, Status, TotalAmount) VALUES (22,'2025-02-24','Delivered',0);
INSERT INTO OrderLines(OrderID, ProductID, Qty, UnitPrice) VALUES (220,43,3,959);
INSERT INTO OrderLines(OrderID, ProductID, Qty, UnitPrice) VALUES (220,11,1,571);
INSERT INTO OrderLines(OrderID, ProductID, Qty, UnitPrice) VALUES (220,30,1,358);
INSERT INTO OrderLines(OrderID, ProductID, Qty, UnitPrice) VALUES (220,29,1,292);
UPDATE [Order] SET TotalAmount=4098 WHERE OrderID=220;
INSERT INTO Payment(OrderID, PaymentDate, Amount, PaymentMethod, TransactionRef) VALUES (220,'2025-02-28',4098,'Card','TXN865475');
INSERT INTO [Order](CustomerID, OrderDate, Status, TotalAmount) VALUES (23,'2025-03-05','Shipped',0);
INSERT INTO OrderLines(OrderID, ProductID, Qty, UnitPrice) VALUES (221,28,3,1132);
INSERT INTO OrderLines(OrderID, ProductID, Qty, UnitPrice) VALUES (221,38,1,1183);
INSERT INTO OrderLines(OrderID, ProductID, Qty, UnitPrice) VALUES (221,34,1,429);
INSERT INTO OrderLines(OrderID, ProductID, Qty, UnitPrice) VALUES (221,30,1,167);
UPDATE [Order] SET TotalAmount=5175 WHERE OrderID=221;
INSERT INTO Payment(OrderID, PaymentDate, Amount, PaymentMethod, TransactionRef) VALUES (221,'2025-03-10',5175,'PayPal','TXN409378');
INSERT INTO [Order](CustomerID, OrderDate, Status, TotalAmount) VALUES (23,'2025-11-12','Cancelled',0);
INSERT INTO OrderLines(OrderID, ProductID, Qty, UnitPrice) VALUES (222,11,1,63);
INSERT INTO OrderLines(OrderID, ProductID, Qty, UnitPrice) VALUES (222,24,1,1120);
INSERT INTO OrderLines(OrderID, ProductID, Qty, UnitPrice) VALUES (222,48,2,1245);
INSERT INTO OrderLines(OrderID, ProductID, Qty, UnitPrice) VALUES (222,9,2,300);
UPDATE [Order] SET TotalAmount=4273 WHERE OrderID=222;
INSERT INTO Payment(OrderID, PaymentDate, Amount, PaymentMethod, TransactionRef) VALUES (222,'2025-11-17',4273,'Cash','TXN593089');
INSERT INTO [Order](CustomerID, OrderDate, Status, TotalAmount) VALUES (23,'2025-07-09','Processing',0);
INSERT INTO OrderLines(OrderID, ProductID, Qty, UnitPrice) VALUES (223,26,3,850);
INSERT INTO OrderLines(OrderID, ProductID, Qty, UnitPrice) VALUES (223,4,1,1264);
INSERT INTO OrderLines(OrderID, ProductID, Qty, UnitPrice) VALUES (223,38,3,983);
INSERT INTO OrderLines(OrderID, ProductID, Qty, UnitPrice) VALUES (223,7,2,1190);
UPDATE [Order] SET TotalAmount=9143 WHERE OrderID=223;
INSERT INTO Payment(OrderID, PaymentDate, Amount, PaymentMethod, TransactionRef) VALUES (223,'2025-07-10',9143,'PayPal','TXN140184');
INSERT INTO [Order](CustomerID, OrderDate, Status, TotalAmount) VALUES (23,'2025-07-10','Shipped',0);
INSERT INTO OrderLines(OrderID, ProductID, Qty, UnitPrice) VALUES (224,9,2,578);
INSERT INTO OrderLines(OrderID, ProductID, Qty, UnitPrice) VALUES (224,23,2,506);
INSERT INTO OrderLines(OrderID, ProductID, Qty, UnitPrice) VALUES (224,8,2,981);
INSERT INTO OrderLines(OrderID, ProductID, Qty, UnitPrice) VALUES (224,9,2,1285);
UPDATE [Order] SET TotalAmount=6700 WHERE OrderID=224;
INSERT INTO Payment(OrderID, PaymentDate, Amount, PaymentMethod, TransactionRef) VALUES (224,'2025-07-15',6700,'PayPal','TXN704820');
INSERT INTO [Order](CustomerID, OrderDate, Status, TotalAmount) VALUES (23,'2025-03-15','Shipped',0);
INSERT INTO OrderLines(OrderID, ProductID, Qty, UnitPrice) VALUES (225,50,1,995);
INSERT INTO OrderLines(OrderID, ProductID, Qty, UnitPrice) VALUES (225,38,1,129);
INSERT INTO OrderLines(OrderID, ProductID, Qty, UnitPrice) VALUES (225,25,1,163);
INSERT INTO OrderLines(OrderID, ProductID, Qty, UnitPrice) VALUES (225,15,1,723);
UPDATE [Order] SET TotalAmount=2010 WHERE OrderID=225;
INSERT INTO Payment(OrderID, PaymentDate, Amount, PaymentMethod, TransactionRef) VALUES (225,'2025-03-17',2010,'Cash','TXN825873');
INSERT INTO [Order](CustomerID, OrderDate, Status, TotalAmount) VALUES (23,'2025-01-01','Delivered',0);
INSERT INTO OrderLines(OrderID, ProductID, Qty, UnitPrice) VALUES (226,8,1,245);
INSERT INTO OrderLines(OrderID, ProductID, Qty, UnitPrice) VALUES (226,35,3,408);
INSERT INTO OrderLines(OrderID, ProductID, Qty, UnitPrice) VALUES (226,26,3,850);
INSERT INTO OrderLines(OrderID, ProductID, Qty, UnitPrice) VALUES (226,15,2,708);
UPDATE [Order] SET TotalAmount=5435 WHERE OrderID=226;
INSERT INTO Payment(OrderID, PaymentDate, Amount, PaymentMethod, TransactionRef) VALUES (226,'2025-01-04',5435,'PayPal','TXN349166');
INSERT INTO [Order](CustomerID, OrderDate, Status, TotalAmount) VALUES (23,'2025-02-16','Cancelled',0);
INSERT INTO OrderLines(OrderID, ProductID, Qty, UnitPrice) VALUES (227,6,2,1016);
INSERT INTO OrderLines(OrderID, ProductID, Qty, UnitPrice) VALUES (227,39,2,674);
INSERT INTO OrderLines(OrderID, ProductID, Qty, UnitPrice) VALUES (227,17,1,232);
INSERT INTO OrderLines(OrderID, ProductID, Qty, UnitPrice) VALUES (227,34,2,620);
UPDATE [Order] SET TotalAmount=4852 WHERE OrderID=227;
INSERT INTO Payment(OrderID, PaymentDate, Amount, PaymentMethod, TransactionRef) VALUES (227,'2025-02-18',4852,'Cash','TXN290394');
INSERT INTO [Order](CustomerID, OrderDate, Status, TotalAmount) VALUES (23,'2025-04-23','Delivered',0);
INSERT INTO OrderLines(OrderID, ProductID, Qty, UnitPrice) VALUES (228,14,2,242);
INSERT INTO OrderLines(OrderID, ProductID, Qty, UnitPrice) VALUES (228,24,3,636);
INSERT INTO OrderLines(OrderID, ProductID, Qty, UnitPrice) VALUES (228,3,3,1029);
INSERT INTO OrderLines(OrderID, ProductID, Qty, UnitPrice) VALUES (228,22,3,592);
UPDATE [Order] SET TotalAmount=7255 WHERE OrderID=228;
INSERT INTO Payment(OrderID, PaymentDate, Amount, PaymentMethod, TransactionRef) VALUES (228,'2025-04-26',7255,'PayPal','TXN129421');
INSERT INTO [Order](CustomerID, OrderDate, Status, TotalAmount) VALUES (23,'2025-04-21','Shipped',0);
INSERT INTO OrderLines(OrderID, ProductID, Qty, UnitPrice) VALUES (229,16,3,986);
INSERT INTO OrderLines(OrderID, ProductID, Qty, UnitPrice) VALUES (229,20,3,1296);
INSERT INTO OrderLines(OrderID, ProductID, Qty, UnitPrice) VALUES (229,33,1,1086);
INSERT INTO OrderLines(OrderID, ProductID, Qty, UnitPrice) VALUES (229,39,2,1030);
UPDATE [Order] SET TotalAmount=9992 WHERE OrderID=229;
INSERT INTO Payment(OrderID, PaymentDate, Amount, PaymentMethod, TransactionRef) VALUES (229,'2025-04-23',9992,'PayPal','TXN473747');
INSERT INTO [Order](CustomerID, OrderDate, Status, TotalAmount) VALUES (23,'2025-08-10','Shipped',0);
INSERT INTO OrderLines(OrderID, ProductID, Qty, UnitPrice) VALUES (230,50,2,1060);
INSERT INTO OrderLines(OrderID, ProductID, Qty, UnitPrice) VALUES (230,7,3,884);
INSERT INTO OrderLines(OrderID, ProductID, Qty, UnitPrice) VALUES (230,39,3,292);
INSERT INTO OrderLines(OrderID, ProductID, Qty, UnitPrice) VALUES (230,26,1,252);
UPDATE [Order] SET TotalAmount=5900 WHERE OrderID=230;
INSERT INTO Payment(OrderID, PaymentDate, Amount, PaymentMethod, TransactionRef) VALUES (230,'2025-08-12',5900,'Card','TXN382871');
INSERT INTO [Order](CustomerID, OrderDate, Status, TotalAmount) VALUES (24,'2025-09-20','Shipped',0);
INSERT INTO OrderLines(OrderID, ProductID, Qty, UnitPrice) VALUES (231,35,3,906);
INSERT INTO OrderLines(OrderID, ProductID, Qty, UnitPrice) VALUES (231,28,2,1005);
INSERT INTO OrderLines(OrderID, ProductID, Qty, UnitPrice) VALUES (231,35,1,164);
INSERT INTO OrderLines(OrderID, ProductID, Qty, UnitPrice) VALUES (231,21,2,1474);
UPDATE [Order] SET TotalAmount=7840 WHERE OrderID=231;
INSERT INTO Payment(OrderID, PaymentDate, Amount, PaymentMethod, TransactionRef) VALUES (231,'2025-09-25',7840,'PayPal','TXN231793');
INSERT INTO [Order](CustomerID, OrderDate, Status, TotalAmount) VALUES (24,'2025-07-21','Shipped',0);
INSERT INTO OrderLines(OrderID, ProductID, Qty, UnitPrice) VALUES (232,23,2,433);
INSERT INTO OrderLines(OrderID, ProductID, Qty, UnitPrice) VALUES (232,36,3,1160);
INSERT INTO OrderLines(OrderID, ProductID, Qty, UnitPrice) VALUES (232,17,1,680);
INSERT INTO OrderLines(OrderID, ProductID, Qty, UnitPrice) VALUES (232,39,2,596);
UPDATE [Order] SET TotalAmount=6218 WHERE OrderID=232;
INSERT INTO Payment(OrderID, PaymentDate, Amount, PaymentMethod, TransactionRef) VALUES (232,'2025-07-26',6218,'Card','TXN754904');
INSERT INTO [Order](CustomerID, OrderDate, Status, TotalAmount) VALUES (24,'2025-11-13','Shipped',0);
INSERT INTO OrderLines(OrderID, ProductID, Qty, UnitPrice) VALUES (233,16,2,74);
INSERT INTO OrderLines(OrderID, ProductID, Qty, UnitPrice) VALUES (233,41,2,41);
INSERT INTO OrderLines(OrderID, ProductID, Qty, UnitPrice) VALUES (233,33,1,1030);
INSERT INTO OrderLines(OrderID, ProductID, Qty, UnitPrice) VALUES (233,38,3,95);
UPDATE [Order] SET TotalAmount=1545 WHERE OrderID=233;
INSERT INTO Payment(OrderID, PaymentDate, Amount, PaymentMethod, TransactionRef) VALUES (233,'2025-11-14',1545,'PayPal','TXN917251');
INSERT INTO [Order](CustomerID, OrderDate, Status, TotalAmount) VALUES (24,'2025-05-12','Cancelled',0);
INSERT INTO OrderLines(OrderID, ProductID, Qty, UnitPrice) VALUES (234,22,1,1392);
INSERT INTO OrderLines(OrderID, ProductID, Qty, UnitPrice) VALUES (234,11,2,434);
INSERT INTO OrderLines(OrderID, ProductID, Qty, UnitPrice) VALUES (234,44,1,175);
INSERT INTO OrderLines(OrderID, ProductID, Qty, UnitPrice) VALUES (234,11,2,1465);
UPDATE [Order] SET TotalAmount=5365 WHERE OrderID=234;
INSERT INTO Payment(OrderID, PaymentDate, Amount, PaymentMethod, TransactionRef) VALUES (234,'2025-05-15',5365,'Card','TXN684666');
INSERT INTO [Order](CustomerID, OrderDate, Status, TotalAmount) VALUES (24,'2025-01-30','Shipped',0);
INSERT INTO OrderLines(OrderID, ProductID, Qty, UnitPrice) VALUES (235,30,1,115);
INSERT INTO OrderLines(OrderID, ProductID, Qty, UnitPrice) VALUES (235,38,1,492);
INSERT INTO OrderLines(OrderID, ProductID, Qty, UnitPrice) VALUES (235,36,2,403);
INSERT INTO OrderLines(OrderID, ProductID, Qty, UnitPrice) VALUES (235,25,2,1282);
UPDATE [Order] SET TotalAmount=3977 WHERE OrderID=235;
INSERT INTO Payment(OrderID, PaymentDate, Amount, PaymentMethod, TransactionRef) VALUES (235,'2025-01-31',3977,'Card','TXN290740');
INSERT INTO [Order](CustomerID, OrderDate, Status, TotalAmount) VALUES (24,'2025-08-07','Processing',0);
INSERT INTO OrderLines(OrderID, ProductID, Qty, UnitPrice) VALUES (236,27,3,255);
INSERT INTO OrderLines(OrderID, ProductID, Qty, UnitPrice) VALUES (236,16,3,473);
INSERT INTO OrderLines(OrderID, ProductID, Qty, UnitPrice) VALUES (236,50,2,835);
INSERT INTO OrderLines(OrderID, ProductID, Qty, UnitPrice) VALUES (236,22,2,152);
UPDATE [Order] SET TotalAmount=4158 WHERE OrderID=236;
INSERT INTO Payment(OrderID, PaymentDate, Amount, PaymentMethod, TransactionRef) VALUES (236,'2025-08-08',4158,'PayPal','TXN388078');
INSERT INTO [Order](CustomerID, OrderDate, Status, TotalAmount) VALUES (24,'2025-01-16','Cancelled',0);
INSERT INTO OrderLines(OrderID, ProductID, Qty, UnitPrice) VALUES (237,42,1,1026);
INSERT INTO OrderLines(OrderID, ProductID, Qty, UnitPrice) VALUES (237,41,2,1153);
INSERT INTO OrderLines(OrderID, ProductID, Qty, UnitPrice) VALUES (237,14,3,205);
INSERT INTO OrderLines(OrderID, ProductID, Qty, UnitPrice) VALUES (237,37,1,274);
UPDATE [Order] SET TotalAmount=4221 WHERE OrderID=237;
INSERT INTO Payment(OrderID, PaymentDate, Amount, PaymentMethod, TransactionRef) VALUES (237,'2025-01-21',4221,'PayPal','TXN738154');
INSERT INTO [Order](CustomerID, OrderDate, Status, TotalAmount) VALUES (24,'2025-03-18','Delivered',0);
INSERT INTO OrderLines(OrderID, ProductID, Qty, UnitPrice) VALUES (238,1,2,745);
INSERT INTO OrderLines(OrderID, ProductID, Qty, UnitPrice) VALUES (238,15,2,1214);
INSERT INTO OrderLines(OrderID, ProductID, Qty, UnitPrice) VALUES (238,32,2,64);
INSERT INTO OrderLines(OrderID, ProductID, Qty, UnitPrice) VALUES (238,27,1,529);
UPDATE [Order] SET TotalAmount=4575 WHERE OrderID=238;
INSERT INTO Payment(OrderID, PaymentDate, Amount, PaymentMethod, TransactionRef) VALUES (238,'2025-03-21',4575,'PayPal','TXN735397');
INSERT INTO [Order](CustomerID, OrderDate, Status, TotalAmount) VALUES (24,'2025-07-02','Delivered',0);
INSERT INTO OrderLines(OrderID, ProductID, Qty, UnitPrice) VALUES (239,46,3,186);
INSERT INTO OrderLines(OrderID, ProductID, Qty, UnitPrice) VALUES (239,40,1,613);
INSERT INTO OrderLines(OrderID, ProductID, Qty, UnitPrice) VALUES (239,49,2,1306);
INSERT INTO OrderLines(OrderID, ProductID, Qty, UnitPrice) VALUES (239,32,1,968);
UPDATE [Order] SET TotalAmount=4751 WHERE OrderID=239;
INSERT INTO Payment(OrderID, PaymentDate, Amount, PaymentMethod, TransactionRef) VALUES (239,'2025-07-05',4751,'PayPal','TXN682331');
INSERT INTO [Order](CustomerID, OrderDate, Status, TotalAmount) VALUES (24,'2025-09-12','Delivered',0);
INSERT INTO OrderLines(OrderID, ProductID, Qty, UnitPrice) VALUES (240,40,2,890);
INSERT INTO OrderLines(OrderID, ProductID, Qty, UnitPrice) VALUES (240,27,1,615);
INSERT INTO OrderLines(OrderID, ProductID, Qty, UnitPrice) VALUES (240,26,1,74);
INSERT INTO OrderLines(OrderID, ProductID, Qty, UnitPrice) VALUES (240,16,3,926);
UPDATE [Order] SET TotalAmount=5247 WHERE OrderID=240;
INSERT INTO Payment(OrderID, PaymentDate, Amount, PaymentMethod, TransactionRef) VALUES (240,'2025-09-12',5247,'PayPal','TXN547712');
INSERT INTO [Order](CustomerID, OrderDate, Status, TotalAmount) VALUES (25,'2025-02-28','Cancelled',0);
INSERT INTO OrderLines(OrderID, ProductID, Qty, UnitPrice) VALUES (241,11,2,91);
INSERT INTO OrderLines(OrderID, ProductID, Qty, UnitPrice) VALUES (241,5,1,1430);
INSERT INTO OrderLines(OrderID, ProductID, Qty, UnitPrice) VALUES (241,5,1,369);
INSERT INTO OrderLines(OrderID, ProductID, Qty, UnitPrice) VALUES (241,19,1,1107);
UPDATE [Order] SET TotalAmount=3088 WHERE OrderID=241;
INSERT INTO Payment(OrderID, PaymentDate, Amount, PaymentMethod, TransactionRef) VALUES (241,'2025-03-03',3088,'Cash','TXN189971');
INSERT INTO [Order](CustomerID, OrderDate, Status, TotalAmount) VALUES (25,'2025-07-08','Delivered',0);
INSERT INTO OrderLines(OrderID, ProductID, Qty, UnitPrice) VALUES (242,18,2,714);
INSERT INTO OrderLines(OrderID, ProductID, Qty, UnitPrice) VALUES (242,17,1,449);
INSERT INTO OrderLines(OrderID, ProductID, Qty, UnitPrice) VALUES (242,46,1,603);
INSERT INTO OrderLines(OrderID, ProductID, Qty, UnitPrice) VALUES (242,9,1,585);
UPDATE [Order] SET TotalAmount=3065 WHERE OrderID=242;
INSERT INTO Payment(OrderID, PaymentDate, Amount, PaymentMethod, TransactionRef) VALUES (242,'2025-07-12',3065,'Card','TXN411505');
INSERT INTO [Order](CustomerID, OrderDate, Status, TotalAmount) VALUES (25,'2025-12-05','Processing',0);
INSERT INTO OrderLines(OrderID, ProductID, Qty, UnitPrice) VALUES (243,5,1,126);
INSERT INTO OrderLines(OrderID, ProductID, Qty, UnitPrice) VALUES (243,14,3,1216);
INSERT INTO OrderLines(OrderID, ProductID, Qty, UnitPrice) VALUES (243,21,1,352);
INSERT INTO OrderLines(OrderID, ProductID, Qty, UnitPrice) VALUES (243,1,2,989);
UPDATE [Order] SET TotalAmount=6104 WHERE OrderID=243;
INSERT INTO Payment(OrderID, PaymentDate, Amount, PaymentMethod, TransactionRef) VALUES (243,'2025-12-07',6104,'Card','TXN871561');
INSERT INTO [Order](CustomerID, OrderDate, Status, TotalAmount) VALUES (25,'2025-01-19','Delivered',0);
INSERT INTO OrderLines(OrderID, ProductID, Qty, UnitPrice) VALUES (244,28,3,1175);
INSERT INTO OrderLines(OrderID, ProductID, Qty, UnitPrice) VALUES (244,20,3,1021);
INSERT INTO OrderLines(OrderID, ProductID, Qty, UnitPrice) VALUES (244,3,1,911);
INSERT INTO OrderLines(OrderID, ProductID, Qty, UnitPrice) VALUES (244,50,1,929);
UPDATE [Order] SET TotalAmount=8428 WHERE OrderID=244;
INSERT INTO Payment(OrderID, PaymentDate, Amount, PaymentMethod, TransactionRef) VALUES (244,'2025-01-19',8428,'PayPal','TXN903221');
INSERT INTO [Order](CustomerID, OrderDate, Status, TotalAmount) VALUES (25,'2025-08-30','Processing',0);
INSERT INTO OrderLines(OrderID, ProductID, Qty, UnitPrice) VALUES (245,12,2,254);
INSERT INTO OrderLines(OrderID, ProductID, Qty, UnitPrice) VALUES (245,46,1,286);
INSERT INTO OrderLines(OrderID, ProductID, Qty, UnitPrice) VALUES (245,21,3,890);
INSERT INTO OrderLines(OrderID, ProductID, Qty, UnitPrice) VALUES (245,34,2,1193);
UPDATE [Order] SET TotalAmount=5850 WHERE OrderID=245;
INSERT INTO Payment(OrderID, PaymentDate, Amount, PaymentMethod, TransactionRef) VALUES (245,'2025-09-04',5850,'Cash','TXN492436');
INSERT INTO [Order](CustomerID, OrderDate, Status, TotalAmount) VALUES (25,'2025-10-02','Delivered',0);
INSERT INTO OrderLines(OrderID, ProductID, Qty, UnitPrice) VALUES (246,48,2,483);
INSERT INTO OrderLines(OrderID, ProductID, Qty, UnitPrice) VALUES (246,29,1,996);
INSERT INTO OrderLines(OrderID, ProductID, Qty, UnitPrice) VALUES (246,20,3,1271);
INSERT INTO OrderLines(OrderID, ProductID, Qty, UnitPrice) VALUES (246,5,2,1134);
UPDATE [Order] SET TotalAmount=8043 WHERE OrderID=246;
INSERT INTO Payment(OrderID, PaymentDate, Amount, PaymentMethod, TransactionRef) VALUES (246,'2025-10-05',8043,'Cash','TXN533963');
INSERT INTO [Order](CustomerID, OrderDate, Status, TotalAmount) VALUES (25,'2025-01-10','Delivered',0);
INSERT INTO OrderLines(OrderID, ProductID, Qty, UnitPrice) VALUES (247,5,2,62);
INSERT INTO OrderLines(OrderID, ProductID, Qty, UnitPrice) VALUES (247,15,1,316);
INSERT INTO OrderLines(OrderID, ProductID, Qty, UnitPrice) VALUES (247,33,1,1218);
INSERT INTO OrderLines(OrderID, ProductID, Qty, UnitPrice) VALUES (247,24,2,1336);
UPDATE [Order] SET TotalAmount=4330 WHERE OrderID=247;
INSERT INTO Payment(OrderID, PaymentDate, Amount, PaymentMethod, TransactionRef) VALUES (247,'2025-01-11',4330,'Cash','TXN535915');
INSERT INTO [Order](CustomerID, OrderDate, Status, TotalAmount) VALUES (25,'2025-03-20','Cancelled',0);
INSERT INTO OrderLines(OrderID, ProductID, Qty, UnitPrice) VALUES (248,5,1,1193);
INSERT INTO OrderLines(OrderID, ProductID, Qty, UnitPrice) VALUES (248,23,3,674);
INSERT INTO OrderLines(OrderID, ProductID, Qty, UnitPrice) VALUES (248,6,2,1330);
INSERT INTO OrderLines(OrderID, ProductID, Qty, UnitPrice) VALUES (248,9,2,1404);
UPDATE [Order] SET TotalAmount=8683 WHERE OrderID=248;
INSERT INTO Payment(OrderID, PaymentDate, Amount, PaymentMethod, TransactionRef) VALUES (248,'2025-03-21',8683,'Cash','TXN152501');
INSERT INTO [Order](CustomerID, OrderDate, Status, TotalAmount) VALUES (25,'2025-07-23','Cancelled',0);
INSERT INTO OrderLines(OrderID, ProductID, Qty, UnitPrice) VALUES (249,39,1,1462);
INSERT INTO OrderLines(OrderID, ProductID, Qty, UnitPrice) VALUES (249,35,3,287);
INSERT INTO OrderLines(OrderID, ProductID, Qty, UnitPrice) VALUES (249,12,2,1264);
INSERT INTO OrderLines(OrderID, ProductID, Qty, UnitPrice) VALUES (249,8,1,771);
UPDATE [Order] SET TotalAmount=5622 WHERE OrderID=249;
INSERT INTO Payment(OrderID, PaymentDate, Amount, PaymentMethod, TransactionRef) VALUES (249,'2025-07-23',5622,'PayPal','TXN641151');
INSERT INTO [Order](CustomerID, OrderDate, Status, TotalAmount) VALUES (25,'2025-04-08','Cancelled',0);
INSERT INTO OrderLines(OrderID, ProductID, Qty, UnitPrice) VALUES (250,50,2,1346);
INSERT INTO OrderLines(OrderID, ProductID, Qty, UnitPrice) VALUES (250,2,2,267);
INSERT INTO OrderLines(OrderID, ProductID, Qty, UnitPrice) VALUES (250,34,1,1072);
INSERT INTO OrderLines(OrderID, ProductID, Qty, UnitPrice) VALUES (250,36,3,634);
UPDATE [Order] SET TotalAmount=6200 WHERE OrderID=250;
INSERT INTO Payment(OrderID, PaymentDate, Amount, PaymentMethod, TransactionRef) VALUES (250,'2025-04-11',6200,'Cash','TXN720930');
INSERT INTO [Order](CustomerID, OrderDate, Status, TotalAmount) VALUES (26,'2025-07-20','Delivered',0);
INSERT INTO OrderLines(OrderID, ProductID, Qty, UnitPrice) VALUES (251,45,3,1473);
INSERT INTO OrderLines(OrderID, ProductID, Qty, UnitPrice) VALUES (251,50,1,355);
INSERT INTO OrderLines(OrderID, ProductID, Qty, UnitPrice) VALUES (251,8,2,1357);
INSERT INTO OrderLines(OrderID, ProductID, Qty, UnitPrice) VALUES (251,10,3,1178);
UPDATE [Order] SET TotalAmount=11022 WHERE OrderID=251;
INSERT INTO Payment(OrderID, PaymentDate, Amount, PaymentMethod, TransactionRef) VALUES (251,'2025-07-25',11022,'PayPal','TXN489102');
INSERT INTO [Order](CustomerID, OrderDate, Status, TotalAmount) VALUES (26,'2025-02-01','Delivered',0);
INSERT INTO OrderLines(OrderID, ProductID, Qty, UnitPrice) VALUES (252,20,2,1422);
INSERT INTO OrderLines(OrderID, ProductID, Qty, UnitPrice) VALUES (252,17,3,419);
INSERT INTO OrderLines(OrderID, ProductID, Qty, UnitPrice) VALUES (252,38,2,902);
INSERT INTO OrderLines(OrderID, ProductID, Qty, UnitPrice) VALUES (252,19,3,1189);
UPDATE [Order] SET TotalAmount=9472 WHERE OrderID=252;
INSERT INTO Payment(OrderID, PaymentDate, Amount, PaymentMethod, TransactionRef) VALUES (252,'2025-02-03',9472,'Card','TXN383259');
INSERT INTO [Order](CustomerID, OrderDate, Status, TotalAmount) VALUES (26,'2025-09-18','Processing',0);
INSERT INTO OrderLines(OrderID, ProductID, Qty, UnitPrice) VALUES (253,49,1,713);
INSERT INTO OrderLines(OrderID, ProductID, Qty, UnitPrice) VALUES (253,25,3,625);
INSERT INTO OrderLines(OrderID, ProductID, Qty, UnitPrice) VALUES (253,24,1,223);
INSERT INTO OrderLines(OrderID, ProductID, Qty, UnitPrice) VALUES (253,26,1,1393);
UPDATE [Order] SET TotalAmount=4204 WHERE OrderID=253;
INSERT INTO Payment(OrderID, PaymentDate, Amount, PaymentMethod, TransactionRef) VALUES (253,'2025-09-22',4204,'PayPal','TXN699212');
INSERT INTO [Order](CustomerID, OrderDate, Status, TotalAmount) VALUES (26,'2025-05-23','Cancelled',0);
INSERT INTO OrderLines(OrderID, ProductID, Qty, UnitPrice) VALUES (254,13,3,590);
INSERT INTO OrderLines(OrderID, ProductID, Qty, UnitPrice) VALUES (254,13,1,1275);
INSERT INTO OrderLines(OrderID, ProductID, Qty, UnitPrice) VALUES (254,32,1,793);
INSERT INTO OrderLines(OrderID, ProductID, Qty, UnitPrice) VALUES (254,25,2,1375);
UPDATE [Order] SET TotalAmount=6588 WHERE OrderID=254;
INSERT INTO Payment(OrderID, PaymentDate, Amount, PaymentMethod, TransactionRef) VALUES (254,'2025-05-25',6588,'Card','TXN382677');
INSERT INTO [Order](CustomerID, OrderDate, Status, TotalAmount) VALUES (26,'2025-10-08','Shipped',0);
INSERT INTO OrderLines(OrderID, ProductID, Qty, UnitPrice) VALUES (255,46,1,658);
INSERT INTO OrderLines(OrderID, ProductID, Qty, UnitPrice) VALUES (255,28,3,877);
INSERT INTO OrderLines(OrderID, ProductID, Qty, UnitPrice) VALUES (255,26,1,348);
INSERT INTO OrderLines(OrderID, ProductID, Qty, UnitPrice) VALUES (255,49,3,699);
UPDATE [Order] SET TotalAmount=5734 WHERE OrderID=255;
INSERT INTO Payment(OrderID, PaymentDate, Amount, PaymentMethod, TransactionRef) VALUES (255,'2025-10-12',5734,'Card','TXN711098');
INSERT INTO [Order](CustomerID, OrderDate, Status, TotalAmount) VALUES (26,'2025-08-21','Cancelled',0);
INSERT INTO OrderLines(OrderID, ProductID, Qty, UnitPrice) VALUES (256,39,3,591);
INSERT INTO OrderLines(OrderID, ProductID, Qty, UnitPrice) VALUES (256,2,3,1316);
INSERT INTO OrderLines(OrderID, ProductID, Qty, UnitPrice) VALUES (256,9,1,123);
INSERT INTO OrderLines(OrderID, ProductID, Qty, UnitPrice) VALUES (256,3,2,644);
UPDATE [Order] SET TotalAmount=7132 WHERE OrderID=256;
INSERT INTO Payment(OrderID, PaymentDate, Amount, PaymentMethod, TransactionRef) VALUES (256,'2025-08-23',7132,'Cash','TXN326010');
INSERT INTO [Order](CustomerID, OrderDate, Status, TotalAmount) VALUES (26,'2025-03-09','Shipped',0);
INSERT INTO OrderLines(OrderID, ProductID, Qty, UnitPrice) VALUES (257,3,2,1225);
INSERT INTO OrderLines(OrderID, ProductID, Qty, UnitPrice) VALUES (257,17,1,1260);
INSERT INTO OrderLines(OrderID, ProductID, Qty, UnitPrice) VALUES (257,26,2,472);
INSERT INTO OrderLines(OrderID, ProductID, Qty, UnitPrice) VALUES (257,50,3,1485);
UPDATE [Order] SET TotalAmount=9109 WHERE OrderID=257;
INSERT INTO Payment(OrderID, PaymentDate, Amount, PaymentMethod, TransactionRef) VALUES (257,'2025-03-13',9109,'PayPal','TXN403604');
INSERT INTO [Order](CustomerID, OrderDate, Status, TotalAmount) VALUES (26,'2025-07-01','Cancelled',0);
INSERT INTO OrderLines(OrderID, ProductID, Qty, UnitPrice) VALUES (258,38,1,319);
INSERT INTO OrderLines(OrderID, ProductID, Qty, UnitPrice) VALUES (258,35,3,1417);
INSERT INTO OrderLines(OrderID, ProductID, Qty, UnitPrice) VALUES (258,42,1,669);
INSERT INTO OrderLines(OrderID, ProductID, Qty, UnitPrice) VALUES (258,7,3,1349);
UPDATE [Order] SET TotalAmount=9286 WHERE OrderID=258;
INSERT INTO Payment(OrderID, PaymentDate, Amount, PaymentMethod, TransactionRef) VALUES (258,'2025-07-03',9286,'Cash','TXN118143');
INSERT INTO [Order](CustomerID, OrderDate, Status, TotalAmount) VALUES (26,'2025-03-21','Cancelled',0);
INSERT INTO OrderLines(OrderID, ProductID, Qty, UnitPrice) VALUES (259,40,3,761);
INSERT INTO OrderLines(OrderID, ProductID, Qty, UnitPrice) VALUES (259,40,1,1158);
INSERT INTO OrderLines(OrderID, ProductID, Qty, UnitPrice) VALUES (259,14,3,881);
INSERT INTO OrderLines(OrderID, ProductID, Qty, UnitPrice) VALUES (259,20,3,732);
UPDATE [Order] SET TotalAmount=8280 WHERE OrderID=259;
INSERT INTO Payment(OrderID, PaymentDate, Amount, PaymentMethod, TransactionRef) VALUES (259,'2025-03-21',8280,'Card','TXN173795');
INSERT INTO [Order](CustomerID, OrderDate, Status, TotalAmount) VALUES (26,'2025-11-26','Delivered',0);
INSERT INTO OrderLines(OrderID, ProductID, Qty, UnitPrice) VALUES (260,5,2,1203);
INSERT INTO OrderLines(OrderID, ProductID, Qty, UnitPrice) VALUES (260,15,1,923);
INSERT INTO OrderLines(OrderID, ProductID, Qty, UnitPrice) VALUES (260,13,2,549);
INSERT INTO OrderLines(OrderID, ProductID, Qty, UnitPrice) VALUES (260,25,2,936);
UPDATE [Order] SET TotalAmount=6299 WHERE OrderID=260;
INSERT INTO Payment(OrderID, PaymentDate, Amount, PaymentMethod, TransactionRef) VALUES (260,'2025-11-30',6299,'Cash','TXN867825');
INSERT INTO [Order](CustomerID, OrderDate, Status, TotalAmount) VALUES (27,'2025-10-05','Shipped',0);
INSERT INTO OrderLines(OrderID, ProductID, Qty, UnitPrice) VALUES (261,12,3,358);
INSERT INTO OrderLines(OrderID, ProductID, Qty, UnitPrice) VALUES (261,22,2,393);
INSERT INTO OrderLines(OrderID, ProductID, Qty, UnitPrice) VALUES (261,8,2,1470);
INSERT INTO OrderLines(OrderID, ProductID, Qty, UnitPrice) VALUES (261,7,3,1404);
UPDATE [Order] SET TotalAmount=9012 WHERE OrderID=261;
INSERT INTO Payment(OrderID, PaymentDate, Amount, PaymentMethod, TransactionRef) VALUES (261,'2025-10-08',9012,'PayPal','TXN191504');
INSERT INTO [Order](CustomerID, OrderDate, Status, TotalAmount) VALUES (27,'2025-01-27','Delivered',0);
INSERT INTO OrderLines(OrderID, ProductID, Qty, UnitPrice) VALUES (262,30,1,1011);
INSERT INTO OrderLines(OrderID, ProductID, Qty, UnitPrice) VALUES (262,11,3,222);
INSERT INTO OrderLines(OrderID, ProductID, Qty, UnitPrice) VALUES (262,16,3,741);
INSERT INTO OrderLines(OrderID, ProductID, Qty, UnitPrice) VALUES (262,46,3,545);
UPDATE [Order] SET TotalAmount=5535 WHERE OrderID=262;
INSERT INTO Payment(OrderID, PaymentDate, Amount, PaymentMethod, TransactionRef) VALUES (262,'2025-01-29',5535,'Card','TXN754902');
INSERT INTO [Order](CustomerID, OrderDate, Status, TotalAmount) VALUES (27,'2025-08-10','Shipped',0);
INSERT INTO OrderLines(OrderID, ProductID, Qty, UnitPrice) VALUES (263,18,3,1097);
INSERT INTO OrderLines(OrderID, ProductID, Qty, UnitPrice) VALUES (263,13,3,338);
INSERT INTO OrderLines(OrderID, ProductID, Qty, UnitPrice) VALUES (263,23,2,1408);
INSERT INTO OrderLines(OrderID, ProductID, Qty, UnitPrice) VALUES (263,18,2,640);
UPDATE [Order] SET TotalAmount=8401 WHERE OrderID=263;
INSERT INTO Payment(OrderID, PaymentDate, Amount, PaymentMethod, TransactionRef) VALUES (263,'2025-08-12',8401,'Cash','TXN201999');
INSERT INTO [Order](CustomerID, OrderDate, Status, TotalAmount) VALUES (27,'2025-11-22','Cancelled',0);
INSERT INTO OrderLines(OrderID, ProductID, Qty, UnitPrice) VALUES (264,22,3,262);
INSERT INTO OrderLines(OrderID, ProductID, Qty, UnitPrice) VALUES (264,32,1,1158);
INSERT INTO OrderLines(OrderID, ProductID, Qty, UnitPrice) VALUES (264,4,1,783);
INSERT INTO OrderLines(OrderID, ProductID, Qty, UnitPrice) VALUES (264,13,2,755);
UPDATE [Order] SET TotalAmount=4237 WHERE OrderID=264;
INSERT INTO Payment(OrderID, PaymentDate, Amount, PaymentMethod, TransactionRef) VALUES (264,'2025-11-22',4237,'Card','TXN760383');
INSERT INTO [Order](CustomerID, OrderDate, Status, TotalAmount) VALUES (27,'2025-10-28','Processing',0);
INSERT INTO OrderLines(OrderID, ProductID, Qty, UnitPrice) VALUES (265,23,1,282);
INSERT INTO OrderLines(OrderID, ProductID, Qty, UnitPrice) VALUES (265,12,2,521);
INSERT INTO OrderLines(OrderID, ProductID, Qty, UnitPrice) VALUES (265,37,2,338);
INSERT INTO OrderLines(OrderID, ProductID, Qty, UnitPrice) VALUES (265,28,2,372);
UPDATE [Order] SET TotalAmount=2744 WHERE OrderID=265;
INSERT INTO Payment(OrderID, PaymentDate, Amount, PaymentMethod, TransactionRef) VALUES (265,'2025-11-02',2744,'PayPal','TXN769058');
INSERT INTO [Order](CustomerID, OrderDate, Status, TotalAmount) VALUES (27,'2025-04-26','Delivered',0);
INSERT INTO OrderLines(OrderID, ProductID, Qty, UnitPrice) VALUES (266,27,3,45);
INSERT INTO OrderLines(OrderID, ProductID, Qty, UnitPrice) VALUES (266,45,2,236);
INSERT INTO OrderLines(OrderID, ProductID, Qty, UnitPrice) VALUES (266,19,1,937);
INSERT INTO OrderLines(OrderID, ProductID, Qty, UnitPrice) VALUES (266,26,1,1293);
UPDATE [Order] SET TotalAmount=2837 WHERE OrderID=266;
INSERT INTO Payment(OrderID, PaymentDate, Amount, PaymentMethod, TransactionRef) VALUES (266,'2025-04-28',2837,'PayPal','TXN966454');
INSERT INTO [Order](CustomerID, OrderDate, Status, TotalAmount) VALUES (27,'2025-12-14','Shipped',0);
INSERT INTO OrderLines(OrderID, ProductID, Qty, UnitPrice) VALUES (267,14,3,1416);
INSERT INTO OrderLines(OrderID, ProductID, Qty, UnitPrice) VALUES (267,18,2,492);
INSERT INTO OrderLines(OrderID, ProductID, Qty, UnitPrice) VALUES (267,7,1,107);
INSERT INTO OrderLines(OrderID, ProductID, Qty, UnitPrice) VALUES (267,37,3,538);
UPDATE [Order] SET TotalAmount=6953 WHERE OrderID=267;
INSERT INTO Payment(OrderID, PaymentDate, Amount, PaymentMethod, TransactionRef) VALUES (267,'2025-12-18',6953,'Cash','TXN755917');
INSERT INTO [Order](CustomerID, OrderDate, Status, TotalAmount) VALUES (27,'2025-06-16','Delivered',0);
INSERT INTO OrderLines(OrderID, ProductID, Qty, UnitPrice) VALUES (268,14,1,275);
INSERT INTO OrderLines(OrderID, ProductID, Qty, UnitPrice) VALUES (268,43,2,588);
INSERT INTO OrderLines(OrderID, ProductID, Qty, UnitPrice) VALUES (268,7,1,1443);
INSERT INTO OrderLines(OrderID, ProductID, Qty, UnitPrice) VALUES (268,22,3,787);
UPDATE [Order] SET TotalAmount=5255 WHERE OrderID=268;
INSERT INTO Payment(OrderID, PaymentDate, Amount, PaymentMethod, TransactionRef) VALUES (268,'2025-06-18',5255,'Card','TXN685780');
INSERT INTO [Order](CustomerID, OrderDate, Status, TotalAmount) VALUES (27,'2025-11-22','Shipped',0);
INSERT INTO OrderLines(OrderID, ProductID, Qty, UnitPrice) VALUES (269,28,2,1443);
INSERT INTO OrderLines(OrderID, ProductID, Qty, UnitPrice) VALUES (269,45,3,646);
INSERT INTO OrderLines(OrderID, ProductID, Qty, UnitPrice) VALUES (269,5,1,769);
INSERT INTO OrderLines(OrderID, ProductID, Qty, UnitPrice) VALUES (269,26,2,299);
UPDATE [Order] SET TotalAmount=6191 WHERE OrderID=269;
INSERT INTO Payment(OrderID, PaymentDate, Amount, PaymentMethod, TransactionRef) VALUES (269,'2025-11-25',6191,'Card','TXN520226');
INSERT INTO [Order](CustomerID, OrderDate, Status, TotalAmount) VALUES (27,'2025-06-16','Shipped',0);
INSERT INTO OrderLines(OrderID, ProductID, Qty, UnitPrice) VALUES (270,47,1,1034);
INSERT INTO OrderLines(OrderID, ProductID, Qty, UnitPrice) VALUES (270,44,1,129);
INSERT INTO OrderLines(OrderID, ProductID, Qty, UnitPrice) VALUES (270,22,3,102);
INSERT INTO OrderLines(OrderID, ProductID, Qty, UnitPrice) VALUES (270,42,2,1487);
UPDATE [Order] SET TotalAmount=4443 WHERE OrderID=270;
INSERT INTO Payment(OrderID, PaymentDate, Amount, PaymentMethod, TransactionRef) VALUES (270,'2025-06-19',4443,'Cash','TXN982658');
INSERT INTO [Order](CustomerID, OrderDate, Status, TotalAmount) VALUES (28,'2025-09-22','Processing',0);
INSERT INTO OrderLines(OrderID, ProductID, Qty, UnitPrice) VALUES (271,29,3,1487);
INSERT INTO OrderLines(OrderID, ProductID, Qty, UnitPrice) VALUES (271,29,3,64);
INSERT INTO OrderLines(OrderID, ProductID, Qty, UnitPrice) VALUES (271,17,2,182);
INSERT INTO OrderLines(OrderID, ProductID, Qty, UnitPrice) VALUES (271,26,3,750);
UPDATE [Order] SET TotalAmount=7267 WHERE OrderID=271;
INSERT INTO Payment(OrderID, PaymentDate, Amount, PaymentMethod, TransactionRef) VALUES (271,'2025-09-25',7267,'Cash','TXN434893');
INSERT INTO [Order](CustomerID, OrderDate, Status, TotalAmount) VALUES (28,'2025-10-26','Processing',0);
INSERT INTO OrderLines(OrderID, ProductID, Qty, UnitPrice) VALUES (272,26,2,1331);
INSERT INTO OrderLines(OrderID, ProductID, Qty, UnitPrice) VALUES (272,35,3,833);
INSERT INTO OrderLines(OrderID, ProductID, Qty, UnitPrice) VALUES (272,35,2,371);
INSERT INTO OrderLines(OrderID, ProductID, Qty, UnitPrice) VALUES (272,15,1,1007);
UPDATE [Order] SET TotalAmount=6910 WHERE OrderID=272;
INSERT INTO Payment(OrderID, PaymentDate, Amount, PaymentMethod, TransactionRef) VALUES (272,'2025-10-27',6910,'PayPal','TXN215178');
INSERT INTO [Order](CustomerID, OrderDate, Status, TotalAmount) VALUES (28,'2025-02-02','Delivered',0);
INSERT INTO OrderLines(OrderID, ProductID, Qty, UnitPrice) VALUES (273,47,2,914);
INSERT INTO OrderLines(OrderID, ProductID, Qty, UnitPrice) VALUES (273,31,3,903);
INSERT INTO OrderLines(OrderID, ProductID, Qty, UnitPrice) VALUES (273,22,1,1166);
INSERT INTO OrderLines(OrderID, ProductID, Qty, UnitPrice) VALUES (273,35,1,1066);
UPDATE [Order] SET TotalAmount=6769 WHERE OrderID=273;
INSERT INTO Payment(OrderID, PaymentDate, Amount, PaymentMethod, TransactionRef) VALUES (273,'2025-02-03',6769,'Card','TXN398724');
INSERT INTO [Order](CustomerID, OrderDate, Status, TotalAmount) VALUES (28,'2025-09-30','Cancelled',0);
INSERT INTO OrderLines(OrderID, ProductID, Qty, UnitPrice) VALUES (274,46,2,1123);
INSERT INTO OrderLines(OrderID, ProductID, Qty, UnitPrice) VALUES (274,21,1,734);
INSERT INTO OrderLines(OrderID, ProductID, Qty, UnitPrice) VALUES (274,42,1,1012);
INSERT INTO OrderLines(OrderID, ProductID, Qty, UnitPrice) VALUES (274,26,2,349);
UPDATE [Order] SET TotalAmount=4690 WHERE OrderID=274;
INSERT INTO Payment(OrderID, PaymentDate, Amount, PaymentMethod, TransactionRef) VALUES (274,'2025-10-02',4690,'Card','TXN702472');
INSERT INTO [Order](CustomerID, OrderDate, Status, TotalAmount) VALUES (28,'2025-06-27','Shipped',0);
INSERT INTO OrderLines(OrderID, ProductID, Qty, UnitPrice) VALUES (275,13,1,728);
INSERT INTO OrderLines(OrderID, ProductID, Qty, UnitPrice) VALUES (275,45,3,398);
INSERT INTO OrderLines(OrderID, ProductID, Qty, UnitPrice) VALUES (275,18,1,163);
INSERT INTO OrderLines(OrderID, ProductID, Qty, UnitPrice) VALUES (275,13,1,1275);
UPDATE [Order] SET TotalAmount=3360 WHERE OrderID=275;
INSERT INTO Payment(OrderID, PaymentDate, Amount, PaymentMethod, TransactionRef) VALUES (275,'2025-06-30',3360,'PayPal','TXN814302');
INSERT INTO [Order](CustomerID, OrderDate, Status, TotalAmount) VALUES (28,'2025-12-05','Shipped',0);
INSERT INTO OrderLines(OrderID, ProductID, Qty, UnitPrice) VALUES (276,44,3,671);
INSERT INTO OrderLines(OrderID, ProductID, Qty, UnitPrice) VALUES (276,42,2,451);
INSERT INTO OrderLines(OrderID, ProductID, Qty, UnitPrice) VALUES (276,4,3,393);
INSERT INTO OrderLines(OrderID, ProductID, Qty, UnitPrice) VALUES (276,17,2,307);
UPDATE [Order] SET TotalAmount=4708 WHERE OrderID=276;
INSERT INTO Payment(OrderID, PaymentDate, Amount, PaymentMethod, TransactionRef) VALUES (276,'2025-12-05',4708,'Card','TXN116442');
INSERT INTO [Order](CustomerID, OrderDate, Status, TotalAmount) VALUES (28,'2025-10-25','Cancelled',0);
INSERT INTO OrderLines(OrderID, ProductID, Qty, UnitPrice) VALUES (277,49,1,400);
INSERT INTO OrderLines(OrderID, ProductID, Qty, UnitPrice) VALUES (277,11,2,501);
INSERT INTO OrderLines(OrderID, ProductID, Qty, UnitPrice) VALUES (277,18,2,766);
INSERT INTO OrderLines(OrderID, ProductID, Qty, UnitPrice) VALUES (277,12,2,706);
UPDATE [Order] SET TotalAmount=4346 WHERE OrderID=277;
INSERT INTO Payment(OrderID, PaymentDate, Amount, PaymentMethod, TransactionRef) VALUES (277,'2025-10-26',4346,'Cash','TXN938883');
INSERT INTO [Order](CustomerID, OrderDate, Status, TotalAmount) VALUES (28,'2025-01-21','Shipped',0);
INSERT INTO OrderLines(OrderID, ProductID, Qty, UnitPrice) VALUES (278,47,1,792);
INSERT INTO OrderLines(OrderID, ProductID, Qty, UnitPrice) VALUES (278,8,3,1165);
INSERT INTO OrderLines(OrderID, ProductID, Qty, UnitPrice) VALUES (278,19,2,1109);
INSERT INTO OrderLines(OrderID, ProductID, Qty, UnitPrice) VALUES (278,31,2,1156);
UPDATE [Order] SET TotalAmount=8817 WHERE OrderID=278;
INSERT INTO Payment(OrderID, PaymentDate, Amount, PaymentMethod, TransactionRef) VALUES (278,'2025-01-22',8817,'PayPal','TXN177638');
INSERT INTO [Order](CustomerID, OrderDate, Status, TotalAmount) VALUES (28,'2025-12-24','Processing',0);
INSERT INTO OrderLines(OrderID, ProductID, Qty, UnitPrice) VALUES (279,33,3,1266);
INSERT INTO OrderLines(OrderID, ProductID, Qty, UnitPrice) VALUES (279,28,1,311);
INSERT INTO OrderLines(OrderID, ProductID, Qty, UnitPrice) VALUES (279,20,1,1149);
INSERT INTO OrderLines(OrderID, ProductID, Qty, UnitPrice) VALUES (279,41,2,758);
UPDATE [Order] SET TotalAmount=6774 WHERE OrderID=279;
INSERT INTO Payment(OrderID, PaymentDate, Amount, PaymentMethod, TransactionRef) VALUES (279,'2025-12-29',6774,'PayPal','TXN188208');
INSERT INTO [Order](CustomerID, OrderDate, Status, TotalAmount) VALUES (28,'2025-06-28','Shipped',0);
INSERT INTO OrderLines(OrderID, ProductID, Qty, UnitPrice) VALUES (280,2,2,1497);
INSERT INTO OrderLines(OrderID, ProductID, Qty, UnitPrice) VALUES (280,12,3,135);
INSERT INTO OrderLines(OrderID, ProductID, Qty, UnitPrice) VALUES (280,40,2,988);
INSERT INTO OrderLines(OrderID, ProductID, Qty, UnitPrice) VALUES (280,7,3,134);
UPDATE [Order] SET TotalAmount=5777 WHERE OrderID=280;
INSERT INTO Payment(OrderID, PaymentDate, Amount, PaymentMethod, TransactionRef) VALUES (280,'2025-07-01',5777,'Card','TXN828321');
INSERT INTO [Order](CustomerID, OrderDate, Status, TotalAmount) VALUES (29,'2025-01-19','Shipped',0);
INSERT INTO OrderLines(OrderID, ProductID, Qty, UnitPrice) VALUES (281,18,3,539);
INSERT INTO OrderLines(OrderID, ProductID, Qty, UnitPrice) VALUES (281,20,1,915);
INSERT INTO OrderLines(OrderID, ProductID, Qty, UnitPrice) VALUES (281,7,3,424);
INSERT INTO OrderLines(OrderID, ProductID, Qty, UnitPrice) VALUES (281,17,2,567);
UPDATE [Order] SET TotalAmount=4938 WHERE OrderID=281;
INSERT INTO Payment(OrderID, PaymentDate, Amount, PaymentMethod, TransactionRef) VALUES (281,'2025-01-23',4938,'Cash','TXN318297');
INSERT INTO [Order](CustomerID, OrderDate, Status, TotalAmount) VALUES (29,'2025-10-24','Delivered',0);
INSERT INTO OrderLines(OrderID, ProductID, Qty, UnitPrice) VALUES (282,24,1,1036);
INSERT INTO OrderLines(OrderID, ProductID, Qty, UnitPrice) VALUES (282,49,3,1462);
INSERT INTO OrderLines(OrderID, ProductID, Qty, UnitPrice) VALUES (282,23,3,326);
INSERT INTO OrderLines(OrderID, ProductID, Qty, UnitPrice) VALUES (282,29,3,757);
UPDATE [Order] SET TotalAmount=8671 WHERE OrderID=282;
INSERT INTO Payment(OrderID, PaymentDate, Amount, PaymentMethod, TransactionRef) VALUES (282,'2025-10-29',8671,'Cash','TXN851948');
INSERT INTO [Order](CustomerID, OrderDate, Status, TotalAmount) VALUES (29,'2025-12-01','Cancelled',0);
INSERT INTO OrderLines(OrderID, ProductID, Qty, UnitPrice) VALUES (283,15,2,411);
INSERT INTO OrderLines(OrderID, ProductID, Qty, UnitPrice) VALUES (283,22,1,229);
INSERT INTO OrderLines(OrderID, ProductID, Qty, UnitPrice) VALUES (283,46,2,1233);
INSERT INTO OrderLines(OrderID, ProductID, Qty, UnitPrice) VALUES (283,35,3,251);
UPDATE [Order] SET TotalAmount=4270 WHERE OrderID=283;
INSERT INTO Payment(OrderID, PaymentDate, Amount, PaymentMethod, TransactionRef) VALUES (283,'2025-12-04',4270,'PayPal','TXN124059');
INSERT INTO [Order](CustomerID, OrderDate, Status, TotalAmount) VALUES (29,'2025-04-01','Shipped',0);
INSERT INTO OrderLines(OrderID, ProductID, Qty, UnitPrice) VALUES (284,44,3,452);
INSERT INTO OrderLines(OrderID, ProductID, Qty, UnitPrice) VALUES (284,32,1,188);
INSERT INTO OrderLines(OrderID, ProductID, Qty, UnitPrice) VALUES (284,8,3,65);
INSERT INTO OrderLines(OrderID, ProductID, Qty, UnitPrice) VALUES (284,17,3,221);
UPDATE [Order] SET TotalAmount=2402 WHERE OrderID=284;
INSERT INTO Payment(OrderID, PaymentDate, Amount, PaymentMethod, TransactionRef) VALUES (284,'2025-04-02',2402,'Cash','TXN360941');
INSERT INTO [Order](CustomerID, OrderDate, Status, TotalAmount) VALUES (29,'2025-08-06','Delivered',0);
INSERT INTO OrderLines(OrderID, ProductID, Qty, UnitPrice) VALUES (285,40,2,1261);
INSERT INTO OrderLines(OrderID, ProductID, Qty, UnitPrice) VALUES (285,29,2,1122);
INSERT INTO OrderLines(OrderID, ProductID, Qty, UnitPrice) VALUES (285,38,1,620);
INSERT INTO OrderLines(OrderID, ProductID, Qty, UnitPrice) VALUES (285,48,2,958);
UPDATE [Order] SET TotalAmount=7302 WHERE OrderID=285;
INSERT INTO Payment(OrderID, PaymentDate, Amount, PaymentMethod, TransactionRef) VALUES (285,'2025-08-06',7302,'PayPal','TXN931885');
INSERT INTO [Order](CustomerID, OrderDate, Status, TotalAmount) VALUES (29,'2025-09-24','Processing',0);
INSERT INTO OrderLines(OrderID, ProductID, Qty, UnitPrice) VALUES (286,24,1,1443);
INSERT INTO OrderLines(OrderID, ProductID, Qty, UnitPrice) VALUES (286,19,3,22);
INSERT INTO OrderLines(OrderID, ProductID, Qty, UnitPrice) VALUES (286,43,1,1249);
INSERT INTO OrderLines(OrderID, ProductID, Qty, UnitPrice) VALUES (286,19,3,1495);
UPDATE [Order] SET TotalAmount=7243 WHERE OrderID=286;
INSERT INTO Payment(OrderID, PaymentDate, Amount, PaymentMethod, TransactionRef) VALUES (286,'2025-09-24',7243,'Card','TXN384487');
INSERT INTO [Order](CustomerID, OrderDate, Status, TotalAmount) VALUES (29,'2025-12-26','Cancelled',0);
INSERT INTO OrderLines(OrderID, ProductID, Qty, UnitPrice) VALUES (287,29,3,589);
INSERT INTO OrderLines(OrderID, ProductID, Qty, UnitPrice) VALUES (287,17,3,893);
INSERT INTO OrderLines(OrderID, ProductID, Qty, UnitPrice) VALUES (287,19,3,1169);
INSERT INTO OrderLines(OrderID, ProductID, Qty, UnitPrice) VALUES (287,25,2,633);
UPDATE [Order] SET TotalAmount=9219 WHERE OrderID=287;
INSERT INTO Payment(OrderID, PaymentDate, Amount, PaymentMethod, TransactionRef) VALUES (287,'2025-12-30',9219,'Card','TXN364290');
INSERT INTO [Order](CustomerID, OrderDate, Status, TotalAmount) VALUES (29,'2025-03-31','Delivered',0);
INSERT INTO OrderLines(OrderID, ProductID, Qty, UnitPrice) VALUES (288,26,1,999);
INSERT INTO OrderLines(OrderID, ProductID, Qty, UnitPrice) VALUES (288,47,1,1287);
INSERT INTO OrderLines(OrderID, ProductID, Qty, UnitPrice) VALUES (288,34,1,502);
INSERT INTO OrderLines(OrderID, ProductID, Qty, UnitPrice) VALUES (288,49,1,957);
UPDATE [Order] SET TotalAmount=3745 WHERE OrderID=288;
INSERT INTO Payment(OrderID, PaymentDate, Amount, PaymentMethod, TransactionRef) VALUES (288,'2025-03-31',3745,'Card','TXN338431');
INSERT INTO [Order](CustomerID, OrderDate, Status, TotalAmount) VALUES (29,'2025-12-02','Processing',0);
INSERT INTO OrderLines(OrderID, ProductID, Qty, UnitPrice) VALUES (289,26,1,1107);
INSERT INTO OrderLines(OrderID, ProductID, Qty, UnitPrice) VALUES (289,49,3,615);
INSERT INTO OrderLines(OrderID, ProductID, Qty, UnitPrice) VALUES (289,43,3,1182);
INSERT INTO OrderLines(OrderID, ProductID, Qty, UnitPrice) VALUES (289,4,2,957);
UPDATE [Order] SET TotalAmount=8412 WHERE OrderID=289;
INSERT INTO Payment(OrderID, PaymentDate, Amount, PaymentMethod, TransactionRef) VALUES (289,'2025-12-03',8412,'PayPal','TXN691252');
INSERT INTO [Order](CustomerID, OrderDate, Status, TotalAmount) VALUES (29,'2025-07-12','Delivered',0);
INSERT INTO OrderLines(OrderID, ProductID, Qty, UnitPrice) VALUES (290,20,2,845);
INSERT INTO OrderLines(OrderID, ProductID, Qty, UnitPrice) VALUES (290,40,1,693);
INSERT INTO OrderLines(OrderID, ProductID, Qty, UnitPrice) VALUES (290,16,3,50);
INSERT INTO OrderLines(OrderID, ProductID, Qty, UnitPrice) VALUES (290,5,2,1309);
UPDATE [Order] SET TotalAmount=5151 WHERE OrderID=290;
INSERT INTO Payment(OrderID, PaymentDate, Amount, PaymentMethod, TransactionRef) VALUES (290,'2025-07-16',5151,'PayPal','TXN883475');
INSERT INTO [Order](CustomerID, OrderDate, Status, TotalAmount) VALUES (30,'2025-05-08','Shipped',0);
INSERT INTO OrderLines(OrderID, ProductID, Qty, UnitPrice) VALUES (291,9,1,40);
INSERT INTO OrderLines(OrderID, ProductID, Qty, UnitPrice) VALUES (291,19,1,1091);
INSERT INTO OrderLines(OrderID, ProductID, Qty, UnitPrice) VALUES (291,13,3,1037);
INSERT INTO OrderLines(OrderID, ProductID, Qty, UnitPrice) VALUES (291,32,2,1077);
UPDATE [Order] SET TotalAmount=6396 WHERE OrderID=291;
INSERT INTO Payment(OrderID, PaymentDate, Amount, PaymentMethod, TransactionRef) VALUES (291,'2025-05-11',6396,'Card','TXN773346');
INSERT INTO [Order](CustomerID, OrderDate, Status, TotalAmount) VALUES (30,'2025-01-20','Cancelled',0);
INSERT INTO OrderLines(OrderID, ProductID, Qty, UnitPrice) VALUES (292,5,3,1055);
INSERT INTO OrderLines(OrderID, ProductID, Qty, UnitPrice) VALUES (292,38,2,41);
INSERT INTO OrderLines(OrderID, ProductID, Qty, UnitPrice) VALUES (292,44,1,301);
INSERT INTO OrderLines(OrderID, ProductID, Qty, UnitPrice) VALUES (292,26,2,585);
UPDATE [Order] SET TotalAmount=4718 WHERE OrderID=292;
INSERT INTO Payment(OrderID, PaymentDate, Amount, PaymentMethod, TransactionRef) VALUES (292,'2025-01-24',4718,'Cash','TXN564898');
INSERT INTO [Order](CustomerID, OrderDate, Status, TotalAmount) VALUES (30,'2025-06-12','Delivered',0);
INSERT INTO OrderLines(OrderID, ProductID, Qty, UnitPrice) VALUES (293,30,3,376);
INSERT INTO OrderLines(OrderID, ProductID, Qty, UnitPrice) VALUES (293,49,2,809);
INSERT INTO OrderLines(OrderID, ProductID, Qty, UnitPrice) VALUES (293,12,1,1322);
INSERT INTO OrderLines(OrderID, ProductID, Qty, UnitPrice) VALUES (293,49,2,338);
UPDATE [Order] SET TotalAmount=4744 WHERE OrderID=293;
INSERT INTO Payment(OrderID, PaymentDate, Amount, PaymentMethod, TransactionRef) VALUES (293,'2025-06-17',4744,'Card','TXN190758');
INSERT INTO [Order](CustomerID, OrderDate, Status, TotalAmount) VALUES (30,'2025-04-22','Shipped',0);
INSERT INTO OrderLines(OrderID, ProductID, Qty, UnitPrice) VALUES (294,7,1,1063);
INSERT INTO OrderLines(OrderID, ProductID, Qty, UnitPrice) VALUES (294,35,1,646);
INSERT INTO OrderLines(OrderID, ProductID, Qty, UnitPrice) VALUES (294,18,1,1310);
INSERT INTO OrderLines(OrderID, ProductID, Qty, UnitPrice) VALUES (294,37,1,987);
UPDATE [Order] SET TotalAmount=4006 WHERE OrderID=294;
INSERT INTO Payment(OrderID, PaymentDate, Amount, PaymentMethod, TransactionRef) VALUES (294,'2025-04-27',4006,'Card','TXN918956');
INSERT INTO [Order](CustomerID, OrderDate, Status, TotalAmount) VALUES (30,'2025-09-12','Shipped',0);
INSERT INTO OrderLines(OrderID, ProductID, Qty, UnitPrice) VALUES (295,25,1,121);
INSERT INTO OrderLines(OrderID, ProductID, Qty, UnitPrice) VALUES (295,22,2,421);
INSERT INTO OrderLines(OrderID, ProductID, Qty, UnitPrice) VALUES (295,26,3,309);
INSERT INTO OrderLines(OrderID, ProductID, Qty, UnitPrice) VALUES (295,47,1,294);
UPDATE [Order] SET TotalAmount=2184 WHERE OrderID=295;
INSERT INTO Payment(OrderID, PaymentDate, Amount, PaymentMethod, TransactionRef) VALUES (295,'2025-09-16',2184,'Cash','TXN781964');
INSERT INTO [Order](CustomerID, OrderDate, Status, TotalAmount) VALUES (30,'2025-06-18','Cancelled',0);
INSERT INTO OrderLines(OrderID, ProductID, Qty, UnitPrice) VALUES (296,46,2,602);
INSERT INTO OrderLines(OrderID, ProductID, Qty, UnitPrice) VALUES (296,35,2,788);
INSERT INTO OrderLines(OrderID, ProductID, Qty, UnitPrice) VALUES (296,24,2,184);
INSERT INTO OrderLines(OrderID, ProductID, Qty, UnitPrice) VALUES (296,24,3,697);
UPDATE [Order] SET TotalAmount=5239 WHERE OrderID=296;
INSERT INTO Payment(OrderID, PaymentDate, Amount, PaymentMethod, TransactionRef) VALUES (296,'2025-06-23',5239,'Cash','TXN762918');
INSERT INTO [Order](CustomerID, OrderDate, Status, TotalAmount) VALUES (30,'2025-09-10','Cancelled',0);
INSERT INTO OrderLines(OrderID, ProductID, Qty, UnitPrice) VALUES (297,46,2,296);
INSERT INTO OrderLines(OrderID, ProductID, Qty, UnitPrice) VALUES (297,1,1,1152);
INSERT INTO OrderLines(OrderID, ProductID, Qty, UnitPrice) VALUES (297,39,2,1462);
INSERT INTO OrderLines(OrderID, ProductID, Qty, UnitPrice) VALUES (297,40,1,829);
UPDATE [Order] SET TotalAmount=5497 WHERE OrderID=297;
INSERT INTO Payment(OrderID, PaymentDate, Amount, PaymentMethod, TransactionRef) VALUES (297,'2025-09-10',5497,'Card','TXN265386');
INSERT INTO [Order](CustomerID, OrderDate, Status, TotalAmount) VALUES (30,'2025-12-19','Shipped',0);
INSERT INTO OrderLines(OrderID, ProductID, Qty, UnitPrice) VALUES (298,42,3,560);
INSERT INTO OrderLines(OrderID, ProductID, Qty, UnitPrice) VALUES (298,44,1,786);
INSERT INTO OrderLines(OrderID, ProductID, Qty, UnitPrice) VALUES (298,46,2,1231);
INSERT INTO OrderLines(OrderID, ProductID, Qty, UnitPrice) VALUES (298,33,1,59);
UPDATE [Order] SET TotalAmount=4987 WHERE OrderID=298;
INSERT INTO Payment(OrderID, PaymentDate, Amount, PaymentMethod, TransactionRef) VALUES (298,'2025-12-22',4987,'Card','TXN152349');
INSERT INTO [Order](CustomerID, OrderDate, Status, TotalAmount) VALUES (30,'2025-12-19','Cancelled',0);
INSERT INTO OrderLines(OrderID, ProductID, Qty, UnitPrice) VALUES (299,31,2,93);
INSERT INTO OrderLines(OrderID, ProductID, Qty, UnitPrice) VALUES (299,44,1,569);
INSERT INTO OrderLines(OrderID, ProductID, Qty, UnitPrice) VALUES (299,6,2,313);
INSERT INTO OrderLines(OrderID, ProductID, Qty, UnitPrice) VALUES (299,2,3,863);
UPDATE [Order] SET TotalAmount=3970 WHERE OrderID=299;
INSERT INTO Payment(OrderID, PaymentDate, Amount, PaymentMethod, TransactionRef) VALUES (299,'2025-12-24',3970,'Card','TXN771543');
INSERT INTO [Order](CustomerID, OrderDate, Status, TotalAmount) VALUES (30,'2025-07-18','Processing',0);
INSERT INTO OrderLines(OrderID, ProductID, Qty, UnitPrice) VALUES (300,41,1,1128);
INSERT INTO OrderLines(OrderID, ProductID, Qty, UnitPrice) VALUES (300,41,3,1261);
INSERT INTO OrderLines(OrderID, ProductID, Qty, UnitPrice) VALUES (300,11,2,266);
INSERT INTO OrderLines(OrderID, ProductID, Qty, UnitPrice) VALUES (300,35,2,1376);
UPDATE [Order] SET TotalAmount=8195 WHERE OrderID=300;
INSERT INTO Payment(OrderID, PaymentDate, Amount, PaymentMethod, TransactionRef) VALUES (300,'2025-07-22',8195,'Cash','TXN217216');
INSERT INTO [Order](CustomerID, OrderDate, Status, TotalAmount) VALUES (31,'2025-08-21','Delivered',0);
INSERT INTO OrderLines(OrderID, ProductID, Qty, UnitPrice) VALUES (301,25,1,324);
INSERT INTO OrderLines(OrderID, ProductID, Qty, UnitPrice) VALUES (301,6,1,352);
INSERT INTO OrderLines(OrderID, ProductID, Qty, UnitPrice) VALUES (301,37,1,203);
INSERT INTO OrderLines(OrderID, ProductID, Qty, UnitPrice) VALUES (301,34,1,631);
UPDATE [Order] SET TotalAmount=1510 WHERE OrderID=301;
INSERT INTO Payment(OrderID, PaymentDate, Amount, PaymentMethod, TransactionRef) VALUES (301,'2025-08-23',1510,'Card','TXN247810');
INSERT INTO [Order](CustomerID, OrderDate, Status, TotalAmount) VALUES (31,'2025-06-28','Processing',0);
INSERT INTO OrderLines(OrderID, ProductID, Qty, UnitPrice) VALUES (302,49,3,853);
INSERT INTO OrderLines(OrderID, ProductID, Qty, UnitPrice) VALUES (302,48,1,565);
INSERT INTO OrderLines(OrderID, ProductID, Qty, UnitPrice) VALUES (302,21,3,355);
INSERT INTO OrderLines(OrderID, ProductID, Qty, UnitPrice) VALUES (302,40,3,70);
UPDATE [Order] SET TotalAmount=4399 WHERE OrderID=302;
INSERT INTO Payment(OrderID, PaymentDate, Amount, PaymentMethod, TransactionRef) VALUES (302,'2025-06-29',4399,'Cash','TXN420144');
INSERT INTO [Order](CustomerID, OrderDate, Status, TotalAmount) VALUES (31,'2025-10-03','Delivered',0);
INSERT INTO OrderLines(OrderID, ProductID, Qty, UnitPrice) VALUES (303,37,3,491);
INSERT INTO OrderLines(OrderID, ProductID, Qty, UnitPrice) VALUES (303,4,1,459);
INSERT INTO OrderLines(OrderID, ProductID, Qty, UnitPrice) VALUES (303,40,2,454);
INSERT INTO OrderLines(OrderID, ProductID, Qty, UnitPrice) VALUES (303,37,3,1171);
UPDATE [Order] SET TotalAmount=6353 WHERE OrderID=303;
INSERT INTO Payment(OrderID, PaymentDate, Amount, PaymentMethod, TransactionRef) VALUES (303,'2025-10-04',6353,'PayPal','TXN843452');
INSERT INTO [Order](CustomerID, OrderDate, Status, TotalAmount) VALUES (31,'2025-03-09','Cancelled',0);
INSERT INTO OrderLines(OrderID, ProductID, Qty, UnitPrice) VALUES (304,37,1,1109);
INSERT INTO OrderLines(OrderID, ProductID, Qty, UnitPrice) VALUES (304,8,2,1415);
INSERT INTO OrderLines(OrderID, ProductID, Qty, UnitPrice) VALUES (304,18,1,75);
INSERT INTO OrderLines(OrderID, ProductID, Qty, UnitPrice) VALUES (304,12,2,204);
UPDATE [Order] SET TotalAmount=4422 WHERE OrderID=304;
INSERT INTO Payment(OrderID, PaymentDate, Amount, PaymentMethod, TransactionRef) VALUES (304,'2025-03-14',4422,'Cash','TXN252041');
INSERT INTO [Order](CustomerID, OrderDate, Status, TotalAmount) VALUES (31,'2025-12-10','Cancelled',0);
INSERT INTO OrderLines(OrderID, ProductID, Qty, UnitPrice) VALUES (305,29,2,807);
INSERT INTO OrderLines(OrderID, ProductID, Qty, UnitPrice) VALUES (305,12,2,252);
INSERT INTO OrderLines(OrderID, ProductID, Qty, UnitPrice) VALUES (305,21,3,797);
INSERT INTO OrderLines(OrderID, ProductID, Qty, UnitPrice) VALUES (305,47,3,1373);
UPDATE [Order] SET TotalAmount=8628 WHERE OrderID=305;
INSERT INTO Payment(OrderID, PaymentDate, Amount, PaymentMethod, TransactionRef) VALUES (305,'2025-12-11',8628,'Card','TXN443947');
INSERT INTO [Order](CustomerID, OrderDate, Status, TotalAmount) VALUES (31,'2025-08-18','Delivered',0);
INSERT INTO OrderLines(OrderID, ProductID, Qty, UnitPrice) VALUES (306,41,3,554);
INSERT INTO OrderLines(OrderID, ProductID, Qty, UnitPrice) VALUES (306,27,3,1304);
INSERT INTO OrderLines(OrderID, ProductID, Qty, UnitPrice) VALUES (306,5,1,1021);
INSERT INTO OrderLines(OrderID, ProductID, Qty, UnitPrice) VALUES (306,19,2,177);
UPDATE [Order] SET TotalAmount=6949 WHERE OrderID=306;
INSERT INTO Payment(OrderID, PaymentDate, Amount, PaymentMethod, TransactionRef) VALUES (306,'2025-08-21',6949,'PayPal','TXN708836');
INSERT INTO [Order](CustomerID, OrderDate, Status, TotalAmount) VALUES (31,'2025-06-14','Processing',0);
INSERT INTO OrderLines(OrderID, ProductID, Qty, UnitPrice) VALUES (307,50,1,691);
INSERT INTO OrderLines(OrderID, ProductID, Qty, UnitPrice) VALUES (307,25,1,248);
INSERT INTO OrderLines(OrderID, ProductID, Qty, UnitPrice) VALUES (307,23,1,229);
INSERT INTO OrderLines(OrderID, ProductID, Qty, UnitPrice) VALUES (307,49,1,1427);
UPDATE [Order] SET TotalAmount=2595 WHERE OrderID=307;
INSERT INTO Payment(OrderID, PaymentDate, Amount, PaymentMethod, TransactionRef) VALUES (307,'2025-06-16',2595,'Card','TXN956598');
INSERT INTO [Order](CustomerID, OrderDate, Status, TotalAmount) VALUES (31,'2025-06-08','Shipped',0);
INSERT INTO OrderLines(OrderID, ProductID, Qty, UnitPrice) VALUES (308,43,1,1028);
INSERT INTO OrderLines(OrderID, ProductID, Qty, UnitPrice) VALUES (308,16,2,1072);
INSERT INTO OrderLines(OrderID, ProductID, Qty, UnitPrice) VALUES (308,11,3,1072);
INSERT INTO OrderLines(OrderID, ProductID, Qty, UnitPrice) VALUES (308,37,3,287);
UPDATE [Order] SET TotalAmount=7249 WHERE OrderID=308;
INSERT INTO Payment(OrderID, PaymentDate, Amount, PaymentMethod, TransactionRef) VALUES (308,'2025-06-10',7249,'PayPal','TXN408445');
INSERT INTO [Order](CustomerID, OrderDate, Status, TotalAmount) VALUES (31,'2025-09-05','Shipped',0);
INSERT INTO OrderLines(OrderID, ProductID, Qty, UnitPrice) VALUES (309,2,1,675);
INSERT INTO OrderLines(OrderID, ProductID, Qty, UnitPrice) VALUES (309,40,1,390);
INSERT INTO OrderLines(OrderID, ProductID, Qty, UnitPrice) VALUES (309,30,3,364);
INSERT INTO OrderLines(OrderID, ProductID, Qty, UnitPrice) VALUES (309,12,2,328);
UPDATE [Order] SET TotalAmount=2813 WHERE OrderID=309;
INSERT INTO Payment(OrderID, PaymentDate, Amount, PaymentMethod, TransactionRef) VALUES (309,'2025-09-05',2813,'PayPal','TXN707267');
INSERT INTO [Order](CustomerID, OrderDate, Status, TotalAmount) VALUES (31,'2025-09-01','Cancelled',0);
INSERT INTO OrderLines(OrderID, ProductID, Qty, UnitPrice) VALUES (310,47,2,202);
INSERT INTO OrderLines(OrderID, ProductID, Qty, UnitPrice) VALUES (310,28,3,1069);
INSERT INTO OrderLines(OrderID, ProductID, Qty, UnitPrice) VALUES (310,7,3,742);
INSERT INTO OrderLines(OrderID, ProductID, Qty, UnitPrice) VALUES (310,21,3,584);
UPDATE [Order] SET TotalAmount=7589 WHERE OrderID=310;
INSERT INTO Payment(OrderID, PaymentDate, Amount, PaymentMethod, TransactionRef) VALUES (310,'2025-09-04',7589,'PayPal','TXN915761');
INSERT INTO [Order](CustomerID, OrderDate, Status, TotalAmount) VALUES (32,'2025-08-25','Processing',0);
INSERT INTO OrderLines(OrderID, ProductID, Qty, UnitPrice) VALUES (311,34,3,1141);
INSERT INTO OrderLines(OrderID, ProductID, Qty, UnitPrice) VALUES (311,33,2,352);
INSERT INTO OrderLines(OrderID, ProductID, Qty, UnitPrice) VALUES (311,24,3,365);
INSERT INTO OrderLines(OrderID, ProductID, Qty, UnitPrice) VALUES (311,50,1,485);
UPDATE [Order] SET TotalAmount=5707 WHERE OrderID=311;
INSERT INTO Payment(OrderID, PaymentDate, Amount, PaymentMethod, TransactionRef) VALUES (311,'2025-08-26',5707,'PayPal','TXN700510');
INSERT INTO [Order](CustomerID, OrderDate, Status, TotalAmount) VALUES (32,'2025-11-03','Processing',0);
INSERT INTO OrderLines(OrderID, ProductID, Qty, UnitPrice) VALUES (312,25,1,32);
INSERT INTO OrderLines(OrderID, ProductID, Qty, UnitPrice) VALUES (312,31,2,334);
INSERT INTO OrderLines(OrderID, ProductID, Qty, UnitPrice) VALUES (312,47,2,399);
INSERT INTO OrderLines(OrderID, ProductID, Qty, UnitPrice) VALUES (312,23,1,1255);
UPDATE [Order] SET TotalAmount=2753 WHERE OrderID=312;
INSERT INTO Payment(OrderID, PaymentDate, Amount, PaymentMethod, TransactionRef) VALUES (312,'2025-11-03',2753,'Cash','TXN865255');
INSERT INTO [Order](CustomerID, OrderDate, Status, TotalAmount) VALUES (32,'2025-01-22','Processing',0);
INSERT INTO OrderLines(OrderID, ProductID, Qty, UnitPrice) VALUES (313,39,2,722);
INSERT INTO OrderLines(OrderID, ProductID, Qty, UnitPrice) VALUES (313,27,2,546);
INSERT INTO OrderLines(OrderID, ProductID, Qty, UnitPrice) VALUES (313,20,3,1251);
INSERT INTO OrderLines(OrderID, ProductID, Qty, UnitPrice) VALUES (313,22,1,475);
UPDATE [Order] SET TotalAmount=6764 WHERE OrderID=313;
INSERT INTO Payment(OrderID, PaymentDate, Amount, PaymentMethod, TransactionRef) VALUES (313,'2025-01-24',6764,'Card','TXN317930');
INSERT INTO [Order](CustomerID, OrderDate, Status, TotalAmount) VALUES (32,'2025-05-16','Cancelled',0);
INSERT INTO OrderLines(OrderID, ProductID, Qty, UnitPrice) VALUES (314,10,1,193);
INSERT INTO OrderLines(OrderID, ProductID, Qty, UnitPrice) VALUES (314,46,2,1268);
INSERT INTO OrderLines(OrderID, ProductID, Qty, UnitPrice) VALUES (314,45,1,878);
INSERT INTO OrderLines(OrderID, ProductID, Qty, UnitPrice) VALUES (314,27,3,387);
UPDATE [Order] SET TotalAmount=4768 WHERE OrderID=314;
INSERT INTO Payment(OrderID, PaymentDate, Amount, PaymentMethod, TransactionRef) VALUES (314,'2025-05-19',4768,'Card','TXN970917');
INSERT INTO [Order](CustomerID, OrderDate, Status, TotalAmount) VALUES (32,'2025-08-20','Cancelled',0);
INSERT INTO OrderLines(OrderID, ProductID, Qty, UnitPrice) VALUES (315,50,3,725);
INSERT INTO OrderLines(OrderID, ProductID, Qty, UnitPrice) VALUES (315,35,2,387);
INSERT INTO OrderLines(OrderID, ProductID, Qty, UnitPrice) VALUES (315,35,1,753);
INSERT INTO OrderLines(OrderID, ProductID, Qty, UnitPrice) VALUES (315,14,2,204);
UPDATE [Order] SET TotalAmount=4110 WHERE OrderID=315;
INSERT INTO Payment(OrderID, PaymentDate, Amount, PaymentMethod, TransactionRef) VALUES (315,'2025-08-22',4110,'PayPal','TXN446431');
INSERT INTO [Order](CustomerID, OrderDate, Status, TotalAmount) VALUES (32,'2025-06-10','Shipped',0);
INSERT INTO OrderLines(OrderID, ProductID, Qty, UnitPrice) VALUES (316,20,1,130);
INSERT INTO OrderLines(OrderID, ProductID, Qty, UnitPrice) VALUES (316,35,2,417);
INSERT INTO OrderLines(OrderID, ProductID, Qty, UnitPrice) VALUES (316,33,2,678);
INSERT INTO OrderLines(OrderID, ProductID, Qty, UnitPrice) VALUES (316,43,3,1499);
UPDATE [Order] SET TotalAmount=6817 WHERE OrderID=316;
INSERT INTO Payment(OrderID, PaymentDate, Amount, PaymentMethod, TransactionRef) VALUES (316,'2025-06-11',6817,'Card','TXN999574');
INSERT INTO [Order](CustomerID, OrderDate, Status, TotalAmount) VALUES (32,'2025-11-04','Delivered',0);
INSERT INTO OrderLines(OrderID, ProductID, Qty, UnitPrice) VALUES (317,25,1,167);
INSERT INTO OrderLines(OrderID, ProductID, Qty, UnitPrice) VALUES (317,19,3,1347);
INSERT INTO OrderLines(OrderID, ProductID, Qty, UnitPrice) VALUES (317,22,3,497);
INSERT INTO OrderLines(OrderID, ProductID, Qty, UnitPrice) VALUES (317,17,1,180);
UPDATE [Order] SET TotalAmount=5879 WHERE OrderID=317;
INSERT INTO Payment(OrderID, PaymentDate, Amount, PaymentMethod, TransactionRef) VALUES (317,'2025-11-04',5879,'Cash','TXN956045');
INSERT INTO [Order](CustomerID, OrderDate, Status, TotalAmount) VALUES (32,'2025-08-30','Cancelled',0);
INSERT INTO OrderLines(OrderID, ProductID, Qty, UnitPrice) VALUES (318,27,1,255);
INSERT INTO OrderLines(OrderID, ProductID, Qty, UnitPrice) VALUES (318,21,1,236);
INSERT INTO OrderLines(OrderID, ProductID, Qty, UnitPrice) VALUES (318,32,3,1373);
INSERT INTO OrderLines(OrderID, ProductID, Qty, UnitPrice) VALUES (318,18,2,103);
UPDATE [Order] SET TotalAmount=4816 WHERE OrderID=318;
INSERT INTO Payment(OrderID, PaymentDate, Amount, PaymentMethod, TransactionRef) VALUES (318,'2025-09-04',4816,'Card','TXN275157');
INSERT INTO [Order](CustomerID, OrderDate, Status, TotalAmount) VALUES (32,'2025-10-08','Processing',0);
INSERT INTO OrderLines(OrderID, ProductID, Qty, UnitPrice) VALUES (319,37,2,164);
INSERT INTO OrderLines(OrderID, ProductID, Qty, UnitPrice) VALUES (319,32,3,622);
INSERT INTO OrderLines(OrderID, ProductID, Qty, UnitPrice) VALUES (319,22,3,464);
INSERT INTO OrderLines(OrderID, ProductID, Qty, UnitPrice) VALUES (319,13,1,582);
UPDATE [Order] SET TotalAmount=4168 WHERE OrderID=319;
INSERT INTO Payment(OrderID, PaymentDate, Amount, PaymentMethod, TransactionRef) VALUES (319,'2025-10-09',4168,'Cash','TXN146174');
INSERT INTO [Order](CustomerID, OrderDate, Status, TotalAmount) VALUES (32,'2025-12-15','Delivered',0);
INSERT INTO OrderLines(OrderID, ProductID, Qty, UnitPrice) VALUES (320,45,3,1246);
INSERT INTO OrderLines(OrderID, ProductID, Qty, UnitPrice) VALUES (320,47,1,452);
INSERT INTO OrderLines(OrderID, ProductID, Qty, UnitPrice) VALUES (320,49,1,505);
INSERT INTO OrderLines(OrderID, ProductID, Qty, UnitPrice) VALUES (320,28,3,26);
UPDATE [Order] SET TotalAmount=4773 WHERE OrderID=320;
INSERT INTO Payment(OrderID, PaymentDate, Amount, PaymentMethod, TransactionRef) VALUES (320,'2025-12-16',4773,'Card','TXN549893');
INSERT INTO [Order](CustomerID, OrderDate, Status, TotalAmount) VALUES (33,'2025-08-04','Delivered',0);
INSERT INTO OrderLines(OrderID, ProductID, Qty, UnitPrice) VALUES (321,24,3,117);
INSERT INTO OrderLines(OrderID, ProductID, Qty, UnitPrice) VALUES (321,31,1,374);
INSERT INTO OrderLines(OrderID, ProductID, Qty, UnitPrice) VALUES (321,9,2,268);
INSERT INTO OrderLines(OrderID, ProductID, Qty, UnitPrice) VALUES (321,2,2,1042);
UPDATE [Order] SET TotalAmount=3345 WHERE OrderID=321;
INSERT INTO Payment(OrderID, PaymentDate, Amount, PaymentMethod, TransactionRef) VALUES (321,'2025-08-09',3345,'Card','TXN393828');
INSERT INTO [Order](CustomerID, OrderDate, Status, TotalAmount) VALUES (33,'2025-04-04','Processing',0);
INSERT INTO OrderLines(OrderID, ProductID, Qty, UnitPrice) VALUES (322,24,2,817);
INSERT INTO OrderLines(OrderID, ProductID, Qty, UnitPrice) VALUES (322,49,1,317);
INSERT INTO OrderLines(OrderID, ProductID, Qty, UnitPrice) VALUES (322,25,1,1077);
INSERT INTO OrderLines(OrderID, ProductID, Qty, UnitPrice) VALUES (322,6,1,760);
UPDATE [Order] SET TotalAmount=3788 WHERE OrderID=322;
INSERT INTO Payment(OrderID, PaymentDate, Amount, PaymentMethod, TransactionRef) VALUES (322,'2025-04-07',3788,'Cash','TXN793418');
INSERT INTO [Order](CustomerID, OrderDate, Status, TotalAmount) VALUES (33,'2025-01-23','Cancelled',0);
INSERT INTO OrderLines(OrderID, ProductID, Qty, UnitPrice) VALUES (323,35,1,582);
INSERT INTO OrderLines(OrderID, ProductID, Qty, UnitPrice) VALUES (323,7,3,1015);
INSERT INTO OrderLines(OrderID, ProductID, Qty, UnitPrice) VALUES (323,37,1,932);
INSERT INTO OrderLines(OrderID, ProductID, Qty, UnitPrice) VALUES (323,3,3,374);
UPDATE [Order] SET TotalAmount=5681 WHERE OrderID=323;
INSERT INTO Payment(OrderID, PaymentDate, Amount, PaymentMethod, TransactionRef) VALUES (323,'2025-01-28',5681,'PayPal','TXN433677');
INSERT INTO [Order](CustomerID, OrderDate, Status, TotalAmount) VALUES (33,'2025-07-03','Processing',0);
INSERT INTO OrderLines(OrderID, ProductID, Qty, UnitPrice) VALUES (324,21,3,1173);
INSERT INTO OrderLines(OrderID, ProductID, Qty, UnitPrice) VALUES (324,15,3,404);
INSERT INTO OrderLines(OrderID, ProductID, Qty, UnitPrice) VALUES (324,20,1,747);
INSERT INTO OrderLines(OrderID, ProductID, Qty, UnitPrice) VALUES (324,3,1,821);
UPDATE [Order] SET TotalAmount=6299 WHERE OrderID=324;
INSERT INTO Payment(OrderID, PaymentDate, Amount, PaymentMethod, TransactionRef) VALUES (324,'2025-07-08',6299,'Cash','TXN779759');
INSERT INTO [Order](CustomerID, OrderDate, Status, TotalAmount) VALUES (33,'2025-08-30','Shipped',0);
INSERT INTO OrderLines(OrderID, ProductID, Qty, UnitPrice) VALUES (325,37,3,1242);
INSERT INTO OrderLines(OrderID, ProductID, Qty, UnitPrice) VALUES (325,45,1,1348);
INSERT INTO OrderLines(OrderID, ProductID, Qty, UnitPrice) VALUES (325,44,2,1418);
INSERT INTO OrderLines(OrderID, ProductID, Qty, UnitPrice) VALUES (325,49,1,1041);
UPDATE [Order] SET TotalAmount=8951 WHERE OrderID=325;
INSERT INTO Payment(OrderID, PaymentDate, Amount, PaymentMethod, TransactionRef) VALUES (325,'2025-08-30',8951,'PayPal','TXN845069');
INSERT INTO [Order](CustomerID, OrderDate, Status, TotalAmount) VALUES (33,'2025-12-22','Cancelled',0);
INSERT INTO OrderLines(OrderID, ProductID, Qty, UnitPrice) VALUES (326,17,2,282);
INSERT INTO OrderLines(OrderID, ProductID, Qty, UnitPrice) VALUES (326,42,1,1385);
INSERT INTO OrderLines(OrderID, ProductID, Qty, UnitPrice) VALUES (326,15,3,1329);
INSERT INTO OrderLines(OrderID, ProductID, Qty, UnitPrice) VALUES (326,42,1,993);
UPDATE [Order] SET TotalAmount=6929 WHERE OrderID=326;
INSERT INTO Payment(OrderID, PaymentDate, Amount, PaymentMethod, TransactionRef) VALUES (326,'2025-12-24',6929,'Card','TXN362299');
INSERT INTO [Order](CustomerID, OrderDate, Status, TotalAmount) VALUES (33,'2025-09-30','Processing',0);
INSERT INTO OrderLines(OrderID, ProductID, Qty, UnitPrice) VALUES (327,41,1,1489);
INSERT INTO OrderLines(OrderID, ProductID, Qty, UnitPrice) VALUES (327,30,1,1044);
INSERT INTO OrderLines(OrderID, ProductID, Qty, UnitPrice) VALUES (327,29,3,517);
INSERT INTO OrderLines(OrderID, ProductID, Qty, UnitPrice) VALUES (327,25,2,583);
UPDATE [Order] SET TotalAmount=5250 WHERE OrderID=327;
INSERT INTO Payment(OrderID, PaymentDate, Amount, PaymentMethod, TransactionRef) VALUES (327,'2025-10-01',5250,'PayPal','TXN393444');
INSERT INTO [Order](CustomerID, OrderDate, Status, TotalAmount) VALUES (33,'2025-01-04','Delivered',0);
INSERT INTO OrderLines(OrderID, ProductID, Qty, UnitPrice) VALUES (328,38,3,495);
INSERT INTO OrderLines(OrderID, ProductID, Qty, UnitPrice) VALUES (328,18,1,951);
INSERT INTO OrderLines(OrderID, ProductID, Qty, UnitPrice) VALUES (328,10,2,236);
INSERT INTO OrderLines(OrderID, ProductID, Qty, UnitPrice) VALUES (328,34,2,1497);
UPDATE [Order] SET TotalAmount=5902 WHERE OrderID=328;
INSERT INTO Payment(OrderID, PaymentDate, Amount, PaymentMethod, TransactionRef) VALUES (328,'2025-01-06',5902,'Card','TXN911160');
INSERT INTO [Order](CustomerID, OrderDate, Status, TotalAmount) VALUES (33,'2025-10-20','Cancelled',0);
INSERT INTO OrderLines(OrderID, ProductID, Qty, UnitPrice) VALUES (329,30,1,261);
INSERT INTO OrderLines(OrderID, ProductID, Qty, UnitPrice) VALUES (329,9,1,743);
INSERT INTO OrderLines(OrderID, ProductID, Qty, UnitPrice) VALUES (329,40,2,1040);
INSERT INTO OrderLines(OrderID, ProductID, Qty, UnitPrice) VALUES (329,1,3,1325);
UPDATE [Order] SET TotalAmount=7059 WHERE OrderID=329;
INSERT INTO Payment(OrderID, PaymentDate, Amount, PaymentMethod, TransactionRef) VALUES (329,'2025-10-23',7059,'PayPal','TXN264694');
INSERT INTO [Order](CustomerID, OrderDate, Status, TotalAmount) VALUES (33,'2025-03-31','Cancelled',0);
INSERT INTO OrderLines(OrderID, ProductID, Qty, UnitPrice) VALUES (330,14,2,1485);
INSERT INTO OrderLines(OrderID, ProductID, Qty, UnitPrice) VALUES (330,7,3,921);
INSERT INTO OrderLines(OrderID, ProductID, Qty, UnitPrice) VALUES (330,10,3,581);
INSERT INTO OrderLines(OrderID, ProductID, Qty, UnitPrice) VALUES (330,6,2,864);
UPDATE [Order] SET TotalAmount=9204 WHERE OrderID=330;
INSERT INTO Payment(OrderID, PaymentDate, Amount, PaymentMethod, TransactionRef) VALUES (330,'2025-03-31',9204,'Cash','TXN597634');
INSERT INTO [Order](CustomerID, OrderDate, Status, TotalAmount) VALUES (34,'2025-09-13','Processing',0);
INSERT INTO OrderLines(OrderID, ProductID, Qty, UnitPrice) VALUES (331,6,2,893);
INSERT INTO OrderLines(OrderID, ProductID, Qty, UnitPrice) VALUES (331,46,3,118);
INSERT INTO OrderLines(OrderID, ProductID, Qty, UnitPrice) VALUES (331,44,1,1304);
INSERT INTO OrderLines(OrderID, ProductID, Qty, UnitPrice) VALUES (331,45,1,235);
UPDATE [Order] SET TotalAmount=3679 WHERE OrderID=331;
INSERT INTO Payment(OrderID, PaymentDate, Amount, PaymentMethod, TransactionRef) VALUES (331,'2025-09-14',3679,'Cash','TXN168024');
INSERT INTO [Order](CustomerID, OrderDate, Status, TotalAmount) VALUES (34,'2025-09-26','Cancelled',0);
INSERT INTO OrderLines(OrderID, ProductID, Qty, UnitPrice) VALUES (332,17,2,298);
INSERT INTO OrderLines(OrderID, ProductID, Qty, UnitPrice) VALUES (332,13,3,1424);
INSERT INTO OrderLines(OrderID, ProductID, Qty, UnitPrice) VALUES (332,36,2,1096);
INSERT INTO OrderLines(OrderID, ProductID, Qty, UnitPrice) VALUES (332,9,3,59);
UPDATE [Order] SET TotalAmount=7237 WHERE OrderID=332;
INSERT INTO Payment(OrderID, PaymentDate, Amount, PaymentMethod, TransactionRef) VALUES (332,'2025-09-30',7237,'Card','TXN917356');
INSERT INTO [Order](CustomerID, OrderDate, Status, TotalAmount) VALUES (34,'2025-05-01','Cancelled',0);
INSERT INTO OrderLines(OrderID, ProductID, Qty, UnitPrice) VALUES (333,47,2,1072);
INSERT INTO OrderLines(OrderID, ProductID, Qty, UnitPrice) VALUES (333,39,1,557);
INSERT INTO OrderLines(OrderID, ProductID, Qty, UnitPrice) VALUES (333,5,2,111);
INSERT INTO OrderLines(OrderID, ProductID, Qty, UnitPrice) VALUES (333,12,1,955);
UPDATE [Order] SET TotalAmount=3878 WHERE OrderID=333;
INSERT INTO Payment(OrderID, PaymentDate, Amount, PaymentMethod, TransactionRef) VALUES (333,'2025-05-06',3878,'Cash','TXN795149');
INSERT INTO [Order](CustomerID, OrderDate, Status, TotalAmount) VALUES (34,'2025-12-09','Cancelled',0);
INSERT INTO OrderLines(OrderID, ProductID, Qty, UnitPrice) VALUES (334,47,2,248);
INSERT INTO OrderLines(OrderID, ProductID, Qty, UnitPrice) VALUES (334,30,3,877);
INSERT INTO OrderLines(OrderID, ProductID, Qty, UnitPrice) VALUES (334,23,3,803);
INSERT INTO OrderLines(OrderID, ProductID, Qty, UnitPrice) VALUES (334,28,3,175);
UPDATE [Order] SET TotalAmount=6061 WHERE OrderID=334;
INSERT INTO Payment(OrderID, PaymentDate, Amount, PaymentMethod, TransactionRef) VALUES (334,'2025-12-12',6061,'Card','TXN758482');
INSERT INTO [Order](CustomerID, OrderDate, Status, TotalAmount) VALUES (34,'2025-08-16','Shipped',0);
INSERT INTO OrderLines(OrderID, ProductID, Qty, UnitPrice) VALUES (335,43,1,1078);
INSERT INTO OrderLines(OrderID, ProductID, Qty, UnitPrice) VALUES (335,39,2,726);
INSERT INTO OrderLines(OrderID, ProductID, Qty, UnitPrice) VALUES (335,35,1,1136);
INSERT INTO OrderLines(OrderID, ProductID, Qty, UnitPrice) VALUES (335,44,1,525);
UPDATE [Order] SET TotalAmount=4191 WHERE OrderID=335;
INSERT INTO Payment(OrderID, PaymentDate, Amount, PaymentMethod, TransactionRef) VALUES (335,'2025-08-16',4191,'PayPal','TXN922994');
INSERT INTO [Order](CustomerID, OrderDate, Status, TotalAmount) VALUES (34,'2025-08-15','Processing',0);
INSERT INTO OrderLines(OrderID, ProductID, Qty, UnitPrice) VALUES (336,1,2,653);
INSERT INTO OrderLines(OrderID, ProductID, Qty, UnitPrice) VALUES (336,5,2,1221);
INSERT INTO OrderLines(OrderID, ProductID, Qty, UnitPrice) VALUES (336,33,2,648);
INSERT INTO OrderLines(OrderID, ProductID, Qty, UnitPrice) VALUES (336,39,2,1381);
UPDATE [Order] SET TotalAmount=7806 WHERE OrderID=336;
INSERT INTO Payment(OrderID, PaymentDate, Amount, PaymentMethod, TransactionRef) VALUES (336,'2025-08-20',7806,'PayPal','TXN464396');
INSERT INTO [Order](CustomerID, OrderDate, Status, TotalAmount) VALUES (34,'2025-08-22','Processing',0);
INSERT INTO OrderLines(OrderID, ProductID, Qty, UnitPrice) VALUES (337,39,2,1485);
INSERT INTO OrderLines(OrderID, ProductID, Qty, UnitPrice) VALUES (337,47,2,201);
INSERT INTO OrderLines(OrderID, ProductID, Qty, UnitPrice) VALUES (337,10,3,213);
INSERT INTO OrderLines(OrderID, ProductID, Qty, UnitPrice) VALUES (337,21,3,213);
UPDATE [Order] SET TotalAmount=4650 WHERE OrderID=337;
INSERT INTO Payment(OrderID, PaymentDate, Amount, PaymentMethod, TransactionRef) VALUES (337,'2025-08-23',4650,'PayPal','TXN912280');
INSERT INTO [Order](CustomerID, OrderDate, Status, TotalAmount) VALUES (34,'2025-07-24','Shipped',0);
INSERT INTO OrderLines(OrderID, ProductID, Qty, UnitPrice) VALUES (338,21,3,1008);
INSERT INTO OrderLines(OrderID, ProductID, Qty, UnitPrice) VALUES (338,10,3,1415);
INSERT INTO OrderLines(OrderID, ProductID, Qty, UnitPrice) VALUES (338,35,2,783);
INSERT INTO OrderLines(OrderID, ProductID, Qty, UnitPrice) VALUES (338,32,3,821);
UPDATE [Order] SET TotalAmount=11298 WHERE OrderID=338;
INSERT INTO Payment(OrderID, PaymentDate, Amount, PaymentMethod, TransactionRef) VALUES (338,'2025-07-26',11298,'Cash','TXN748966');
INSERT INTO [Order](CustomerID, OrderDate, Status, TotalAmount) VALUES (34,'2025-09-25','Cancelled',0);
INSERT INTO OrderLines(OrderID, ProductID, Qty, UnitPrice) VALUES (339,19,3,881);
INSERT INTO OrderLines(OrderID, ProductID, Qty, UnitPrice) VALUES (339,44,3,1313);
INSERT INTO OrderLines(OrderID, ProductID, Qty, UnitPrice) VALUES (339,48,3,643);
INSERT INTO OrderLines(OrderID, ProductID, Qty, UnitPrice) VALUES (339,5,2,1140);
UPDATE [Order] SET TotalAmount=10791 WHERE OrderID=339;
INSERT INTO Payment(OrderID, PaymentDate, Amount, PaymentMethod, TransactionRef) VALUES (339,'2025-09-26',10791,'Cash','TXN373836');
INSERT INTO [Order](CustomerID, OrderDate, Status, TotalAmount) VALUES (34,'2025-04-18','Shipped',0);
INSERT INTO OrderLines(OrderID, ProductID, Qty, UnitPrice) VALUES (340,9,1,835);
INSERT INTO OrderLines(OrderID, ProductID, Qty, UnitPrice) VALUES (340,20,1,81);
INSERT INTO OrderLines(OrderID, ProductID, Qty, UnitPrice) VALUES (340,18,1,826);
INSERT INTO OrderLines(OrderID, ProductID, Qty, UnitPrice) VALUES (340,12,3,1492);
UPDATE [Order] SET TotalAmount=6218 WHERE OrderID=340;
INSERT INTO Payment(OrderID, PaymentDate, Amount, PaymentMethod, TransactionRef) VALUES (340,'2025-04-20',6218,'Cash','TXN330124');
INSERT INTO [Order](CustomerID, OrderDate, Status, TotalAmount) VALUES (35,'2025-04-22','Processing',0);
INSERT INTO OrderLines(OrderID, ProductID, Qty, UnitPrice) VALUES (341,37,3,85);
INSERT INTO OrderLines(OrderID, ProductID, Qty, UnitPrice) VALUES (341,49,1,349);
INSERT INTO OrderLines(OrderID, ProductID, Qty, UnitPrice) VALUES (341,47,3,1257);
INSERT INTO OrderLines(OrderID, ProductID, Qty, UnitPrice) VALUES (341,21,3,353);
UPDATE [Order] SET TotalAmount=5434 WHERE OrderID=341;
INSERT INTO Payment(OrderID, PaymentDate, Amount, PaymentMethod, TransactionRef) VALUES (341,'2025-04-22',5434,'Card','TXN467776');
INSERT INTO [Order](CustomerID, OrderDate, Status, TotalAmount) VALUES (35,'2025-01-28','Processing',0);
INSERT INTO OrderLines(OrderID, ProductID, Qty, UnitPrice) VALUES (342,13,1,225);
INSERT INTO OrderLines(OrderID, ProductID, Qty, UnitPrice) VALUES (342,8,1,862);
INSERT INTO OrderLines(OrderID, ProductID, Qty, UnitPrice) VALUES (342,37,1,308);
INSERT INTO OrderLines(OrderID, ProductID, Qty, UnitPrice) VALUES (342,42,3,322);
UPDATE [Order] SET TotalAmount=2361 WHERE OrderID=342;
INSERT INTO Payment(OrderID, PaymentDate, Amount, PaymentMethod, TransactionRef) VALUES (342,'2025-02-02',2361,'Card','TXN427529');
INSERT INTO [Order](CustomerID, OrderDate, Status, TotalAmount) VALUES (35,'2025-03-24','Shipped',0);
INSERT INTO OrderLines(OrderID, ProductID, Qty, UnitPrice) VALUES (343,39,1,1491);
INSERT INTO OrderLines(OrderID, ProductID, Qty, UnitPrice) VALUES (343,27,2,1094);
INSERT INTO OrderLines(OrderID, ProductID, Qty, UnitPrice) VALUES (343,31,2,552);
INSERT INTO OrderLines(OrderID, ProductID, Qty, UnitPrice) VALUES (343,14,3,702);
UPDATE [Order] SET TotalAmount=6889 WHERE OrderID=343;
INSERT INTO Payment(OrderID, PaymentDate, Amount, PaymentMethod, TransactionRef) VALUES (343,'2025-03-27',6889,'Card','TXN449600');
INSERT INTO [Order](CustomerID, OrderDate, Status, TotalAmount) VALUES (35,'2025-12-06','Shipped',0);
INSERT INTO OrderLines(OrderID, ProductID, Qty, UnitPrice) VALUES (344,2,3,1494);
INSERT INTO OrderLines(OrderID, ProductID, Qty, UnitPrice) VALUES (344,18,1,838);
INSERT INTO OrderLines(OrderID, ProductID, Qty, UnitPrice) VALUES (344,12,1,271);
INSERT INTO OrderLines(OrderID, ProductID, Qty, UnitPrice) VALUES (344,36,3,1146);
UPDATE [Order] SET TotalAmount=9029 WHERE OrderID=344;
INSERT INTO Payment(OrderID, PaymentDate, Amount, PaymentMethod, TransactionRef) VALUES (344,'2025-12-11',9029,'Card','TXN322219');
INSERT INTO [Order](CustomerID, OrderDate, Status, TotalAmount) VALUES (35,'2025-06-04','Cancelled',0);
INSERT INTO OrderLines(OrderID, ProductID, Qty, UnitPrice) VALUES (345,37,1,313);
INSERT INTO OrderLines(OrderID, ProductID, Qty, UnitPrice) VALUES (345,20,3,1406);
INSERT INTO OrderLines(OrderID, ProductID, Qty, UnitPrice) VALUES (345,34,1,438);
INSERT INTO OrderLines(OrderID, ProductID, Qty, UnitPrice) VALUES (345,41,3,640);
UPDATE [Order] SET TotalAmount=6889 WHERE OrderID=345;
INSERT INTO Payment(OrderID, PaymentDate, Amount, PaymentMethod, TransactionRef) VALUES (345,'2025-06-06',6889,'Card','TXN880429');
INSERT INTO [Order](CustomerID, OrderDate, Status, TotalAmount) VALUES (35,'2025-11-25','Cancelled',0);
INSERT INTO OrderLines(OrderID, ProductID, Qty, UnitPrice) VALUES (346,18,1,141);
INSERT INTO OrderLines(OrderID, ProductID, Qty, UnitPrice) VALUES (346,44,3,442);
INSERT INTO OrderLines(OrderID, ProductID, Qty, UnitPrice) VALUES (346,17,1,802);
INSERT INTO OrderLines(OrderID, ProductID, Qty, UnitPrice) VALUES (346,13,3,604);
UPDATE [Order] SET TotalAmount=4081 WHERE OrderID=346;
INSERT INTO Payment(OrderID, PaymentDate, Amount, PaymentMethod, TransactionRef) VALUES (346,'2025-11-26',4081,'PayPal','TXN336706');
INSERT INTO [Order](CustomerID, OrderDate, Status, TotalAmount) VALUES (35,'2025-12-07','Delivered',0);
INSERT INTO OrderLines(OrderID, ProductID, Qty, UnitPrice) VALUES (347,9,3,998);
INSERT INTO OrderLines(OrderID, ProductID, Qty, UnitPrice) VALUES (347,35,1,1244);
INSERT INTO OrderLines(OrderID, ProductID, Qty, UnitPrice) VALUES (347,13,3,33);
INSERT INTO OrderLines(OrderID, ProductID, Qty, UnitPrice) VALUES (347,34,2,942);
UPDATE [Order] SET TotalAmount=6221 WHERE OrderID=347;
INSERT INTO Payment(OrderID, PaymentDate, Amount, PaymentMethod, TransactionRef) VALUES (347,'2025-12-12',6221,'Card','TXN612777');
INSERT INTO [Order](CustomerID, OrderDate, Status, TotalAmount) VALUES (35,'2025-01-30','Cancelled',0);
INSERT INTO OrderLines(OrderID, ProductID, Qty, UnitPrice) VALUES (348,15,3,1253);
INSERT INTO OrderLines(OrderID, ProductID, Qty, UnitPrice) VALUES (348,23,1,911);
INSERT INTO OrderLines(OrderID, ProductID, Qty, UnitPrice) VALUES (348,39,3,778);
INSERT INTO OrderLines(OrderID, ProductID, Qty, UnitPrice) VALUES (348,47,1,1261);
UPDATE [Order] SET TotalAmount=8265 WHERE OrderID=348;
INSERT INTO Payment(OrderID, PaymentDate, Amount, PaymentMethod, TransactionRef) VALUES (348,'2025-02-01',8265,'Card','TXN102400');
INSERT INTO [Order](CustomerID, OrderDate, Status, TotalAmount) VALUES (35,'2025-09-17','Cancelled',0);
INSERT INTO OrderLines(OrderID, ProductID, Qty, UnitPrice) VALUES (349,46,2,101);
INSERT INTO OrderLines(OrderID, ProductID, Qty, UnitPrice) VALUES (349,8,1,599);
INSERT INTO OrderLines(OrderID, ProductID, Qty, UnitPrice) VALUES (349,9,3,1381);
INSERT INTO OrderLines(OrderID, ProductID, Qty, UnitPrice) VALUES (349,13,1,1128);
UPDATE [Order] SET TotalAmount=6072 WHERE OrderID=349;
INSERT INTO Payment(OrderID, PaymentDate, Amount, PaymentMethod, TransactionRef) VALUES (349,'2025-09-20',6072,'PayPal','TXN891523');
INSERT INTO [Order](CustomerID, OrderDate, Status, TotalAmount) VALUES (35,'2025-01-27','Processing',0);
INSERT INTO OrderLines(OrderID, ProductID, Qty, UnitPrice) VALUES (350,38,3,374);
INSERT INTO OrderLines(OrderID, ProductID, Qty, UnitPrice) VALUES (350,42,2,1384);
INSERT INTO OrderLines(OrderID, ProductID, Qty, UnitPrice) VALUES (350,2,2,711);
INSERT INTO OrderLines(OrderID, ProductID, Qty, UnitPrice) VALUES (350,22,1,932);
UPDATE [Order] SET TotalAmount=6244 WHERE OrderID=350;
INSERT INTO Payment(OrderID, PaymentDate, Amount, PaymentMethod, TransactionRef) VALUES (350,'2025-01-31',6244,'Cash','TXN557294');
INSERT INTO [Order](CustomerID, OrderDate, Status, TotalAmount) VALUES (36,'2025-09-29','Shipped',0);
INSERT INTO OrderLines(OrderID, ProductID, Qty, UnitPrice) VALUES (351,12,2,695);
INSERT INTO OrderLines(OrderID, ProductID, Qty, UnitPrice) VALUES (351,1,1,524);
INSERT INTO OrderLines(OrderID, ProductID, Qty, UnitPrice) VALUES (351,35,3,1160);
INSERT INTO OrderLines(OrderID, ProductID, Qty, UnitPrice) VALUES (351,35,3,661);
UPDATE [Order] SET TotalAmount=7377 WHERE OrderID=351;
INSERT INTO Payment(OrderID, PaymentDate, Amount, PaymentMethod, TransactionRef) VALUES (351,'2025-09-30',7377,'Cash','TXN501446');
INSERT INTO [Order](CustomerID, OrderDate, Status, TotalAmount) VALUES (36,'2025-09-16','Shipped',0);
INSERT INTO OrderLines(OrderID, ProductID, Qty, UnitPrice) VALUES (352,10,1,1091);
INSERT INTO OrderLines(OrderID, ProductID, Qty, UnitPrice) VALUES (352,36,1,900);
INSERT INTO OrderLines(OrderID, ProductID, Qty, UnitPrice) VALUES (352,32,1,170);
INSERT INTO OrderLines(OrderID, ProductID, Qty, UnitPrice) VALUES (352,17,2,1173);
UPDATE [Order] SET TotalAmount=4507 WHERE OrderID=352;
INSERT INTO Payment(OrderID, PaymentDate, Amount, PaymentMethod, TransactionRef) VALUES (352,'2025-09-21',4507,'Cash','TXN422958');
INSERT INTO [Order](CustomerID, OrderDate, Status, TotalAmount) VALUES (36,'2025-06-15','Processing',0);
INSERT INTO OrderLines(OrderID, ProductID, Qty, UnitPrice) VALUES (353,29,2,52);
INSERT INTO OrderLines(OrderID, ProductID, Qty, UnitPrice) VALUES (353,30,1,1468);
INSERT INTO OrderLines(OrderID, ProductID, Qty, UnitPrice) VALUES (353,45,1,1194);
INSERT INTO OrderLines(OrderID, ProductID, Qty, UnitPrice) VALUES (353,16,1,1261);
UPDATE [Order] SET TotalAmount=4027 WHERE OrderID=353;
INSERT INTO Payment(OrderID, PaymentDate, Amount, PaymentMethod, TransactionRef) VALUES (353,'2025-06-20',4027,'Card','TXN667148');
INSERT INTO [Order](CustomerID, OrderDate, Status, TotalAmount) VALUES (36,'2025-01-09','Processing',0);
INSERT INTO OrderLines(OrderID, ProductID, Qty, UnitPrice) VALUES (354,37,3,771);
INSERT INTO OrderLines(OrderID, ProductID, Qty, UnitPrice) VALUES (354,44,1,372);
INSERT INTO OrderLines(OrderID, ProductID, Qty, UnitPrice) VALUES (354,11,1,284);
INSERT INTO OrderLines(OrderID, ProductID, Qty, UnitPrice) VALUES (354,28,1,1142);
UPDATE [Order] SET TotalAmount=4111 WHERE OrderID=354;
INSERT INTO Payment(OrderID, PaymentDate, Amount, PaymentMethod, TransactionRef) VALUES (354,'2025-01-12',4111,'PayPal','TXN856761');
INSERT INTO [Order](CustomerID, OrderDate, Status, TotalAmount) VALUES (36,'2025-08-22','Delivered',0);
INSERT INTO OrderLines(OrderID, ProductID, Qty, UnitPrice) VALUES (355,24,2,1423);
INSERT INTO OrderLines(OrderID, ProductID, Qty, UnitPrice) VALUES (355,44,2,131);
INSERT INTO OrderLines(OrderID, ProductID, Qty, UnitPrice) VALUES (355,48,3,317);
INSERT INTO OrderLines(OrderID, ProductID, Qty, UnitPrice) VALUES (355,41,3,265);
UPDATE [Order] SET TotalAmount=4854 WHERE OrderID=355;
INSERT INTO Payment(OrderID, PaymentDate, Amount, PaymentMethod, TransactionRef) VALUES (355,'2025-08-24',4854,'PayPal','TXN597869');
INSERT INTO [Order](CustomerID, OrderDate, Status, TotalAmount) VALUES (36,'2025-04-09','Delivered',0);
INSERT INTO OrderLines(OrderID, ProductID, Qty, UnitPrice) VALUES (356,24,2,82);
INSERT INTO OrderLines(OrderID, ProductID, Qty, UnitPrice) VALUES (356,18,3,995);
INSERT INTO OrderLines(OrderID, ProductID, Qty, UnitPrice) VALUES (356,28,3,1097);
INSERT INTO OrderLines(OrderID, ProductID, Qty, UnitPrice) VALUES (356,20,3,769);
UPDATE [Order] SET TotalAmount=8747 WHERE OrderID=356;
INSERT INTO Payment(OrderID, PaymentDate, Amount, PaymentMethod, TransactionRef) VALUES (356,'2025-04-14',8747,'Cash','TXN338801');
INSERT INTO [Order](CustomerID, OrderDate, Status, TotalAmount) VALUES (36,'2025-11-01','Processing',0);
INSERT INTO OrderLines(OrderID, ProductID, Qty, UnitPrice) VALUES (357,48,1,970);
INSERT INTO OrderLines(OrderID, ProductID, Qty, UnitPrice) VALUES (357,43,3,748);
INSERT INTO OrderLines(OrderID, ProductID, Qty, UnitPrice) VALUES (357,27,3,708);
INSERT INTO OrderLines(OrderID, ProductID, Qty, UnitPrice) VALUES (357,34,3,1355);
UPDATE [Order] SET TotalAmount=9403 WHERE OrderID=357;
INSERT INTO Payment(OrderID, PaymentDate, Amount, PaymentMethod, TransactionRef) VALUES (357,'2025-11-04',9403,'Card','TXN827431');
INSERT INTO [Order](CustomerID, OrderDate, Status, TotalAmount) VALUES (36,'2025-06-09','Shipped',0);
INSERT INTO OrderLines(OrderID, ProductID, Qty, UnitPrice) VALUES (358,15,3,1365);
INSERT INTO OrderLines(OrderID, ProductID, Qty, UnitPrice) VALUES (358,12,3,363);
INSERT INTO OrderLines(OrderID, ProductID, Qty, UnitPrice) VALUES (358,29,3,509);
INSERT INTO OrderLines(OrderID, ProductID, Qty, UnitPrice) VALUES (358,33,3,1028);
UPDATE [Order] SET TotalAmount=9795 WHERE OrderID=358;
INSERT INTO Payment(OrderID, PaymentDate, Amount, PaymentMethod, TransactionRef) VALUES (358,'2025-06-11',9795,'Cash','TXN840434');
INSERT INTO [Order](CustomerID, OrderDate, Status, TotalAmount) VALUES (36,'2025-07-14','Processing',0);
INSERT INTO OrderLines(OrderID, ProductID, Qty, UnitPrice) VALUES (359,38,1,514);
INSERT INTO OrderLines(OrderID, ProductID, Qty, UnitPrice) VALUES (359,12,1,206);
INSERT INTO OrderLines(OrderID, ProductID, Qty, UnitPrice) VALUES (359,30,2,768);
INSERT INTO OrderLines(OrderID, ProductID, Qty, UnitPrice) VALUES (359,1,1,683);
UPDATE [Order] SET TotalAmount=2939 WHERE OrderID=359;
INSERT INTO Payment(OrderID, PaymentDate, Amount, PaymentMethod, TransactionRef) VALUES (359,'2025-07-18',2939,'PayPal','TXN227206');
INSERT INTO [Order](CustomerID, OrderDate, Status, TotalAmount) VALUES (36,'2025-12-01','Shipped',0);
INSERT INTO OrderLines(OrderID, ProductID, Qty, UnitPrice) VALUES (360,33,2,1244);
INSERT INTO OrderLines(OrderID, ProductID, Qty, UnitPrice) VALUES (360,17,3,488);
INSERT INTO OrderLines(OrderID, ProductID, Qty, UnitPrice) VALUES (360,37,2,595);
INSERT INTO OrderLines(OrderID, ProductID, Qty, UnitPrice) VALUES (360,27,1,554);
UPDATE [Order] SET TotalAmount=5696 WHERE OrderID=360;
INSERT INTO Payment(OrderID, PaymentDate, Amount, PaymentMethod, TransactionRef) VALUES (360,'2025-12-02',5696,'PayPal','TXN472819');
INSERT INTO [Order](CustomerID, OrderDate, Status, TotalAmount) VALUES (37,'2025-08-30','Processing',0);
INSERT INTO OrderLines(OrderID, ProductID, Qty, UnitPrice) VALUES (361,44,1,554);
INSERT INTO OrderLines(OrderID, ProductID, Qty, UnitPrice) VALUES (361,12,2,443);
INSERT INTO OrderLines(OrderID, ProductID, Qty, UnitPrice) VALUES (361,26,1,851);
INSERT INTO OrderLines(OrderID, ProductID, Qty, UnitPrice) VALUES (361,34,1,268);
UPDATE [Order] SET TotalAmount=2559 WHERE OrderID=361;
INSERT INTO Payment(OrderID, PaymentDate, Amount, PaymentMethod, TransactionRef) VALUES (361,'2025-09-02',2559,'Cash','TXN342097');
INSERT INTO [Order](CustomerID, OrderDate, Status, TotalAmount) VALUES (37,'2025-10-19','Processing',0);
INSERT INTO OrderLines(OrderID, ProductID, Qty, UnitPrice) VALUES (362,34,2,1442);
INSERT INTO OrderLines(OrderID, ProductID, Qty, UnitPrice) VALUES (362,21,3,1355);
INSERT INTO OrderLines(OrderID, ProductID, Qty, UnitPrice) VALUES (362,35,1,55);
INSERT INTO OrderLines(OrderID, ProductID, Qty, UnitPrice) VALUES (362,5,3,1027);
UPDATE [Order] SET TotalAmount=10085 WHERE OrderID=362;
INSERT INTO Payment(OrderID, PaymentDate, Amount, PaymentMethod, TransactionRef) VALUES (362,'2025-10-22',10085,'PayPal','TXN122905');
INSERT INTO [Order](CustomerID, OrderDate, Status, TotalAmount) VALUES (37,'2025-08-07','Shipped',0);
INSERT INTO OrderLines(OrderID, ProductID, Qty, UnitPrice) VALUES (363,39,3,336);
INSERT INTO OrderLines(OrderID, ProductID, Qty, UnitPrice) VALUES (363,14,3,569);
INSERT INTO OrderLines(OrderID, ProductID, Qty, UnitPrice) VALUES (363,2,2,1290);
INSERT INTO OrderLines(OrderID, ProductID, Qty, UnitPrice) VALUES (363,5,1,409);
UPDATE [Order] SET TotalAmount=5704 WHERE OrderID=363;
INSERT INTO Payment(OrderID, PaymentDate, Amount, PaymentMethod, TransactionRef) VALUES (363,'2025-08-09',5704,'Card','TXN120279');
INSERT INTO [Order](CustomerID, OrderDate, Status, TotalAmount) VALUES (37,'2025-07-19','Delivered',0);
INSERT INTO OrderLines(OrderID, ProductID, Qty, UnitPrice) VALUES (364,36,1,1103);
INSERT INTO OrderLines(OrderID, ProductID, Qty, UnitPrice) VALUES (364,43,3,715);
INSERT INTO OrderLines(OrderID, ProductID, Qty, UnitPrice) VALUES (364,24,2,1114);
INSERT INTO OrderLines(OrderID, ProductID, Qty, UnitPrice) VALUES (364,15,2,1158);
UPDATE [Order] SET TotalAmount=7792 WHERE OrderID=364;
INSERT INTO Payment(OrderID, PaymentDate, Amount, PaymentMethod, TransactionRef) VALUES (364,'2025-07-20',7792,'Card','TXN368001');
INSERT INTO [Order](CustomerID, OrderDate, Status, TotalAmount) VALUES (37,'2025-01-16','Shipped',0);
INSERT INTO OrderLines(OrderID, ProductID, Qty, UnitPrice) VALUES (365,13,3,1380);
INSERT INTO OrderLines(OrderID, ProductID, Qty, UnitPrice) VALUES (365,6,2,1002);
INSERT INTO OrderLines(OrderID, ProductID, Qty, UnitPrice) VALUES (365,17,2,183);
INSERT INTO OrderLines(OrderID, ProductID, Qty, UnitPrice) VALUES (365,12,2,1036);
UPDATE [Order] SET TotalAmount=8582 WHERE OrderID=365;
INSERT INTO Payment(OrderID, PaymentDate, Amount, PaymentMethod, TransactionRef) VALUES (365,'2025-01-18',8582,'Cash','TXN246346');
INSERT INTO [Order](CustomerID, OrderDate, Status, TotalAmount) VALUES (37,'2025-10-05','Delivered',0);
INSERT INTO OrderLines(OrderID, ProductID, Qty, UnitPrice) VALUES (366,43,3,730);
INSERT INTO OrderLines(OrderID, ProductID, Qty, UnitPrice) VALUES (366,46,1,139);
INSERT INTO OrderLines(OrderID, ProductID, Qty, UnitPrice) VALUES (366,23,3,723);
INSERT INTO OrderLines(OrderID, ProductID, Qty, UnitPrice) VALUES (366,39,3,350);
UPDATE [Order] SET TotalAmount=5548 WHERE OrderID=366;
INSERT INTO Payment(OrderID, PaymentDate, Amount, PaymentMethod, TransactionRef) VALUES (366,'2025-10-07',5548,'PayPal','TXN832729');
INSERT INTO [Order](CustomerID, OrderDate, Status, TotalAmount) VALUES (37,'2025-06-02','Cancelled',0);
INSERT INTO OrderLines(OrderID, ProductID, Qty, UnitPrice) VALUES (367,46,2,330);
INSERT INTO OrderLines(OrderID, ProductID, Qty, UnitPrice) VALUES (367,8,2,1467);
INSERT INTO OrderLines(OrderID, ProductID, Qty, UnitPrice) VALUES (367,26,3,1227);
INSERT INTO OrderLines(OrderID, ProductID, Qty, UnitPrice) VALUES (367,34,3,833);
UPDATE [Order] SET TotalAmount=9774 WHERE OrderID=367;
INSERT INTO Payment(OrderID, PaymentDate, Amount, PaymentMethod, TransactionRef) VALUES (367,'2025-06-07',9774,'Cash','TXN191392');
INSERT INTO [Order](CustomerID, OrderDate, Status, TotalAmount) VALUES (37,'2025-04-08','Processing',0);
INSERT INTO OrderLines(OrderID, ProductID, Qty, UnitPrice) VALUES (368,35,3,1396);
INSERT INTO OrderLines(OrderID, ProductID, Qty, UnitPrice) VALUES (368,41,3,825);
INSERT INTO OrderLines(OrderID, ProductID, Qty, UnitPrice) VALUES (368,48,1,136);
INSERT INTO OrderLines(OrderID, ProductID, Qty, UnitPrice) VALUES (368,9,1,1355);
UPDATE [Order] SET TotalAmount=8154 WHERE OrderID=368;
INSERT INTO Payment(OrderID, PaymentDate, Amount, PaymentMethod, TransactionRef) VALUES (368,'2025-04-13',8154,'Card','TXN778833');
INSERT INTO [Order](CustomerID, OrderDate, Status, TotalAmount) VALUES (37,'2025-05-17','Delivered',0);
INSERT INTO OrderLines(OrderID, ProductID, Qty, UnitPrice) VALUES (369,7,2,1288);
INSERT INTO OrderLines(OrderID, ProductID, Qty, UnitPrice) VALUES (369,34,3,248);
INSERT INTO OrderLines(OrderID, ProductID, Qty, UnitPrice) VALUES (369,16,2,751);
INSERT INTO OrderLines(OrderID, ProductID, Qty, UnitPrice) VALUES (369,13,3,320);
UPDATE [Order] SET TotalAmount=5782 WHERE OrderID=369;
INSERT INTO Payment(OrderID, PaymentDate, Amount, PaymentMethod, TransactionRef) VALUES (369,'2025-05-21',5782,'Card','TXN366964');
INSERT INTO [Order](CustomerID, OrderDate, Status, TotalAmount) VALUES (37,'2025-09-23','Shipped',0);
INSERT INTO OrderLines(OrderID, ProductID, Qty, UnitPrice) VALUES (370,43,3,1370);
INSERT INTO OrderLines(OrderID, ProductID, Qty, UnitPrice) VALUES (370,44,2,712);
INSERT INTO OrderLines(OrderID, ProductID, Qty, UnitPrice) VALUES (370,4,1,1418);
INSERT INTO OrderLines(OrderID, ProductID, Qty, UnitPrice) VALUES (370,37,3,761);
UPDATE [Order] SET TotalAmount=9235 WHERE OrderID=370;
INSERT INTO Payment(OrderID, PaymentDate, Amount, PaymentMethod, TransactionRef) VALUES (370,'2025-09-24',9235,'Cash','TXN437500');
INSERT INTO [Order](CustomerID, OrderDate, Status, TotalAmount) VALUES (38,'2025-05-25','Cancelled',0);
INSERT INTO OrderLines(OrderID, ProductID, Qty, UnitPrice) VALUES (371,23,3,72);
INSERT INTO OrderLines(OrderID, ProductID, Qty, UnitPrice) VALUES (371,16,3,412);
INSERT INTO OrderLines(OrderID, ProductID, Qty, UnitPrice) VALUES (371,32,1,148);
INSERT INTO OrderLines(OrderID, ProductID, Qty, UnitPrice) VALUES (371,3,2,921);
UPDATE [Order] SET TotalAmount=3442 WHERE OrderID=371;
INSERT INTO Payment(OrderID, PaymentDate, Amount, PaymentMethod, TransactionRef) VALUES (371,'2025-05-30',3442,'Cash','TXN607913');
INSERT INTO [Order](CustomerID, OrderDate, Status, TotalAmount) VALUES (38,'2025-01-19','Cancelled',0);
INSERT INTO OrderLines(OrderID, ProductID, Qty, UnitPrice) VALUES (372,43,1,286);
INSERT INTO OrderLines(OrderID, ProductID, Qty, UnitPrice) VALUES (372,25,3,968);
INSERT INTO OrderLines(OrderID, ProductID, Qty, UnitPrice) VALUES (372,29,2,1315);
INSERT INTO OrderLines(OrderID, ProductID, Qty, UnitPrice) VALUES (372,11,1,880);
UPDATE [Order] SET TotalAmount=6700 WHERE OrderID=372;
INSERT INTO Payment(OrderID, PaymentDate, Amount, PaymentMethod, TransactionRef) VALUES (372,'2025-01-22',6700,'PayPal','TXN509556');
INSERT INTO [Order](CustomerID, OrderDate, Status, TotalAmount) VALUES (38,'2025-04-07','Shipped',0);
INSERT INTO OrderLines(OrderID, ProductID, Qty, UnitPrice) VALUES (373,40,3,630);
INSERT INTO OrderLines(OrderID, ProductID, Qty, UnitPrice) VALUES (373,18,3,1032);
INSERT INTO OrderLines(OrderID, ProductID, Qty, UnitPrice) VALUES (373,42,1,1212);
INSERT INTO OrderLines(OrderID, ProductID, Qty, UnitPrice) VALUES (373,10,1,891);
UPDATE [Order] SET TotalAmount=7089 WHERE OrderID=373;
INSERT INTO Payment(OrderID, PaymentDate, Amount, PaymentMethod, TransactionRef) VALUES (373,'2025-04-07',7089,'Cash','TXN426889');
INSERT INTO [Order](CustomerID, OrderDate, Status, TotalAmount) VALUES (38,'2025-08-12','Processing',0);
INSERT INTO OrderLines(OrderID, ProductID, Qty, UnitPrice) VALUES (374,27,3,964);
INSERT INTO OrderLines(OrderID, ProductID, Qty, UnitPrice) VALUES (374,28,1,934);
INSERT INTO OrderLines(OrderID, ProductID, Qty, UnitPrice) VALUES (374,26,2,1010);
INSERT INTO OrderLines(OrderID, ProductID, Qty, UnitPrice) VALUES (374,34,1,1380);
UPDATE [Order] SET TotalAmount=7226 WHERE OrderID=374;
INSERT INTO Payment(OrderID, PaymentDate, Amount, PaymentMethod, TransactionRef) VALUES (374,'2025-08-13',7226,'Cash','TXN553809');
INSERT INTO [Order](CustomerID, OrderDate, Status, TotalAmount) VALUES (38,'2025-11-03','Shipped',0);
INSERT INTO OrderLines(OrderID, ProductID, Qty, UnitPrice) VALUES (375,11,1,1326);
INSERT INTO OrderLines(OrderID, ProductID, Qty, UnitPrice) VALUES (375,7,3,927);
INSERT INTO OrderLines(OrderID, ProductID, Qty, UnitPrice) VALUES (375,45,2,1369);
INSERT INTO OrderLines(OrderID, ProductID, Qty, UnitPrice) VALUES (375,8,2,1393);
UPDATE [Order] SET TotalAmount=9631 WHERE OrderID=375;
INSERT INTO Payment(OrderID, PaymentDate, Amount, PaymentMethod, TransactionRef) VALUES (375,'2025-11-03',9631,'PayPal','TXN219221');
INSERT INTO [Order](CustomerID, OrderDate, Status, TotalAmount) VALUES (38,'2025-02-24','Processing',0);
INSERT INTO OrderLines(OrderID, ProductID, Qty, UnitPrice) VALUES (376,7,1,1316);
INSERT INTO OrderLines(OrderID, ProductID, Qty, UnitPrice) VALUES (376,33,1,1429);
INSERT INTO OrderLines(OrderID, ProductID, Qty, UnitPrice) VALUES (376,13,2,94);
INSERT INTO OrderLines(OrderID, ProductID, Qty, UnitPrice) VALUES (376,46,3,266);
UPDATE [Order] SET TotalAmount=3731 WHERE OrderID=376;
INSERT INTO Payment(OrderID, PaymentDate, Amount, PaymentMethod, TransactionRef) VALUES (376,'2025-02-26',3731,'Card','TXN159133');
INSERT INTO [Order](CustomerID, OrderDate, Status, TotalAmount) VALUES (38,'2025-09-10','Cancelled',0);
INSERT INTO OrderLines(OrderID, ProductID, Qty, UnitPrice) VALUES (377,50,2,1218);
INSERT INTO OrderLines(OrderID, ProductID, Qty, UnitPrice) VALUES (377,39,2,803);
INSERT INTO OrderLines(OrderID, ProductID, Qty, UnitPrice) VALUES (377,34,3,1163);
INSERT INTO OrderLines(OrderID, ProductID, Qty, UnitPrice) VALUES (377,10,3,840);
UPDATE [Order] SET TotalAmount=10051 WHERE OrderID=377;
INSERT INTO Payment(OrderID, PaymentDate, Amount, PaymentMethod, TransactionRef) VALUES (377,'2025-09-15',10051,'Cash','TXN847082');
INSERT INTO [Order](CustomerID, OrderDate, Status, TotalAmount) VALUES (38,'2025-06-16','Processing',0);
INSERT INTO OrderLines(OrderID, ProductID, Qty, UnitPrice) VALUES (378,32,2,476);
INSERT INTO OrderLines(OrderID, ProductID, Qty, UnitPrice) VALUES (378,23,1,85);
INSERT INTO OrderLines(OrderID, ProductID, Qty, UnitPrice) VALUES (378,28,3,1452);
INSERT INTO OrderLines(OrderID, ProductID, Qty, UnitPrice) VALUES (378,14,1,434);
UPDATE [Order] SET TotalAmount=5827 WHERE OrderID=378;
INSERT INTO Payment(OrderID, PaymentDate, Amount, PaymentMethod, TransactionRef) VALUES (378,'2025-06-16',5827,'Card','TXN574565');
INSERT INTO [Order](CustomerID, OrderDate, Status, TotalAmount) VALUES (38,'2025-02-14','Shipped',0);
INSERT INTO OrderLines(OrderID, ProductID, Qty, UnitPrice) VALUES (379,32,3,239);
INSERT INTO OrderLines(OrderID, ProductID, Qty, UnitPrice) VALUES (379,37,1,1404);
INSERT INTO OrderLines(OrderID, ProductID, Qty, UnitPrice) VALUES (379,42,2,127);
INSERT INTO OrderLines(OrderID, ProductID, Qty, UnitPrice) VALUES (379,22,2,502);
UPDATE [Order] SET TotalAmount=3379 WHERE OrderID=379;
INSERT INTO Payment(OrderID, PaymentDate, Amount, PaymentMethod, TransactionRef) VALUES (379,'2025-02-19',3379,'PayPal','TXN142230');
INSERT INTO [Order](CustomerID, OrderDate, Status, TotalAmount) VALUES (38,'2025-05-29','Cancelled',0);
INSERT INTO OrderLines(OrderID, ProductID, Qty, UnitPrice) VALUES (380,10,2,184);
INSERT INTO OrderLines(OrderID, ProductID, Qty, UnitPrice) VALUES (380,21,1,110);
INSERT INTO OrderLines(OrderID, ProductID, Qty, UnitPrice) VALUES (380,47,3,777);
INSERT INTO OrderLines(OrderID, ProductID, Qty, UnitPrice) VALUES (380,21,1,394);
UPDATE [Order] SET TotalAmount=3203 WHERE OrderID=380;
INSERT INTO Payment(OrderID, PaymentDate, Amount, PaymentMethod, TransactionRef) VALUES (380,'2025-05-31',3203,'Card','TXN954109');
INSERT INTO [Order](CustomerID, OrderDate, Status, TotalAmount) VALUES (39,'2025-06-15','Shipped',0);
INSERT INTO OrderLines(OrderID, ProductID, Qty, UnitPrice) VALUES (381,9,1,639);
INSERT INTO OrderLines(OrderID, ProductID, Qty, UnitPrice) VALUES (381,21,1,919);
INSERT INTO OrderLines(OrderID, ProductID, Qty, UnitPrice) VALUES (381,39,1,45);
INSERT INTO OrderLines(OrderID, ProductID, Qty, UnitPrice) VALUES (381,50,3,548);
UPDATE [Order] SET TotalAmount=3247 WHERE OrderID=381;
INSERT INTO Payment(OrderID, PaymentDate, Amount, PaymentMethod, TransactionRef) VALUES (381,'2025-06-15',3247,'Cash','TXN652378');
INSERT INTO [Order](CustomerID, OrderDate, Status, TotalAmount) VALUES (39,'2025-11-05','Delivered',0);
INSERT INTO OrderLines(OrderID, ProductID, Qty, UnitPrice) VALUES (382,46,3,498);
INSERT INTO OrderLines(OrderID, ProductID, Qty, UnitPrice) VALUES (382,10,3,470);
INSERT INTO OrderLines(OrderID, ProductID, Qty, UnitPrice) VALUES (382,40,3,628);
INSERT INTO OrderLines(OrderID, ProductID, Qty, UnitPrice) VALUES (382,38,1,1294);
UPDATE [Order] SET TotalAmount=6082 WHERE OrderID=382;
INSERT INTO Payment(OrderID, PaymentDate, Amount, PaymentMethod, TransactionRef) VALUES (382,'2025-11-05',6082,'Cash','TXN633795');
INSERT INTO [Order](CustomerID, OrderDate, Status, TotalAmount) VALUES (39,'2025-11-26','Shipped',0);
INSERT INTO OrderLines(OrderID, ProductID, Qty, UnitPrice) VALUES (383,28,3,1210);
INSERT INTO OrderLines(OrderID, ProductID, Qty, UnitPrice) VALUES (383,45,3,600);
INSERT INTO OrderLines(OrderID, ProductID, Qty, UnitPrice) VALUES (383,36,3,1379);
INSERT INTO OrderLines(OrderID, ProductID, Qty, UnitPrice) VALUES (383,18,2,1497);
UPDATE [Order] SET TotalAmount=12561 WHERE OrderID=383;
INSERT INTO Payment(OrderID, PaymentDate, Amount, PaymentMethod, TransactionRef) VALUES (383,'2025-11-28',12561,'Card','TXN555208');
INSERT INTO [Order](CustomerID, OrderDate, Status, TotalAmount) VALUES (39,'2025-12-08','Processing',0);
INSERT INTO OrderLines(OrderID, ProductID, Qty, UnitPrice) VALUES (384,50,3,1358);
INSERT INTO OrderLines(OrderID, ProductID, Qty, UnitPrice) VALUES (384,42,2,294);
INSERT INTO OrderLines(OrderID, ProductID, Qty, UnitPrice) VALUES (384,16,2,104);
INSERT INTO OrderLines(OrderID, ProductID, Qty, UnitPrice) VALUES (384,15,1,353);
UPDATE [Order] SET TotalAmount=5223 WHERE OrderID=384;
INSERT INTO Payment(OrderID, PaymentDate, Amount, PaymentMethod, TransactionRef) VALUES (384,'2025-12-10',5223,'Cash','TXN568594');
INSERT INTO [Order](CustomerID, OrderDate, Status, TotalAmount) VALUES (39,'2025-07-22','Cancelled',0);
INSERT INTO OrderLines(OrderID, ProductID, Qty, UnitPrice) VALUES (385,23,1,970);
INSERT INTO OrderLines(OrderID, ProductID, Qty, UnitPrice) VALUES (385,2,2,633);
INSERT INTO OrderLines(OrderID, ProductID, Qty, UnitPrice) VALUES (385,17,2,1180);
INSERT INTO OrderLines(OrderID, ProductID, Qty, UnitPrice) VALUES (385,3,1,1047);
UPDATE [Order] SET TotalAmount=5643 WHERE OrderID=385;
INSERT INTO Payment(OrderID, PaymentDate, Amount, PaymentMethod, TransactionRef) VALUES (385,'2025-07-25',5643,'Card','TXN846723');
INSERT INTO [Order](CustomerID, OrderDate, Status, TotalAmount) VALUES (39,'2025-07-24','Delivered',0);
INSERT INTO OrderLines(OrderID, ProductID, Qty, UnitPrice) VALUES (386,45,1,143);
INSERT INTO OrderLines(OrderID, ProductID, Qty, UnitPrice) VALUES (386,16,2,714);
INSERT INTO OrderLines(OrderID, ProductID, Qty, UnitPrice) VALUES (386,15,1,1158);
INSERT INTO OrderLines(OrderID, ProductID, Qty, UnitPrice) VALUES (386,28,3,388);
UPDATE [Order] SET TotalAmount=3893 WHERE OrderID=386;
INSERT INTO Payment(OrderID, PaymentDate, Amount, PaymentMethod, TransactionRef) VALUES (386,'2025-07-26',3893,'PayPal','TXN596296');
INSERT INTO [Order](CustomerID, OrderDate, Status, TotalAmount) VALUES (39,'2025-10-20','Shipped',0);
INSERT INTO OrderLines(OrderID, ProductID, Qty, UnitPrice) VALUES (387,4,2,785);
INSERT INTO OrderLines(OrderID, ProductID, Qty, UnitPrice) VALUES (387,24,3,45);
INSERT INTO OrderLines(OrderID, ProductID, Qty, UnitPrice) VALUES (387,25,2,1414);
INSERT INTO OrderLines(OrderID, ProductID, Qty, UnitPrice) VALUES (387,11,2,404);
UPDATE [Order] SET TotalAmount=5341 WHERE OrderID=387;
INSERT INTO Payment(OrderID, PaymentDate, Amount, PaymentMethod, TransactionRef) VALUES (387,'2025-10-23',5341,'PayPal','TXN832207');
INSERT INTO [Order](CustomerID, OrderDate, Status, TotalAmount) VALUES (39,'2025-11-25','Processing',0);
INSERT INTO OrderLines(OrderID, ProductID, Qty, UnitPrice) VALUES (388,41,2,1334);
INSERT INTO OrderLines(OrderID, ProductID, Qty, UnitPrice) VALUES (388,40,2,1290);
INSERT INTO OrderLines(OrderID, ProductID, Qty, UnitPrice) VALUES (388,50,2,336);
INSERT INTO OrderLines(OrderID, ProductID, Qty, UnitPrice) VALUES (388,50,1,975);
UPDATE [Order] SET TotalAmount=6895 WHERE OrderID=388;
INSERT INTO Payment(OrderID, PaymentDate, Amount, PaymentMethod, TransactionRef) VALUES (388,'2025-11-30',6895,'PayPal','TXN116676');
INSERT INTO [Order](CustomerID, OrderDate, Status, TotalAmount) VALUES (39,'2025-11-21','Shipped',0);
INSERT INTO OrderLines(OrderID, ProductID, Qty, UnitPrice) VALUES (389,23,3,235);
INSERT INTO OrderLines(OrderID, ProductID, Qty, UnitPrice) VALUES (389,38,3,403);
INSERT INTO OrderLines(OrderID, ProductID, Qty, UnitPrice) VALUES (389,3,3,746);
INSERT INTO OrderLines(OrderID, ProductID, Qty, UnitPrice) VALUES (389,14,2,543);
UPDATE [Order] SET TotalAmount=5238 WHERE OrderID=389;
INSERT INTO Payment(OrderID, PaymentDate, Amount, PaymentMethod, TransactionRef) VALUES (389,'2025-11-21',5238,'Card','TXN796216');
INSERT INTO [Order](CustomerID, OrderDate, Status, TotalAmount) VALUES (39,'2025-05-11','Cancelled',0);
INSERT INTO OrderLines(OrderID, ProductID, Qty, UnitPrice) VALUES (390,4,2,1253);
INSERT INTO OrderLines(OrderID, ProductID, Qty, UnitPrice) VALUES (390,36,2,470);
INSERT INTO OrderLines(OrderID, ProductID, Qty, UnitPrice) VALUES (390,33,1,597);
INSERT INTO OrderLines(OrderID, ProductID, Qty, UnitPrice) VALUES (390,4,2,875);
UPDATE [Order] SET TotalAmount=5793 WHERE OrderID=390;
INSERT INTO Payment(OrderID, PaymentDate, Amount, PaymentMethod, TransactionRef) VALUES (390,'2025-05-11',5793,'PayPal','TXN800928');
INSERT INTO [Order](CustomerID, OrderDate, Status, TotalAmount) VALUES (40,'2025-04-01','Processing',0);
INSERT INTO OrderLines(OrderID, ProductID, Qty, UnitPrice) VALUES (391,38,2,769);
INSERT INTO OrderLines(OrderID, ProductID, Qty, UnitPrice) VALUES (391,6,3,1100);
INSERT INTO OrderLines(OrderID, ProductID, Qty, UnitPrice) VALUES (391,38,2,336);
INSERT INTO OrderLines(OrderID, ProductID, Qty, UnitPrice) VALUES (391,41,2,443);
UPDATE [Order] SET TotalAmount=6396 WHERE OrderID=391;
INSERT INTO Payment(OrderID, PaymentDate, Amount, PaymentMethod, TransactionRef) VALUES (391,'2025-04-05',6396,'Card','TXN897138');
INSERT INTO [Order](CustomerID, OrderDate, Status, TotalAmount) VALUES (40,'2025-11-14','Delivered',0);
INSERT INTO OrderLines(OrderID, ProductID, Qty, UnitPrice) VALUES (392,16,3,926);
INSERT INTO OrderLines(OrderID, ProductID, Qty, UnitPrice) VALUES (392,19,1,836);
INSERT INTO OrderLines(OrderID, ProductID, Qty, UnitPrice) VALUES (392,19,3,949);
INSERT INTO OrderLines(OrderID, ProductID, Qty, UnitPrice) VALUES (392,31,2,1222);
UPDATE [Order] SET TotalAmount=8905 WHERE OrderID=392;
INSERT INTO Payment(OrderID, PaymentDate, Amount, PaymentMethod, TransactionRef) VALUES (392,'2025-11-17',8905,'PayPal','TXN311950');
INSERT INTO [Order](CustomerID, OrderDate, Status, TotalAmount) VALUES (40,'2025-05-22','Shipped',0);
INSERT INTO OrderLines(OrderID, ProductID, Qty, UnitPrice) VALUES (393,33,3,183);
INSERT INTO OrderLines(OrderID, ProductID, Qty, UnitPrice) VALUES (393,47,3,684);
INSERT INTO OrderLines(OrderID, ProductID, Qty, UnitPrice) VALUES (393,48,1,827);
INSERT INTO OrderLines(OrderID, ProductID, Qty, UnitPrice) VALUES (393,36,2,1033);
UPDATE [Order] SET TotalAmount=5494 WHERE OrderID=393;
INSERT INTO Payment(OrderID, PaymentDate, Amount, PaymentMethod, TransactionRef) VALUES (393,'2025-05-26',5494,'Cash','TXN663291');
INSERT INTO [Order](CustomerID, OrderDate, Status, TotalAmount) VALUES (40,'2025-09-22','Shipped',0);
INSERT INTO OrderLines(OrderID, ProductID, Qty, UnitPrice) VALUES (394,48,2,594);
INSERT INTO OrderLines(OrderID, ProductID, Qty, UnitPrice) VALUES (394,17,2,483);
INSERT INTO OrderLines(OrderID, ProductID, Qty, UnitPrice) VALUES (394,15,1,765);
INSERT INTO OrderLines(OrderID, ProductID, Qty, UnitPrice) VALUES (394,36,1,92);
UPDATE [Order] SET TotalAmount=3011 WHERE OrderID=394;
INSERT INTO Payment(OrderID, PaymentDate, Amount, PaymentMethod, TransactionRef) VALUES (394,'2025-09-26',3011,'Cash','TXN737470');
INSERT INTO [Order](CustomerID, OrderDate, Status, TotalAmount) VALUES (40,'2025-08-08','Shipped',0);
INSERT INTO OrderLines(OrderID, ProductID, Qty, UnitPrice) VALUES (395,12,1,1241);
INSERT INTO OrderLines(OrderID, ProductID, Qty, UnitPrice) VALUES (395,15,3,744);
INSERT INTO OrderLines(OrderID, ProductID, Qty, UnitPrice) VALUES (395,11,1,508);
INSERT INTO OrderLines(OrderID, ProductID, Qty, UnitPrice) VALUES (395,26,1,947);
UPDATE [Order] SET TotalAmount=4928 WHERE OrderID=395;
INSERT INTO Payment(OrderID, PaymentDate, Amount, PaymentMethod, TransactionRef) VALUES (395,'2025-08-13',4928,'Cash','TXN708833');
INSERT INTO [Order](CustomerID, OrderDate, Status, TotalAmount) VALUES (40,'2025-02-16','Processing',0);
INSERT INTO OrderLines(OrderID, ProductID, Qty, UnitPrice) VALUES (396,44,2,1308);
INSERT INTO OrderLines(OrderID, ProductID, Qty, UnitPrice) VALUES (396,33,1,636);
INSERT INTO OrderLines(OrderID, ProductID, Qty, UnitPrice) VALUES (396,7,1,1213);
INSERT INTO OrderLines(OrderID, ProductID, Qty, UnitPrice) VALUES (396,31,3,413);
UPDATE [Order] SET TotalAmount=5704 WHERE OrderID=396;
INSERT INTO Payment(OrderID, PaymentDate, Amount, PaymentMethod, TransactionRef) VALUES (396,'2025-02-16',5704,'PayPal','TXN779709');
INSERT INTO [Order](CustomerID, OrderDate, Status, TotalAmount) VALUES (40,'2025-02-08','Shipped',0);
INSERT INTO OrderLines(OrderID, ProductID, Qty, UnitPrice) VALUES (397,20,1,904);
INSERT INTO OrderLines(OrderID, ProductID, Qty, UnitPrice) VALUES (397,10,3,1197);
INSERT INTO OrderLines(OrderID, ProductID, Qty, UnitPrice) VALUES (397,11,3,494);
INSERT INTO OrderLines(OrderID, ProductID, Qty, UnitPrice) VALUES (397,21,1,1368);
UPDATE [Order] SET TotalAmount=7345 WHERE OrderID=397;
INSERT INTO Payment(OrderID, PaymentDate, Amount, PaymentMethod, TransactionRef) VALUES (397,'2025-02-08',7345,'Cash','TXN461115');
INSERT INTO [Order](CustomerID, OrderDate, Status, TotalAmount) VALUES (40,'2025-12-21','Cancelled',0);
INSERT INTO OrderLines(OrderID, ProductID, Qty, UnitPrice) VALUES (398,34,1,211);
INSERT INTO OrderLines(OrderID, ProductID, Qty, UnitPrice) VALUES (398,46,3,742);
INSERT INTO OrderLines(OrderID, ProductID, Qty, UnitPrice) VALUES (398,21,3,134);
INSERT INTO OrderLines(OrderID, ProductID, Qty, UnitPrice) VALUES (398,41,2,647);
UPDATE [Order] SET TotalAmount=4133 WHERE OrderID=398;
INSERT INTO Payment(OrderID, PaymentDate, Amount, PaymentMethod, TransactionRef) VALUES (398,'2025-12-21',4133,'Cash','TXN188782');
INSERT INTO [Order](CustomerID, OrderDate, Status, TotalAmount) VALUES (40,'2025-05-21','Delivered',0);
INSERT INTO OrderLines(OrderID, ProductID, Qty, UnitPrice) VALUES (399,32,3,815);
INSERT INTO OrderLines(OrderID, ProductID, Qty, UnitPrice) VALUES (399,26,2,562);
INSERT INTO OrderLines(OrderID, ProductID, Qty, UnitPrice) VALUES (399,33,1,1270);
INSERT INTO OrderLines(OrderID, ProductID, Qty, UnitPrice) VALUES (399,9,3,1252);
UPDATE [Order] SET TotalAmount=8595 WHERE OrderID=399;
INSERT INTO Payment(OrderID, PaymentDate, Amount, PaymentMethod, TransactionRef) VALUES (399,'2025-05-26',8595,'PayPal','TXN734991');
INSERT INTO [Order](CustomerID, OrderDate, Status, TotalAmount) VALUES (40,'2025-11-17','Shipped',0);
INSERT INTO OrderLines(OrderID, ProductID, Qty, UnitPrice) VALUES (400,17,2,1496);
INSERT INTO OrderLines(OrderID, ProductID, Qty, UnitPrice) VALUES (400,24,1,114);
INSERT INTO OrderLines(OrderID, ProductID, Qty, UnitPrice) VALUES (400,29,3,886);
INSERT INTO OrderLines(OrderID, ProductID, Qty, UnitPrice) VALUES (400,12,1,652);
UPDATE [Order] SET TotalAmount=6416 WHERE OrderID=400;
INSERT INTO Payment(OrderID, PaymentDate, Amount, PaymentMethod, TransactionRef) VALUES (400,'2025-11-18',6416,'Card','TXN295911');
INSERT INTO [Order](CustomerID, OrderDate, Status, TotalAmount) VALUES (41,'2025-03-26','Shipped',0);
INSERT INTO OrderLines(OrderID, ProductID, Qty, UnitPrice) VALUES (401,20,1,923);
INSERT INTO OrderLines(OrderID, ProductID, Qty, UnitPrice) VALUES (401,2,2,985);
INSERT INTO OrderLines(OrderID, ProductID, Qty, UnitPrice) VALUES (401,24,3,738);
INSERT INTO OrderLines(OrderID, ProductID, Qty, UnitPrice) VALUES (401,28,2,317);
UPDATE [Order] SET TotalAmount=5741 WHERE OrderID=401;
INSERT INTO Payment(OrderID, PaymentDate, Amount, PaymentMethod, TransactionRef) VALUES (401,'2025-03-29',5741,'Cash','TXN556715');
INSERT INTO [Order](CustomerID, OrderDate, Status, TotalAmount) VALUES (41,'2025-06-21','Shipped',0);
INSERT INTO OrderLines(OrderID, ProductID, Qty, UnitPrice) VALUES (402,37,1,970);
INSERT INTO OrderLines(OrderID, ProductID, Qty, UnitPrice) VALUES (402,3,1,255);
INSERT INTO OrderLines(OrderID, ProductID, Qty, UnitPrice) VALUES (402,12,3,1257);
INSERT INTO OrderLines(OrderID, ProductID, Qty, UnitPrice) VALUES (402,7,2,740);
UPDATE [Order] SET TotalAmount=6476 WHERE OrderID=402;
INSERT INTO Payment(OrderID, PaymentDate, Amount, PaymentMethod, TransactionRef) VALUES (402,'2025-06-26',6476,'PayPal','TXN414294');
INSERT INTO [Order](CustomerID, OrderDate, Status, TotalAmount) VALUES (41,'2025-08-08','Shipped',0);
INSERT INTO OrderLines(OrderID, ProductID, Qty, UnitPrice) VALUES (403,25,2,1348);
INSERT INTO OrderLines(OrderID, ProductID, Qty, UnitPrice) VALUES (403,19,1,514);
INSERT INTO OrderLines(OrderID, ProductID, Qty, UnitPrice) VALUES (403,37,3,253);
INSERT INTO OrderLines(OrderID, ProductID, Qty, UnitPrice) VALUES (403,35,3,385);
UPDATE [Order] SET TotalAmount=5124 WHERE OrderID=403;
INSERT INTO Payment(OrderID, PaymentDate, Amount, PaymentMethod, TransactionRef) VALUES (403,'2025-08-09',5124,'Card','TXN249693');
INSERT INTO [Order](CustomerID, OrderDate, Status, TotalAmount) VALUES (41,'2025-11-14','Processing',0);
INSERT INTO OrderLines(OrderID, ProductID, Qty, UnitPrice) VALUES (404,23,2,367);
INSERT INTO OrderLines(OrderID, ProductID, Qty, UnitPrice) VALUES (404,22,2,1077);
INSERT INTO OrderLines(OrderID, ProductID, Qty, UnitPrice) VALUES (404,36,2,1105);
INSERT INTO OrderLines(OrderID, ProductID, Qty, UnitPrice) VALUES (404,30,3,999);
UPDATE [Order] SET TotalAmount=8095 WHERE OrderID=404;
INSERT INTO Payment(OrderID, PaymentDate, Amount, PaymentMethod, TransactionRef) VALUES (404,'2025-11-17',8095,'Cash','TXN893777');
INSERT INTO [Order](CustomerID, OrderDate, Status, TotalAmount) VALUES (41,'2025-05-29','Delivered',0);
INSERT INTO OrderLines(OrderID, ProductID, Qty, UnitPrice) VALUES (405,30,3,545);
INSERT INTO OrderLines(OrderID, ProductID, Qty, UnitPrice) VALUES (405,42,1,1374);
INSERT INTO OrderLines(OrderID, ProductID, Qty, UnitPrice) VALUES (405,19,3,1223);
INSERT INTO OrderLines(OrderID, ProductID, Qty, UnitPrice) VALUES (405,21,3,590);
UPDATE [Order] SET TotalAmount=8448 WHERE OrderID=405;
INSERT INTO Payment(OrderID, PaymentDate, Amount, PaymentMethod, TransactionRef) VALUES (405,'2025-05-29',8448,'PayPal','TXN262930');
INSERT INTO [Order](CustomerID, OrderDate, Status, TotalAmount) VALUES (41,'2025-11-19','Cancelled',0);
INSERT INTO OrderLines(OrderID, ProductID, Qty, UnitPrice) VALUES (406,48,2,22);
INSERT INTO OrderLines(OrderID, ProductID, Qty, UnitPrice) VALUES (406,44,1,742);
INSERT INTO OrderLines(OrderID, ProductID, Qty, UnitPrice) VALUES (406,6,2,74);
INSERT INTO OrderLines(OrderID, ProductID, Qty, UnitPrice) VALUES (406,31,1,1074);
UPDATE [Order] SET TotalAmount=2008 WHERE OrderID=406;
INSERT INTO Payment(OrderID, PaymentDate, Amount, PaymentMethod, TransactionRef) VALUES (406,'2025-11-24',2008,'PayPal','TXN128264');
INSERT INTO [Order](CustomerID, OrderDate, Status, TotalAmount) VALUES (41,'2025-01-25','Shipped',0);
INSERT INTO OrderLines(OrderID, ProductID, Qty, UnitPrice) VALUES (407,26,1,639);
INSERT INTO OrderLines(OrderID, ProductID, Qty, UnitPrice) VALUES (407,3,1,195);
INSERT INTO OrderLines(OrderID, ProductID, Qty, UnitPrice) VALUES (407,11,3,1446);
INSERT INTO OrderLines(OrderID, ProductID, Qty, UnitPrice) VALUES (407,16,2,664);
UPDATE [Order] SET TotalAmount=6500 WHERE OrderID=407;
INSERT INTO Payment(OrderID, PaymentDate, Amount, PaymentMethod, TransactionRef) VALUES (407,'2025-01-27',6500,'PayPal','TXN334496');
INSERT INTO [Order](CustomerID, OrderDate, Status, TotalAmount) VALUES (41,'2025-05-12','Shipped',0);
INSERT INTO OrderLines(OrderID, ProductID, Qty, UnitPrice) VALUES (408,50,2,465);
INSERT INTO OrderLines(OrderID, ProductID, Qty, UnitPrice) VALUES (408,39,1,1086);
INSERT INTO OrderLines(OrderID, ProductID, Qty, UnitPrice) VALUES (408,48,2,1278);
INSERT INTO OrderLines(OrderID, ProductID, Qty, UnitPrice) VALUES (408,41,3,117);
UPDATE [Order] SET TotalAmount=4923 WHERE OrderID=408;
INSERT INTO Payment(OrderID, PaymentDate, Amount, PaymentMethod, TransactionRef) VALUES (408,'2025-05-14',4923,'PayPal','TXN657468');
INSERT INTO [Order](CustomerID, OrderDate, Status, TotalAmount) VALUES (41,'2025-02-27','Cancelled',0);
INSERT INTO OrderLines(OrderID, ProductID, Qty, UnitPrice) VALUES (409,45,3,1460);
INSERT INTO OrderLines(OrderID, ProductID, Qty, UnitPrice) VALUES (409,42,2,578);
INSERT INTO OrderLines(OrderID, ProductID, Qty, UnitPrice) VALUES (409,21,1,916);
INSERT INTO OrderLines(OrderID, ProductID, Qty, UnitPrice) VALUES (409,20,1,428);
UPDATE [Order] SET TotalAmount=6880 WHERE OrderID=409;
INSERT INTO Payment(OrderID, PaymentDate, Amount, PaymentMethod, TransactionRef) VALUES (409,'2025-02-28',6880,'Cash','TXN947455');
INSERT INTO [Order](CustomerID, OrderDate, Status, TotalAmount) VALUES (41,'2025-10-24','Shipped',0);
INSERT INTO OrderLines(OrderID, ProductID, Qty, UnitPrice) VALUES (410,31,1,1450);
INSERT INTO OrderLines(OrderID, ProductID, Qty, UnitPrice) VALUES (410,33,1,1193);
INSERT INTO OrderLines(OrderID, ProductID, Qty, UnitPrice) VALUES (410,38,2,1389);
INSERT INTO OrderLines(OrderID, ProductID, Qty, UnitPrice) VALUES (410,4,2,856);
UPDATE [Order] SET TotalAmount=7133 WHERE OrderID=410;
INSERT INTO Payment(OrderID, PaymentDate, Amount, PaymentMethod, TransactionRef) VALUES (410,'2025-10-28',7133,'PayPal','TXN722495');
INSERT INTO [Order](CustomerID, OrderDate, Status, TotalAmount) VALUES (42,'2025-08-04','Cancelled',0);
INSERT INTO OrderLines(OrderID, ProductID, Qty, UnitPrice) VALUES (411,50,3,942);
INSERT INTO OrderLines(OrderID, ProductID, Qty, UnitPrice) VALUES (411,5,3,1030);
INSERT INTO OrderLines(OrderID, ProductID, Qty, UnitPrice) VALUES (411,27,1,1356);
INSERT INTO OrderLines(OrderID, ProductID, Qty, UnitPrice) VALUES (411,29,1,990);
UPDATE [Order] SET TotalAmount=8262 WHERE OrderID=411;
INSERT INTO Payment(OrderID, PaymentDate, Amount, PaymentMethod, TransactionRef) VALUES (411,'2025-08-04',8262,'PayPal','TXN441848');
INSERT INTO [Order](CustomerID, OrderDate, Status, TotalAmount) VALUES (42,'2025-12-01','Cancelled',0);
INSERT INTO OrderLines(OrderID, ProductID, Qty, UnitPrice) VALUES (412,19,1,1257);
INSERT INTO OrderLines(OrderID, ProductID, Qty, UnitPrice) VALUES (412,9,2,615);
INSERT INTO OrderLines(OrderID, ProductID, Qty, UnitPrice) VALUES (412,40,1,1313);
INSERT INTO OrderLines(OrderID, ProductID, Qty, UnitPrice) VALUES (412,33,3,334);
UPDATE [Order] SET TotalAmount=4802 WHERE OrderID=412;
INSERT INTO Payment(OrderID, PaymentDate, Amount, PaymentMethod, TransactionRef) VALUES (412,'2025-12-01',4802,'PayPal','TXN675306');
INSERT INTO [Order](CustomerID, OrderDate, Status, TotalAmount) VALUES (42,'2025-03-01','Shipped',0);
INSERT INTO OrderLines(OrderID, ProductID, Qty, UnitPrice) VALUES (413,13,3,1052);
INSERT INTO OrderLines(OrderID, ProductID, Qty, UnitPrice) VALUES (413,34,3,345);
INSERT INTO OrderLines(OrderID, ProductID, Qty, UnitPrice) VALUES (413,13,2,971);
INSERT INTO OrderLines(OrderID, ProductID, Qty, UnitPrice) VALUES (413,44,3,1338);
UPDATE [Order] SET TotalAmount=10147 WHERE OrderID=413;
INSERT INTO Payment(OrderID, PaymentDate, Amount, PaymentMethod, TransactionRef) VALUES (413,'2025-03-03',10147,'Cash','TXN301125');
INSERT INTO [Order](CustomerID, OrderDate, Status, TotalAmount) VALUES (42,'2025-04-04','Shipped',0);
INSERT INTO OrderLines(OrderID, ProductID, Qty, UnitPrice) VALUES (414,41,1,683);
INSERT INTO OrderLines(OrderID, ProductID, Qty, UnitPrice) VALUES (414,11,3,822);
INSERT INTO OrderLines(OrderID, ProductID, Qty, UnitPrice) VALUES (414,32,3,1228);
INSERT INTO OrderLines(OrderID, ProductID, Qty, UnitPrice) VALUES (414,4,2,1158);
UPDATE [Order] SET TotalAmount=9149 WHERE OrderID=414;
INSERT INTO Payment(OrderID, PaymentDate, Amount, PaymentMethod, TransactionRef) VALUES (414,'2025-04-07',9149,'Card','TXN302778');
INSERT INTO [Order](CustomerID, OrderDate, Status, TotalAmount) VALUES (42,'2025-02-09','Shipped',0);
INSERT INTO OrderLines(OrderID, ProductID, Qty, UnitPrice) VALUES (415,8,3,1109);
INSERT INTO OrderLines(OrderID, ProductID, Qty, UnitPrice) VALUES (415,28,1,114);
INSERT INTO OrderLines(OrderID, ProductID, Qty, UnitPrice) VALUES (415,26,1,730);
INSERT INTO OrderLines(OrderID, ProductID, Qty, UnitPrice) VALUES (415,26,2,1220);
UPDATE [Order] SET TotalAmount=6611 WHERE OrderID=415;
INSERT INTO Payment(OrderID, PaymentDate, Amount, PaymentMethod, TransactionRef) VALUES (415,'2025-02-10',6611,'PayPal','TXN218403');
INSERT INTO [Order](CustomerID, OrderDate, Status, TotalAmount) VALUES (42,'2025-06-01','Processing',0);
INSERT INTO OrderLines(OrderID, ProductID, Qty, UnitPrice) VALUES (416,40,2,1256);
INSERT INTO OrderLines(OrderID, ProductID, Qty, UnitPrice) VALUES (416,2,3,346);
INSERT INTO OrderLines(OrderID, ProductID, Qty, UnitPrice) VALUES (416,26,2,972);
INSERT INTO OrderLines(OrderID, ProductID, Qty, UnitPrice) VALUES (416,1,3,760);
UPDATE [Order] SET TotalAmount=7774 WHERE OrderID=416;
INSERT INTO Payment(OrderID, PaymentDate, Amount, PaymentMethod, TransactionRef) VALUES (416,'2025-06-04',7774,'Card','TXN309285');
INSERT INTO [Order](CustomerID, OrderDate, Status, TotalAmount) VALUES (42,'2025-02-01','Processing',0);
INSERT INTO OrderLines(OrderID, ProductID, Qty, UnitPrice) VALUES (417,23,2,155);
INSERT INTO OrderLines(OrderID, ProductID, Qty, UnitPrice) VALUES (417,43,3,1284);
INSERT INTO OrderLines(OrderID, ProductID, Qty, UnitPrice) VALUES (417,11,2,899);
INSERT INTO OrderLines(OrderID, ProductID, Qty, UnitPrice) VALUES (417,48,2,927);
UPDATE [Order] SET TotalAmount=7814 WHERE OrderID=417;
INSERT INTO Payment(OrderID, PaymentDate, Amount, PaymentMethod, TransactionRef) VALUES (417,'2025-02-01',7814,'Cash','TXN416333');
INSERT INTO [Order](CustomerID, OrderDate, Status, TotalAmount) VALUES (42,'2025-01-15','Shipped',0);
INSERT INTO OrderLines(OrderID, ProductID, Qty, UnitPrice) VALUES (418,29,3,107);
INSERT INTO OrderLines(OrderID, ProductID, Qty, UnitPrice) VALUES (418,36,2,498);
INSERT INTO OrderLines(OrderID, ProductID, Qty, UnitPrice) VALUES (418,42,1,1182);
INSERT INTO OrderLines(OrderID, ProductID, Qty, UnitPrice) VALUES (418,30,1,974);
UPDATE [Order] SET TotalAmount=3473 WHERE OrderID=418;
INSERT INTO Payment(OrderID, PaymentDate, Amount, PaymentMethod, TransactionRef) VALUES (418,'2025-01-17',3473,'Card','TXN582076');
INSERT INTO [Order](CustomerID, OrderDate, Status, TotalAmount) VALUES (42,'2025-02-03','Shipped',0);
INSERT INTO OrderLines(OrderID, ProductID, Qty, UnitPrice) VALUES (419,24,2,762);
INSERT INTO OrderLines(OrderID, ProductID, Qty, UnitPrice) VALUES (419,34,1,450);
INSERT INTO OrderLines(OrderID, ProductID, Qty, UnitPrice) VALUES (419,37,2,1197);
INSERT INTO OrderLines(OrderID, ProductID, Qty, UnitPrice) VALUES (419,9,3,533);
UPDATE [Order] SET TotalAmount=5967 WHERE OrderID=419;
INSERT INTO Payment(OrderID, PaymentDate, Amount, PaymentMethod, TransactionRef) VALUES (419,'2025-02-04',5967,'Card','TXN263545');
INSERT INTO [Order](CustomerID, OrderDate, Status, TotalAmount) VALUES (42,'2025-01-31','Processing',0);
INSERT INTO OrderLines(OrderID, ProductID, Qty, UnitPrice) VALUES (420,15,3,127);
INSERT INTO OrderLines(OrderID, ProductID, Qty, UnitPrice) VALUES (420,46,2,1313);
INSERT INTO OrderLines(OrderID, ProductID, Qty, UnitPrice) VALUES (420,19,2,1039);
INSERT INTO OrderLines(OrderID, ProductID, Qty, UnitPrice) VALUES (420,17,3,97);
UPDATE [Order] SET TotalAmount=5376 WHERE OrderID=420;
INSERT INTO Payment(OrderID, PaymentDate, Amount, PaymentMethod, TransactionRef) VALUES (420,'2025-02-02',5376,'Cash','TXN722039');
INSERT INTO [Order](CustomerID, OrderDate, Status, TotalAmount) VALUES (43,'2025-11-16','Shipped',0);
INSERT INTO OrderLines(OrderID, ProductID, Qty, UnitPrice) VALUES (421,38,2,253);
INSERT INTO OrderLines(OrderID, ProductID, Qty, UnitPrice) VALUES (421,34,2,314);
INSERT INTO OrderLines(OrderID, ProductID, Qty, UnitPrice) VALUES (421,26,2,1382);
INSERT INTO OrderLines(OrderID, ProductID, Qty, UnitPrice) VALUES (421,35,1,1397);
UPDATE [Order] SET TotalAmount=5295 WHERE OrderID=421;
INSERT INTO Payment(OrderID, PaymentDate, Amount, PaymentMethod, TransactionRef) VALUES (421,'2025-11-16',5295,'Card','TXN185684');
INSERT INTO [Order](CustomerID, OrderDate, Status, TotalAmount) VALUES (43,'2025-04-09','Processing',0);
INSERT INTO OrderLines(OrderID, ProductID, Qty, UnitPrice) VALUES (422,27,2,1252);
INSERT INTO OrderLines(OrderID, ProductID, Qty, UnitPrice) VALUES (422,21,3,141);
INSERT INTO OrderLines(OrderID, ProductID, Qty, UnitPrice) VALUES (422,45,3,582);
INSERT INTO OrderLines(OrderID, ProductID, Qty, UnitPrice) VALUES (422,39,1,545);
UPDATE [Order] SET TotalAmount=5218 WHERE OrderID=422;
INSERT INTO Payment(OrderID, PaymentDate, Amount, PaymentMethod, TransactionRef) VALUES (422,'2025-04-10',5218,'Cash','TXN182554');
INSERT INTO [Order](CustomerID, OrderDate, Status, TotalAmount) VALUES (43,'2025-07-06','Cancelled',0);
INSERT INTO OrderLines(OrderID, ProductID, Qty, UnitPrice) VALUES (423,29,3,1484);
INSERT INTO OrderLines(OrderID, ProductID, Qty, UnitPrice) VALUES (423,32,2,625);
INSERT INTO OrderLines(OrderID, ProductID, Qty, UnitPrice) VALUES (423,19,3,1202);
INSERT INTO OrderLines(OrderID, ProductID, Qty, UnitPrice) VALUES (423,24,3,41);
UPDATE [Order] SET TotalAmount=9431 WHERE OrderID=423;
INSERT INTO Payment(OrderID, PaymentDate, Amount, PaymentMethod, TransactionRef) VALUES (423,'2025-07-07',9431,'Card','TXN947682');
INSERT INTO [Order](CustomerID, OrderDate, Status, TotalAmount) VALUES (43,'2025-10-01','Delivered',0);
INSERT INTO OrderLines(OrderID, ProductID, Qty, UnitPrice) VALUES (424,2,2,669);
INSERT INTO OrderLines(OrderID, ProductID, Qty, UnitPrice) VALUES (424,3,2,300);
INSERT INTO OrderLines(OrderID, ProductID, Qty, UnitPrice) VALUES (424,11,3,182);
INSERT INTO OrderLines(OrderID, ProductID, Qty, UnitPrice) VALUES (424,20,3,89);
UPDATE [Order] SET TotalAmount=2751 WHERE OrderID=424;
INSERT INTO Payment(OrderID, PaymentDate, Amount, PaymentMethod, TransactionRef) VALUES (424,'2025-10-04',2751,'PayPal','TXN385682');
INSERT INTO [Order](CustomerID, OrderDate, Status, TotalAmount) VALUES (43,'2025-12-08','Shipped',0);
INSERT INTO OrderLines(OrderID, ProductID, Qty, UnitPrice) VALUES (425,14,1,1349);
INSERT INTO OrderLines(OrderID, ProductID, Qty, UnitPrice) VALUES (425,8,2,670);
INSERT INTO OrderLines(OrderID, ProductID, Qty, UnitPrice) VALUES (425,21,2,1098);
INSERT INTO OrderLines(OrderID, ProductID, Qty, UnitPrice) VALUES (425,37,2,346);
UPDATE [Order] SET TotalAmount=5577 WHERE OrderID=425;
INSERT INTO Payment(OrderID, PaymentDate, Amount, PaymentMethod, TransactionRef) VALUES (425,'2025-12-13',5577,'Cash','TXN457039');
INSERT INTO [Order](CustomerID, OrderDate, Status, TotalAmount) VALUES (43,'2025-01-25','Processing',0);
INSERT INTO OrderLines(OrderID, ProductID, Qty, UnitPrice) VALUES (426,20,2,346);
INSERT INTO OrderLines(OrderID, ProductID, Qty, UnitPrice) VALUES (426,2,1,1412);
INSERT INTO OrderLines(OrderID, ProductID, Qty, UnitPrice) VALUES (426,31,2,212);
INSERT INTO OrderLines(OrderID, ProductID, Qty, UnitPrice) VALUES (426,33,2,1067);
UPDATE [Order] SET TotalAmount=4662 WHERE OrderID=426;
INSERT INTO Payment(OrderID, PaymentDate, Amount, PaymentMethod, TransactionRef) VALUES (426,'2025-01-26',4662,'PayPal','TXN923460');
INSERT INTO [Order](CustomerID, OrderDate, Status, TotalAmount) VALUES (43,'2025-07-22','Processing',0);
INSERT INTO OrderLines(OrderID, ProductID, Qty, UnitPrice) VALUES (427,22,3,117);
INSERT INTO OrderLines(OrderID, ProductID, Qty, UnitPrice) VALUES (427,38,2,699);
INSERT INTO OrderLines(OrderID, ProductID, Qty, UnitPrice) VALUES (427,12,1,73);
INSERT INTO OrderLines(OrderID, ProductID, Qty, UnitPrice) VALUES (427,44,1,1010);
UPDATE [Order] SET TotalAmount=2832 WHERE OrderID=427;
INSERT INTO Payment(OrderID, PaymentDate, Amount, PaymentMethod, TransactionRef) VALUES (427,'2025-07-22',2832,'Cash','TXN839640');
INSERT INTO [Order](CustomerID, OrderDate, Status, TotalAmount) VALUES (43,'2025-10-21','Processing',0);
INSERT INTO OrderLines(OrderID, ProductID, Qty, UnitPrice) VALUES (428,21,3,1001);
INSERT INTO OrderLines(OrderID, ProductID, Qty, UnitPrice) VALUES (428,11,3,90);
INSERT INTO OrderLines(OrderID, ProductID, Qty, UnitPrice) VALUES (428,36,3,1107);
INSERT INTO OrderLines(OrderID, ProductID, Qty, UnitPrice) VALUES (428,49,1,1406);
UPDATE [Order] SET TotalAmount=8000 WHERE OrderID=428;
INSERT INTO Payment(OrderID, PaymentDate, Amount, PaymentMethod, TransactionRef) VALUES (428,'2025-10-26',8000,'Card','TXN140226');
INSERT INTO [Order](CustomerID, OrderDate, Status, TotalAmount) VALUES (43,'2025-01-08','Delivered',0);
INSERT INTO OrderLines(OrderID, ProductID, Qty, UnitPrice) VALUES (429,49,1,29);
INSERT INTO OrderLines(OrderID, ProductID, Qty, UnitPrice) VALUES (429,25,2,1217);
INSERT INTO OrderLines(OrderID, ProductID, Qty, UnitPrice) VALUES (429,23,3,338);
INSERT INTO OrderLines(OrderID, ProductID, Qty, UnitPrice) VALUES (429,32,3,225);
UPDATE [Order] SET TotalAmount=4152 WHERE OrderID=429;
INSERT INTO Payment(OrderID, PaymentDate, Amount, PaymentMethod, TransactionRef) VALUES (429,'2025-01-09',4152,'Card','TXN422599');
INSERT INTO [Order](CustomerID, OrderDate, Status, TotalAmount) VALUES (43,'2025-07-04','Delivered',0);
INSERT INTO OrderLines(OrderID, ProductID, Qty, UnitPrice) VALUES (430,39,2,115);
INSERT INTO OrderLines(OrderID, ProductID, Qty, UnitPrice) VALUES (430,44,1,651);
INSERT INTO OrderLines(OrderID, ProductID, Qty, UnitPrice) VALUES (430,2,3,1456);
INSERT INTO OrderLines(OrderID, ProductID, Qty, UnitPrice) VALUES (430,24,1,1219);
UPDATE [Order] SET TotalAmount=6468 WHERE OrderID=430;
INSERT INTO Payment(OrderID, PaymentDate, Amount, PaymentMethod, TransactionRef) VALUES (430,'2025-07-06',6468,'Cash','TXN377261');
INSERT INTO [Order](CustomerID, OrderDate, Status, TotalAmount) VALUES (44,'2025-07-15','Shipped',0);
INSERT INTO OrderLines(OrderID, ProductID, Qty, UnitPrice) VALUES (431,43,3,1170);
INSERT INTO OrderLines(OrderID, ProductID, Qty, UnitPrice) VALUES (431,5,3,201);
INSERT INTO OrderLines(OrderID, ProductID, Qty, UnitPrice) VALUES (431,19,2,223);
INSERT INTO OrderLines(OrderID, ProductID, Qty, UnitPrice) VALUES (431,16,3,769);
UPDATE [Order] SET TotalAmount=6866 WHERE OrderID=431;
INSERT INTO Payment(OrderID, PaymentDate, Amount, PaymentMethod, TransactionRef) VALUES (431,'2025-07-18',6866,'PayPal','TXN706787');
INSERT INTO [Order](CustomerID, OrderDate, Status, TotalAmount) VALUES (44,'2025-11-11','Cancelled',0);
INSERT INTO OrderLines(OrderID, ProductID, Qty, UnitPrice) VALUES (432,14,3,1365);
INSERT INTO OrderLines(OrderID, ProductID, Qty, UnitPrice) VALUES (432,10,1,120);
INSERT INTO OrderLines(OrderID, ProductID, Qty, UnitPrice) VALUES (432,8,1,1327);
INSERT INTO OrderLines(OrderID, ProductID, Qty, UnitPrice) VALUES (432,39,3,1242);
UPDATE [Order] SET TotalAmount=9268 WHERE OrderID=432;
INSERT INTO Payment(OrderID, PaymentDate, Amount, PaymentMethod, TransactionRef) VALUES (432,'2025-11-13',9268,'Card','TXN772779');
INSERT INTO [Order](CustomerID, OrderDate, Status, TotalAmount) VALUES (44,'2025-08-27','Processing',0);
INSERT INTO OrderLines(OrderID, ProductID, Qty, UnitPrice) VALUES (433,44,2,332);
INSERT INTO OrderLines(OrderID, ProductID, Qty, UnitPrice) VALUES (433,15,2,985);
INSERT INTO OrderLines(OrderID, ProductID, Qty, UnitPrice) VALUES (433,29,2,220);
INSERT INTO OrderLines(OrderID, ProductID, Qty, UnitPrice) VALUES (433,44,3,1227);
UPDATE [Order] SET TotalAmount=6755 WHERE OrderID=433;
INSERT INTO Payment(OrderID, PaymentDate, Amount, PaymentMethod, TransactionRef) VALUES (433,'2025-08-28',6755,'Cash','TXN682342');
INSERT INTO [Order](CustomerID, OrderDate, Status, TotalAmount) VALUES (44,'2025-11-24','Shipped',0);
INSERT INTO OrderLines(OrderID, ProductID, Qty, UnitPrice) VALUES (434,16,2,1259);
INSERT INTO OrderLines(OrderID, ProductID, Qty, UnitPrice) VALUES (434,49,1,110);
INSERT INTO OrderLines(OrderID, ProductID, Qty, UnitPrice) VALUES (434,10,3,642);
INSERT INTO OrderLines(OrderID, ProductID, Qty, UnitPrice) VALUES (434,5,3,506);
UPDATE [Order] SET TotalAmount=6072 WHERE OrderID=434;
INSERT INTO Payment(OrderID, PaymentDate, Amount, PaymentMethod, TransactionRef) VALUES (434,'2025-11-25',6072,'PayPal','TXN381010');
INSERT INTO [Order](CustomerID, OrderDate, Status, TotalAmount) VALUES (44,'2025-08-28','Processing',0);
INSERT INTO OrderLines(OrderID, ProductID, Qty, UnitPrice) VALUES (435,10,3,1022);
INSERT INTO OrderLines(OrderID, ProductID, Qty, UnitPrice) VALUES (435,6,1,1423);
INSERT INTO OrderLines(OrderID, ProductID, Qty, UnitPrice) VALUES (435,1,3,1462);
INSERT INTO OrderLines(OrderID, ProductID, Qty, UnitPrice) VALUES (435,17,3,1136);
UPDATE [Order] SET TotalAmount=12283 WHERE OrderID=435;
INSERT INTO Payment(OrderID, PaymentDate, Amount, PaymentMethod, TransactionRef) VALUES (435,'2025-08-31',12283,'PayPal','TXN451033');
INSERT INTO [Order](CustomerID, OrderDate, Status, TotalAmount) VALUES (44,'2025-08-15','Cancelled',0);
INSERT INTO OrderLines(OrderID, ProductID, Qty, UnitPrice) VALUES (436,13,2,532);
INSERT INTO OrderLines(OrderID, ProductID, Qty, UnitPrice) VALUES (436,3,3,385);
INSERT INTO OrderLines(OrderID, ProductID, Qty, UnitPrice) VALUES (436,21,1,1021);
INSERT INTO OrderLines(OrderID, ProductID, Qty, UnitPrice) VALUES (436,18,3,1387);
UPDATE [Order] SET TotalAmount=7401 WHERE OrderID=436;
INSERT INTO Payment(OrderID, PaymentDate, Amount, PaymentMethod, TransactionRef) VALUES (436,'2025-08-15',7401,'PayPal','TXN161520');
INSERT INTO [Order](CustomerID, OrderDate, Status, TotalAmount) VALUES (44,'2025-10-06','Cancelled',0);
INSERT INTO OrderLines(OrderID, ProductID, Qty, UnitPrice) VALUES (437,43,2,501);
INSERT INTO OrderLines(OrderID, ProductID, Qty, UnitPrice) VALUES (437,19,2,896);
INSERT INTO OrderLines(OrderID, ProductID, Qty, UnitPrice) VALUES (437,6,1,1374);
INSERT INTO OrderLines(OrderID, ProductID, Qty, UnitPrice) VALUES (437,44,3,1069);
UPDATE [Order] SET TotalAmount=7375 WHERE OrderID=437;
INSERT INTO Payment(OrderID, PaymentDate, Amount, PaymentMethod, TransactionRef) VALUES (437,'2025-10-09',7375,'Card','TXN311708');
INSERT INTO [Order](CustomerID, OrderDate, Status, TotalAmount) VALUES (44,'2025-06-04','Cancelled',0);
INSERT INTO OrderLines(OrderID, ProductID, Qty, UnitPrice) VALUES (438,40,2,1472);
INSERT INTO OrderLines(OrderID, ProductID, Qty, UnitPrice) VALUES (438,32,3,610);
INSERT INTO OrderLines(OrderID, ProductID, Qty, UnitPrice) VALUES (438,19,2,332);
INSERT INTO OrderLines(OrderID, ProductID, Qty, UnitPrice) VALUES (438,5,2,947);
UPDATE [Order] SET TotalAmount=7332 WHERE OrderID=438;
INSERT INTO Payment(OrderID, PaymentDate, Amount, PaymentMethod, TransactionRef) VALUES (438,'2025-06-08',7332,'Card','TXN380925');
INSERT INTO [Order](CustomerID, OrderDate, Status, TotalAmount) VALUES (44,'2025-08-22','Delivered',0);
INSERT INTO OrderLines(OrderID, ProductID, Qty, UnitPrice) VALUES (439,27,2,469);
INSERT INTO OrderLines(OrderID, ProductID, Qty, UnitPrice) VALUES (439,35,2,118);
INSERT INTO OrderLines(OrderID, ProductID, Qty, UnitPrice) VALUES (439,25,3,1002);
INSERT INTO OrderLines(OrderID, ProductID, Qty, UnitPrice) VALUES (439,37,3,1243);
UPDATE [Order] SET TotalAmount=7909 WHERE OrderID=439;
INSERT INTO Payment(OrderID, PaymentDate, Amount, PaymentMethod, TransactionRef) VALUES (439,'2025-08-27',7909,'PayPal','TXN238118');
INSERT INTO [Order](CustomerID, OrderDate, Status, TotalAmount) VALUES (44,'2025-04-10','Shipped',0);
INSERT INTO OrderLines(OrderID, ProductID, Qty, UnitPrice) VALUES (440,29,2,335);
INSERT INTO OrderLines(OrderID, ProductID, Qty, UnitPrice) VALUES (440,3,2,988);
INSERT INTO OrderLines(OrderID, ProductID, Qty, UnitPrice) VALUES (440,4,3,1222);
INSERT INTO OrderLines(OrderID, ProductID, Qty, UnitPrice) VALUES (440,15,3,1373);
UPDATE [Order] SET TotalAmount=10431 WHERE OrderID=440;
INSERT INTO Payment(OrderID, PaymentDate, Amount, PaymentMethod, TransactionRef) VALUES (440,'2025-04-11',10431,'Card','TXN523421');
INSERT INTO [Order](CustomerID, OrderDate, Status, TotalAmount) VALUES (45,'2025-02-18','Cancelled',0);
INSERT INTO OrderLines(OrderID, ProductID, Qty, UnitPrice) VALUES (441,48,3,62);
INSERT INTO OrderLines(OrderID, ProductID, Qty, UnitPrice) VALUES (441,14,1,1299);
INSERT INTO OrderLines(OrderID, ProductID, Qty, UnitPrice) VALUES (441,17,2,1409);
INSERT INTO OrderLines(OrderID, ProductID, Qty, UnitPrice) VALUES (441,42,2,1136);
UPDATE [Order] SET TotalAmount=6575 WHERE OrderID=441;
INSERT INTO Payment(OrderID, PaymentDate, Amount, PaymentMethod, TransactionRef) VALUES (441,'2025-02-22',6575,'PayPal','TXN897191');
INSERT INTO [Order](CustomerID, OrderDate, Status, TotalAmount) VALUES (45,'2025-05-06','Delivered',0);
INSERT INTO OrderLines(OrderID, ProductID, Qty, UnitPrice) VALUES (442,38,2,884);
INSERT INTO OrderLines(OrderID, ProductID, Qty, UnitPrice) VALUES (442,37,2,1314);
INSERT INTO OrderLines(OrderID, ProductID, Qty, UnitPrice) VALUES (442,12,1,384);
INSERT INTO OrderLines(OrderID, ProductID, Qty, UnitPrice) VALUES (442,42,1,576);
UPDATE [Order] SET TotalAmount=5356 WHERE OrderID=442;
INSERT INTO Payment(OrderID, PaymentDate, Amount, PaymentMethod, TransactionRef) VALUES (442,'2025-05-08',5356,'Card','TXN299244');
INSERT INTO [Order](CustomerID, OrderDate, Status, TotalAmount) VALUES (45,'2025-01-30','Delivered',0);
INSERT INTO OrderLines(OrderID, ProductID, Qty, UnitPrice) VALUES (443,42,2,1159);
INSERT INTO OrderLines(OrderID, ProductID, Qty, UnitPrice) VALUES (443,35,2,1163);
INSERT INTO OrderLines(OrderID, ProductID, Qty, UnitPrice) VALUES (443,42,3,181);
INSERT INTO OrderLines(OrderID, ProductID, Qty, UnitPrice) VALUES (443,49,2,1429);
UPDATE [Order] SET TotalAmount=8045 WHERE OrderID=443;
INSERT INTO Payment(OrderID, PaymentDate, Amount, PaymentMethod, TransactionRef) VALUES (443,'2025-01-31',8045,'Card','TXN313836');
INSERT INTO [Order](CustomerID, OrderDate, Status, TotalAmount) VALUES (45,'2025-09-01','Delivered',0);
INSERT INTO OrderLines(OrderID, ProductID, Qty, UnitPrice) VALUES (444,28,2,572);
INSERT INTO OrderLines(OrderID, ProductID, Qty, UnitPrice) VALUES (444,26,1,376);
INSERT INTO OrderLines(OrderID, ProductID, Qty, UnitPrice) VALUES (444,38,1,702);
INSERT INTO OrderLines(OrderID, ProductID, Qty, UnitPrice) VALUES (444,21,2,130);
UPDATE [Order] SET TotalAmount=2482 WHERE OrderID=444;
INSERT INTO Payment(OrderID, PaymentDate, Amount, PaymentMethod, TransactionRef) VALUES (444,'2025-09-06',2482,'Cash','TXN610342');
INSERT INTO [Order](CustomerID, OrderDate, Status, TotalAmount) VALUES (45,'2025-07-21','Cancelled',0);
INSERT INTO OrderLines(OrderID, ProductID, Qty, UnitPrice) VALUES (445,50,1,1461);
INSERT INTO OrderLines(OrderID, ProductID, Qty, UnitPrice) VALUES (445,13,1,179);
INSERT INTO OrderLines(OrderID, ProductID, Qty, UnitPrice) VALUES (445,17,3,1251);
INSERT INTO OrderLines(OrderID, ProductID, Qty, UnitPrice) VALUES (445,17,1,1182);
UPDATE [Order] SET TotalAmount=6575 WHERE OrderID=445;
INSERT INTO Payment(OrderID, PaymentDate, Amount, PaymentMethod, TransactionRef) VALUES (445,'2025-07-22',6575,'Card','TXN104540');
INSERT INTO [Order](CustomerID, OrderDate, Status, TotalAmount) VALUES (45,'2025-10-25','Delivered',0);
INSERT INTO OrderLines(OrderID, ProductID, Qty, UnitPrice) VALUES (446,42,2,1243);
INSERT INTO OrderLines(OrderID, ProductID, Qty, UnitPrice) VALUES (446,50,2,521);
INSERT INTO OrderLines(OrderID, ProductID, Qty, UnitPrice) VALUES (446,10,3,171);
INSERT INTO OrderLines(OrderID, ProductID, Qty, UnitPrice) VALUES (446,3,2,936);
UPDATE [Order] SET TotalAmount=5913 WHERE OrderID=446;
INSERT INTO Payment(OrderID, PaymentDate, Amount, PaymentMethod, TransactionRef) VALUES (446,'2025-10-30',5913,'PayPal','TXN992813');
INSERT INTO [Order](CustomerID, OrderDate, Status, TotalAmount) VALUES (45,'2025-02-04','Processing',0);
INSERT INTO OrderLines(OrderID, ProductID, Qty, UnitPrice) VALUES (447,6,2,797);
INSERT INTO OrderLines(OrderID, ProductID, Qty, UnitPrice) VALUES (447,26,3,101);
INSERT INTO OrderLines(OrderID, ProductID, Qty, UnitPrice) VALUES (447,37,1,789);
INSERT INTO OrderLines(OrderID, ProductID, Qty, UnitPrice) VALUES (447,33,2,1173);
UPDATE [Order] SET TotalAmount=5032 WHERE OrderID=447;
INSERT INTO Payment(OrderID, PaymentDate, Amount, PaymentMethod, TransactionRef) VALUES (447,'2025-02-09',5032,'Cash','TXN869633');
INSERT INTO [Order](CustomerID, OrderDate, Status, TotalAmount) VALUES (45,'2025-08-17','Cancelled',0);
INSERT INTO OrderLines(OrderID, ProductID, Qty, UnitPrice) VALUES (448,20,1,997);
INSERT INTO OrderLines(OrderID, ProductID, Qty, UnitPrice) VALUES (448,46,3,939);
INSERT INTO OrderLines(OrderID, ProductID, Qty, UnitPrice) VALUES (448,27,3,646);
INSERT INTO OrderLines(OrderID, ProductID, Qty, UnitPrice) VALUES (448,36,3,1010);
UPDATE [Order] SET TotalAmount=8782 WHERE OrderID=448;
INSERT INTO Payment(OrderID, PaymentDate, Amount, PaymentMethod, TransactionRef) VALUES (448,'2025-08-20',8782,'Cash','TXN443968');
INSERT INTO [Order](CustomerID, OrderDate, Status, TotalAmount) VALUES (45,'2025-02-24','Delivered',0);
INSERT INTO OrderLines(OrderID, ProductID, Qty, UnitPrice) VALUES (449,12,3,872);
INSERT INTO OrderLines(OrderID, ProductID, Qty, UnitPrice) VALUES (449,18,2,1426);
INSERT INTO OrderLines(OrderID, ProductID, Qty, UnitPrice) VALUES (449,3,3,1306);
INSERT INTO OrderLines(OrderID, ProductID, Qty, UnitPrice) VALUES (449,29,3,1030);
UPDATE [Order] SET TotalAmount=12476 WHERE OrderID=449;
INSERT INTO Payment(OrderID, PaymentDate, Amount, PaymentMethod, TransactionRef) VALUES (449,'2025-02-28',12476,'Cash','TXN328485');
INSERT INTO [Order](CustomerID, OrderDate, Status, TotalAmount) VALUES (45,'2025-02-06','Delivered',0);
INSERT INTO OrderLines(OrderID, ProductID, Qty, UnitPrice) VALUES (450,47,1,305);
INSERT INTO OrderLines(OrderID, ProductID, Qty, UnitPrice) VALUES (450,46,1,446);
INSERT INTO OrderLines(OrderID, ProductID, Qty, UnitPrice) VALUES (450,15,1,403);
INSERT INTO OrderLines(OrderID, ProductID, Qty, UnitPrice) VALUES (450,47,1,648);
UPDATE [Order] SET TotalAmount=1802 WHERE OrderID=450;
INSERT INTO Payment(OrderID, PaymentDate, Amount, PaymentMethod, TransactionRef) VALUES (450,'2025-02-10',1802,'Card','TXN755808');
INSERT INTO [Order](CustomerID, OrderDate, Status, TotalAmount) VALUES (46,'2025-09-25','Shipped',0);
INSERT INTO OrderLines(OrderID, ProductID, Qty, UnitPrice) VALUES (451,42,3,250);
INSERT INTO OrderLines(OrderID, ProductID, Qty, UnitPrice) VALUES (451,31,2,148);
INSERT INTO OrderLines(OrderID, ProductID, Qty, UnitPrice) VALUES (451,23,2,978);
INSERT INTO OrderLines(OrderID, ProductID, Qty, UnitPrice) VALUES (451,36,3,896);
UPDATE [Order] SET TotalAmount=5690 WHERE OrderID=451;
INSERT INTO Payment(OrderID, PaymentDate, Amount, PaymentMethod, TransactionRef) VALUES (451,'2025-09-30',5690,'Cash','TXN718589');
INSERT INTO [Order](CustomerID, OrderDate, Status, TotalAmount) VALUES (46,'2025-01-20','Processing',0);
INSERT INTO OrderLines(OrderID, ProductID, Qty, UnitPrice) VALUES (452,13,2,416);
INSERT INTO OrderLines(OrderID, ProductID, Qty, UnitPrice) VALUES (452,10,3,417);
INSERT INTO OrderLines(OrderID, ProductID, Qty, UnitPrice) VALUES (452,3,3,570);
INSERT INTO OrderLines(OrderID, ProductID, Qty, UnitPrice) VALUES (452,29,3,1426);
UPDATE [Order] SET TotalAmount=8071 WHERE OrderID=452;
INSERT INTO Payment(OrderID, PaymentDate, Amount, PaymentMethod, TransactionRef) VALUES (452,'2025-01-21',8071,'Card','TXN877353');
INSERT INTO [Order](CustomerID, OrderDate, Status, TotalAmount) VALUES (46,'2025-05-10','Processing',0);
INSERT INTO OrderLines(OrderID, ProductID, Qty, UnitPrice) VALUES (453,4,2,263);
INSERT INTO OrderLines(OrderID, ProductID, Qty, UnitPrice) VALUES (453,48,2,735);
INSERT INTO OrderLines(OrderID, ProductID, Qty, UnitPrice) VALUES (453,45,1,613);
INSERT INTO OrderLines(OrderID, ProductID, Qty, UnitPrice) VALUES (453,35,3,433);
UPDATE [Order] SET TotalAmount=3908 WHERE OrderID=453;
INSERT INTO Payment(OrderID, PaymentDate, Amount, PaymentMethod, TransactionRef) VALUES (453,'2025-05-12',3908,'Cash','TXN580177');
INSERT INTO [Order](CustomerID, OrderDate, Status, TotalAmount) VALUES (46,'2025-09-04','Shipped',0);
INSERT INTO OrderLines(OrderID, ProductID, Qty, UnitPrice) VALUES (454,32,2,475);
INSERT INTO OrderLines(OrderID, ProductID, Qty, UnitPrice) VALUES (454,18,2,256);
INSERT INTO OrderLines(OrderID, ProductID, Qty, UnitPrice) VALUES (454,29,1,1419);
INSERT INTO OrderLines(OrderID, ProductID, Qty, UnitPrice) VALUES (454,39,3,97);
UPDATE [Order] SET TotalAmount=3172 WHERE OrderID=454;
INSERT INTO Payment(OrderID, PaymentDate, Amount, PaymentMethod, TransactionRef) VALUES (454,'2025-09-07',3172,'Cash','TXN742662');
INSERT INTO [Order](CustomerID, OrderDate, Status, TotalAmount) VALUES (46,'2025-02-23','Delivered',0);
INSERT INTO OrderLines(OrderID, ProductID, Qty, UnitPrice) VALUES (455,39,3,1482);
INSERT INTO OrderLines(OrderID, ProductID, Qty, UnitPrice) VALUES (455,22,1,183);
INSERT INTO OrderLines(OrderID, ProductID, Qty, UnitPrice) VALUES (455,6,1,1040);
INSERT INTO OrderLines(OrderID, ProductID, Qty, UnitPrice) VALUES (455,47,2,298);
UPDATE [Order] SET TotalAmount=6265 WHERE OrderID=455;
INSERT INTO Payment(OrderID, PaymentDate, Amount, PaymentMethod, TransactionRef) VALUES (455,'2025-02-23',6265,'Card','TXN671496');
INSERT INTO [Order](CustomerID, OrderDate, Status, TotalAmount) VALUES (46,'2025-11-17','Delivered',0);
INSERT INTO OrderLines(OrderID, ProductID, Qty, UnitPrice) VALUES (456,18,1,107);
INSERT INTO OrderLines(OrderID, ProductID, Qty, UnitPrice) VALUES (456,13,1,332);
INSERT INTO OrderLines(OrderID, ProductID, Qty, UnitPrice) VALUES (456,43,2,1418);
INSERT INTO OrderLines(OrderID, ProductID, Qty, UnitPrice) VALUES (456,46,2,426);
UPDATE [Order] SET TotalAmount=4127 WHERE OrderID=456;
INSERT INTO Payment(OrderID, PaymentDate, Amount, PaymentMethod, TransactionRef) VALUES (456,'2025-11-18',4127,'PayPal','TXN210743');
INSERT INTO [Order](CustomerID, OrderDate, Status, TotalAmount) VALUES (46,'2025-11-24','Cancelled',0);
INSERT INTO OrderLines(OrderID, ProductID, Qty, UnitPrice) VALUES (457,47,2,944);
INSERT INTO OrderLines(OrderID, ProductID, Qty, UnitPrice) VALUES (457,2,2,593);
INSERT INTO OrderLines(OrderID, ProductID, Qty, UnitPrice) VALUES (457,31,3,1108);
INSERT INTO OrderLines(OrderID, ProductID, Qty, UnitPrice) VALUES (457,19,3,1251);
UPDATE [Order] SET TotalAmount=10151 WHERE OrderID=457;
INSERT INTO Payment(OrderID, PaymentDate, Amount, PaymentMethod, TransactionRef) VALUES (457,'2025-11-29',10151,'PayPal','TXN847367');
INSERT INTO [Order](CustomerID, OrderDate, Status, TotalAmount) VALUES (46,'2025-09-17','Cancelled',0);
INSERT INTO OrderLines(OrderID, ProductID, Qty, UnitPrice) VALUES (458,29,1,891);
INSERT INTO OrderLines(OrderID, ProductID, Qty, UnitPrice) VALUES (458,27,1,122);
INSERT INTO OrderLines(OrderID, ProductID, Qty, UnitPrice) VALUES (458,49,1,1173);
INSERT INTO OrderLines(OrderID, ProductID, Qty, UnitPrice) VALUES (458,50,1,133);
UPDATE [Order] SET TotalAmount=2319 WHERE OrderID=458;
INSERT INTO Payment(OrderID, PaymentDate, Amount, PaymentMethod, TransactionRef) VALUES (458,'2025-09-22',2319,'Cash','TXN682548');
INSERT INTO [Order](CustomerID, OrderDate, Status, TotalAmount) VALUES (46,'2025-02-27','Cancelled',0);
INSERT INTO OrderLines(OrderID, ProductID, Qty, UnitPrice) VALUES (459,14,3,1034);
INSERT INTO OrderLines(OrderID, ProductID, Qty, UnitPrice) VALUES (459,13,3,1072);
INSERT INTO OrderLines(OrderID, ProductID, Qty, UnitPrice) VALUES (459,33,3,1269);
INSERT INTO OrderLines(OrderID, ProductID, Qty, UnitPrice) VALUES (459,47,1,821);
UPDATE [Order] SET TotalAmount=10946 WHERE OrderID=459;
INSERT INTO Payment(OrderID, PaymentDate, Amount, PaymentMethod, TransactionRef) VALUES (459,'2025-02-27',10946,'Card','TXN256606');
INSERT INTO [Order](CustomerID, OrderDate, Status, TotalAmount) VALUES (46,'2025-04-07','Processing',0);
INSERT INTO OrderLines(OrderID, ProductID, Qty, UnitPrice) VALUES (460,12,1,1361);
INSERT INTO OrderLines(OrderID, ProductID, Qty, UnitPrice) VALUES (460,4,3,121);
INSERT INTO OrderLines(OrderID, ProductID, Qty, UnitPrice) VALUES (460,4,2,1099);
INSERT INTO OrderLines(OrderID, ProductID, Qty, UnitPrice) VALUES (460,27,3,264);
UPDATE [Order] SET TotalAmount=4714 WHERE OrderID=460;
INSERT INTO Payment(OrderID, PaymentDate, Amount, PaymentMethod, TransactionRef) VALUES (460,'2025-04-11',4714,'Cash','TXN671863');
INSERT INTO [Order](CustomerID, OrderDate, Status, TotalAmount) VALUES (47,'2025-05-19','Processing',0);
INSERT INTO OrderLines(OrderID, ProductID, Qty, UnitPrice) VALUES (461,23,2,975);
INSERT INTO OrderLines(OrderID, ProductID, Qty, UnitPrice) VALUES (461,18,2,955);
INSERT INTO OrderLines(OrderID, ProductID, Qty, UnitPrice) VALUES (461,34,1,1357);
INSERT INTO OrderLines(OrderID, ProductID, Qty, UnitPrice) VALUES (461,31,1,708);
UPDATE [Order] SET TotalAmount=5925 WHERE OrderID=461;
INSERT INTO Payment(OrderID, PaymentDate, Amount, PaymentMethod, TransactionRef) VALUES (461,'2025-05-24',5925,'Card','TXN866711');
INSERT INTO [Order](CustomerID, OrderDate, Status, TotalAmount) VALUES (47,'2025-02-17','Cancelled',0);
INSERT INTO OrderLines(OrderID, ProductID, Qty, UnitPrice) VALUES (462,26,2,988);
INSERT INTO OrderLines(OrderID, ProductID, Qty, UnitPrice) VALUES (462,15,3,1069);
INSERT INTO OrderLines(OrderID, ProductID, Qty, UnitPrice) VALUES (462,31,3,270);
INSERT INTO OrderLines(OrderID, ProductID, Qty, UnitPrice) VALUES (462,32,2,596);
UPDATE [Order] SET TotalAmount=7185 WHERE OrderID=462;
INSERT INTO Payment(OrderID, PaymentDate, Amount, PaymentMethod, TransactionRef) VALUES (462,'2025-02-19',7185,'PayPal','TXN339729');
INSERT INTO [Order](CustomerID, OrderDate, Status, TotalAmount) VALUES (47,'2025-08-22','Shipped',0);
INSERT INTO OrderLines(OrderID, ProductID, Qty, UnitPrice) VALUES (463,17,1,1359);
INSERT INTO OrderLines(OrderID, ProductID, Qty, UnitPrice) VALUES (463,27,3,1072);
INSERT INTO OrderLines(OrderID, ProductID, Qty, UnitPrice) VALUES (463,36,2,1370);
INSERT INTO OrderLines(OrderID, ProductID, Qty, UnitPrice) VALUES (463,46,1,463);
UPDATE [Order] SET TotalAmount=7778 WHERE OrderID=463;
INSERT INTO Payment(OrderID, PaymentDate, Amount, PaymentMethod, TransactionRef) VALUES (463,'2025-08-27',7778,'PayPal','TXN358151');
INSERT INTO [Order](CustomerID, OrderDate, Status, TotalAmount) VALUES (47,'2025-10-07','Delivered',0);
INSERT INTO OrderLines(OrderID, ProductID, Qty, UnitPrice) VALUES (464,28,3,908);
INSERT INTO OrderLines(OrderID, ProductID, Qty, UnitPrice) VALUES (464,30,3,1276);
INSERT INTO OrderLines(OrderID, ProductID, Qty, UnitPrice) VALUES (464,36,3,113);
INSERT INTO OrderLines(OrderID, ProductID, Qty, UnitPrice) VALUES (464,45,1,695);
UPDATE [Order] SET TotalAmount=7586 WHERE OrderID=464;
INSERT INTO Payment(OrderID, PaymentDate, Amount, PaymentMethod, TransactionRef) VALUES (464,'2025-10-10',7586,'Cash','TXN875112');
INSERT INTO [Order](CustomerID, OrderDate, Status, TotalAmount) VALUES (47,'2025-05-11','Processing',0);
INSERT INTO OrderLines(OrderID, ProductID, Qty, UnitPrice) VALUES (465,38,2,1110);
INSERT INTO OrderLines(OrderID, ProductID, Qty, UnitPrice) VALUES (465,41,2,737);
INSERT INTO OrderLines(OrderID, ProductID, Qty, UnitPrice) VALUES (465,19,1,1447);
INSERT INTO OrderLines(OrderID, ProductID, Qty, UnitPrice) VALUES (465,42,3,826);
UPDATE [Order] SET TotalAmount=7619 WHERE OrderID=465;
INSERT INTO Payment(OrderID, PaymentDate, Amount, PaymentMethod, TransactionRef) VALUES (465,'2025-05-15',7619,'Card','TXN763989');
INSERT INTO [Order](CustomerID, OrderDate, Status, TotalAmount) VALUES (47,'2025-04-19','Shipped',0);
INSERT INTO OrderLines(OrderID, ProductID, Qty, UnitPrice) VALUES (466,48,3,523);
INSERT INTO OrderLines(OrderID, ProductID, Qty, UnitPrice) VALUES (466,38,3,494);
INSERT INTO OrderLines(OrderID, ProductID, Qty, UnitPrice) VALUES (466,44,2,1096);
INSERT INTO OrderLines(OrderID, ProductID, Qty, UnitPrice) VALUES (466,42,3,1083);
UPDATE [Order] SET TotalAmount=8492 WHERE OrderID=466;
INSERT INTO Payment(OrderID, PaymentDate, Amount, PaymentMethod, TransactionRef) VALUES (466,'2025-04-23',8492,'Card','TXN382712');
INSERT INTO [Order](CustomerID, OrderDate, Status, TotalAmount) VALUES (47,'2025-11-11','Cancelled',0);
INSERT INTO OrderLines(OrderID, ProductID, Qty, UnitPrice) VALUES (467,47,3,590);
INSERT INTO OrderLines(OrderID, ProductID, Qty, UnitPrice) VALUES (467,45,3,215);
INSERT INTO OrderLines(OrderID, ProductID, Qty, UnitPrice) VALUES (467,49,3,1091);
INSERT INTO OrderLines(OrderID, ProductID, Qty, UnitPrice) VALUES (467,1,2,377);
UPDATE [Order] SET TotalAmount=6442 WHERE OrderID=467;
INSERT INTO Payment(OrderID, PaymentDate, Amount, PaymentMethod, TransactionRef) VALUES (467,'2025-11-11',6442,'PayPal','TXN354103');
INSERT INTO [Order](CustomerID, OrderDate, Status, TotalAmount) VALUES (47,'2025-09-16','Delivered',0);
INSERT INTO OrderLines(OrderID, ProductID, Qty, UnitPrice) VALUES (468,37,3,846);
INSERT INTO OrderLines(OrderID, ProductID, Qty, UnitPrice) VALUES (468,15,2,731);
INSERT INTO OrderLines(OrderID, ProductID, Qty, UnitPrice) VALUES (468,32,1,681);
INSERT INTO OrderLines(OrderID, ProductID, Qty, UnitPrice) VALUES (468,42,3,149);
UPDATE [Order] SET TotalAmount=5128 WHERE OrderID=468;
INSERT INTO Payment(OrderID, PaymentDate, Amount, PaymentMethod, TransactionRef) VALUES (468,'2025-09-19',5128,'PayPal','TXN754763');
INSERT INTO [Order](CustomerID, OrderDate, Status, TotalAmount) VALUES (47,'2025-02-28','Processing',0);
INSERT INTO OrderLines(OrderID, ProductID, Qty, UnitPrice) VALUES (469,27,1,536);
INSERT INTO OrderLines(OrderID, ProductID, Qty, UnitPrice) VALUES (469,21,1,391);
INSERT INTO OrderLines(OrderID, ProductID, Qty, UnitPrice) VALUES (469,5,2,959);
INSERT INTO OrderLines(OrderID, ProductID, Qty, UnitPrice) VALUES (469,37,2,800);
UPDATE [Order] SET TotalAmount=4445 WHERE OrderID=469;
INSERT INTO Payment(OrderID, PaymentDate, Amount, PaymentMethod, TransactionRef) VALUES (469,'2025-03-03',4445,'PayPal','TXN419960');
INSERT INTO [Order](CustomerID, OrderDate, Status, TotalAmount) VALUES (47,'2025-04-02','Processing',0);
INSERT INTO OrderLines(OrderID, ProductID, Qty, UnitPrice) VALUES (470,47,2,171);
INSERT INTO OrderLines(OrderID, ProductID, Qty, UnitPrice) VALUES (470,41,3,212);
INSERT INTO OrderLines(OrderID, ProductID, Qty, UnitPrice) VALUES (470,43,2,579);
INSERT INTO OrderLines(OrderID, ProductID, Qty, UnitPrice) VALUES (470,20,3,677);
UPDATE [Order] SET TotalAmount=4167 WHERE OrderID=470;
INSERT INTO Payment(OrderID, PaymentDate, Amount, PaymentMethod, TransactionRef) VALUES (470,'2025-04-02',4167,'Cash','TXN390639');
INSERT INTO [Order](CustomerID, OrderDate, Status, TotalAmount) VALUES (48,'2025-01-10','Delivered',0);
INSERT INTO OrderLines(OrderID, ProductID, Qty, UnitPrice) VALUES (471,48,1,400);
INSERT INTO OrderLines(OrderID, ProductID, Qty, UnitPrice) VALUES (471,34,3,1026);
INSERT INTO OrderLines(OrderID, ProductID, Qty, UnitPrice) VALUES (471,19,1,961);
INSERT INTO OrderLines(OrderID, ProductID, Qty, UnitPrice) VALUES (471,38,3,881);
UPDATE [Order] SET TotalAmount=7082 WHERE OrderID=471;
INSERT INTO Payment(OrderID, PaymentDate, Amount, PaymentMethod, TransactionRef) VALUES (471,'2025-01-12',7082,'Cash','TXN596758');
INSERT INTO [Order](CustomerID, OrderDate, Status, TotalAmount) VALUES (48,'2025-10-11','Delivered',0);
INSERT INTO OrderLines(OrderID, ProductID, Qty, UnitPrice) VALUES (472,26,2,1440);
INSERT INTO OrderLines(OrderID, ProductID, Qty, UnitPrice) VALUES (472,12,1,56);
INSERT INTO OrderLines(OrderID, ProductID, Qty, UnitPrice) VALUES (472,26,1,1484);
INSERT INTO OrderLines(OrderID, ProductID, Qty, UnitPrice) VALUES (472,50,2,788);
UPDATE [Order] SET TotalAmount=5996 WHERE OrderID=472;
INSERT INTO Payment(OrderID, PaymentDate, Amount, PaymentMethod, TransactionRef) VALUES (472,'2025-10-11',5996,'PayPal','TXN251430');
INSERT INTO [Order](CustomerID, OrderDate, Status, TotalAmount) VALUES (48,'2025-11-28','Processing',0);
INSERT INTO OrderLines(OrderID, ProductID, Qty, UnitPrice) VALUES (473,41,3,486);
INSERT INTO OrderLines(OrderID, ProductID, Qty, UnitPrice) VALUES (473,13,1,59);
INSERT INTO OrderLines(OrderID, ProductID, Qty, UnitPrice) VALUES (473,47,1,716);
INSERT INTO OrderLines(OrderID, ProductID, Qty, UnitPrice) VALUES (473,21,3,478);
UPDATE [Order] SET TotalAmount=3667 WHERE OrderID=473;
INSERT INTO Payment(OrderID, PaymentDate, Amount, PaymentMethod, TransactionRef) VALUES (473,'2025-11-29',3667,'PayPal','TXN944240');
INSERT INTO [Order](CustomerID, OrderDate, Status, TotalAmount) VALUES (48,'2025-09-02','Delivered',0);
INSERT INTO OrderLines(OrderID, ProductID, Qty, UnitPrice) VALUES (474,28,1,627);
INSERT INTO OrderLines(OrderID, ProductID, Qty, UnitPrice) VALUES (474,41,1,141);
INSERT INTO OrderLines(OrderID, ProductID, Qty, UnitPrice) VALUES (474,40,1,355);
INSERT INTO OrderLines(OrderID, ProductID, Qty, UnitPrice) VALUES (474,3,3,381);
UPDATE [Order] SET TotalAmount=2266 WHERE OrderID=474;
INSERT INTO Payment(OrderID, PaymentDate, Amount, PaymentMethod, TransactionRef) VALUES (474,'2025-09-06',2266,'Card','TXN928972');
INSERT INTO [Order](CustomerID, OrderDate, Status, TotalAmount) VALUES (48,'2025-11-11','Delivered',0);
INSERT INTO OrderLines(OrderID, ProductID, Qty, UnitPrice) VALUES (475,13,2,1396);
INSERT INTO OrderLines(OrderID, ProductID, Qty, UnitPrice) VALUES (475,47,1,1402);
INSERT INTO OrderLines(OrderID, ProductID, Qty, UnitPrice) VALUES (475,38,3,1225);
INSERT INTO OrderLines(OrderID, ProductID, Qty, UnitPrice) VALUES (475,8,1,660);
UPDATE [Order] SET TotalAmount=8529 WHERE OrderID=475;
INSERT INTO Payment(OrderID, PaymentDate, Amount, PaymentMethod, TransactionRef) VALUES (475,'2025-11-13',8529,'Card','TXN901271');
INSERT INTO [Order](CustomerID, OrderDate, Status, TotalAmount) VALUES (48,'2025-06-17','Shipped',0);
INSERT INTO OrderLines(OrderID, ProductID, Qty, UnitPrice) VALUES (476,47,2,1154);
INSERT INTO OrderLines(OrderID, ProductID, Qty, UnitPrice) VALUES (476,42,3,1198);
INSERT INTO OrderLines(OrderID, ProductID, Qty, UnitPrice) VALUES (476,31,2,631);
INSERT INTO OrderLines(OrderID, ProductID, Qty, UnitPrice) VALUES (476,29,2,1222);
UPDATE [Order] SET TotalAmount=9608 WHERE OrderID=476;
INSERT INTO Payment(OrderID, PaymentDate, Amount, PaymentMethod, TransactionRef) VALUES (476,'2025-06-19',9608,'PayPal','TXN726270');
INSERT INTO [Order](CustomerID, OrderDate, Status, TotalAmount) VALUES (48,'2025-12-06','Shipped',0);
INSERT INTO OrderLines(OrderID, ProductID, Qty, UnitPrice) VALUES (477,22,3,508);
INSERT INTO OrderLines(OrderID, ProductID, Qty, UnitPrice) VALUES (477,28,3,793);
INSERT INTO OrderLines(OrderID, ProductID, Qty, UnitPrice) VALUES (477,42,3,124);
INSERT INTO OrderLines(OrderID, ProductID, Qty, UnitPrice) VALUES (477,35,3,839);
UPDATE [Order] SET TotalAmount=6792 WHERE OrderID=477;
INSERT INTO Payment(OrderID, PaymentDate, Amount, PaymentMethod, TransactionRef) VALUES (477,'2025-12-07',6792,'PayPal','TXN903867');
INSERT INTO [Order](CustomerID, OrderDate, Status, TotalAmount) VALUES (48,'2025-04-22','Processing',0);
INSERT INTO OrderLines(OrderID, ProductID, Qty, UnitPrice) VALUES (478,7,1,915);
INSERT INTO OrderLines(OrderID, ProductID, Qty, UnitPrice) VALUES (478,18,1,135);
INSERT INTO OrderLines(OrderID, ProductID, Qty, UnitPrice) VALUES (478,40,1,268);
INSERT INTO OrderLines(OrderID, ProductID, Qty, UnitPrice) VALUES (478,16,3,1232);
UPDATE [Order] SET TotalAmount=5014 WHERE OrderID=478;
INSERT INTO Payment(OrderID, PaymentDate, Amount, PaymentMethod, TransactionRef) VALUES (478,'2025-04-26',5014,'Cash','TXN826585');
INSERT INTO [Order](CustomerID, OrderDate, Status, TotalAmount) VALUES (48,'2025-07-11','Cancelled',0);
INSERT INTO OrderLines(OrderID, ProductID, Qty, UnitPrice) VALUES (479,16,1,1044);
INSERT INTO OrderLines(OrderID, ProductID, Qty, UnitPrice) VALUES (479,45,3,1102);
INSERT INTO OrderLines(OrderID, ProductID, Qty, UnitPrice) VALUES (479,47,3,699);
INSERT INTO OrderLines(OrderID, ProductID, Qty, UnitPrice) VALUES (479,48,1,765);
UPDATE [Order] SET TotalAmount=7212 WHERE OrderID=479;
INSERT INTO Payment(OrderID, PaymentDate, Amount, PaymentMethod, TransactionRef) VALUES (479,'2025-07-11',7212,'Cash','TXN541112');
INSERT INTO [Order](CustomerID, OrderDate, Status, TotalAmount) VALUES (48,'2025-09-26','Cancelled',0);
INSERT INTO OrderLines(OrderID, ProductID, Qty, UnitPrice) VALUES (480,12,1,131);
INSERT INTO OrderLines(OrderID, ProductID, Qty, UnitPrice) VALUES (480,12,3,1271);
INSERT INTO OrderLines(OrderID, ProductID, Qty, UnitPrice) VALUES (480,12,3,816);
INSERT INTO OrderLines(OrderID, ProductID, Qty, UnitPrice) VALUES (480,48,2,1392);
UPDATE [Order] SET TotalAmount=9176 WHERE OrderID=480;
INSERT INTO Payment(OrderID, PaymentDate, Amount, PaymentMethod, TransactionRef) VALUES (480,'2025-09-30',9176,'PayPal','TXN662584');
INSERT INTO [Order](CustomerID, OrderDate, Status, TotalAmount) VALUES (49,'2025-08-31','Delivered',0);
INSERT INTO OrderLines(OrderID, ProductID, Qty, UnitPrice) VALUES (481,20,1,1464);
INSERT INTO OrderLines(OrderID, ProductID, Qty, UnitPrice) VALUES (481,38,1,1407);
INSERT INTO OrderLines(OrderID, ProductID, Qty, UnitPrice) VALUES (481,44,1,600);
INSERT INTO OrderLines(OrderID, ProductID, Qty, UnitPrice) VALUES (481,3,2,274);
UPDATE [Order] SET TotalAmount=4019 WHERE OrderID=481;
INSERT INTO Payment(OrderID, PaymentDate, Amount, PaymentMethod, TransactionRef) VALUES (481,'2025-09-02',4019,'Card','TXN132707');
INSERT INTO [Order](CustomerID, OrderDate, Status, TotalAmount) VALUES (49,'2025-09-19','Cancelled',0);
INSERT INTO OrderLines(OrderID, ProductID, Qty, UnitPrice) VALUES (482,43,1,811);
INSERT INTO OrderLines(OrderID, ProductID, Qty, UnitPrice) VALUES (482,16,3,98);
INSERT INTO OrderLines(OrderID, ProductID, Qty, UnitPrice) VALUES (482,38,1,253);
INSERT INTO OrderLines(OrderID, ProductID, Qty, UnitPrice) VALUES (482,38,3,1279);
UPDATE [Order] SET TotalAmount=5195 WHERE OrderID=482;
INSERT INTO Payment(OrderID, PaymentDate, Amount, PaymentMethod, TransactionRef) VALUES (482,'2025-09-21',5195,'Cash','TXN874445');
INSERT INTO [Order](CustomerID, OrderDate, Status, TotalAmount) VALUES (49,'2025-07-10','Cancelled',0);
INSERT INTO OrderLines(OrderID, ProductID, Qty, UnitPrice) VALUES (483,26,2,1101);
INSERT INTO OrderLines(OrderID, ProductID, Qty, UnitPrice) VALUES (483,39,2,185);
INSERT INTO OrderLines(OrderID, ProductID, Qty, UnitPrice) VALUES (483,26,1,127);
INSERT INTO OrderLines(OrderID, ProductID, Qty, UnitPrice) VALUES (483,11,2,478);
UPDATE [Order] SET TotalAmount=3655 WHERE OrderID=483;
INSERT INTO Payment(OrderID, PaymentDate, Amount, PaymentMethod, TransactionRef) VALUES (483,'2025-07-15',3655,'PayPal','TXN376003');
INSERT INTO [Order](CustomerID, OrderDate, Status, TotalAmount) VALUES (49,'2025-04-22','Cancelled',0);
INSERT INTO OrderLines(OrderID, ProductID, Qty, UnitPrice) VALUES (484,39,2,1194);
INSERT INTO OrderLines(OrderID, ProductID, Qty, UnitPrice) VALUES (484,47,2,173);
INSERT INTO OrderLines(OrderID, ProductID, Qty, UnitPrice) VALUES (484,42,3,795);
INSERT INTO OrderLines(OrderID, ProductID, Qty, UnitPrice) VALUES (484,50,2,1158);
UPDATE [Order] SET TotalAmount=7435 WHERE OrderID=484;
INSERT INTO Payment(OrderID, PaymentDate, Amount, PaymentMethod, TransactionRef) VALUES (484,'2025-04-27',7435,'Card','TXN493856');
INSERT INTO [Order](CustomerID, OrderDate, Status, TotalAmount) VALUES (49,'2025-01-12','Delivered',0);
INSERT INTO OrderLines(OrderID, ProductID, Qty, UnitPrice) VALUES (485,47,1,1419);
INSERT INTO OrderLines(OrderID, ProductID, Qty, UnitPrice) VALUES (485,27,1,1457);
INSERT INTO OrderLines(OrderID, ProductID, Qty, UnitPrice) VALUES (485,50,3,582);
INSERT INTO OrderLines(OrderID, ProductID, Qty, UnitPrice) VALUES (485,7,1,1076);
UPDATE [Order] SET TotalAmount=5698 WHERE OrderID=485;
INSERT INTO Payment(OrderID, PaymentDate, Amount, PaymentMethod, TransactionRef) VALUES (485,'2025-01-17',5698,'PayPal','TXN825429');
INSERT INTO [Order](CustomerID, OrderDate, Status, TotalAmount) VALUES (49,'2025-12-09','Delivered',0);
INSERT INTO OrderLines(OrderID, ProductID, Qty, UnitPrice) VALUES (486,40,2,352);
INSERT INTO OrderLines(OrderID, ProductID, Qty, UnitPrice) VALUES (486,18,1,1071);
INSERT INTO OrderLines(OrderID, ProductID, Qty, UnitPrice) VALUES (486,37,2,1167);
INSERT INTO OrderLines(OrderID, ProductID, Qty, UnitPrice) VALUES (486,11,3,1297);
UPDATE [Order] SET TotalAmount=8000 WHERE OrderID=486;
INSERT INTO Payment(OrderID, PaymentDate, Amount, PaymentMethod, TransactionRef) VALUES (486,'2025-12-10',8000,'Card','TXN449852');
INSERT INTO [Order](CustomerID, OrderDate, Status, TotalAmount) VALUES (49,'2025-08-12','Shipped',0);
INSERT INTO OrderLines(OrderID, ProductID, Qty, UnitPrice) VALUES (487,23,2,765);
INSERT INTO OrderLines(OrderID, ProductID, Qty, UnitPrice) VALUES (487,23,3,475);
INSERT INTO OrderLines(OrderID, ProductID, Qty, UnitPrice) VALUES (487,46,1,90);
INSERT INTO OrderLines(OrderID, ProductID, Qty, UnitPrice) VALUES (487,42,1,592);
UPDATE [Order] SET TotalAmount=3637 WHERE OrderID=487;
INSERT INTO Payment(OrderID, PaymentDate, Amount, PaymentMethod, TransactionRef) VALUES (487,'2025-08-12',3637,'Cash','TXN808932');
INSERT INTO [Order](CustomerID, OrderDate, Status, TotalAmount) VALUES (49,'2025-08-01','Cancelled',0);
INSERT INTO OrderLines(OrderID, ProductID, Qty, UnitPrice) VALUES (488,31,3,591);
INSERT INTO OrderLines(OrderID, ProductID, Qty, UnitPrice) VALUES (488,21,1,463);
INSERT INTO OrderLines(OrderID, ProductID, Qty, UnitPrice) VALUES (488,18,3,1464);
INSERT INTO OrderLines(OrderID, ProductID, Qty, UnitPrice) VALUES (488,5,2,675);
UPDATE [Order] SET TotalAmount=7978 WHERE OrderID=488;
INSERT INTO Payment(OrderID, PaymentDate, Amount, PaymentMethod, TransactionRef) VALUES (488,'2025-08-02',7978,'PayPal','TXN600296');
INSERT INTO [Order](CustomerID, OrderDate, Status, TotalAmount) VALUES (49,'2025-12-15','Cancelled',0);
INSERT INTO OrderLines(OrderID, ProductID, Qty, UnitPrice) VALUES (489,14,1,784);
INSERT INTO OrderLines(OrderID, ProductID, Qty, UnitPrice) VALUES (489,38,1,442);
INSERT INTO OrderLines(OrderID, ProductID, Qty, UnitPrice) VALUES (489,10,2,193);
INSERT INTO OrderLines(OrderID, ProductID, Qty, UnitPrice) VALUES (489,21,1,826);
UPDATE [Order] SET TotalAmount=2438 WHERE OrderID=489;
INSERT INTO Payment(OrderID, PaymentDate, Amount, PaymentMethod, TransactionRef) VALUES (489,'2025-12-20',2438,'PayPal','TXN880520');
INSERT INTO [Order](CustomerID, OrderDate, Status, TotalAmount) VALUES (49,'2025-11-23','Shipped',0);
INSERT INTO OrderLines(OrderID, ProductID, Qty, UnitPrice) VALUES (490,11,3,1315);
INSERT INTO OrderLines(OrderID, ProductID, Qty, UnitPrice) VALUES (490,37,3,367);
INSERT INTO OrderLines(OrderID, ProductID, Qty, UnitPrice) VALUES (490,20,2,364);
INSERT INTO OrderLines(OrderID, ProductID, Qty, UnitPrice) VALUES (490,28,2,1412);
UPDATE [Order] SET TotalAmount=8598 WHERE OrderID=490;
INSERT INTO Payment(OrderID, PaymentDate, Amount, PaymentMethod, TransactionRef) VALUES (490,'2025-11-26',8598,'PayPal','TXN753705');
INSERT INTO [Order](CustomerID, OrderDate, Status, TotalAmount) VALUES (50,'2025-07-01','Shipped',0);
INSERT INTO OrderLines(OrderID, ProductID, Qty, UnitPrice) VALUES (491,44,2,622);
INSERT INTO OrderLines(OrderID, ProductID, Qty, UnitPrice) VALUES (491,26,1,579);
INSERT INTO OrderLines(OrderID, ProductID, Qty, UnitPrice) VALUES (491,30,1,455);
INSERT INTO OrderLines(OrderID, ProductID, Qty, UnitPrice) VALUES (491,43,2,105);
UPDATE [Order] SET TotalAmount=2488 WHERE OrderID=491;
INSERT INTO Payment(OrderID, PaymentDate, Amount, PaymentMethod, TransactionRef) VALUES (491,'2025-07-02',2488,'Card','TXN399678');
INSERT INTO [Order](CustomerID, OrderDate, Status, TotalAmount) VALUES (50,'2025-08-01','Shipped',0);
INSERT INTO OrderLines(OrderID, ProductID, Qty, UnitPrice) VALUES (492,36,1,1404);
INSERT INTO OrderLines(OrderID, ProductID, Qty, UnitPrice) VALUES (492,32,2,102);
INSERT INTO OrderLines(OrderID, ProductID, Qty, UnitPrice) VALUES (492,30,1,1409);
INSERT INTO OrderLines(OrderID, ProductID, Qty, UnitPrice) VALUES (492,37,3,1066);
UPDATE [Order] SET TotalAmount=6215 WHERE OrderID=492;
INSERT INTO Payment(OrderID, PaymentDate, Amount, PaymentMethod, TransactionRef) VALUES (492,'2025-08-04',6215,'Cash','TXN167128');
INSERT INTO [Order](CustomerID, OrderDate, Status, TotalAmount) VALUES (50,'2025-03-05','Cancelled',0);
INSERT INTO OrderLines(OrderID, ProductID, Qty, UnitPrice) VALUES (493,41,1,1406);
INSERT INTO OrderLines(OrderID, ProductID, Qty, UnitPrice) VALUES (493,19,3,148);
INSERT INTO OrderLines(OrderID, ProductID, Qty, UnitPrice) VALUES (493,16,3,252);
INSERT INTO OrderLines(OrderID, ProductID, Qty, UnitPrice) VALUES (493,35,3,1263);
UPDATE [Order] SET TotalAmount=6395 WHERE OrderID=493;
INSERT INTO Payment(OrderID, PaymentDate, Amount, PaymentMethod, TransactionRef) VALUES (493,'2025-03-08',6395,'Cash','TXN759663');
INSERT INTO [Order](CustomerID, OrderDate, Status, TotalAmount) VALUES (50,'2025-12-23','Processing',0);
INSERT INTO OrderLines(OrderID, ProductID, Qty, UnitPrice) VALUES (494,8,1,188);
INSERT INTO OrderLines(OrderID, ProductID, Qty, UnitPrice) VALUES (494,5,1,1464);
INSERT INTO OrderLines(OrderID, ProductID, Qty, UnitPrice) VALUES (494,36,2,102);
INSERT INTO OrderLines(OrderID, ProductID, Qty, UnitPrice) VALUES (494,4,1,922);
UPDATE [Order] SET TotalAmount=2778 WHERE OrderID=494;
INSERT INTO Payment(OrderID, PaymentDate, Amount, PaymentMethod, TransactionRef) VALUES (494,'2025-12-28',2778,'PayPal','TXN167843');
INSERT INTO [Order](CustomerID, OrderDate, Status, TotalAmount) VALUES (50,'2025-10-27','Delivered',0);
INSERT INTO OrderLines(OrderID, ProductID, Qty, UnitPrice) VALUES (495,16,3,1335);
INSERT INTO OrderLines(OrderID, ProductID, Qty, UnitPrice) VALUES (495,12,1,1025);
INSERT INTO OrderLines(OrderID, ProductID, Qty, UnitPrice) VALUES (495,33,1,76);
INSERT INTO OrderLines(OrderID, ProductID, Qty, UnitPrice) VALUES (495,37,1,79);
UPDATE [Order] SET TotalAmount=5185 WHERE OrderID=495;
INSERT INTO Payment(OrderID, PaymentDate, Amount, PaymentMethod, TransactionRef) VALUES (495,'2025-11-01',5185,'PayPal','TXN397489');
INSERT INTO [Order](CustomerID, OrderDate, Status, TotalAmount) VALUES (50,'2025-03-01','Processing',0);
INSERT INTO OrderLines(OrderID, ProductID, Qty, UnitPrice) VALUES (496,37,2,751);
INSERT INTO OrderLines(OrderID, ProductID, Qty, UnitPrice) VALUES (496,46,2,830);
INSERT INTO OrderLines(OrderID, ProductID, Qty, UnitPrice) VALUES (496,20,2,428);
INSERT INTO OrderLines(OrderID, ProductID, Qty, UnitPrice) VALUES (496,18,2,648);
UPDATE [Order] SET TotalAmount=5314 WHERE OrderID=496;
INSERT INTO Payment(OrderID, PaymentDate, Amount, PaymentMethod, TransactionRef) VALUES (496,'2025-03-06',5314,'Cash','TXN932608');
INSERT INTO [Order](CustomerID, OrderDate, Status, TotalAmount) VALUES (50,'2025-12-25','Cancelled',0);
INSERT INTO OrderLines(OrderID, ProductID, Qty, UnitPrice) VALUES (497,49,2,801);
INSERT INTO OrderLines(OrderID, ProductID, Qty, UnitPrice) VALUES (497,48,2,1162);
INSERT INTO OrderLines(OrderID, ProductID, Qty, UnitPrice) VALUES (497,39,2,1240);
INSERT INTO OrderLines(OrderID, ProductID, Qty, UnitPrice) VALUES (497,9,3,703);
UPDATE [Order] SET TotalAmount=8515 WHERE OrderID=497;
INSERT INTO Payment(OrderID, PaymentDate, Amount, PaymentMethod, TransactionRef) VALUES (497,'2025-12-26',8515,'PayPal','TXN227611');
INSERT INTO [Order](CustomerID, OrderDate, Status, TotalAmount) VALUES (50,'2025-10-10','Shipped',0);
INSERT INTO OrderLines(OrderID, ProductID, Qty, UnitPrice) VALUES (498,13,3,929);
INSERT INTO OrderLines(OrderID, ProductID, Qty, UnitPrice) VALUES (498,39,3,922);
INSERT INTO OrderLines(OrderID, ProductID, Qty, UnitPrice) VALUES (498,6,2,72);
INSERT INTO OrderLines(OrderID, ProductID, Qty, UnitPrice) VALUES (498,9,3,979);
UPDATE [Order] SET TotalAmount=8634 WHERE OrderID=498;
INSERT INTO Payment(OrderID, PaymentDate, Amount, PaymentMethod, TransactionRef) VALUES (498,'2025-10-14',8634,'Cash','TXN253349');
INSERT INTO [Order](CustomerID, OrderDate, Status, TotalAmount) VALUES (50,'2025-01-16','Shipped',0);
INSERT INTO OrderLines(OrderID, ProductID, Qty, UnitPrice) VALUES (499,31,3,1363);
INSERT INTO OrderLines(OrderID, ProductID, Qty, UnitPrice) VALUES (499,10,1,971);
INSERT INTO OrderLines(OrderID, ProductID, Qty, UnitPrice) VALUES (499,23,3,944);
INSERT INTO OrderLines(OrderID, ProductID, Qty, UnitPrice) VALUES (499,28,1,314);
UPDATE [Order] SET TotalAmount=8206 WHERE OrderID=499;
INSERT INTO Payment(OrderID, PaymentDate, Amount, PaymentMethod, TransactionRef) VALUES (499,'2025-01-21',8206,'PayPal','TXN256812');
INSERT INTO [Order](CustomerID, OrderDate, Status, TotalAmount) VALUES (50,'2025-07-30','Cancelled',0);
INSERT INTO OrderLines(OrderID, ProductID, Qty, UnitPrice) VALUES (500,46,1,920);
INSERT INTO OrderLines(OrderID, ProductID, Qty, UnitPrice) VALUES (500,26,1,511);
INSERT INTO OrderLines(OrderID, ProductID, Qty, UnitPrice) VALUES (500,41,2,878);
INSERT INTO OrderLines(OrderID, ProductID, Qty, UnitPrice) VALUES (500,27,2,1400);
UPDATE [Order] SET TotalAmount=5987 WHERE OrderID=500;
INSERT INTO Payment(OrderID, PaymentDate, Amount, PaymentMethod, TransactionRef) VALUES (500,'2025-08-02',5987,'PayPal','TXN749958');
INSERT INTO [Order](CustomerID, OrderDate, Status, TotalAmount) VALUES (51,'2025-03-04','Delivered',0);
INSERT INTO OrderLines(OrderID, ProductID, Qty, UnitPrice) VALUES (501,1,3,221);
INSERT INTO OrderLines(OrderID, ProductID, Qty, UnitPrice) VALUES (501,39,3,195);
INSERT INTO OrderLines(OrderID, ProductID, Qty, UnitPrice) VALUES (501,11,2,978);
INSERT INTO OrderLines(OrderID, ProductID, Qty, UnitPrice) VALUES (501,41,1,1473);
UPDATE [Order] SET TotalAmount=4677 WHERE OrderID=501;
INSERT INTO Payment(OrderID, PaymentDate, Amount, PaymentMethod, TransactionRef) VALUES (501,'2025-03-06',4677,'Cash','TXN631113');
INSERT INTO [Order](CustomerID, OrderDate, Status, TotalAmount) VALUES (51,'2025-12-11','Delivered',0);
INSERT INTO OrderLines(OrderID, ProductID, Qty, UnitPrice) VALUES (502,16,2,828);
INSERT INTO OrderLines(OrderID, ProductID, Qty, UnitPrice) VALUES (502,19,2,1104);
INSERT INTO OrderLines(OrderID, ProductID, Qty, UnitPrice) VALUES (502,17,3,1305);
INSERT INTO OrderLines(OrderID, ProductID, Qty, UnitPrice) VALUES (502,11,3,1272);
UPDATE [Order] SET TotalAmount=11595 WHERE OrderID=502;
INSERT INTO Payment(OrderID, PaymentDate, Amount, PaymentMethod, TransactionRef) VALUES (502,'2025-12-11',11595,'Card','TXN953942');
INSERT INTO [Order](CustomerID, OrderDate, Status, TotalAmount) VALUES (51,'2025-05-09','Processing',0);
INSERT INTO OrderLines(OrderID, ProductID, Qty, UnitPrice) VALUES (503,41,2,712);
INSERT INTO OrderLines(OrderID, ProductID, Qty, UnitPrice) VALUES (503,14,1,563);
INSERT INTO OrderLines(OrderID, ProductID, Qty, UnitPrice) VALUES (503,45,1,828);
INSERT INTO OrderLines(OrderID, ProductID, Qty, UnitPrice) VALUES (503,10,3,399);
UPDATE [Order] SET TotalAmount=4012 WHERE OrderID=503;
INSERT INTO Payment(OrderID, PaymentDate, Amount, PaymentMethod, TransactionRef) VALUES (503,'2025-05-12',4012,'Cash','TXN250464');
INSERT INTO [Order](CustomerID, OrderDate, Status, TotalAmount) VALUES (51,'2025-01-05','Shipped',0);
INSERT INTO OrderLines(OrderID, ProductID, Qty, UnitPrice) VALUES (504,16,3,23);
INSERT INTO OrderLines(OrderID, ProductID, Qty, UnitPrice) VALUES (504,38,3,791);
INSERT INTO OrderLines(OrderID, ProductID, Qty, UnitPrice) VALUES (504,42,3,411);
INSERT INTO OrderLines(OrderID, ProductID, Qty, UnitPrice) VALUES (504,1,1,530);
UPDATE [Order] SET TotalAmount=4205 WHERE OrderID=504;
INSERT INTO Payment(OrderID, PaymentDate, Amount, PaymentMethod, TransactionRef) VALUES (504,'2025-01-07',4205,'Card','TXN767855');
INSERT INTO [Order](CustomerID, OrderDate, Status, TotalAmount) VALUES (51,'2025-04-01','Delivered',0);
INSERT INTO OrderLines(OrderID, ProductID, Qty, UnitPrice) VALUES (505,4,2,962);
INSERT INTO OrderLines(OrderID, ProductID, Qty, UnitPrice) VALUES (505,6,2,706);
INSERT INTO OrderLines(OrderID, ProductID, Qty, UnitPrice) VALUES (505,28,2,151);
INSERT INTO OrderLines(OrderID, ProductID, Qty, UnitPrice) VALUES (505,6,2,704);
UPDATE [Order] SET TotalAmount=5046 WHERE OrderID=505;
INSERT INTO Payment(OrderID, PaymentDate, Amount, PaymentMethod, TransactionRef) VALUES (505,'2025-04-01',5046,'PayPal','TXN785401');
INSERT INTO [Order](CustomerID, OrderDate, Status, TotalAmount) VALUES (51,'2025-11-20','Processing',0);
INSERT INTO OrderLines(OrderID, ProductID, Qty, UnitPrice) VALUES (506,31,2,474);
INSERT INTO OrderLines(OrderID, ProductID, Qty, UnitPrice) VALUES (506,13,1,619);
INSERT INTO OrderLines(OrderID, ProductID, Qty, UnitPrice) VALUES (506,16,1,1048);
INSERT INTO OrderLines(OrderID, ProductID, Qty, UnitPrice) VALUES (506,34,1,1415);
UPDATE [Order] SET TotalAmount=4030 WHERE OrderID=506;
INSERT INTO Payment(OrderID, PaymentDate, Amount, PaymentMethod, TransactionRef) VALUES (506,'2025-11-22',4030,'PayPal','TXN603377');
INSERT INTO [Order](CustomerID, OrderDate, Status, TotalAmount) VALUES (51,'2025-07-23','Delivered',0);
INSERT INTO OrderLines(OrderID, ProductID, Qty, UnitPrice) VALUES (507,1,2,594);
INSERT INTO OrderLines(OrderID, ProductID, Qty, UnitPrice) VALUES (507,37,2,1158);
INSERT INTO OrderLines(OrderID, ProductID, Qty, UnitPrice) VALUES (507,32,1,860);
INSERT INTO OrderLines(OrderID, ProductID, Qty, UnitPrice) VALUES (507,43,3,1204);
UPDATE [Order] SET TotalAmount=7976 WHERE OrderID=507;
INSERT INTO Payment(OrderID, PaymentDate, Amount, PaymentMethod, TransactionRef) VALUES (507,'2025-07-28',7976,'PayPal','TXN469729');
INSERT INTO [Order](CustomerID, OrderDate, Status, TotalAmount) VALUES (51,'2025-09-24','Delivered',0);
INSERT INTO OrderLines(OrderID, ProductID, Qty, UnitPrice) VALUES (508,46,1,772);
INSERT INTO OrderLines(OrderID, ProductID, Qty, UnitPrice) VALUES (508,22,2,771);
INSERT INTO OrderLines(OrderID, ProductID, Qty, UnitPrice) VALUES (508,38,3,419);
INSERT INTO OrderLines(OrderID, ProductID, Qty, UnitPrice) VALUES (508,8,1,50);
UPDATE [Order] SET TotalAmount=3621 WHERE OrderID=508;
INSERT INTO Payment(OrderID, PaymentDate, Amount, PaymentMethod, TransactionRef) VALUES (508,'2025-09-29',3621,'Card','TXN361965');
INSERT INTO [Order](CustomerID, OrderDate, Status, TotalAmount) VALUES (51,'2025-04-28','Processing',0);
INSERT INTO OrderLines(OrderID, ProductID, Qty, UnitPrice) VALUES (509,46,3,625);
INSERT INTO OrderLines(OrderID, ProductID, Qty, UnitPrice) VALUES (509,8,2,532);
INSERT INTO OrderLines(OrderID, ProductID, Qty, UnitPrice) VALUES (509,43,2,592);
INSERT INTO OrderLines(OrderID, ProductID, Qty, UnitPrice) VALUES (509,5,1,448);
UPDATE [Order] SET TotalAmount=4571 WHERE OrderID=509;
INSERT INTO Payment(OrderID, PaymentDate, Amount, PaymentMethod, TransactionRef) VALUES (509,'2025-05-01',4571,'PayPal','TXN894359');
INSERT INTO [Order](CustomerID, OrderDate, Status, TotalAmount) VALUES (51,'2025-09-14','Shipped',0);
INSERT INTO OrderLines(OrderID, ProductID, Qty, UnitPrice) VALUES (510,13,2,549);
INSERT INTO OrderLines(OrderID, ProductID, Qty, UnitPrice) VALUES (510,20,1,643);
INSERT INTO OrderLines(OrderID, ProductID, Qty, UnitPrice) VALUES (510,22,3,800);
INSERT INTO OrderLines(OrderID, ProductID, Qty, UnitPrice) VALUES (510,37,3,118);
UPDATE [Order] SET TotalAmount=4495 WHERE OrderID=510;
INSERT INTO Payment(OrderID, PaymentDate, Amount, PaymentMethod, TransactionRef) VALUES (510,'2025-09-14',4495,'Cash','TXN969701');
INSERT INTO [Order](CustomerID, OrderDate, Status, TotalAmount) VALUES (52,'2025-03-08','Cancelled',0);
INSERT INTO OrderLines(OrderID, ProductID, Qty, UnitPrice) VALUES (511,6,1,898);
INSERT INTO OrderLines(OrderID, ProductID, Qty, UnitPrice) VALUES (511,30,1,940);
INSERT INTO OrderLines(OrderID, ProductID, Qty, UnitPrice) VALUES (511,11,3,912);
INSERT INTO OrderLines(OrderID, ProductID, Qty, UnitPrice) VALUES (511,36,1,1463);
UPDATE [Order] SET TotalAmount=6037 WHERE OrderID=511;
INSERT INTO Payment(OrderID, PaymentDate, Amount, PaymentMethod, TransactionRef) VALUES (511,'2025-03-11',6037,'Cash','TXN388203');
INSERT INTO [Order](CustomerID, OrderDate, Status, TotalAmount) VALUES (52,'2025-07-26','Processing',0);
INSERT INTO OrderLines(OrderID, ProductID, Qty, UnitPrice) VALUES (512,35,2,474);
INSERT INTO OrderLines(OrderID, ProductID, Qty, UnitPrice) VALUES (512,28,2,678);
INSERT INTO OrderLines(OrderID, ProductID, Qty, UnitPrice) VALUES (512,18,1,560);
INSERT INTO OrderLines(OrderID, ProductID, Qty, UnitPrice) VALUES (512,46,1,1406);
UPDATE [Order] SET TotalAmount=4270 WHERE OrderID=512;
INSERT INTO Payment(OrderID, PaymentDate, Amount, PaymentMethod, TransactionRef) VALUES (512,'2025-07-29',4270,'Card','TXN129874');
INSERT INTO [Order](CustomerID, OrderDate, Status, TotalAmount) VALUES (52,'2025-06-21','Processing',0);
INSERT INTO OrderLines(OrderID, ProductID, Qty, UnitPrice) VALUES (513,15,2,1216);
INSERT INTO OrderLines(OrderID, ProductID, Qty, UnitPrice) VALUES (513,4,1,118);
INSERT INTO OrderLines(OrderID, ProductID, Qty, UnitPrice) VALUES (513,13,1,743);
INSERT INTO OrderLines(OrderID, ProductID, Qty, UnitPrice) VALUES (513,19,1,1315);
UPDATE [Order] SET TotalAmount=4608 WHERE OrderID=513;
INSERT INTO Payment(OrderID, PaymentDate, Amount, PaymentMethod, TransactionRef) VALUES (513,'2025-06-21',4608,'Cash','TXN815595');
INSERT INTO [Order](CustomerID, OrderDate, Status, TotalAmount) VALUES (52,'2025-04-17','Cancelled',0);
INSERT INTO OrderLines(OrderID, ProductID, Qty, UnitPrice) VALUES (514,37,1,1441);
INSERT INTO OrderLines(OrderID, ProductID, Qty, UnitPrice) VALUES (514,35,3,1111);
INSERT INTO OrderLines(OrderID, ProductID, Qty, UnitPrice) VALUES (514,44,1,880);
INSERT INTO OrderLines(OrderID, ProductID, Qty, UnitPrice) VALUES (514,34,2,1071);
UPDATE [Order] SET TotalAmount=7796 WHERE OrderID=514;
INSERT INTO Payment(OrderID, PaymentDate, Amount, PaymentMethod, TransactionRef) VALUES (514,'2025-04-22',7796,'Cash','TXN864377');
INSERT INTO [Order](CustomerID, OrderDate, Status, TotalAmount) VALUES (52,'2025-02-21','Processing',0);
INSERT INTO OrderLines(OrderID, ProductID, Qty, UnitPrice) VALUES (515,47,2,808);
INSERT INTO OrderLines(OrderID, ProductID, Qty, UnitPrice) VALUES (515,9,2,827);
INSERT INTO OrderLines(OrderID, ProductID, Qty, UnitPrice) VALUES (515,40,1,1299);
INSERT INTO OrderLines(OrderID, ProductID, Qty, UnitPrice) VALUES (515,19,1,944);
UPDATE [Order] SET TotalAmount=5513 WHERE OrderID=515;
INSERT INTO Payment(OrderID, PaymentDate, Amount, PaymentMethod, TransactionRef) VALUES (515,'2025-02-22',5513,'PayPal','TXN353974');
INSERT INTO [Order](CustomerID, OrderDate, Status, TotalAmount) VALUES (52,'2025-08-11','Delivered',0);
INSERT INTO OrderLines(OrderID, ProductID, Qty, UnitPrice) VALUES (516,9,3,680);
INSERT INTO OrderLines(OrderID, ProductID, Qty, UnitPrice) VALUES (516,14,2,428);
INSERT INTO OrderLines(OrderID, ProductID, Qty, UnitPrice) VALUES (516,43,1,524);
INSERT INTO OrderLines(OrderID, ProductID, Qty, UnitPrice) VALUES (516,37,2,740);
UPDATE [Order] SET TotalAmount=4900 WHERE OrderID=516;
INSERT INTO Payment(OrderID, PaymentDate, Amount, PaymentMethod, TransactionRef) VALUES (516,'2025-08-12',4900,'PayPal','TXN519376');
INSERT INTO [Order](CustomerID, OrderDate, Status, TotalAmount) VALUES (52,'2025-07-26','Cancelled',0);
INSERT INTO OrderLines(OrderID, ProductID, Qty, UnitPrice) VALUES (517,13,2,296);
INSERT INTO OrderLines(OrderID, ProductID, Qty, UnitPrice) VALUES (517,23,2,474);
INSERT INTO OrderLines(OrderID, ProductID, Qty, UnitPrice) VALUES (517,45,3,638);
INSERT INTO OrderLines(OrderID, ProductID, Qty, UnitPrice) VALUES (517,20,3,440);
UPDATE [Order] SET TotalAmount=4774 WHERE OrderID=517;
INSERT INTO Payment(OrderID, PaymentDate, Amount, PaymentMethod, TransactionRef) VALUES (517,'2025-07-26',4774,'Card','TXN846049');
INSERT INTO [Order](CustomerID, OrderDate, Status, TotalAmount) VALUES (52,'2025-09-16','Delivered',0);
INSERT INTO OrderLines(OrderID, ProductID, Qty, UnitPrice) VALUES (518,26,3,1062);
INSERT INTO OrderLines(OrderID, ProductID, Qty, UnitPrice) VALUES (518,23,3,947);
INSERT INTO OrderLines(OrderID, ProductID, Qty, UnitPrice) VALUES (518,14,2,1304);
INSERT INTO OrderLines(OrderID, ProductID, Qty, UnitPrice) VALUES (518,5,2,274);
UPDATE [Order] SET TotalAmount=9183 WHERE OrderID=518;
INSERT INTO Payment(OrderID, PaymentDate, Amount, PaymentMethod, TransactionRef) VALUES (518,'2025-09-20',9183,'PayPal','TXN361630');
INSERT INTO [Order](CustomerID, OrderDate, Status, TotalAmount) VALUES (52,'2025-07-05','Delivered',0);
INSERT INTO OrderLines(OrderID, ProductID, Qty, UnitPrice) VALUES (519,29,1,1276);
INSERT INTO OrderLines(OrderID, ProductID, Qty, UnitPrice) VALUES (519,43,3,1330);
INSERT INTO OrderLines(OrderID, ProductID, Qty, UnitPrice) VALUES (519,25,3,706);
INSERT INTO OrderLines(OrderID, ProductID, Qty, UnitPrice) VALUES (519,27,1,827);
UPDATE [Order] SET TotalAmount=8211 WHERE OrderID=519;
INSERT INTO Payment(OrderID, PaymentDate, Amount, PaymentMethod, TransactionRef) VALUES (519,'2025-07-08',8211,'PayPal','TXN998486');
INSERT INTO [Order](CustomerID, OrderDate, Status, TotalAmount) VALUES (52,'2025-02-26','Processing',0);
INSERT INTO OrderLines(OrderID, ProductID, Qty, UnitPrice) VALUES (520,18,1,839);
INSERT INTO OrderLines(OrderID, ProductID, Qty, UnitPrice) VALUES (520,42,2,214);
INSERT INTO OrderLines(OrderID, ProductID, Qty, UnitPrice) VALUES (520,46,1,569);
INSERT INTO OrderLines(OrderID, ProductID, Qty, UnitPrice) VALUES (520,11,1,1466);
UPDATE [Order] SET TotalAmount=3302 WHERE OrderID=520;
INSERT INTO Payment(OrderID, PaymentDate, Amount, PaymentMethod, TransactionRef) VALUES (520,'2025-02-26',3302,'Card','TXN447711');
INSERT INTO [Order](CustomerID, OrderDate, Status, TotalAmount) VALUES (53,'2025-04-16','Processing',0);
INSERT INTO OrderLines(OrderID, ProductID, Qty, UnitPrice) VALUES (521,41,1,826);
INSERT INTO OrderLines(OrderID, ProductID, Qty, UnitPrice) VALUES (521,34,3,768);
INSERT INTO OrderLines(OrderID, ProductID, Qty, UnitPrice) VALUES (521,22,3,1479);
INSERT INTO OrderLines(OrderID, ProductID, Qty, UnitPrice) VALUES (521,28,1,591);
UPDATE [Order] SET TotalAmount=8158 WHERE OrderID=521;
INSERT INTO Payment(OrderID, PaymentDate, Amount, PaymentMethod, TransactionRef) VALUES (521,'2025-04-19',8158,'PayPal','TXN168632');
INSERT INTO [Order](CustomerID, OrderDate, Status, TotalAmount) VALUES (53,'2025-06-16','Cancelled',0);
INSERT INTO OrderLines(OrderID, ProductID, Qty, UnitPrice) VALUES (522,35,3,1330);
INSERT INTO OrderLines(OrderID, ProductID, Qty, UnitPrice) VALUES (522,16,1,450);
INSERT INTO OrderLines(OrderID, ProductID, Qty, UnitPrice) VALUES (522,41,2,259);
INSERT INTO OrderLines(OrderID, ProductID, Qty, UnitPrice) VALUES (522,6,2,430);
UPDATE [Order] SET TotalAmount=5818 WHERE OrderID=522;
INSERT INTO Payment(OrderID, PaymentDate, Amount, PaymentMethod, TransactionRef) VALUES (522,'2025-06-18',5818,'Cash','TXN231734');
INSERT INTO [Order](CustomerID, OrderDate, Status, TotalAmount) VALUES (53,'2025-09-03','Delivered',0);
INSERT INTO OrderLines(OrderID, ProductID, Qty, UnitPrice) VALUES (523,27,2,1342);
INSERT INTO OrderLines(OrderID, ProductID, Qty, UnitPrice) VALUES (523,31,3,384);
INSERT INTO OrderLines(OrderID, ProductID, Qty, UnitPrice) VALUES (523,49,1,1223);
INSERT INTO OrderLines(OrderID, ProductID, Qty, UnitPrice) VALUES (523,14,1,240);
UPDATE [Order] SET TotalAmount=5299 WHERE OrderID=523;
INSERT INTO Payment(OrderID, PaymentDate, Amount, PaymentMethod, TransactionRef) VALUES (523,'2025-09-04',5299,'Card','TXN993154');
INSERT INTO [Order](CustomerID, OrderDate, Status, TotalAmount) VALUES (53,'2025-05-05','Cancelled',0);
INSERT INTO OrderLines(OrderID, ProductID, Qty, UnitPrice) VALUES (524,16,1,128);
INSERT INTO OrderLines(OrderID, ProductID, Qty, UnitPrice) VALUES (524,2,3,569);
INSERT INTO OrderLines(OrderID, ProductID, Qty, UnitPrice) VALUES (524,49,2,940);
INSERT INTO OrderLines(OrderID, ProductID, Qty, UnitPrice) VALUES (524,11,1,662);
UPDATE [Order] SET TotalAmount=4377 WHERE OrderID=524;
INSERT INTO Payment(OrderID, PaymentDate, Amount, PaymentMethod, TransactionRef) VALUES (524,'2025-05-08',4377,'Cash','TXN110261');
INSERT INTO [Order](CustomerID, OrderDate, Status, TotalAmount) VALUES (53,'2025-03-05','Delivered',0);
INSERT INTO OrderLines(OrderID, ProductID, Qty, UnitPrice) VALUES (525,2,3,693);
INSERT INTO OrderLines(OrderID, ProductID, Qty, UnitPrice) VALUES (525,11,3,875);
INSERT INTO OrderLines(OrderID, ProductID, Qty, UnitPrice) VALUES (525,23,2,1019);
INSERT INTO OrderLines(OrderID, ProductID, Qty, UnitPrice) VALUES (525,16,1,892);
UPDATE [Order] SET TotalAmount=7634 WHERE OrderID=525;
INSERT INTO Payment(OrderID, PaymentDate, Amount, PaymentMethod, TransactionRef) VALUES (525,'2025-03-07',7634,'Cash','TXN786249');
INSERT INTO [Order](CustomerID, OrderDate, Status, TotalAmount) VALUES (53,'2025-03-12','Cancelled',0);
INSERT INTO OrderLines(OrderID, ProductID, Qty, UnitPrice) VALUES (526,41,2,236);
INSERT INTO OrderLines(OrderID, ProductID, Qty, UnitPrice) VALUES (526,35,1,1056);
INSERT INTO OrderLines(OrderID, ProductID, Qty, UnitPrice) VALUES (526,4,2,976);
INSERT INTO OrderLines(OrderID, ProductID, Qty, UnitPrice) VALUES (526,8,3,186);
UPDATE [Order] SET TotalAmount=4038 WHERE OrderID=526;
INSERT INTO Payment(OrderID, PaymentDate, Amount, PaymentMethod, TransactionRef) VALUES (526,'2025-03-13',4038,'Card','TXN192538');
INSERT INTO [Order](CustomerID, OrderDate, Status, TotalAmount) VALUES (53,'2025-10-15','Processing',0);
INSERT INTO OrderLines(OrderID, ProductID, Qty, UnitPrice) VALUES (527,22,2,825);
INSERT INTO OrderLines(OrderID, ProductID, Qty, UnitPrice) VALUES (527,43,2,1043);
INSERT INTO OrderLines(OrderID, ProductID, Qty, UnitPrice) VALUES (527,36,3,55);
INSERT INTO OrderLines(OrderID, ProductID, Qty, UnitPrice) VALUES (527,28,1,65);
UPDATE [Order] SET TotalAmount=3966 WHERE OrderID=527;
INSERT INTO Payment(OrderID, PaymentDate, Amount, PaymentMethod, TransactionRef) VALUES (527,'2025-10-18',3966,'Card','TXN892376');
INSERT INTO [Order](CustomerID, OrderDate, Status, TotalAmount) VALUES (53,'2025-06-28','Processing',0);
INSERT INTO OrderLines(OrderID, ProductID, Qty, UnitPrice) VALUES (528,48,2,75);
INSERT INTO OrderLines(OrderID, ProductID, Qty, UnitPrice) VALUES (528,49,2,303);
INSERT INTO OrderLines(OrderID, ProductID, Qty, UnitPrice) VALUES (528,26,2,1254);
INSERT INTO OrderLines(OrderID, ProductID, Qty, UnitPrice) VALUES (528,10,3,491);
UPDATE [Order] SET TotalAmount=4737 WHERE OrderID=528;
INSERT INTO Payment(OrderID, PaymentDate, Amount, PaymentMethod, TransactionRef) VALUES (528,'2025-06-30',4737,'Card','TXN412010');
INSERT INTO [Order](CustomerID, OrderDate, Status, TotalAmount) VALUES (53,'2025-01-21','Cancelled',0);
INSERT INTO OrderLines(OrderID, ProductID, Qty, UnitPrice) VALUES (529,41,3,259);
INSERT INTO OrderLines(OrderID, ProductID, Qty, UnitPrice) VALUES (529,14,2,109);
INSERT INTO OrderLines(OrderID, ProductID, Qty, UnitPrice) VALUES (529,22,3,1196);
INSERT INTO OrderLines(OrderID, ProductID, Qty, UnitPrice) VALUES (529,6,2,1250);
UPDATE [Order] SET TotalAmount=7083 WHERE OrderID=529;
INSERT INTO Payment(OrderID, PaymentDate, Amount, PaymentMethod, TransactionRef) VALUES (529,'2025-01-21',7083,'Card','TXN476881');
INSERT INTO [Order](CustomerID, OrderDate, Status, TotalAmount) VALUES (53,'2025-05-08','Delivered',0);
INSERT INTO OrderLines(OrderID, ProductID, Qty, UnitPrice) VALUES (530,45,1,697);
INSERT INTO OrderLines(OrderID, ProductID, Qty, UnitPrice) VALUES (530,12,1,1351);
INSERT INTO OrderLines(OrderID, ProductID, Qty, UnitPrice) VALUES (530,34,2,1369);
INSERT INTO OrderLines(OrderID, ProductID, Qty, UnitPrice) VALUES (530,26,3,466);
UPDATE [Order] SET TotalAmount=6184 WHERE OrderID=530;
INSERT INTO Payment(OrderID, PaymentDate, Amount, PaymentMethod, TransactionRef) VALUES (530,'2025-05-08',6184,'PayPal','TXN121345');
INSERT INTO [Order](CustomerID, OrderDate, Status, TotalAmount) VALUES (54,'2025-07-10','Shipped',0);
INSERT INTO OrderLines(OrderID, ProductID, Qty, UnitPrice) VALUES (531,1,2,581);
INSERT INTO OrderLines(OrderID, ProductID, Qty, UnitPrice) VALUES (531,13,1,914);
INSERT INTO OrderLines(OrderID, ProductID, Qty, UnitPrice) VALUES (531,41,2,67);
INSERT INTO OrderLines(OrderID, ProductID, Qty, UnitPrice) VALUES (531,5,3,1079);
UPDATE [Order] SET TotalAmount=5447 WHERE OrderID=531;
INSERT INTO Payment(OrderID, PaymentDate, Amount, PaymentMethod, TransactionRef) VALUES (531,'2025-07-13',5447,'Cash','TXN470998');
INSERT INTO [Order](CustomerID, OrderDate, Status, TotalAmount) VALUES (54,'2025-07-19','Delivered',0);
INSERT INTO OrderLines(OrderID, ProductID, Qty, UnitPrice) VALUES (532,1,2,469);
INSERT INTO OrderLines(OrderID, ProductID, Qty, UnitPrice) VALUES (532,41,2,1017);
INSERT INTO OrderLines(OrderID, ProductID, Qty, UnitPrice) VALUES (532,3,3,1015);
INSERT INTO OrderLines(OrderID, ProductID, Qty, UnitPrice) VALUES (532,21,3,1211);
UPDATE [Order] SET TotalAmount=9650 WHERE OrderID=532;
INSERT INTO Payment(OrderID, PaymentDate, Amount, PaymentMethod, TransactionRef) VALUES (532,'2025-07-19',9650,'Card','TXN151866');
INSERT INTO [Order](CustomerID, OrderDate, Status, TotalAmount) VALUES (54,'2025-07-04','Cancelled',0);
INSERT INTO OrderLines(OrderID, ProductID, Qty, UnitPrice) VALUES (533,21,2,858);
INSERT INTO OrderLines(OrderID, ProductID, Qty, UnitPrice) VALUES (533,45,1,449);
INSERT INTO OrderLines(OrderID, ProductID, Qty, UnitPrice) VALUES (533,32,2,988);
INSERT INTO OrderLines(OrderID, ProductID, Qty, UnitPrice) VALUES (533,21,2,941);
UPDATE [Order] SET TotalAmount=6023 WHERE OrderID=533;
INSERT INTO Payment(OrderID, PaymentDate, Amount, PaymentMethod, TransactionRef) VALUES (533,'2025-07-05',6023,'Card','TXN707292');
INSERT INTO [Order](CustomerID, OrderDate, Status, TotalAmount) VALUES (54,'2025-06-23','Cancelled',0);
INSERT INTO OrderLines(OrderID, ProductID, Qty, UnitPrice) VALUES (534,8,1,1133);
INSERT INTO OrderLines(OrderID, ProductID, Qty, UnitPrice) VALUES (534,17,1,697);
INSERT INTO OrderLines(OrderID, ProductID, Qty, UnitPrice) VALUES (534,43,1,811);
INSERT INTO OrderLines(OrderID, ProductID, Qty, UnitPrice) VALUES (534,1,3,695);
UPDATE [Order] SET TotalAmount=4726 WHERE OrderID=534;
INSERT INTO Payment(OrderID, PaymentDate, Amount, PaymentMethod, TransactionRef) VALUES (534,'2025-06-26',4726,'Cash','TXN842639');
INSERT INTO [Order](CustomerID, OrderDate, Status, TotalAmount) VALUES (54,'2025-06-18','Cancelled',0);
INSERT INTO OrderLines(OrderID, ProductID, Qty, UnitPrice) VALUES (535,4,2,1461);
INSERT INTO OrderLines(OrderID, ProductID, Qty, UnitPrice) VALUES (535,40,3,832);
INSERT INTO OrderLines(OrderID, ProductID, Qty, UnitPrice) VALUES (535,16,2,100);
INSERT INTO OrderLines(OrderID, ProductID, Qty, UnitPrice) VALUES (535,35,3,1168);
UPDATE [Order] SET TotalAmount=9122 WHERE OrderID=535;
INSERT INTO Payment(OrderID, PaymentDate, Amount, PaymentMethod, TransactionRef) VALUES (535,'2025-06-19',9122,'Card','TXN735924');
INSERT INTO [Order](CustomerID, OrderDate, Status, TotalAmount) VALUES (54,'2025-09-13','Cancelled',0);
INSERT INTO OrderLines(OrderID, ProductID, Qty, UnitPrice) VALUES (536,31,2,1147);
INSERT INTO OrderLines(OrderID, ProductID, Qty, UnitPrice) VALUES (536,15,1,1469);
INSERT INTO OrderLines(OrderID, ProductID, Qty, UnitPrice) VALUES (536,45,2,1247);
INSERT INTO OrderLines(OrderID, ProductID, Qty, UnitPrice) VALUES (536,25,3,1398);
UPDATE [Order] SET TotalAmount=10451 WHERE OrderID=536;
INSERT INTO Payment(OrderID, PaymentDate, Amount, PaymentMethod, TransactionRef) VALUES (536,'2025-09-18',10451,'PayPal','TXN731372');
INSERT INTO [Order](CustomerID, OrderDate, Status, TotalAmount) VALUES (54,'2025-10-19','Processing',0);
INSERT INTO OrderLines(OrderID, ProductID, Qty, UnitPrice) VALUES (537,28,2,174);
INSERT INTO OrderLines(OrderID, ProductID, Qty, UnitPrice) VALUES (537,1,2,575);
INSERT INTO OrderLines(OrderID, ProductID, Qty, UnitPrice) VALUES (537,25,3,444);
INSERT INTO OrderLines(OrderID, ProductID, Qty, UnitPrice) VALUES (537,38,3,148);
UPDATE [Order] SET TotalAmount=3274 WHERE OrderID=537;
INSERT INTO Payment(OrderID, PaymentDate, Amount, PaymentMethod, TransactionRef) VALUES (537,'2025-10-22',3274,'PayPal','TXN154139');
INSERT INTO [Order](CustomerID, OrderDate, Status, TotalAmount) VALUES (54,'2025-09-19','Shipped',0);
INSERT INTO OrderLines(OrderID, ProductID, Qty, UnitPrice) VALUES (538,9,3,138);
INSERT INTO OrderLines(OrderID, ProductID, Qty, UnitPrice) VALUES (538,30,3,189);
INSERT INTO OrderLines(OrderID, ProductID, Qty, UnitPrice) VALUES (538,40,2,1164);
INSERT INTO OrderLines(OrderID, ProductID, Qty, UnitPrice) VALUES (538,43,1,914);
UPDATE [Order] SET TotalAmount=4223 WHERE OrderID=538;
INSERT INTO Payment(OrderID, PaymentDate, Amount, PaymentMethod, TransactionRef) VALUES (538,'2025-09-21',4223,'PayPal','TXN111359');
INSERT INTO [Order](CustomerID, OrderDate, Status, TotalAmount) VALUES (54,'2025-08-04','Cancelled',0);
INSERT INTO OrderLines(OrderID, ProductID, Qty, UnitPrice) VALUES (539,43,3,965);
INSERT INTO OrderLines(OrderID, ProductID, Qty, UnitPrice) VALUES (539,4,2,1063);
INSERT INTO OrderLines(OrderID, ProductID, Qty, UnitPrice) VALUES (539,44,2,143);
INSERT INTO OrderLines(OrderID, ProductID, Qty, UnitPrice) VALUES (539,29,1,232);
UPDATE [Order] SET TotalAmount=5539 WHERE OrderID=539;
INSERT INTO Payment(OrderID, PaymentDate, Amount, PaymentMethod, TransactionRef) VALUES (539,'2025-08-09',5539,'Card','TXN553268');
INSERT INTO [Order](CustomerID, OrderDate, Status, TotalAmount) VALUES (54,'2025-05-09','Cancelled',0);
INSERT INTO OrderLines(OrderID, ProductID, Qty, UnitPrice) VALUES (540,47,2,1248);
INSERT INTO OrderLines(OrderID, ProductID, Qty, UnitPrice) VALUES (540,3,2,1067);
INSERT INTO OrderLines(OrderID, ProductID, Qty, UnitPrice) VALUES (540,28,2,711);
INSERT INTO OrderLines(OrderID, ProductID, Qty, UnitPrice) VALUES (540,32,3,389);
UPDATE [Order] SET TotalAmount=7219 WHERE OrderID=540;
INSERT INTO Payment(OrderID, PaymentDate, Amount, PaymentMethod, TransactionRef) VALUES (540,'2025-05-11',7219,'Cash','TXN448396');
INSERT INTO [Order](CustomerID, OrderDate, Status, TotalAmount) VALUES (55,'2025-07-24','Cancelled',0);
INSERT INTO OrderLines(OrderID, ProductID, Qty, UnitPrice) VALUES (541,6,2,191);
INSERT INTO OrderLines(OrderID, ProductID, Qty, UnitPrice) VALUES (541,44,2,1222);
INSERT INTO OrderLines(OrderID, ProductID, Qty, UnitPrice) VALUES (541,6,3,459);
INSERT INTO OrderLines(OrderID, ProductID, Qty, UnitPrice) VALUES (541,11,2,303);
UPDATE [Order] SET TotalAmount=4809 WHERE OrderID=541;
INSERT INTO Payment(OrderID, PaymentDate, Amount, PaymentMethod, TransactionRef) VALUES (541,'2025-07-27',4809,'Card','TXN346942');
INSERT INTO [Order](CustomerID, OrderDate, Status, TotalAmount) VALUES (55,'2025-07-19','Processing',0);
INSERT INTO OrderLines(OrderID, ProductID, Qty, UnitPrice) VALUES (542,48,1,1394);
INSERT INTO OrderLines(OrderID, ProductID, Qty, UnitPrice) VALUES (542,29,2,157);
INSERT INTO OrderLines(OrderID, ProductID, Qty, UnitPrice) VALUES (542,24,1,599);
INSERT INTO OrderLines(OrderID, ProductID, Qty, UnitPrice) VALUES (542,35,2,392);
UPDATE [Order] SET TotalAmount=3091 WHERE OrderID=542;
INSERT INTO Payment(OrderID, PaymentDate, Amount, PaymentMethod, TransactionRef) VALUES (542,'2025-07-19',3091,'PayPal','TXN620757');
INSERT INTO [Order](CustomerID, OrderDate, Status, TotalAmount) VALUES (55,'2025-02-20','Shipped',0);
INSERT INTO OrderLines(OrderID, ProductID, Qty, UnitPrice) VALUES (543,38,3,1469);
INSERT INTO OrderLines(OrderID, ProductID, Qty, UnitPrice) VALUES (543,36,2,1350);
INSERT INTO OrderLines(OrderID, ProductID, Qty, UnitPrice) VALUES (543,13,1,586);
INSERT INTO OrderLines(OrderID, ProductID, Qty, UnitPrice) VALUES (543,42,3,325);
UPDATE [Order] SET TotalAmount=8668 WHERE OrderID=543;
INSERT INTO Payment(OrderID, PaymentDate, Amount, PaymentMethod, TransactionRef) VALUES (543,'2025-02-25',8668,'PayPal','TXN420363');
INSERT INTO [Order](CustomerID, OrderDate, Status, TotalAmount) VALUES (55,'2025-07-04','Delivered',0);
INSERT INTO OrderLines(OrderID, ProductID, Qty, UnitPrice) VALUES (544,30,1,433);
INSERT INTO OrderLines(OrderID, ProductID, Qty, UnitPrice) VALUES (544,44,2,675);
INSERT INTO OrderLines(OrderID, ProductID, Qty, UnitPrice) VALUES (544,8,1,601);
INSERT INTO OrderLines(OrderID, ProductID, Qty, UnitPrice) VALUES (544,45,1,69);
UPDATE [Order] SET TotalAmount=2453 WHERE OrderID=544;
INSERT INTO Payment(OrderID, PaymentDate, Amount, PaymentMethod, TransactionRef) VALUES (544,'2025-07-09',2453,'PayPal','TXN326727');
INSERT INTO [Order](CustomerID, OrderDate, Status, TotalAmount) VALUES (55,'2025-05-29','Cancelled',0);
INSERT INTO OrderLines(OrderID, ProductID, Qty, UnitPrice) VALUES (545,44,2,200);
INSERT INTO OrderLines(OrderID, ProductID, Qty, UnitPrice) VALUES (545,8,3,40);
INSERT INTO OrderLines(OrderID, ProductID, Qty, UnitPrice) VALUES (545,12,2,1220);
INSERT INTO OrderLines(OrderID, ProductID, Qty, UnitPrice) VALUES (545,17,2,267);
UPDATE [Order] SET TotalAmount=3494 WHERE OrderID=545;
INSERT INTO Payment(OrderID, PaymentDate, Amount, PaymentMethod, TransactionRef) VALUES (545,'2025-06-02',3494,'Cash','TXN792845');
INSERT INTO [Order](CustomerID, OrderDate, Status, TotalAmount) VALUES (55,'2025-11-12','Cancelled',0);
INSERT INTO OrderLines(OrderID, ProductID, Qty, UnitPrice) VALUES (546,11,1,180);
INSERT INTO OrderLines(OrderID, ProductID, Qty, UnitPrice) VALUES (546,12,1,1475);
INSERT INTO OrderLines(OrderID, ProductID, Qty, UnitPrice) VALUES (546,20,1,499);
INSERT INTO OrderLines(OrderID, ProductID, Qty, UnitPrice) VALUES (546,37,1,161);
UPDATE [Order] SET TotalAmount=2315 WHERE OrderID=546;
INSERT INTO Payment(OrderID, PaymentDate, Amount, PaymentMethod, TransactionRef) VALUES (546,'2025-11-17',2315,'PayPal','TXN161181');
INSERT INTO [Order](CustomerID, OrderDate, Status, TotalAmount) VALUES (55,'2025-07-27','Processing',0);
INSERT INTO OrderLines(OrderID, ProductID, Qty, UnitPrice) VALUES (547,19,1,300);
INSERT INTO OrderLines(OrderID, ProductID, Qty, UnitPrice) VALUES (547,49,2,1350);
INSERT INTO OrderLines(OrderID, ProductID, Qty, UnitPrice) VALUES (547,11,2,1270);
INSERT INTO OrderLines(OrderID, ProductID, Qty, UnitPrice) VALUES (547,3,3,390);
UPDATE [Order] SET TotalAmount=6710 WHERE OrderID=547;
INSERT INTO Payment(OrderID, PaymentDate, Amount, PaymentMethod, TransactionRef) VALUES (547,'2025-07-31',6710,'PayPal','TXN900596');
INSERT INTO [Order](CustomerID, OrderDate, Status, TotalAmount) VALUES (55,'2025-02-23','Processing',0);
INSERT INTO OrderLines(OrderID, ProductID, Qty, UnitPrice) VALUES (548,2,3,294);
INSERT INTO OrderLines(OrderID, ProductID, Qty, UnitPrice) VALUES (548,33,2,922);
INSERT INTO OrderLines(OrderID, ProductID, Qty, UnitPrice) VALUES (548,3,2,544);
INSERT INTO OrderLines(OrderID, ProductID, Qty, UnitPrice) VALUES (548,8,1,317);
UPDATE [Order] SET TotalAmount=4131 WHERE OrderID=548;
INSERT INTO Payment(OrderID, PaymentDate, Amount, PaymentMethod, TransactionRef) VALUES (548,'2025-02-27',4131,'Cash','TXN910730');
INSERT INTO [Order](CustomerID, OrderDate, Status, TotalAmount) VALUES (55,'2025-10-03','Cancelled',0);
INSERT INTO OrderLines(OrderID, ProductID, Qty, UnitPrice) VALUES (549,24,3,1387);
INSERT INTO OrderLines(OrderID, ProductID, Qty, UnitPrice) VALUES (549,13,2,1458);
INSERT INTO OrderLines(OrderID, ProductID, Qty, UnitPrice) VALUES (549,2,1,312);
INSERT INTO OrderLines(OrderID, ProductID, Qty, UnitPrice) VALUES (549,29,2,739);
UPDATE [Order] SET TotalAmount=8867 WHERE OrderID=549;
INSERT INTO Payment(OrderID, PaymentDate, Amount, PaymentMethod, TransactionRef) VALUES (549,'2025-10-04',8867,'Card','TXN183940');
INSERT INTO [Order](CustomerID, OrderDate, Status, TotalAmount) VALUES (55,'2025-09-23','Cancelled',0);
INSERT INTO OrderLines(OrderID, ProductID, Qty, UnitPrice) VALUES (550,27,1,35);
INSERT INTO OrderLines(OrderID, ProductID, Qty, UnitPrice) VALUES (550,29,2,1471);
INSERT INTO OrderLines(OrderID, ProductID, Qty, UnitPrice) VALUES (550,39,1,244);
INSERT INTO OrderLines(OrderID, ProductID, Qty, UnitPrice) VALUES (550,14,2,186);
UPDATE [Order] SET TotalAmount=3593 WHERE OrderID=550;
INSERT INTO Payment(OrderID, PaymentDate, Amount, PaymentMethod, TransactionRef) VALUES (550,'2025-09-24',3593,'PayPal','TXN941956');
INSERT INTO [Order](CustomerID, OrderDate, Status, TotalAmount) VALUES (56,'2025-05-13','Processing',0);
INSERT INTO OrderLines(OrderID, ProductID, Qty, UnitPrice) VALUES (551,40,1,669);
INSERT INTO OrderLines(OrderID, ProductID, Qty, UnitPrice) VALUES (551,17,2,1156);
INSERT INTO OrderLines(OrderID, ProductID, Qty, UnitPrice) VALUES (551,1,2,329);
INSERT INTO OrderLines(OrderID, ProductID, Qty, UnitPrice) VALUES (551,29,1,448);
UPDATE [Order] SET TotalAmount=4087 WHERE OrderID=551;
INSERT INTO Payment(OrderID, PaymentDate, Amount, PaymentMethod, TransactionRef) VALUES (551,'2025-05-17',4087,'Card','TXN194703');
INSERT INTO [Order](CustomerID, OrderDate, Status, TotalAmount) VALUES (56,'2025-01-02','Delivered',0);
INSERT INTO OrderLines(OrderID, ProductID, Qty, UnitPrice) VALUES (552,32,1,766);
INSERT INTO OrderLines(OrderID, ProductID, Qty, UnitPrice) VALUES (552,22,2,1077);
INSERT INTO OrderLines(OrderID, ProductID, Qty, UnitPrice) VALUES (552,47,3,672);
INSERT INTO OrderLines(OrderID, ProductID, Qty, UnitPrice) VALUES (552,33,1,423);
UPDATE [Order] SET TotalAmount=5359 WHERE OrderID=552;
INSERT INTO Payment(OrderID, PaymentDate, Amount, PaymentMethod, TransactionRef) VALUES (552,'2025-01-04',5359,'PayPal','TXN880261');
INSERT INTO [Order](CustomerID, OrderDate, Status, TotalAmount) VALUES (56,'2025-09-09','Cancelled',0);
INSERT INTO OrderLines(OrderID, ProductID, Qty, UnitPrice) VALUES (553,19,1,305);
INSERT INTO OrderLines(OrderID, ProductID, Qty, UnitPrice) VALUES (553,7,2,271);
INSERT INTO OrderLines(OrderID, ProductID, Qty, UnitPrice) VALUES (553,45,2,1486);
INSERT INTO OrderLines(OrderID, ProductID, Qty, UnitPrice) VALUES (553,41,3,154);
UPDATE [Order] SET TotalAmount=4281 WHERE OrderID=553;
INSERT INTO Payment(OrderID, PaymentDate, Amount, PaymentMethod, TransactionRef) VALUES (553,'2025-09-13',4281,'Cash','TXN710968');
INSERT INTO [Order](CustomerID, OrderDate, Status, TotalAmount) VALUES (56,'2025-08-03','Delivered',0);
INSERT INTO OrderLines(OrderID, ProductID, Qty, UnitPrice) VALUES (554,34,1,492);
INSERT INTO OrderLines(OrderID, ProductID, Qty, UnitPrice) VALUES (554,31,3,1082);
INSERT INTO OrderLines(OrderID, ProductID, Qty, UnitPrice) VALUES (554,15,3,936);
INSERT INTO OrderLines(OrderID, ProductID, Qty, UnitPrice) VALUES (554,40,2,1278);
UPDATE [Order] SET TotalAmount=9102 WHERE OrderID=554;
INSERT INTO Payment(OrderID, PaymentDate, Amount, PaymentMethod, TransactionRef) VALUES (554,'2025-08-08',9102,'Cash','TXN891433');
INSERT INTO [Order](CustomerID, OrderDate, Status, TotalAmount) VALUES (56,'2025-01-12','Delivered',0);
INSERT INTO OrderLines(OrderID, ProductID, Qty, UnitPrice) VALUES (555,44,1,1392);
INSERT INTO OrderLines(OrderID, ProductID, Qty, UnitPrice) VALUES (555,20,2,1039);
INSERT INTO OrderLines(OrderID, ProductID, Qty, UnitPrice) VALUES (555,1,1,112);
INSERT INTO OrderLines(OrderID, ProductID, Qty, UnitPrice) VALUES (555,27,2,1104);
UPDATE [Order] SET TotalAmount=5790 WHERE OrderID=555;
INSERT INTO Payment(OrderID, PaymentDate, Amount, PaymentMethod, TransactionRef) VALUES (555,'2025-01-13',5790,'Cash','TXN872799');
INSERT INTO [Order](CustomerID, OrderDate, Status, TotalAmount) VALUES (56,'2025-02-24','Cancelled',0);
INSERT INTO OrderLines(OrderID, ProductID, Qty, UnitPrice) VALUES (556,40,2,479);
INSERT INTO OrderLines(OrderID, ProductID, Qty, UnitPrice) VALUES (556,35,3,1107);
INSERT INTO OrderLines(OrderID, ProductID, Qty, UnitPrice) VALUES (556,12,3,1024);
INSERT INTO OrderLines(OrderID, ProductID, Qty, UnitPrice) VALUES (556,46,3,249);
UPDATE [Order] SET TotalAmount=8098 WHERE OrderID=556;
INSERT INTO Payment(OrderID, PaymentDate, Amount, PaymentMethod, TransactionRef) VALUES (556,'2025-02-25',8098,'Card','TXN808407');
INSERT INTO [Order](CustomerID, OrderDate, Status, TotalAmount) VALUES (56,'2025-10-20','Processing',0);
INSERT INTO OrderLines(OrderID, ProductID, Qty, UnitPrice) VALUES (557,24,2,145);
INSERT INTO OrderLines(OrderID, ProductID, Qty, UnitPrice) VALUES (557,9,3,696);
INSERT INTO OrderLines(OrderID, ProductID, Qty, UnitPrice) VALUES (557,46,1,724);
INSERT INTO OrderLines(OrderID, ProductID, Qty, UnitPrice) VALUES (557,12,3,1124);
UPDATE [Order] SET TotalAmount=6474 WHERE OrderID=557;
INSERT INTO Payment(OrderID, PaymentDate, Amount, PaymentMethod, TransactionRef) VALUES (557,'2025-10-24',6474,'PayPal','TXN624316');
INSERT INTO [Order](CustomerID, OrderDate, Status, TotalAmount) VALUES (56,'2025-12-22','Delivered',0);
INSERT INTO OrderLines(OrderID, ProductID, Qty, UnitPrice) VALUES (558,14,1,732);
INSERT INTO OrderLines(OrderID, ProductID, Qty, UnitPrice) VALUES (558,23,1,476);
INSERT INTO OrderLines(OrderID, ProductID, Qty, UnitPrice) VALUES (558,31,2,594);
INSERT INTO OrderLines(OrderID, ProductID, Qty, UnitPrice) VALUES (558,3,2,661);
UPDATE [Order] SET TotalAmount=3718 WHERE OrderID=558;
INSERT INTO Payment(OrderID, PaymentDate, Amount, PaymentMethod, TransactionRef) VALUES (558,'2025-12-24',3718,'Card','TXN132178');
INSERT INTO [Order](CustomerID, OrderDate, Status, TotalAmount) VALUES (56,'2025-07-08','Cancelled',0);
INSERT INTO OrderLines(OrderID, ProductID, Qty, UnitPrice) VALUES (559,42,1,897);
INSERT INTO OrderLines(OrderID, ProductID, Qty, UnitPrice) VALUES (559,20,1,1125);
INSERT INTO OrderLines(OrderID, ProductID, Qty, UnitPrice) VALUES (559,25,2,577);
INSERT INTO OrderLines(OrderID, ProductID, Qty, UnitPrice) VALUES (559,19,3,773);
UPDATE [Order] SET TotalAmount=5495 WHERE OrderID=559;
INSERT INTO Payment(OrderID, PaymentDate, Amount, PaymentMethod, TransactionRef) VALUES (559,'2025-07-08',5495,'Card','TXN545160');
INSERT INTO [Order](CustomerID, OrderDate, Status, TotalAmount) VALUES (56,'2025-12-25','Delivered',0);
INSERT INTO OrderLines(OrderID, ProductID, Qty, UnitPrice) VALUES (560,12,3,776);
INSERT INTO OrderLines(OrderID, ProductID, Qty, UnitPrice) VALUES (560,49,3,134);
INSERT INTO OrderLines(OrderID, ProductID, Qty, UnitPrice) VALUES (560,43,1,937);
INSERT INTO OrderLines(OrderID, ProductID, Qty, UnitPrice) VALUES (560,5,3,1234);
UPDATE [Order] SET TotalAmount=7369 WHERE OrderID=560;
INSERT INTO Payment(OrderID, PaymentDate, Amount, PaymentMethod, TransactionRef) VALUES (560,'2025-12-27',7369,'Card','TXN365890');
INSERT INTO [Order](CustomerID, OrderDate, Status, TotalAmount) VALUES (57,'2025-11-22','Cancelled',0);
INSERT INTO OrderLines(OrderID, ProductID, Qty, UnitPrice) VALUES (561,5,1,666);
INSERT INTO OrderLines(OrderID, ProductID, Qty, UnitPrice) VALUES (561,21,1,1014);
INSERT INTO OrderLines(OrderID, ProductID, Qty, UnitPrice) VALUES (561,4,3,1481);
INSERT INTO OrderLines(OrderID, ProductID, Qty, UnitPrice) VALUES (561,7,1,1315);
UPDATE [Order] SET TotalAmount=7438 WHERE OrderID=561;
INSERT INTO Payment(OrderID, PaymentDate, Amount, PaymentMethod, TransactionRef) VALUES (561,'2025-11-26',7438,'Card','TXN566696');
INSERT INTO [Order](CustomerID, OrderDate, Status, TotalAmount) VALUES (57,'2025-12-11','Cancelled',0);
INSERT INTO OrderLines(OrderID, ProductID, Qty, UnitPrice) VALUES (562,19,1,1040);
INSERT INTO OrderLines(OrderID, ProductID, Qty, UnitPrice) VALUES (562,16,1,20);
INSERT INTO OrderLines(OrderID, ProductID, Qty, UnitPrice) VALUES (562,9,2,86);
INSERT INTO OrderLines(OrderID, ProductID, Qty, UnitPrice) VALUES (562,30,3,273);
UPDATE [Order] SET TotalAmount=2051 WHERE OrderID=562;
INSERT INTO Payment(OrderID, PaymentDate, Amount, PaymentMethod, TransactionRef) VALUES (562,'2025-12-15',2051,'Card','TXN368269');
INSERT INTO [Order](CustomerID, OrderDate, Status, TotalAmount) VALUES (57,'2025-01-26','Processing',0);
INSERT INTO OrderLines(OrderID, ProductID, Qty, UnitPrice) VALUES (563,44,3,669);
INSERT INTO OrderLines(OrderID, ProductID, Qty, UnitPrice) VALUES (563,46,1,599);
INSERT INTO OrderLines(OrderID, ProductID, Qty, UnitPrice) VALUES (563,29,2,975);
INSERT INTO OrderLines(OrderID, ProductID, Qty, UnitPrice) VALUES (563,38,1,914);
UPDATE [Order] SET TotalAmount=5470 WHERE OrderID=563;
INSERT INTO Payment(OrderID, PaymentDate, Amount, PaymentMethod, TransactionRef) VALUES (563,'2025-01-30',5470,'PayPal','TXN687563');
INSERT INTO [Order](CustomerID, OrderDate, Status, TotalAmount) VALUES (57,'2025-02-13','Delivered',0);
INSERT INTO OrderLines(OrderID, ProductID, Qty, UnitPrice) VALUES (564,46,1,348);
INSERT INTO OrderLines(OrderID, ProductID, Qty, UnitPrice) VALUES (564,29,1,108);
INSERT INTO OrderLines(OrderID, ProductID, Qty, UnitPrice) VALUES (564,3,3,133);
INSERT INTO OrderLines(OrderID, ProductID, Qty, UnitPrice) VALUES (564,48,1,1329);
UPDATE [Order] SET TotalAmount=2184 WHERE OrderID=564;
INSERT INTO Payment(OrderID, PaymentDate, Amount, PaymentMethod, TransactionRef) VALUES (564,'2025-02-13',2184,'Card','TXN536458');
INSERT INTO [Order](CustomerID, OrderDate, Status, TotalAmount) VALUES (57,'2025-08-24','Cancelled',0);
INSERT INTO OrderLines(OrderID, ProductID, Qty, UnitPrice) VALUES (565,10,2,294);
INSERT INTO OrderLines(OrderID, ProductID, Qty, UnitPrice) VALUES (565,3,2,74);
INSERT INTO OrderLines(OrderID, ProductID, Qty, UnitPrice) VALUES (565,2,3,498);
INSERT INTO OrderLines(OrderID, ProductID, Qty, UnitPrice) VALUES (565,28,3,445);
UPDATE [Order] SET TotalAmount=3565 WHERE OrderID=565;
INSERT INTO Payment(OrderID, PaymentDate, Amount, PaymentMethod, TransactionRef) VALUES (565,'2025-08-26',3565,'PayPal','TXN356312');
INSERT INTO [Order](CustomerID, OrderDate, Status, TotalAmount) VALUES (57,'2025-03-01','Delivered',0);
INSERT INTO OrderLines(OrderID, ProductID, Qty, UnitPrice) VALUES (566,40,2,735);
INSERT INTO OrderLines(OrderID, ProductID, Qty, UnitPrice) VALUES (566,27,2,744);
INSERT INTO OrderLines(OrderID, ProductID, Qty, UnitPrice) VALUES (566,22,1,891);
INSERT INTO OrderLines(OrderID, ProductID, Qty, UnitPrice) VALUES (566,20,3,85);
UPDATE [Order] SET TotalAmount=4104 WHERE OrderID=566;
INSERT INTO Payment(OrderID, PaymentDate, Amount, PaymentMethod, TransactionRef) VALUES (566,'2025-03-05',4104,'Card','TXN552227');
INSERT INTO [Order](CustomerID, OrderDate, Status, TotalAmount) VALUES (57,'2025-12-16','Delivered',0);
INSERT INTO OrderLines(OrderID, ProductID, Qty, UnitPrice) VALUES (567,19,3,1392);
INSERT INTO OrderLines(OrderID, ProductID, Qty, UnitPrice) VALUES (567,50,1,421);
INSERT INTO OrderLines(OrderID, ProductID, Qty, UnitPrice) VALUES (567,33,1,1031);
INSERT INTO OrderLines(OrderID, ProductID, Qty, UnitPrice) VALUES (567,41,1,547);
UPDATE [Order] SET TotalAmount=6175 WHERE OrderID=567;
INSERT INTO Payment(OrderID, PaymentDate, Amount, PaymentMethod, TransactionRef) VALUES (567,'2025-12-18',6175,'Cash','TXN601688');
INSERT INTO [Order](CustomerID, OrderDate, Status, TotalAmount) VALUES (57,'2025-09-13','Processing',0);
INSERT INTO OrderLines(OrderID, ProductID, Qty, UnitPrice) VALUES (568,47,1,1198);
INSERT INTO OrderLines(OrderID, ProductID, Qty, UnitPrice) VALUES (568,34,3,788);
INSERT INTO OrderLines(OrderID, ProductID, Qty, UnitPrice) VALUES (568,18,2,1478);
INSERT INTO OrderLines(OrderID, ProductID, Qty, UnitPrice) VALUES (568,43,1,853);
UPDATE [Order] SET TotalAmount=7371 WHERE OrderID=568;
INSERT INTO Payment(OrderID, PaymentDate, Amount, PaymentMethod, TransactionRef) VALUES (568,'2025-09-17',7371,'Cash','TXN974867');
INSERT INTO [Order](CustomerID, OrderDate, Status, TotalAmount) VALUES (57,'2025-08-31','Processing',0);
INSERT INTO OrderLines(OrderID, ProductID, Qty, UnitPrice) VALUES (569,14,3,632);
INSERT INTO OrderLines(OrderID, ProductID, Qty, UnitPrice) VALUES (569,4,2,1364);
INSERT INTO OrderLines(OrderID, ProductID, Qty, UnitPrice) VALUES (569,6,1,575);
INSERT INTO OrderLines(OrderID, ProductID, Qty, UnitPrice) VALUES (569,41,1,630);
UPDATE [Order] SET TotalAmount=5829 WHERE OrderID=569;
INSERT INTO Payment(OrderID, PaymentDate, Amount, PaymentMethod, TransactionRef) VALUES (569,'2025-09-01',5829,'PayPal','TXN913940');
INSERT INTO [Order](CustomerID, OrderDate, Status, TotalAmount) VALUES (57,'2025-11-03','Cancelled',0);
INSERT INTO OrderLines(OrderID, ProductID, Qty, UnitPrice) VALUES (570,35,2,546);
INSERT INTO OrderLines(OrderID, ProductID, Qty, UnitPrice) VALUES (570,2,1,818);
INSERT INTO OrderLines(OrderID, ProductID, Qty, UnitPrice) VALUES (570,48,2,240);
INSERT INTO OrderLines(OrderID, ProductID, Qty, UnitPrice) VALUES (570,12,2,1065);
UPDATE [Order] SET TotalAmount=4520 WHERE OrderID=570;
INSERT INTO Payment(OrderID, PaymentDate, Amount, PaymentMethod, TransactionRef) VALUES (570,'2025-11-07',4520,'Cash','TXN469446');
INSERT INTO [Order](CustomerID, OrderDate, Status, TotalAmount) VALUES (58,'2025-03-28','Shipped',0);
INSERT INTO OrderLines(OrderID, ProductID, Qty, UnitPrice) VALUES (571,11,1,843);
INSERT INTO OrderLines(OrderID, ProductID, Qty, UnitPrice) VALUES (571,29,3,997);
INSERT INTO OrderLines(OrderID, ProductID, Qty, UnitPrice) VALUES (571,45,3,1472);
INSERT INTO OrderLines(OrderID, ProductID, Qty, UnitPrice) VALUES (571,25,1,302);
UPDATE [Order] SET TotalAmount=8552 WHERE OrderID=571;
INSERT INTO Payment(OrderID, PaymentDate, Amount, PaymentMethod, TransactionRef) VALUES (571,'2025-03-30',8552,'Card','TXN349239');
INSERT INTO [Order](CustomerID, OrderDate, Status, TotalAmount) VALUES (58,'2025-12-04','Cancelled',0);
INSERT INTO OrderLines(OrderID, ProductID, Qty, UnitPrice) VALUES (572,29,2,520);
INSERT INTO OrderLines(OrderID, ProductID, Qty, UnitPrice) VALUES (572,47,3,1343);
INSERT INTO OrderLines(OrderID, ProductID, Qty, UnitPrice) VALUES (572,12,2,234);
INSERT INTO OrderLines(OrderID, ProductID, Qty, UnitPrice) VALUES (572,15,3,1480);
UPDATE [Order] SET TotalAmount=9977 WHERE OrderID=572;
INSERT INTO Payment(OrderID, PaymentDate, Amount, PaymentMethod, TransactionRef) VALUES (572,'2025-12-06',9977,'Cash','TXN883298');
INSERT INTO [Order](CustomerID, OrderDate, Status, TotalAmount) VALUES (58,'2025-03-31','Cancelled',0);
INSERT INTO OrderLines(OrderID, ProductID, Qty, UnitPrice) VALUES (573,40,3,970);
INSERT INTO OrderLines(OrderID, ProductID, Qty, UnitPrice) VALUES (573,37,3,162);
INSERT INTO OrderLines(OrderID, ProductID, Qty, UnitPrice) VALUES (573,17,2,667);
INSERT INTO OrderLines(OrderID, ProductID, Qty, UnitPrice) VALUES (573,22,3,855);
UPDATE [Order] SET TotalAmount=7295 WHERE OrderID=573;
INSERT INTO Payment(OrderID, PaymentDate, Amount, PaymentMethod, TransactionRef) VALUES (573,'2025-04-04',7295,'Cash','TXN691963');
INSERT INTO [Order](CustomerID, OrderDate, Status, TotalAmount) VALUES (58,'2025-03-01','Shipped',0);
INSERT INTO OrderLines(OrderID, ProductID, Qty, UnitPrice) VALUES (574,12,2,1065);
INSERT INTO OrderLines(OrderID, ProductID, Qty, UnitPrice) VALUES (574,37,2,391);
INSERT INTO OrderLines(OrderID, ProductID, Qty, UnitPrice) VALUES (574,28,2,1189);
INSERT INTO OrderLines(OrderID, ProductID, Qty, UnitPrice) VALUES (574,44,3,858);
UPDATE [Order] SET TotalAmount=7864 WHERE OrderID=574;
INSERT INTO Payment(OrderID, PaymentDate, Amount, PaymentMethod, TransactionRef) VALUES (574,'2025-03-05',7864,'Card','TXN476963');
INSERT INTO [Order](CustomerID, OrderDate, Status, TotalAmount) VALUES (58,'2025-09-11','Processing',0);
INSERT INTO OrderLines(OrderID, ProductID, Qty, UnitPrice) VALUES (575,29,2,950);
INSERT INTO OrderLines(OrderID, ProductID, Qty, UnitPrice) VALUES (575,40,3,465);
INSERT INTO OrderLines(OrderID, ProductID, Qty, UnitPrice) VALUES (575,37,3,1209);
INSERT INTO OrderLines(OrderID, ProductID, Qty, UnitPrice) VALUES (575,43,1,631);
UPDATE [Order] SET TotalAmount=7553 WHERE OrderID=575;
INSERT INTO Payment(OrderID, PaymentDate, Amount, PaymentMethod, TransactionRef) VALUES (575,'2025-09-12',7553,'Cash','TXN996873');
INSERT INTO [Order](CustomerID, OrderDate, Status, TotalAmount) VALUES (58,'2025-01-09','Shipped',0);
INSERT INTO OrderLines(OrderID, ProductID, Qty, UnitPrice) VALUES (576,49,2,741);
INSERT INTO OrderLines(OrderID, ProductID, Qty, UnitPrice) VALUES (576,50,3,176);
INSERT INTO OrderLines(OrderID, ProductID, Qty, UnitPrice) VALUES (576,34,2,945);
INSERT INTO OrderLines(OrderID, ProductID, Qty, UnitPrice) VALUES (576,19,3,457);
UPDATE [Order] SET TotalAmount=5271 WHERE OrderID=576;
INSERT INTO Payment(OrderID, PaymentDate, Amount, PaymentMethod, TransactionRef) VALUES (576,'2025-01-12',5271,'Cash','TXN464818');
INSERT INTO [Order](CustomerID, OrderDate, Status, TotalAmount) VALUES (58,'2025-10-15','Shipped',0);
INSERT INTO OrderLines(OrderID, ProductID, Qty, UnitPrice) VALUES (577,19,1,916);
INSERT INTO OrderLines(OrderID, ProductID, Qty, UnitPrice) VALUES (577,24,3,1244);
INSERT INTO OrderLines(OrderID, ProductID, Qty, UnitPrice) VALUES (577,5,2,264);
INSERT INTO OrderLines(OrderID, ProductID, Qty, UnitPrice) VALUES (577,30,3,874);
UPDATE [Order] SET TotalAmount=7798 WHERE OrderID=577;
INSERT INTO Payment(OrderID, PaymentDate, Amount, PaymentMethod, TransactionRef) VALUES (577,'2025-10-20',7798,'Cash','TXN789993');
INSERT INTO [Order](CustomerID, OrderDate, Status, TotalAmount) VALUES (58,'2025-11-18','Cancelled',0);
INSERT INTO OrderLines(OrderID, ProductID, Qty, UnitPrice) VALUES (578,21,3,1256);
INSERT INTO OrderLines(OrderID, ProductID, Qty, UnitPrice) VALUES (578,26,3,1131);
INSERT INTO OrderLines(OrderID, ProductID, Qty, UnitPrice) VALUES (578,40,1,498);
INSERT INTO OrderLines(OrderID, ProductID, Qty, UnitPrice) VALUES (578,28,2,1231);
UPDATE [Order] SET TotalAmount=10121 WHERE OrderID=578;
INSERT INTO Payment(OrderID, PaymentDate, Amount, PaymentMethod, TransactionRef) VALUES (578,'2025-11-21',10121,'Cash','TXN641743');
INSERT INTO [Order](CustomerID, OrderDate, Status, TotalAmount) VALUES (58,'2025-03-21','Delivered',0);
INSERT INTO OrderLines(OrderID, ProductID, Qty, UnitPrice) VALUES (579,38,3,1085);
INSERT INTO OrderLines(OrderID, ProductID, Qty, UnitPrice) VALUES (579,18,3,577);
INSERT INTO OrderLines(OrderID, ProductID, Qty, UnitPrice) VALUES (579,4,3,1496);
INSERT INTO OrderLines(OrderID, ProductID, Qty, UnitPrice) VALUES (579,21,1,180);
UPDATE [Order] SET TotalAmount=9654 WHERE OrderID=579;
INSERT INTO Payment(OrderID, PaymentDate, Amount, PaymentMethod, TransactionRef) VALUES (579,'2025-03-21',9654,'Cash','TXN316779');
INSERT INTO [Order](CustomerID, OrderDate, Status, TotalAmount) VALUES (58,'2025-09-06','Cancelled',0);
INSERT INTO OrderLines(OrderID, ProductID, Qty, UnitPrice) VALUES (580,25,3,1478);
INSERT INTO OrderLines(OrderID, ProductID, Qty, UnitPrice) VALUES (580,25,1,366);
INSERT INTO OrderLines(OrderID, ProductID, Qty, UnitPrice) VALUES (580,15,2,53);
INSERT INTO OrderLines(OrderID, ProductID, Qty, UnitPrice) VALUES (580,17,3,1243);
UPDATE [Order] SET TotalAmount=8635 WHERE OrderID=580;
INSERT INTO Payment(OrderID, PaymentDate, Amount, PaymentMethod, TransactionRef) VALUES (580,'2025-09-10',8635,'Cash','TXN224731');
INSERT INTO [Order](CustomerID, OrderDate, Status, TotalAmount) VALUES (59,'2025-09-18','Delivered',0);
INSERT INTO OrderLines(OrderID, ProductID, Qty, UnitPrice) VALUES (581,39,1,1420);
INSERT INTO OrderLines(OrderID, ProductID, Qty, UnitPrice) VALUES (581,10,3,1251);
INSERT INTO OrderLines(OrderID, ProductID, Qty, UnitPrice) VALUES (581,34,2,35);
INSERT INTO OrderLines(OrderID, ProductID, Qty, UnitPrice) VALUES (581,47,1,637);
UPDATE [Order] SET TotalAmount=5880 WHERE OrderID=581;
INSERT INTO Payment(OrderID, PaymentDate, Amount, PaymentMethod, TransactionRef) VALUES (581,'2025-09-23',5880,'PayPal','TXN759746');
INSERT INTO [Order](CustomerID, OrderDate, Status, TotalAmount) VALUES (59,'2025-10-10','Shipped',0);
INSERT INTO OrderLines(OrderID, ProductID, Qty, UnitPrice) VALUES (582,14,1,1076);
INSERT INTO OrderLines(OrderID, ProductID, Qty, UnitPrice) VALUES (582,18,2,1272);
INSERT INTO OrderLines(OrderID, ProductID, Qty, UnitPrice) VALUES (582,48,1,865);
INSERT INTO OrderLines(OrderID, ProductID, Qty, UnitPrice) VALUES (582,27,3,1391);
UPDATE [Order] SET TotalAmount=8658 WHERE OrderID=582;
INSERT INTO Payment(OrderID, PaymentDate, Amount, PaymentMethod, TransactionRef) VALUES (582,'2025-10-14',8658,'PayPal','TXN610311');
INSERT INTO [Order](CustomerID, OrderDate, Status, TotalAmount) VALUES (59,'2025-05-05','Cancelled',0);
INSERT INTO OrderLines(OrderID, ProductID, Qty, UnitPrice) VALUES (583,7,1,282);
INSERT INTO OrderLines(OrderID, ProductID, Qty, UnitPrice) VALUES (583,8,2,603);
INSERT INTO OrderLines(OrderID, ProductID, Qty, UnitPrice) VALUES (583,43,1,551);
INSERT INTO OrderLines(OrderID, ProductID, Qty, UnitPrice) VALUES (583,31,3,233);
UPDATE [Order] SET TotalAmount=2738 WHERE OrderID=583;
INSERT INTO Payment(OrderID, PaymentDate, Amount, PaymentMethod, TransactionRef) VALUES (583,'2025-05-10',2738,'Card','TXN130901');
INSERT INTO [Order](CustomerID, OrderDate, Status, TotalAmount) VALUES (59,'2025-04-15','Delivered',0);
INSERT INTO OrderLines(OrderID, ProductID, Qty, UnitPrice) VALUES (584,47,1,1272);
INSERT INTO OrderLines(OrderID, ProductID, Qty, UnitPrice) VALUES (584,20,2,809);
INSERT INTO OrderLines(OrderID, ProductID, Qty, UnitPrice) VALUES (584,29,3,1050);
INSERT INTO OrderLines(OrderID, ProductID, Qty, UnitPrice) VALUES (584,26,2,1233);
UPDATE [Order] SET TotalAmount=8506 WHERE OrderID=584;
INSERT INTO Payment(OrderID, PaymentDate, Amount, PaymentMethod, TransactionRef) VALUES (584,'2025-04-16',8506,'Cash','TXN450603');
INSERT INTO [Order](CustomerID, OrderDate, Status, TotalAmount) VALUES (59,'2025-05-23','Shipped',0);
INSERT INTO OrderLines(OrderID, ProductID, Qty, UnitPrice) VALUES (585,35,3,246);
INSERT INTO OrderLines(OrderID, ProductID, Qty, UnitPrice) VALUES (585,42,3,283);
INSERT INTO OrderLines(OrderID, ProductID, Qty, UnitPrice) VALUES (585,8,3,310);
INSERT INTO OrderLines(OrderID, ProductID, Qty, UnitPrice) VALUES (585,46,1,695);
UPDATE [Order] SET TotalAmount=3212 WHERE OrderID=585;
INSERT INTO Payment(OrderID, PaymentDate, Amount, PaymentMethod, TransactionRef) VALUES (585,'2025-05-27',3212,'PayPal','TXN947812');
INSERT INTO [Order](CustomerID, OrderDate, Status, TotalAmount) VALUES (59,'2025-12-14','Processing',0);
INSERT INTO OrderLines(OrderID, ProductID, Qty, UnitPrice) VALUES (586,4,1,594);
INSERT INTO OrderLines(OrderID, ProductID, Qty, UnitPrice) VALUES (586,18,3,729);
INSERT INTO OrderLines(OrderID, ProductID, Qty, UnitPrice) VALUES (586,4,2,450);
INSERT INTO OrderLines(OrderID, ProductID, Qty, UnitPrice) VALUES (586,27,2,1098);
UPDATE [Order] SET TotalAmount=5877 WHERE OrderID=586;
INSERT INTO Payment(OrderID, PaymentDate, Amount, PaymentMethod, TransactionRef) VALUES (586,'2025-12-17',5877,'Cash','TXN928643');
INSERT INTO [Order](CustomerID, OrderDate, Status, TotalAmount) VALUES (59,'2025-11-08','Delivered',0);
INSERT INTO OrderLines(OrderID, ProductID, Qty, UnitPrice) VALUES (587,10,1,1088);
INSERT INTO OrderLines(OrderID, ProductID, Qty, UnitPrice) VALUES (587,29,3,481);
INSERT INTO OrderLines(OrderID, ProductID, Qty, UnitPrice) VALUES (587,5,2,331);
INSERT INTO OrderLines(OrderID, ProductID, Qty, UnitPrice) VALUES (587,30,2,533);
UPDATE [Order] SET TotalAmount=4259 WHERE OrderID=587;
INSERT INTO Payment(OrderID, PaymentDate, Amount, PaymentMethod, TransactionRef) VALUES (587,'2025-11-12',4259,'Cash','TXN771669');
INSERT INTO [Order](CustomerID, OrderDate, Status, TotalAmount) VALUES (59,'2025-04-02','Processing',0);
INSERT INTO OrderLines(OrderID, ProductID, Qty, UnitPrice) VALUES (588,15,3,1005);
INSERT INTO OrderLines(OrderID, ProductID, Qty, UnitPrice) VALUES (588,39,3,967);
INSERT INTO OrderLines(OrderID, ProductID, Qty, UnitPrice) VALUES (588,32,1,1231);
INSERT INTO OrderLines(OrderID, ProductID, Qty, UnitPrice) VALUES (588,44,2,43);
UPDATE [Order] SET TotalAmount=7233 WHERE OrderID=588;
INSERT INTO Payment(OrderID, PaymentDate, Amount, PaymentMethod, TransactionRef) VALUES (588,'2025-04-07',7233,'Card','TXN557331');
INSERT INTO [Order](CustomerID, OrderDate, Status, TotalAmount) VALUES (59,'2025-01-22','Cancelled',0);
INSERT INTO OrderLines(OrderID, ProductID, Qty, UnitPrice) VALUES (589,46,1,350);
INSERT INTO OrderLines(OrderID, ProductID, Qty, UnitPrice) VALUES (589,44,1,597);
INSERT INTO OrderLines(OrderID, ProductID, Qty, UnitPrice) VALUES (589,4,1,1482);
INSERT INTO OrderLines(OrderID, ProductID, Qty, UnitPrice) VALUES (589,26,3,249);
UPDATE [Order] SET TotalAmount=3176 WHERE OrderID=589;
INSERT INTO Payment(OrderID, PaymentDate, Amount, PaymentMethod, TransactionRef) VALUES (589,'2025-01-27',3176,'Cash','TXN215705');
INSERT INTO [Order](CustomerID, OrderDate, Status, TotalAmount) VALUES (59,'2025-07-12','Cancelled',0);
INSERT INTO OrderLines(OrderID, ProductID, Qty, UnitPrice) VALUES (590,34,3,42);
INSERT INTO OrderLines(OrderID, ProductID, Qty, UnitPrice) VALUES (590,6,2,635);
INSERT INTO OrderLines(OrderID, ProductID, Qty, UnitPrice) VALUES (590,15,2,677);
INSERT INTO OrderLines(OrderID, ProductID, Qty, UnitPrice) VALUES (590,28,1,556);
UPDATE [Order] SET TotalAmount=3306 WHERE OrderID=590;
INSERT INTO Payment(OrderID, PaymentDate, Amount, PaymentMethod, TransactionRef) VALUES (590,'2025-07-15',3306,'Cash','TXN475415');
INSERT INTO [Order](CustomerID, OrderDate, Status, TotalAmount) VALUES (60,'2025-07-18','Cancelled',0);
INSERT INTO OrderLines(OrderID, ProductID, Qty, UnitPrice) VALUES (591,50,3,341);
INSERT INTO OrderLines(OrderID, ProductID, Qty, UnitPrice) VALUES (591,30,3,879);
INSERT INTO OrderLines(OrderID, ProductID, Qty, UnitPrice) VALUES (591,37,3,926);
INSERT INTO OrderLines(OrderID, ProductID, Qty, UnitPrice) VALUES (591,43,2,907);
UPDATE [Order] SET TotalAmount=8252 WHERE OrderID=591;
INSERT INTO Payment(OrderID, PaymentDate, Amount, PaymentMethod, TransactionRef) VALUES (591,'2025-07-19',8252,'PayPal','TXN823901');
INSERT INTO [Order](CustomerID, OrderDate, Status, TotalAmount) VALUES (60,'2025-02-11','Cancelled',0);
INSERT INTO OrderLines(OrderID, ProductID, Qty, UnitPrice) VALUES (592,29,1,970);
INSERT INTO OrderLines(OrderID, ProductID, Qty, UnitPrice) VALUES (592,21,2,536);
INSERT INTO OrderLines(OrderID, ProductID, Qty, UnitPrice) VALUES (592,38,3,466);
INSERT INTO OrderLines(OrderID, ProductID, Qty, UnitPrice) VALUES (592,43,2,423);
UPDATE [Order] SET TotalAmount=4286 WHERE OrderID=592;
INSERT INTO Payment(OrderID, PaymentDate, Amount, PaymentMethod, TransactionRef) VALUES (592,'2025-02-15',4286,'PayPal','TXN325969');
INSERT INTO [Order](CustomerID, OrderDate, Status, TotalAmount) VALUES (60,'2025-04-10','Processing',0);
INSERT INTO OrderLines(OrderID, ProductID, Qty, UnitPrice) VALUES (593,4,1,1179);
INSERT INTO OrderLines(OrderID, ProductID, Qty, UnitPrice) VALUES (593,40,2,1446);
INSERT INTO OrderLines(OrderID, ProductID, Qty, UnitPrice) VALUES (593,38,1,1041);
INSERT INTO OrderLines(OrderID, ProductID, Qty, UnitPrice) VALUES (593,22,3,836);
UPDATE [Order] SET TotalAmount=7620 WHERE OrderID=593;
INSERT INTO Payment(OrderID, PaymentDate, Amount, PaymentMethod, TransactionRef) VALUES (593,'2025-04-12',7620,'PayPal','TXN553264');
INSERT INTO [Order](CustomerID, OrderDate, Status, TotalAmount) VALUES (60,'2025-05-08','Delivered',0);
INSERT INTO OrderLines(OrderID, ProductID, Qty, UnitPrice) VALUES (594,31,3,1015);
INSERT INTO OrderLines(OrderID, ProductID, Qty, UnitPrice) VALUES (594,41,3,424);
INSERT INTO OrderLines(OrderID, ProductID, Qty, UnitPrice) VALUES (594,37,2,866);
INSERT INTO OrderLines(OrderID, ProductID, Qty, UnitPrice) VALUES (594,15,2,1351);
UPDATE [Order] SET TotalAmount=8751 WHERE OrderID=594;
INSERT INTO Payment(OrderID, PaymentDate, Amount, PaymentMethod, TransactionRef) VALUES (594,'2025-05-08',8751,'Cash','TXN610709');
INSERT INTO [Order](CustomerID, OrderDate, Status, TotalAmount) VALUES (60,'2025-06-20','Shipped',0);
INSERT INTO OrderLines(OrderID, ProductID, Qty, UnitPrice) VALUES (595,38,1,442);
INSERT INTO OrderLines(OrderID, ProductID, Qty, UnitPrice) VALUES (595,37,3,973);
INSERT INTO OrderLines(OrderID, ProductID, Qty, UnitPrice) VALUES (595,49,1,1381);
INSERT INTO OrderLines(OrderID, ProductID, Qty, UnitPrice) VALUES (595,22,1,627);
UPDATE [Order] SET TotalAmount=5369 WHERE OrderID=595;
INSERT INTO Payment(OrderID, PaymentDate, Amount, PaymentMethod, TransactionRef) VALUES (595,'2025-06-25',5369,'Card','TXN607448');
INSERT INTO [Order](CustomerID, OrderDate, Status, TotalAmount) VALUES (60,'2025-10-20','Delivered',0);
INSERT INTO OrderLines(OrderID, ProductID, Qty, UnitPrice) VALUES (596,39,1,196);
INSERT INTO OrderLines(OrderID, ProductID, Qty, UnitPrice) VALUES (596,7,1,446);
INSERT INTO OrderLines(OrderID, ProductID, Qty, UnitPrice) VALUES (596,15,2,532);
INSERT INTO OrderLines(OrderID, ProductID, Qty, UnitPrice) VALUES (596,35,3,630);
UPDATE [Order] SET TotalAmount=3596 WHERE OrderID=596;
INSERT INTO Payment(OrderID, PaymentDate, Amount, PaymentMethod, TransactionRef) VALUES (596,'2025-10-24',3596,'Card','TXN940637');
INSERT INTO [Order](CustomerID, OrderDate, Status, TotalAmount) VALUES (60,'2025-02-02','Cancelled',0);
INSERT INTO OrderLines(OrderID, ProductID, Qty, UnitPrice) VALUES (597,26,3,586);
INSERT INTO OrderLines(OrderID, ProductID, Qty, UnitPrice) VALUES (597,47,3,75);
INSERT INTO OrderLines(OrderID, ProductID, Qty, UnitPrice) VALUES (597,18,3,1327);
INSERT INTO OrderLines(OrderID, ProductID, Qty, UnitPrice) VALUES (597,18,1,1422);
UPDATE [Order] SET TotalAmount=7386 WHERE OrderID=597;
INSERT INTO Payment(OrderID, PaymentDate, Amount, PaymentMethod, TransactionRef) VALUES (597,'2025-02-05',7386,'Card','TXN508143');
INSERT INTO [Order](CustomerID, OrderDate, Status, TotalAmount) VALUES (60,'2025-11-06','Shipped',0);
INSERT INTO OrderLines(OrderID, ProductID, Qty, UnitPrice) VALUES (598,15,3,334);
INSERT INTO OrderLines(OrderID, ProductID, Qty, UnitPrice) VALUES (598,27,2,115);
INSERT INTO OrderLines(OrderID, ProductID, Qty, UnitPrice) VALUES (598,20,1,1279);
INSERT INTO OrderLines(OrderID, ProductID, Qty, UnitPrice) VALUES (598,49,3,1152);
UPDATE [Order] SET TotalAmount=5967 WHERE OrderID=598;
INSERT INTO Payment(OrderID, PaymentDate, Amount, PaymentMethod, TransactionRef) VALUES (598,'2025-11-06',5967,'PayPal','TXN570898');
INSERT INTO [Order](CustomerID, OrderDate, Status, TotalAmount) VALUES (60,'2025-03-16','Shipped',0);
INSERT INTO OrderLines(OrderID, ProductID, Qty, UnitPrice) VALUES (599,12,1,753);
INSERT INTO OrderLines(OrderID, ProductID, Qty, UnitPrice) VALUES (599,33,3,308);
INSERT INTO OrderLines(OrderID, ProductID, Qty, UnitPrice) VALUES (599,7,1,332);
INSERT INTO OrderLines(OrderID, ProductID, Qty, UnitPrice) VALUES (599,37,1,789);
UPDATE [Order] SET TotalAmount=2798 WHERE OrderID=599;
INSERT INTO Payment(OrderID, PaymentDate, Amount, PaymentMethod, TransactionRef) VALUES (599,'2025-03-17',2798,'Cash','TXN684070');
INSERT INTO [Order](CustomerID, OrderDate, Status, TotalAmount) VALUES (60,'2025-07-15','Delivered',0);
INSERT INTO OrderLines(OrderID, ProductID, Qty, UnitPrice) VALUES (600,49,3,648);
INSERT INTO OrderLines(OrderID, ProductID, Qty, UnitPrice) VALUES (600,50,3,630);
INSERT INTO OrderLines(OrderID, ProductID, Qty, UnitPrice) VALUES (600,17,1,1094);
INSERT INTO OrderLines(OrderID, ProductID, Qty, UnitPrice) VALUES (600,1,2,153);
UPDATE [Order] SET TotalAmount=5234 WHERE OrderID=600;
INSERT INTO Payment(OrderID, PaymentDate, Amount, PaymentMethod, TransactionRef) VALUES (600,'2025-07-17',5234,'Card','TXN970824');
INSERT INTO [Order](CustomerID, OrderDate, Status, TotalAmount) VALUES (61,'2025-09-03','Delivered',0);
INSERT INTO OrderLines(OrderID, ProductID, Qty, UnitPrice) VALUES (601,41,3,591);
INSERT INTO OrderLines(OrderID, ProductID, Qty, UnitPrice) VALUES (601,16,3,1336);
INSERT INTO OrderLines(OrderID, ProductID, Qty, UnitPrice) VALUES (601,37,1,1006);
INSERT INTO OrderLines(OrderID, ProductID, Qty, UnitPrice) VALUES (601,31,2,486);
UPDATE [Order] SET TotalAmount=7759 WHERE OrderID=601;
INSERT INTO Payment(OrderID, PaymentDate, Amount, PaymentMethod, TransactionRef) VALUES (601,'2025-09-07',7759,'Cash','TXN730334');
INSERT INTO [Order](CustomerID, OrderDate, Status, TotalAmount) VALUES (61,'2025-08-12','Cancelled',0);
INSERT INTO OrderLines(OrderID, ProductID, Qty, UnitPrice) VALUES (602,35,2,550);
INSERT INTO OrderLines(OrderID, ProductID, Qty, UnitPrice) VALUES (602,44,3,1497);
INSERT INTO OrderLines(OrderID, ProductID, Qty, UnitPrice) VALUES (602,29,3,1156);
INSERT INTO OrderLines(OrderID, ProductID, Qty, UnitPrice) VALUES (602,13,2,167);
UPDATE [Order] SET TotalAmount=9393 WHERE OrderID=602;
INSERT INTO Payment(OrderID, PaymentDate, Amount, PaymentMethod, TransactionRef) VALUES (602,'2025-08-13',9393,'Card','TXN798937');
INSERT INTO [Order](CustomerID, OrderDate, Status, TotalAmount) VALUES (61,'2025-05-21','Processing',0);
INSERT INTO OrderLines(OrderID, ProductID, Qty, UnitPrice) VALUES (603,28,1,1235);
INSERT INTO OrderLines(OrderID, ProductID, Qty, UnitPrice) VALUES (603,13,1,1093);
INSERT INTO OrderLines(OrderID, ProductID, Qty, UnitPrice) VALUES (603,8,2,770);
INSERT INTO OrderLines(OrderID, ProductID, Qty, UnitPrice) VALUES (603,39,1,1287);
UPDATE [Order] SET TotalAmount=5155 WHERE OrderID=603;
INSERT INTO Payment(OrderID, PaymentDate, Amount, PaymentMethod, TransactionRef) VALUES (603,'2025-05-21',5155,'Card','TXN263441');
INSERT INTO [Order](CustomerID, OrderDate, Status, TotalAmount) VALUES (61,'2025-09-12','Cancelled',0);
INSERT INTO OrderLines(OrderID, ProductID, Qty, UnitPrice) VALUES (604,34,3,1183);
INSERT INTO OrderLines(OrderID, ProductID, Qty, UnitPrice) VALUES (604,22,2,1260);
INSERT INTO OrderLines(OrderID, ProductID, Qty, UnitPrice) VALUES (604,7,2,747);
INSERT INTO OrderLines(OrderID, ProductID, Qty, UnitPrice) VALUES (604,43,2,1359);
UPDATE [Order] SET TotalAmount=10281 WHERE OrderID=604;
INSERT INTO Payment(OrderID, PaymentDate, Amount, PaymentMethod, TransactionRef) VALUES (604,'2025-09-17',10281,'PayPal','TXN711172');
INSERT INTO [Order](CustomerID, OrderDate, Status, TotalAmount) VALUES (61,'2025-06-18','Shipped',0);
INSERT INTO OrderLines(OrderID, ProductID, Qty, UnitPrice) VALUES (605,19,2,32);
INSERT INTO OrderLines(OrderID, ProductID, Qty, UnitPrice) VALUES (605,26,1,488);
INSERT INTO OrderLines(OrderID, ProductID, Qty, UnitPrice) VALUES (605,23,2,1500);
INSERT INTO OrderLines(OrderID, ProductID, Qty, UnitPrice) VALUES (605,17,1,74);
UPDATE [Order] SET TotalAmount=3626 WHERE OrderID=605;
INSERT INTO Payment(OrderID, PaymentDate, Amount, PaymentMethod, TransactionRef) VALUES (605,'2025-06-23',3626,'PayPal','TXN721102');
INSERT INTO [Order](CustomerID, OrderDate, Status, TotalAmount) VALUES (61,'2025-04-05','Processing',0);
INSERT INTO OrderLines(OrderID, ProductID, Qty, UnitPrice) VALUES (606,23,3,618);
INSERT INTO OrderLines(OrderID, ProductID, Qty, UnitPrice) VALUES (606,36,3,1217);
INSERT INTO OrderLines(OrderID, ProductID, Qty, UnitPrice) VALUES (606,45,2,1381);
INSERT INTO OrderLines(OrderID, ProductID, Qty, UnitPrice) VALUES (606,8,2,403);
UPDATE [Order] SET TotalAmount=9073 WHERE OrderID=606;
INSERT INTO Payment(OrderID, PaymentDate, Amount, PaymentMethod, TransactionRef) VALUES (606,'2025-04-10',9073,'Card','TXN270389');
INSERT INTO [Order](CustomerID, OrderDate, Status, TotalAmount) VALUES (61,'2025-05-28','Processing',0);
INSERT INTO OrderLines(OrderID, ProductID, Qty, UnitPrice) VALUES (607,35,2,1367);
INSERT INTO OrderLines(OrderID, ProductID, Qty, UnitPrice) VALUES (607,31,2,1155);
INSERT INTO OrderLines(OrderID, ProductID, Qty, UnitPrice) VALUES (607,17,3,318);
INSERT INTO OrderLines(OrderID, ProductID, Qty, UnitPrice) VALUES (607,32,2,1116);
UPDATE [Order] SET TotalAmount=8230 WHERE OrderID=607;
INSERT INTO Payment(OrderID, PaymentDate, Amount, PaymentMethod, TransactionRef) VALUES (607,'2025-05-29',8230,'PayPal','TXN674117');
INSERT INTO [Order](CustomerID, OrderDate, Status, TotalAmount) VALUES (61,'2025-10-08','Shipped',0);
INSERT INTO OrderLines(OrderID, ProductID, Qty, UnitPrice) VALUES (608,42,1,924);
INSERT INTO OrderLines(OrderID, ProductID, Qty, UnitPrice) VALUES (608,7,1,76);
INSERT INTO OrderLines(OrderID, ProductID, Qty, UnitPrice) VALUES (608,4,2,1068);
INSERT INTO OrderLines(OrderID, ProductID, Qty, UnitPrice) VALUES (608,5,1,1264);
UPDATE [Order] SET TotalAmount=4400 WHERE OrderID=608;
INSERT INTO Payment(OrderID, PaymentDate, Amount, PaymentMethod, TransactionRef) VALUES (608,'2025-10-09',4400,'Cash','TXN646033');
INSERT INTO [Order](CustomerID, OrderDate, Status, TotalAmount) VALUES (61,'2025-08-09','Delivered',0);
INSERT INTO OrderLines(OrderID, ProductID, Qty, UnitPrice) VALUES (609,30,3,329);
INSERT INTO OrderLines(OrderID, ProductID, Qty, UnitPrice) VALUES (609,18,3,138);
INSERT INTO OrderLines(OrderID, ProductID, Qty, UnitPrice) VALUES (609,15,3,1341);
INSERT INTO OrderLines(OrderID, ProductID, Qty, UnitPrice) VALUES (609,34,3,383);
UPDATE [Order] SET TotalAmount=6573 WHERE OrderID=609;
INSERT INTO Payment(OrderID, PaymentDate, Amount, PaymentMethod, TransactionRef) VALUES (609,'2025-08-12',6573,'PayPal','TXN594439');
INSERT INTO [Order](CustomerID, OrderDate, Status, TotalAmount) VALUES (61,'2025-02-15','Cancelled',0);
INSERT INTO OrderLines(OrderID, ProductID, Qty, UnitPrice) VALUES (610,17,2,318);
INSERT INTO OrderLines(OrderID, ProductID, Qty, UnitPrice) VALUES (610,31,2,1422);
INSERT INTO OrderLines(OrderID, ProductID, Qty, UnitPrice) VALUES (610,32,2,82);
INSERT INTO OrderLines(OrderID, ProductID, Qty, UnitPrice) VALUES (610,39,2,410);
UPDATE [Order] SET TotalAmount=4464 WHERE OrderID=610;
INSERT INTO Payment(OrderID, PaymentDate, Amount, PaymentMethod, TransactionRef) VALUES (610,'2025-02-17',4464,'Card','TXN416657');
INSERT INTO [Order](CustomerID, OrderDate, Status, TotalAmount) VALUES (62,'2025-08-20','Delivered',0);
INSERT INTO OrderLines(OrderID, ProductID, Qty, UnitPrice) VALUES (611,26,1,190);
INSERT INTO OrderLines(OrderID, ProductID, Qty, UnitPrice) VALUES (611,34,3,973);
INSERT INTO OrderLines(OrderID, ProductID, Qty, UnitPrice) VALUES (611,46,3,918);
INSERT INTO OrderLines(OrderID, ProductID, Qty, UnitPrice) VALUES (611,10,1,1010);
UPDATE [Order] SET TotalAmount=6873 WHERE OrderID=611;
INSERT INTO Payment(OrderID, PaymentDate, Amount, PaymentMethod, TransactionRef) VALUES (611,'2025-08-21',6873,'Cash','TXN179828');
INSERT INTO [Order](CustomerID, OrderDate, Status, TotalAmount) VALUES (62,'2025-11-02','Delivered',0);
INSERT INTO OrderLines(OrderID, ProductID, Qty, UnitPrice) VALUES (612,8,3,461);
INSERT INTO OrderLines(OrderID, ProductID, Qty, UnitPrice) VALUES (612,6,1,1096);
INSERT INTO OrderLines(OrderID, ProductID, Qty, UnitPrice) VALUES (612,42,1,146);
INSERT INTO OrderLines(OrderID, ProductID, Qty, UnitPrice) VALUES (612,2,1,1438);
UPDATE [Order] SET TotalAmount=4063 WHERE OrderID=612;
INSERT INTO Payment(OrderID, PaymentDate, Amount, PaymentMethod, TransactionRef) VALUES (612,'2025-11-03',4063,'Cash','TXN286955');
INSERT INTO [Order](CustomerID, OrderDate, Status, TotalAmount) VALUES (62,'2025-04-16','Processing',0);
INSERT INTO OrderLines(OrderID, ProductID, Qty, UnitPrice) VALUES (613,37,1,53);
INSERT INTO OrderLines(OrderID, ProductID, Qty, UnitPrice) VALUES (613,3,1,572);
INSERT INTO OrderLines(OrderID, ProductID, Qty, UnitPrice) VALUES (613,39,3,795);
INSERT INTO OrderLines(OrderID, ProductID, Qty, UnitPrice) VALUES (613,39,1,913);
UPDATE [Order] SET TotalAmount=3923 WHERE OrderID=613;
INSERT INTO Payment(OrderID, PaymentDate, Amount, PaymentMethod, TransactionRef) VALUES (613,'2025-04-20',3923,'PayPal','TXN876253');
INSERT INTO [Order](CustomerID, OrderDate, Status, TotalAmount) VALUES (62,'2025-06-07','Cancelled',0);
INSERT INTO OrderLines(OrderID, ProductID, Qty, UnitPrice) VALUES (614,3,3,129);
INSERT INTO OrderLines(OrderID, ProductID, Qty, UnitPrice) VALUES (614,12,2,988);
INSERT INTO OrderLines(OrderID, ProductID, Qty, UnitPrice) VALUES (614,8,3,1335);
INSERT INTO OrderLines(OrderID, ProductID, Qty, UnitPrice) VALUES (614,28,3,631);
UPDATE [Order] SET TotalAmount=8261 WHERE OrderID=614;
INSERT INTO Payment(OrderID, PaymentDate, Amount, PaymentMethod, TransactionRef) VALUES (614,'2025-06-12',8261,'Card','TXN103044');
INSERT INTO [Order](CustomerID, OrderDate, Status, TotalAmount) VALUES (62,'2025-04-05','Delivered',0);
INSERT INTO OrderLines(OrderID, ProductID, Qty, UnitPrice) VALUES (615,38,1,1405);
INSERT INTO OrderLines(OrderID, ProductID, Qty, UnitPrice) VALUES (615,50,2,960);
INSERT INTO OrderLines(OrderID, ProductID, Qty, UnitPrice) VALUES (615,1,2,1181);
INSERT INTO OrderLines(OrderID, ProductID, Qty, UnitPrice) VALUES (615,16,2,64);
UPDATE [Order] SET TotalAmount=5815 WHERE OrderID=615;
INSERT INTO Payment(OrderID, PaymentDate, Amount, PaymentMethod, TransactionRef) VALUES (615,'2025-04-08',5815,'Card','TXN213296');
INSERT INTO [Order](CustomerID, OrderDate, Status, TotalAmount) VALUES (62,'2025-03-18','Processing',0);
INSERT INTO OrderLines(OrderID, ProductID, Qty, UnitPrice) VALUES (616,25,2,1324);
INSERT INTO OrderLines(OrderID, ProductID, Qty, UnitPrice) VALUES (616,29,2,445);
INSERT INTO OrderLines(OrderID, ProductID, Qty, UnitPrice) VALUES (616,34,1,1293);
INSERT INTO OrderLines(OrderID, ProductID, Qty, UnitPrice) VALUES (616,24,3,141);
UPDATE [Order] SET TotalAmount=5254 WHERE OrderID=616;
INSERT INTO Payment(OrderID, PaymentDate, Amount, PaymentMethod, TransactionRef) VALUES (616,'2025-03-23',5254,'Cash','TXN919521');
INSERT INTO [Order](CustomerID, OrderDate, Status, TotalAmount) VALUES (62,'2025-05-17','Shipped',0);
INSERT INTO OrderLines(OrderID, ProductID, Qty, UnitPrice) VALUES (617,45,1,971);
INSERT INTO OrderLines(OrderID, ProductID, Qty, UnitPrice) VALUES (617,50,3,465);
INSERT INTO OrderLines(OrderID, ProductID, Qty, UnitPrice) VALUES (617,49,2,493);
INSERT INTO OrderLines(OrderID, ProductID, Qty, UnitPrice) VALUES (617,36,2,611);
UPDATE [Order] SET TotalAmount=4574 WHERE OrderID=617;
INSERT INTO Payment(OrderID, PaymentDate, Amount, PaymentMethod, TransactionRef) VALUES (617,'2025-05-17',4574,'Cash','TXN565785');
INSERT INTO [Order](CustomerID, OrderDate, Status, TotalAmount) VALUES (62,'2025-03-13','Cancelled',0);
INSERT INTO OrderLines(OrderID, ProductID, Qty, UnitPrice) VALUES (618,47,1,1491);
INSERT INTO OrderLines(OrderID, ProductID, Qty, UnitPrice) VALUES (618,8,1,473);
INSERT INTO OrderLines(OrderID, ProductID, Qty, UnitPrice) VALUES (618,8,2,642);
INSERT INTO OrderLines(OrderID, ProductID, Qty, UnitPrice) VALUES (618,27,1,197);
UPDATE [Order] SET TotalAmount=3445 WHERE OrderID=618;
INSERT INTO Payment(OrderID, PaymentDate, Amount, PaymentMethod, TransactionRef) VALUES (618,'2025-03-15',3445,'PayPal','TXN688119');
INSERT INTO [Order](CustomerID, OrderDate, Status, TotalAmount) VALUES (62,'2025-05-23','Shipped',0);
INSERT INTO OrderLines(OrderID, ProductID, Qty, UnitPrice) VALUES (619,25,2,929);
INSERT INTO OrderLines(OrderID, ProductID, Qty, UnitPrice) VALUES (619,8,3,197);
INSERT INTO OrderLines(OrderID, ProductID, Qty, UnitPrice) VALUES (619,21,3,100);
INSERT INTO OrderLines(OrderID, ProductID, Qty, UnitPrice) VALUES (619,40,1,995);
UPDATE [Order] SET TotalAmount=3744 WHERE OrderID=619;
INSERT INTO Payment(OrderID, PaymentDate, Amount, PaymentMethod, TransactionRef) VALUES (619,'2025-05-28',3744,'Card','TXN619525');
INSERT INTO [Order](CustomerID, OrderDate, Status, TotalAmount) VALUES (62,'2025-06-20','Cancelled',0);
INSERT INTO OrderLines(OrderID, ProductID, Qty, UnitPrice) VALUES (620,25,3,318);
INSERT INTO OrderLines(OrderID, ProductID, Qty, UnitPrice) VALUES (620,6,3,1038);
INSERT INTO OrderLines(OrderID, ProductID, Qty, UnitPrice) VALUES (620,12,1,449);
INSERT INTO OrderLines(OrderID, ProductID, Qty, UnitPrice) VALUES (620,1,2,1199);
UPDATE [Order] SET TotalAmount=6915 WHERE OrderID=620;
INSERT INTO Payment(OrderID, PaymentDate, Amount, PaymentMethod, TransactionRef) VALUES (620,'2025-06-25',6915,'Cash','TXN763783');
INSERT INTO [Order](CustomerID, OrderDate, Status, TotalAmount) VALUES (63,'2025-05-28','Delivered',0);
INSERT INTO OrderLines(OrderID, ProductID, Qty, UnitPrice) VALUES (621,49,3,1322);
INSERT INTO OrderLines(OrderID, ProductID, Qty, UnitPrice) VALUES (621,20,3,456);
INSERT INTO OrderLines(OrderID, ProductID, Qty, UnitPrice) VALUES (621,30,1,626);
INSERT INTO OrderLines(OrderID, ProductID, Qty, UnitPrice) VALUES (621,24,2,44);
UPDATE [Order] SET TotalAmount=6048 WHERE OrderID=621;
INSERT INTO Payment(OrderID, PaymentDate, Amount, PaymentMethod, TransactionRef) VALUES (621,'2025-06-01',6048,'PayPal','TXN437628');
INSERT INTO [Order](CustomerID, OrderDate, Status, TotalAmount) VALUES (63,'2025-07-01','Processing',0);
INSERT INTO OrderLines(OrderID, ProductID, Qty, UnitPrice) VALUES (622,15,1,757);
INSERT INTO OrderLines(OrderID, ProductID, Qty, UnitPrice) VALUES (622,43,1,943);
INSERT INTO OrderLines(OrderID, ProductID, Qty, UnitPrice) VALUES (622,50,3,488);
INSERT INTO OrderLines(OrderID, ProductID, Qty, UnitPrice) VALUES (622,37,2,666);
UPDATE [Order] SET TotalAmount=4496 WHERE OrderID=622;
INSERT INTO Payment(OrderID, PaymentDate, Amount, PaymentMethod, TransactionRef) VALUES (622,'2025-07-01',4496,'Cash','TXN223478');
INSERT INTO [Order](CustomerID, OrderDate, Status, TotalAmount) VALUES (63,'2025-02-11','Processing',0);
INSERT INTO OrderLines(OrderID, ProductID, Qty, UnitPrice) VALUES (623,34,1,1278);
INSERT INTO OrderLines(OrderID, ProductID, Qty, UnitPrice) VALUES (623,49,3,625);
INSERT INTO OrderLines(OrderID, ProductID, Qty, UnitPrice) VALUES (623,41,1,677);
INSERT INTO OrderLines(OrderID, ProductID, Qty, UnitPrice) VALUES (623,46,3,1141);
UPDATE [Order] SET TotalAmount=7253 WHERE OrderID=623;
INSERT INTO Payment(OrderID, PaymentDate, Amount, PaymentMethod, TransactionRef) VALUES (623,'2025-02-12',7253,'Card','TXN688388');
INSERT INTO [Order](CustomerID, OrderDate, Status, TotalAmount) VALUES (63,'2025-02-28','Cancelled',0);
INSERT INTO OrderLines(OrderID, ProductID, Qty, UnitPrice) VALUES (624,35,1,739);
INSERT INTO OrderLines(OrderID, ProductID, Qty, UnitPrice) VALUES (624,32,1,654);
INSERT INTO OrderLines(OrderID, ProductID, Qty, UnitPrice) VALUES (624,20,2,811);
INSERT INTO OrderLines(OrderID, ProductID, Qty, UnitPrice) VALUES (624,45,1,219);
UPDATE [Order] SET TotalAmount=3234 WHERE OrderID=624;
INSERT INTO Payment(OrderID, PaymentDate, Amount, PaymentMethod, TransactionRef) VALUES (624,'2025-02-28',3234,'Card','TXN266137');
INSERT INTO [Order](CustomerID, OrderDate, Status, TotalAmount) VALUES (63,'2025-06-24','Delivered',0);
INSERT INTO OrderLines(OrderID, ProductID, Qty, UnitPrice) VALUES (625,36,2,78);
INSERT INTO OrderLines(OrderID, ProductID, Qty, UnitPrice) VALUES (625,41,1,286);
INSERT INTO OrderLines(OrderID, ProductID, Qty, UnitPrice) VALUES (625,21,2,1337);
INSERT INTO OrderLines(OrderID, ProductID, Qty, UnitPrice) VALUES (625,17,1,730);
UPDATE [Order] SET TotalAmount=3846 WHERE OrderID=625;
INSERT INTO Payment(OrderID, PaymentDate, Amount, PaymentMethod, TransactionRef) VALUES (625,'2025-06-26',3846,'Card','TXN527946');
INSERT INTO [Order](CustomerID, OrderDate, Status, TotalAmount) VALUES (63,'2025-11-07','Cancelled',0);
INSERT INTO OrderLines(OrderID, ProductID, Qty, UnitPrice) VALUES (626,20,2,826);
INSERT INTO OrderLines(OrderID, ProductID, Qty, UnitPrice) VALUES (626,14,2,460);
INSERT INTO OrderLines(OrderID, ProductID, Qty, UnitPrice) VALUES (626,13,1,442);
INSERT INTO OrderLines(OrderID, ProductID, Qty, UnitPrice) VALUES (626,15,3,476);
UPDATE [Order] SET TotalAmount=4442 WHERE OrderID=626;
INSERT INTO Payment(OrderID, PaymentDate, Amount, PaymentMethod, TransactionRef) VALUES (626,'2025-11-09',4442,'Cash','TXN188293');
INSERT INTO [Order](CustomerID, OrderDate, Status, TotalAmount) VALUES (63,'2025-04-09','Processing',0);
INSERT INTO OrderLines(OrderID, ProductID, Qty, UnitPrice) VALUES (627,15,1,946);
INSERT INTO OrderLines(OrderID, ProductID, Qty, UnitPrice) VALUES (627,50,1,1452);
INSERT INTO OrderLines(OrderID, ProductID, Qty, UnitPrice) VALUES (627,20,2,52);
INSERT INTO OrderLines(OrderID, ProductID, Qty, UnitPrice) VALUES (627,10,2,1032);
UPDATE [Order] SET TotalAmount=4566 WHERE OrderID=627;
INSERT INTO Payment(OrderID, PaymentDate, Amount, PaymentMethod, TransactionRef) VALUES (627,'2025-04-11',4566,'Cash','TXN593740');
INSERT INTO [Order](CustomerID, OrderDate, Status, TotalAmount) VALUES (63,'2025-08-18','Delivered',0);
INSERT INTO OrderLines(OrderID, ProductID, Qty, UnitPrice) VALUES (628,13,2,706);
INSERT INTO OrderLines(OrderID, ProductID, Qty, UnitPrice) VALUES (628,19,2,289);
INSERT INTO OrderLines(OrderID, ProductID, Qty, UnitPrice) VALUES (628,23,3,303);
INSERT INTO OrderLines(OrderID, ProductID, Qty, UnitPrice) VALUES (628,38,2,557);
UPDATE [Order] SET TotalAmount=4013 WHERE OrderID=628;
INSERT INTO Payment(OrderID, PaymentDate, Amount, PaymentMethod, TransactionRef) VALUES (628,'2025-08-20',4013,'PayPal','TXN308074');
INSERT INTO [Order](CustomerID, OrderDate, Status, TotalAmount) VALUES (63,'2025-04-23','Delivered',0);
INSERT INTO OrderLines(OrderID, ProductID, Qty, UnitPrice) VALUES (629,38,3,462);
INSERT INTO OrderLines(OrderID, ProductID, Qty, UnitPrice) VALUES (629,41,1,795);
INSERT INTO OrderLines(OrderID, ProductID, Qty, UnitPrice) VALUES (629,20,2,1131);
INSERT INTO OrderLines(OrderID, ProductID, Qty, UnitPrice) VALUES (629,27,3,1366);
UPDATE [Order] SET TotalAmount=8541 WHERE OrderID=629;
INSERT INTO Payment(OrderID, PaymentDate, Amount, PaymentMethod, TransactionRef) VALUES (629,'2025-04-28',8541,'PayPal','TXN775795');
INSERT INTO [Order](CustomerID, OrderDate, Status, TotalAmount) VALUES (63,'2025-09-15','Shipped',0);
INSERT INTO OrderLines(OrderID, ProductID, Qty, UnitPrice) VALUES (630,31,2,337);
INSERT INTO OrderLines(OrderID, ProductID, Qty, UnitPrice) VALUES (630,20,2,1494);
INSERT INTO OrderLines(OrderID, ProductID, Qty, UnitPrice) VALUES (630,7,3,797);
INSERT INTO OrderLines(OrderID, ProductID, Qty, UnitPrice) VALUES (630,30,3,135);
UPDATE [Order] SET TotalAmount=6458 WHERE OrderID=630;
INSERT INTO Payment(OrderID, PaymentDate, Amount, PaymentMethod, TransactionRef) VALUES (630,'2025-09-17',6458,'PayPal','TXN416563');
INSERT INTO [Order](CustomerID, OrderDate, Status, TotalAmount) VALUES (64,'2025-01-29','Processing',0);
INSERT INTO OrderLines(OrderID, ProductID, Qty, UnitPrice) VALUES (631,22,2,207);
INSERT INTO OrderLines(OrderID, ProductID, Qty, UnitPrice) VALUES (631,30,2,1453);
INSERT INTO OrderLines(OrderID, ProductID, Qty, UnitPrice) VALUES (631,12,3,922);
INSERT INTO OrderLines(OrderID, ProductID, Qty, UnitPrice) VALUES (631,42,2,1086);
UPDATE [Order] SET TotalAmount=8258 WHERE OrderID=631;
INSERT INTO Payment(OrderID, PaymentDate, Amount, PaymentMethod, TransactionRef) VALUES (631,'2025-01-30',8258,'PayPal','TXN729423');
INSERT INTO [Order](CustomerID, OrderDate, Status, TotalAmount) VALUES (64,'2025-06-20','Processing',0);
INSERT INTO OrderLines(OrderID, ProductID, Qty, UnitPrice) VALUES (632,24,2,529);
INSERT INTO OrderLines(OrderID, ProductID, Qty, UnitPrice) VALUES (632,5,1,1027);
INSERT INTO OrderLines(OrderID, ProductID, Qty, UnitPrice) VALUES (632,15,2,1421);
INSERT INTO OrderLines(OrderID, ProductID, Qty, UnitPrice) VALUES (632,32,3,756);
UPDATE [Order] SET TotalAmount=7195 WHERE OrderID=632;
INSERT INTO Payment(OrderID, PaymentDate, Amount, PaymentMethod, TransactionRef) VALUES (632,'2025-06-20',7195,'Cash','TXN766962');
INSERT INTO [Order](CustomerID, OrderDate, Status, TotalAmount) VALUES (64,'2025-12-12','Delivered',0);
INSERT INTO OrderLines(OrderID, ProductID, Qty, UnitPrice) VALUES (633,19,2,319);
INSERT INTO OrderLines(OrderID, ProductID, Qty, UnitPrice) VALUES (633,36,3,570);
INSERT INTO OrderLines(OrderID, ProductID, Qty, UnitPrice) VALUES (633,2,3,26);
INSERT INTO OrderLines(OrderID, ProductID, Qty, UnitPrice) VALUES (633,16,2,717);
UPDATE [Order] SET TotalAmount=3860 WHERE OrderID=633;
INSERT INTO Payment(OrderID, PaymentDate, Amount, PaymentMethod, TransactionRef) VALUES (633,'2025-12-16',3860,'Card','TXN649792');
INSERT INTO [Order](CustomerID, OrderDate, Status, TotalAmount) VALUES (64,'2025-08-15','Processing',0);
INSERT INTO OrderLines(OrderID, ProductID, Qty, UnitPrice) VALUES (634,6,3,527);
INSERT INTO OrderLines(OrderID, ProductID, Qty, UnitPrice) VALUES (634,26,3,1289);
INSERT INTO OrderLines(OrderID, ProductID, Qty, UnitPrice) VALUES (634,6,2,1092);
INSERT INTO OrderLines(OrderID, ProductID, Qty, UnitPrice) VALUES (634,4,3,1286);
UPDATE [Order] SET TotalAmount=11490 WHERE OrderID=634;
INSERT INTO Payment(OrderID, PaymentDate, Amount, PaymentMethod, TransactionRef) VALUES (634,'2025-08-15',11490,'Cash','TXN612003');
INSERT INTO [Order](CustomerID, OrderDate, Status, TotalAmount) VALUES (64,'2025-05-08','Cancelled',0);
INSERT INTO OrderLines(OrderID, ProductID, Qty, UnitPrice) VALUES (635,16,1,276);
INSERT INTO OrderLines(OrderID, ProductID, Qty, UnitPrice) VALUES (635,36,1,54);
INSERT INTO OrderLines(OrderID, ProductID, Qty, UnitPrice) VALUES (635,25,2,757);
INSERT INTO OrderLines(OrderID, ProductID, Qty, UnitPrice) VALUES (635,20,3,157);
UPDATE [Order] SET TotalAmount=2315 WHERE OrderID=635;
INSERT INTO Payment(OrderID, PaymentDate, Amount, PaymentMethod, TransactionRef) VALUES (635,'2025-05-09',2315,'PayPal','TXN994104');
INSERT INTO [Order](CustomerID, OrderDate, Status, TotalAmount) VALUES (64,'2025-04-28','Shipped',0);
INSERT INTO OrderLines(OrderID, ProductID, Qty, UnitPrice) VALUES (636,12,2,39);
INSERT INTO OrderLines(OrderID, ProductID, Qty, UnitPrice) VALUES (636,45,3,650);
INSERT INTO OrderLines(OrderID, ProductID, Qty, UnitPrice) VALUES (636,47,1,466);
INSERT INTO OrderLines(OrderID, ProductID, Qty, UnitPrice) VALUES (636,6,3,716);
UPDATE [Order] SET TotalAmount=4642 WHERE OrderID=636;
INSERT INTO Payment(OrderID, PaymentDate, Amount, PaymentMethod, TransactionRef) VALUES (636,'2025-05-01',4642,'Cash','TXN814885');
INSERT INTO [Order](CustomerID, OrderDate, Status, TotalAmount) VALUES (64,'2025-01-19','Shipped',0);
INSERT INTO OrderLines(OrderID, ProductID, Qty, UnitPrice) VALUES (637,26,3,397);
INSERT INTO OrderLines(OrderID, ProductID, Qty, UnitPrice) VALUES (637,10,1,232);
INSERT INTO OrderLines(OrderID, ProductID, Qty, UnitPrice) VALUES (637,25,1,140);
INSERT INTO OrderLines(OrderID, ProductID, Qty, UnitPrice) VALUES (637,38,3,1224);
UPDATE [Order] SET TotalAmount=5235 WHERE OrderID=637;
INSERT INTO Payment(OrderID, PaymentDate, Amount, PaymentMethod, TransactionRef) VALUES (637,'2025-01-24',5235,'Cash','TXN604152');
INSERT INTO [Order](CustomerID, OrderDate, Status, TotalAmount) VALUES (64,'2025-09-16','Shipped',0);
INSERT INTO OrderLines(OrderID, ProductID, Qty, UnitPrice) VALUES (638,32,2,1023);
INSERT INTO OrderLines(OrderID, ProductID, Qty, UnitPrice) VALUES (638,4,1,1254);
INSERT INTO OrderLines(OrderID, ProductID, Qty, UnitPrice) VALUES (638,33,1,488);
INSERT INTO OrderLines(OrderID, ProductID, Qty, UnitPrice) VALUES (638,12,1,619);
UPDATE [Order] SET TotalAmount=4407 WHERE OrderID=638;
INSERT INTO Payment(OrderID, PaymentDate, Amount, PaymentMethod, TransactionRef) VALUES (638,'2025-09-17',4407,'Card','TXN701171');
INSERT INTO [Order](CustomerID, OrderDate, Status, TotalAmount) VALUES (64,'2025-07-30','Delivered',0);
INSERT INTO OrderLines(OrderID, ProductID, Qty, UnitPrice) VALUES (639,14,1,631);
INSERT INTO OrderLines(OrderID, ProductID, Qty, UnitPrice) VALUES (639,14,2,1288);
INSERT INTO OrderLines(OrderID, ProductID, Qty, UnitPrice) VALUES (639,35,1,322);
INSERT INTO OrderLines(OrderID, ProductID, Qty, UnitPrice) VALUES (639,50,3,1399);
UPDATE [Order] SET TotalAmount=7726 WHERE OrderID=639;
INSERT INTO Payment(OrderID, PaymentDate, Amount, PaymentMethod, TransactionRef) VALUES (639,'2025-07-30',7726,'Cash','TXN430314');
INSERT INTO [Order](CustomerID, OrderDate, Status, TotalAmount) VALUES (64,'2025-03-16','Delivered',0);
INSERT INTO OrderLines(OrderID, ProductID, Qty, UnitPrice) VALUES (640,43,1,490);
INSERT INTO OrderLines(OrderID, ProductID, Qty, UnitPrice) VALUES (640,8,3,718);
INSERT INTO OrderLines(OrderID, ProductID, Qty, UnitPrice) VALUES (640,6,1,741);
INSERT INTO OrderLines(OrderID, ProductID, Qty, UnitPrice) VALUES (640,47,1,436);
UPDATE [Order] SET TotalAmount=3821 WHERE OrderID=640;
INSERT INTO Payment(OrderID, PaymentDate, Amount, PaymentMethod, TransactionRef) VALUES (640,'2025-03-16',3821,'Card','TXN728177');
INSERT INTO [Order](CustomerID, OrderDate, Status, TotalAmount) VALUES (65,'2025-03-18','Processing',0);
INSERT INTO OrderLines(OrderID, ProductID, Qty, UnitPrice) VALUES (641,1,2,474);
INSERT INTO OrderLines(OrderID, ProductID, Qty, UnitPrice) VALUES (641,18,1,466);
INSERT INTO OrderLines(OrderID, ProductID, Qty, UnitPrice) VALUES (641,16,3,644);
INSERT INTO OrderLines(OrderID, ProductID, Qty, UnitPrice) VALUES (641,28,1,82);
UPDATE [Order] SET TotalAmount=3428 WHERE OrderID=641;
INSERT INTO Payment(OrderID, PaymentDate, Amount, PaymentMethod, TransactionRef) VALUES (641,'2025-03-19',3428,'Card','TXN451192');
INSERT INTO [Order](CustomerID, OrderDate, Status, TotalAmount) VALUES (65,'2025-09-30','Cancelled',0);
INSERT INTO OrderLines(OrderID, ProductID, Qty, UnitPrice) VALUES (642,37,2,815);
INSERT INTO OrderLines(OrderID, ProductID, Qty, UnitPrice) VALUES (642,34,1,625);
INSERT INTO OrderLines(OrderID, ProductID, Qty, UnitPrice) VALUES (642,50,3,152);
INSERT INTO OrderLines(OrderID, ProductID, Qty, UnitPrice) VALUES (642,16,1,964);
UPDATE [Order] SET TotalAmount=3675 WHERE OrderID=642;
INSERT INTO Payment(OrderID, PaymentDate, Amount, PaymentMethod, TransactionRef) VALUES (642,'2025-10-05',3675,'Cash','TXN444314');
INSERT INTO [Order](CustomerID, OrderDate, Status, TotalAmount) VALUES (65,'2025-05-27','Processing',0);
INSERT INTO OrderLines(OrderID, ProductID, Qty, UnitPrice) VALUES (643,13,3,1324);
INSERT INTO OrderLines(OrderID, ProductID, Qty, UnitPrice) VALUES (643,17,2,152);
INSERT INTO OrderLines(OrderID, ProductID, Qty, UnitPrice) VALUES (643,9,3,1047);
INSERT INTO OrderLines(OrderID, ProductID, Qty, UnitPrice) VALUES (643,33,1,862);
UPDATE [Order] SET TotalAmount=8279 WHERE OrderID=643;
INSERT INTO Payment(OrderID, PaymentDate, Amount, PaymentMethod, TransactionRef) VALUES (643,'2025-05-31',8279,'PayPal','TXN883214');
INSERT INTO [Order](CustomerID, OrderDate, Status, TotalAmount) VALUES (65,'2025-02-24','Shipped',0);
INSERT INTO OrderLines(OrderID, ProductID, Qty, UnitPrice) VALUES (644,8,1,1323);
INSERT INTO OrderLines(OrderID, ProductID, Qty, UnitPrice) VALUES (644,23,3,839);
INSERT INTO OrderLines(OrderID, ProductID, Qty, UnitPrice) VALUES (644,22,2,1017);
INSERT INTO OrderLines(OrderID, ProductID, Qty, UnitPrice) VALUES (644,1,3,177);
UPDATE [Order] SET TotalAmount=6405 WHERE OrderID=644;
INSERT INTO Payment(OrderID, PaymentDate, Amount, PaymentMethod, TransactionRef) VALUES (644,'2025-02-24',6405,'Card','TXN286255');
INSERT INTO [Order](CustomerID, OrderDate, Status, TotalAmount) VALUES (65,'2025-09-14','Shipped',0);
INSERT INTO OrderLines(OrderID, ProductID, Qty, UnitPrice) VALUES (645,17,1,1311);
INSERT INTO OrderLines(OrderID, ProductID, Qty, UnitPrice) VALUES (645,24,3,505);
INSERT INTO OrderLines(OrderID, ProductID, Qty, UnitPrice) VALUES (645,48,2,323);
INSERT INTO OrderLines(OrderID, ProductID, Qty, UnitPrice) VALUES (645,8,1,1189);
UPDATE [Order] SET TotalAmount=4661 WHERE OrderID=645;
INSERT INTO Payment(OrderID, PaymentDate, Amount, PaymentMethod, TransactionRef) VALUES (645,'2025-09-15',4661,'Card','TXN238499');
INSERT INTO [Order](CustomerID, OrderDate, Status, TotalAmount) VALUES (65,'2025-12-12','Shipped',0);
INSERT INTO OrderLines(OrderID, ProductID, Qty, UnitPrice) VALUES (646,14,2,747);
INSERT INTO OrderLines(OrderID, ProductID, Qty, UnitPrice) VALUES (646,7,2,209);
INSERT INTO OrderLines(OrderID, ProductID, Qty, UnitPrice) VALUES (646,17,3,352);
INSERT INTO OrderLines(OrderID, ProductID, Qty, UnitPrice) VALUES (646,2,1,1396);
UPDATE [Order] SET TotalAmount=4364 WHERE OrderID=646;
INSERT INTO Payment(OrderID, PaymentDate, Amount, PaymentMethod, TransactionRef) VALUES (646,'2025-12-16',4364,'Card','TXN113886');
INSERT INTO [Order](CustomerID, OrderDate, Status, TotalAmount) VALUES (65,'2025-01-22','Cancelled',0);
INSERT INTO OrderLines(OrderID, ProductID, Qty, UnitPrice) VALUES (647,3,1,274);
INSERT INTO OrderLines(OrderID, ProductID, Qty, UnitPrice) VALUES (647,44,2,1497);
INSERT INTO OrderLines(OrderID, ProductID, Qty, UnitPrice) VALUES (647,32,3,158);
INSERT INTO OrderLines(OrderID, ProductID, Qty, UnitPrice) VALUES (647,18,2,300);
UPDATE [Order] SET TotalAmount=4342 WHERE OrderID=647;
INSERT INTO Payment(OrderID, PaymentDate, Amount, PaymentMethod, TransactionRef) VALUES (647,'2025-01-24',4342,'Card','TXN600380');
INSERT INTO [Order](CustomerID, OrderDate, Status, TotalAmount) VALUES (65,'2025-08-01','Delivered',0);
INSERT INTO OrderLines(OrderID, ProductID, Qty, UnitPrice) VALUES (648,41,1,485);
INSERT INTO OrderLines(OrderID, ProductID, Qty, UnitPrice) VALUES (648,31,3,1428);
INSERT INTO OrderLines(OrderID, ProductID, Qty, UnitPrice) VALUES (648,27,1,1083);
INSERT INTO OrderLines(OrderID, ProductID, Qty, UnitPrice) VALUES (648,5,3,1255);
UPDATE [Order] SET TotalAmount=9617 WHERE OrderID=648;
INSERT INTO Payment(OrderID, PaymentDate, Amount, PaymentMethod, TransactionRef) VALUES (648,'2025-08-01',9617,'Card','TXN739543');
INSERT INTO [Order](CustomerID, OrderDate, Status, TotalAmount) VALUES (65,'2025-10-11','Delivered',0);
INSERT INTO OrderLines(OrderID, ProductID, Qty, UnitPrice) VALUES (649,45,1,696);
INSERT INTO OrderLines(OrderID, ProductID, Qty, UnitPrice) VALUES (649,46,3,814);
INSERT INTO OrderLines(OrderID, ProductID, Qty, UnitPrice) VALUES (649,24,1,1110);
INSERT INTO OrderLines(OrderID, ProductID, Qty, UnitPrice) VALUES (649,22,3,1283);
UPDATE [Order] SET TotalAmount=8097 WHERE OrderID=649;
INSERT INTO Payment(OrderID, PaymentDate, Amount, PaymentMethod, TransactionRef) VALUES (649,'2025-10-11',8097,'PayPal','TXN842904');
INSERT INTO [Order](CustomerID, OrderDate, Status, TotalAmount) VALUES (65,'2025-08-31','Processing',0);
INSERT INTO OrderLines(OrderID, ProductID, Qty, UnitPrice) VALUES (650,30,2,1331);
INSERT INTO OrderLines(OrderID, ProductID, Qty, UnitPrice) VALUES (650,35,3,1025);
INSERT INTO OrderLines(OrderID, ProductID, Qty, UnitPrice) VALUES (650,25,3,336);
INSERT INTO OrderLines(OrderID, ProductID, Qty, UnitPrice) VALUES (650,50,1,458);
UPDATE [Order] SET TotalAmount=7203 WHERE OrderID=650;
INSERT INTO Payment(OrderID, PaymentDate, Amount, PaymentMethod, TransactionRef) VALUES (650,'2025-09-05',7203,'Card','TXN216009');
INSERT INTO [Order](CustomerID, OrderDate, Status, TotalAmount) VALUES (66,'2025-01-14','Cancelled',0);
INSERT INTO OrderLines(OrderID, ProductID, Qty, UnitPrice) VALUES (651,48,3,943);
INSERT INTO OrderLines(OrderID, ProductID, Qty, UnitPrice) VALUES (651,32,3,771);
INSERT INTO OrderLines(OrderID, ProductID, Qty, UnitPrice) VALUES (651,35,2,1389);
INSERT INTO OrderLines(OrderID, ProductID, Qty, UnitPrice) VALUES (651,21,1,412);
UPDATE [Order] SET TotalAmount=8332 WHERE OrderID=651;
INSERT INTO Payment(OrderID, PaymentDate, Amount, PaymentMethod, TransactionRef) VALUES (651,'2025-01-19',8332,'PayPal','TXN523389');
INSERT INTO [Order](CustomerID, OrderDate, Status, TotalAmount) VALUES (66,'2025-03-25','Shipped',0);
INSERT INTO OrderLines(OrderID, ProductID, Qty, UnitPrice) VALUES (652,1,3,1265);
INSERT INTO OrderLines(OrderID, ProductID, Qty, UnitPrice) VALUES (652,42,3,681);
INSERT INTO OrderLines(OrderID, ProductID, Qty, UnitPrice) VALUES (652,1,3,1223);
INSERT INTO OrderLines(OrderID, ProductID, Qty, UnitPrice) VALUES (652,19,2,360);
UPDATE [Order] SET TotalAmount=10227 WHERE OrderID=652;
INSERT INTO Payment(OrderID, PaymentDate, Amount, PaymentMethod, TransactionRef) VALUES (652,'2025-03-26',10227,'Cash','TXN190652');
INSERT INTO [Order](CustomerID, OrderDate, Status, TotalAmount) VALUES (66,'2025-07-11','Cancelled',0);
INSERT INTO OrderLines(OrderID, ProductID, Qty, UnitPrice) VALUES (653,7,1,752);
INSERT INTO OrderLines(OrderID, ProductID, Qty, UnitPrice) VALUES (653,38,3,1174);
INSERT INTO OrderLines(OrderID, ProductID, Qty, UnitPrice) VALUES (653,35,1,1160);
INSERT INTO OrderLines(OrderID, ProductID, Qty, UnitPrice) VALUES (653,32,1,691);
UPDATE [Order] SET TotalAmount=6125 WHERE OrderID=653;
INSERT INTO Payment(OrderID, PaymentDate, Amount, PaymentMethod, TransactionRef) VALUES (653,'2025-07-15',6125,'Cash','TXN852360');
INSERT INTO [Order](CustomerID, OrderDate, Status, TotalAmount) VALUES (66,'2025-11-05','Shipped',0);
INSERT INTO OrderLines(OrderID, ProductID, Qty, UnitPrice) VALUES (654,9,3,1340);
INSERT INTO OrderLines(OrderID, ProductID, Qty, UnitPrice) VALUES (654,23,2,1476);
INSERT INTO OrderLines(OrderID, ProductID, Qty, UnitPrice) VALUES (654,7,1,255);
INSERT INTO OrderLines(OrderID, ProductID, Qty, UnitPrice) VALUES (654,23,1,113);
UPDATE [Order] SET TotalAmount=7340 WHERE OrderID=654;
INSERT INTO Payment(OrderID, PaymentDate, Amount, PaymentMethod, TransactionRef) VALUES (654,'2025-11-09',7340,'PayPal','TXN951177');
INSERT INTO [Order](CustomerID, OrderDate, Status, TotalAmount) VALUES (66,'2025-09-01','Processing',0);
INSERT INTO OrderLines(OrderID, ProductID, Qty, UnitPrice) VALUES (655,15,2,259);
INSERT INTO OrderLines(OrderID, ProductID, Qty, UnitPrice) VALUES (655,12,3,593);
INSERT INTO OrderLines(OrderID, ProductID, Qty, UnitPrice) VALUES (655,23,1,854);
INSERT INTO OrderLines(OrderID, ProductID, Qty, UnitPrice) VALUES (655,38,1,206);
UPDATE [Order] SET TotalAmount=3357 WHERE OrderID=655;
INSERT INTO Payment(OrderID, PaymentDate, Amount, PaymentMethod, TransactionRef) VALUES (655,'2025-09-01',3357,'Card','TXN472674');
INSERT INTO [Order](CustomerID, OrderDate, Status, TotalAmount) VALUES (66,'2025-01-06','Cancelled',0);
INSERT INTO OrderLines(OrderID, ProductID, Qty, UnitPrice) VALUES (656,15,1,447);
INSERT INTO OrderLines(OrderID, ProductID, Qty, UnitPrice) VALUES (656,13,2,920);
INSERT INTO OrderLines(OrderID, ProductID, Qty, UnitPrice) VALUES (656,14,2,1233);
INSERT INTO OrderLines(OrderID, ProductID, Qty, UnitPrice) VALUES (656,50,2,463);
UPDATE [Order] SET TotalAmount=5679 WHERE OrderID=656;
INSERT INTO Payment(OrderID, PaymentDate, Amount, PaymentMethod, TransactionRef) VALUES (656,'2025-01-08',5679,'Card','TXN301966');
INSERT INTO [Order](CustomerID, OrderDate, Status, TotalAmount) VALUES (66,'2025-06-11','Shipped',0);
INSERT INTO OrderLines(OrderID, ProductID, Qty, UnitPrice) VALUES (657,16,2,839);
INSERT INTO OrderLines(OrderID, ProductID, Qty, UnitPrice) VALUES (657,9,2,900);
INSERT INTO OrderLines(OrderID, ProductID, Qty, UnitPrice) VALUES (657,26,2,389);
INSERT INTO OrderLines(OrderID, ProductID, Qty, UnitPrice) VALUES (657,9,3,214);
UPDATE [Order] SET TotalAmount=4898 WHERE OrderID=657;
INSERT INTO Payment(OrderID, PaymentDate, Amount, PaymentMethod, TransactionRef) VALUES (657,'2025-06-16',4898,'Card','TXN315205');
INSERT INTO [Order](CustomerID, OrderDate, Status, TotalAmount) VALUES (66,'2025-11-07','Processing',0);
INSERT INTO OrderLines(OrderID, ProductID, Qty, UnitPrice) VALUES (658,29,3,427);
INSERT INTO OrderLines(OrderID, ProductID, Qty, UnitPrice) VALUES (658,37,2,268);
INSERT INTO OrderLines(OrderID, ProductID, Qty, UnitPrice) VALUES (658,18,1,276);
INSERT INTO OrderLines(OrderID, ProductID, Qty, UnitPrice) VALUES (658,46,3,463);
UPDATE [Order] SET TotalAmount=3482 WHERE OrderID=658;
INSERT INTO Payment(OrderID, PaymentDate, Amount, PaymentMethod, TransactionRef) VALUES (658,'2025-11-10',3482,'Cash','TXN792280');
INSERT INTO [Order](CustomerID, OrderDate, Status, TotalAmount) VALUES (66,'2025-08-09','Shipped',0);
INSERT INTO OrderLines(OrderID, ProductID, Qty, UnitPrice) VALUES (659,47,2,1394);
INSERT INTO OrderLines(OrderID, ProductID, Qty, UnitPrice) VALUES (659,39,2,378);
INSERT INTO OrderLines(OrderID, ProductID, Qty, UnitPrice) VALUES (659,32,3,1489);
INSERT INTO OrderLines(OrderID, ProductID, Qty, UnitPrice) VALUES (659,46,1,1421);
UPDATE [Order] SET TotalAmount=9432 WHERE OrderID=659;
INSERT INTO Payment(OrderID, PaymentDate, Amount, PaymentMethod, TransactionRef) VALUES (659,'2025-08-14',9432,'Cash','TXN725582');
INSERT INTO [Order](CustomerID, OrderDate, Status, TotalAmount) VALUES (66,'2025-08-05','Delivered',0);
INSERT INTO OrderLines(OrderID, ProductID, Qty, UnitPrice) VALUES (660,7,2,1234);
INSERT INTO OrderLines(OrderID, ProductID, Qty, UnitPrice) VALUES (660,28,3,1426);
INSERT INTO OrderLines(OrderID, ProductID, Qty, UnitPrice) VALUES (660,44,1,522);
INSERT INTO OrderLines(OrderID, ProductID, Qty, UnitPrice) VALUES (660,35,1,534);
UPDATE [Order] SET TotalAmount=7802 WHERE OrderID=660;
INSERT INTO Payment(OrderID, PaymentDate, Amount, PaymentMethod, TransactionRef) VALUES (660,'2025-08-09',7802,'Cash','TXN392927');
INSERT INTO [Order](CustomerID, OrderDate, Status, TotalAmount) VALUES (67,'2025-03-14','Shipped',0);
INSERT INTO OrderLines(OrderID, ProductID, Qty, UnitPrice) VALUES (661,9,1,932);
INSERT INTO OrderLines(OrderID, ProductID, Qty, UnitPrice) VALUES (661,15,2,991);
INSERT INTO OrderLines(OrderID, ProductID, Qty, UnitPrice) VALUES (661,50,2,1500);
INSERT INTO OrderLines(OrderID, ProductID, Qty, UnitPrice) VALUES (661,46,1,117);
UPDATE [Order] SET TotalAmount=6031 WHERE OrderID=661;
INSERT INTO Payment(OrderID, PaymentDate, Amount, PaymentMethod, TransactionRef) VALUES (661,'2025-03-19',6031,'Cash','TXN420529');
INSERT INTO [Order](CustomerID, OrderDate, Status, TotalAmount) VALUES (67,'2025-02-18','Processing',0);
INSERT INTO OrderLines(OrderID, ProductID, Qty, UnitPrice) VALUES (662,16,3,648);
INSERT INTO OrderLines(OrderID, ProductID, Qty, UnitPrice) VALUES (662,20,2,177);
INSERT INTO OrderLines(OrderID, ProductID, Qty, UnitPrice) VALUES (662,40,1,1217);
INSERT INTO OrderLines(OrderID, ProductID, Qty, UnitPrice) VALUES (662,48,2,1266);
UPDATE [Order] SET TotalAmount=6047 WHERE OrderID=662;
INSERT INTO Payment(OrderID, PaymentDate, Amount, PaymentMethod, TransactionRef) VALUES (662,'2025-02-23',6047,'Card','TXN396696');
INSERT INTO [Order](CustomerID, OrderDate, Status, TotalAmount) VALUES (67,'2025-03-12','Delivered',0);
INSERT INTO OrderLines(OrderID, ProductID, Qty, UnitPrice) VALUES (663,23,3,895);
INSERT INTO OrderLines(OrderID, ProductID, Qty, UnitPrice) VALUES (663,18,2,868);
INSERT INTO OrderLines(OrderID, ProductID, Qty, UnitPrice) VALUES (663,3,2,30);
INSERT INTO OrderLines(OrderID, ProductID, Qty, UnitPrice) VALUES (663,47,2,211);
UPDATE [Order] SET TotalAmount=4903 WHERE OrderID=663;
INSERT INTO Payment(OrderID, PaymentDate, Amount, PaymentMethod, TransactionRef) VALUES (663,'2025-03-12',4903,'PayPal','TXN978477');
INSERT INTO [Order](CustomerID, OrderDate, Status, TotalAmount) VALUES (67,'2025-03-01','Shipped',0);
INSERT INTO OrderLines(OrderID, ProductID, Qty, UnitPrice) VALUES (664,37,3,564);
INSERT INTO OrderLines(OrderID, ProductID, Qty, UnitPrice) VALUES (664,32,1,649);
INSERT INTO OrderLines(OrderID, ProductID, Qty, UnitPrice) VALUES (664,25,1,90);
INSERT INTO OrderLines(OrderID, ProductID, Qty, UnitPrice) VALUES (664,40,1,613);
UPDATE [Order] SET TotalAmount=3044 WHERE OrderID=664;
INSERT INTO Payment(OrderID, PaymentDate, Amount, PaymentMethod, TransactionRef) VALUES (664,'2025-03-05',3044,'PayPal','TXN220402');
INSERT INTO [Order](CustomerID, OrderDate, Status, TotalAmount) VALUES (67,'2025-08-12','Delivered',0);
INSERT INTO OrderLines(OrderID, ProductID, Qty, UnitPrice) VALUES (665,30,3,1311);
INSERT INTO OrderLines(OrderID, ProductID, Qty, UnitPrice) VALUES (665,13,3,881);
INSERT INTO OrderLines(OrderID, ProductID, Qty, UnitPrice) VALUES (665,1,1,597);
INSERT INTO OrderLines(OrderID, ProductID, Qty, UnitPrice) VALUES (665,8,1,893);
UPDATE [Order] SET TotalAmount=8066 WHERE OrderID=665;
INSERT INTO Payment(OrderID, PaymentDate, Amount, PaymentMethod, TransactionRef) VALUES (665,'2025-08-14',8066,'Card','TXN874256');
INSERT INTO [Order](CustomerID, OrderDate, Status, TotalAmount) VALUES (67,'2025-02-10','Shipped',0);
INSERT INTO OrderLines(OrderID, ProductID, Qty, UnitPrice) VALUES (666,46,3,281);
INSERT INTO OrderLines(OrderID, ProductID, Qty, UnitPrice) VALUES (666,44,3,1111);
INSERT INTO OrderLines(OrderID, ProductID, Qty, UnitPrice) VALUES (666,42,3,277);
INSERT INTO OrderLines(OrderID, ProductID, Qty, UnitPrice) VALUES (666,3,2,1077);
UPDATE [Order] SET TotalAmount=7161 WHERE OrderID=666;
INSERT INTO Payment(OrderID, PaymentDate, Amount, PaymentMethod, TransactionRef) VALUES (666,'2025-02-11',7161,'Card','TXN245668');
INSERT INTO [Order](CustomerID, OrderDate, Status, TotalAmount) VALUES (67,'2025-11-15','Cancelled',0);
INSERT INTO OrderLines(OrderID, ProductID, Qty, UnitPrice) VALUES (667,28,1,66);
INSERT INTO OrderLines(OrderID, ProductID, Qty, UnitPrice) VALUES (667,39,2,1466);
INSERT INTO OrderLines(OrderID, ProductID, Qty, UnitPrice) VALUES (667,10,2,49);
INSERT INTO OrderLines(OrderID, ProductID, Qty, UnitPrice) VALUES (667,14,1,784);
UPDATE [Order] SET TotalAmount=3880 WHERE OrderID=667;
INSERT INTO Payment(OrderID, PaymentDate, Amount, PaymentMethod, TransactionRef) VALUES (667,'2025-11-17',3880,'Cash','TXN446189');
INSERT INTO [Order](CustomerID, OrderDate, Status, TotalAmount) VALUES (67,'2025-03-15','Processing',0);
INSERT INTO OrderLines(OrderID, ProductID, Qty, UnitPrice) VALUES (668,19,3,623);
INSERT INTO OrderLines(OrderID, ProductID, Qty, UnitPrice) VALUES (668,49,3,211);
INSERT INTO OrderLines(OrderID, ProductID, Qty, UnitPrice) VALUES (668,32,1,1461);
INSERT INTO OrderLines(OrderID, ProductID, Qty, UnitPrice) VALUES (668,43,1,218);
UPDATE [Order] SET TotalAmount=4181 WHERE OrderID=668;
INSERT INTO Payment(OrderID, PaymentDate, Amount, PaymentMethod, TransactionRef) VALUES (668,'2025-03-19',4181,'Cash','TXN830804');
INSERT INTO [Order](CustomerID, OrderDate, Status, TotalAmount) VALUES (67,'2025-08-14','Delivered',0);
INSERT INTO OrderLines(OrderID, ProductID, Qty, UnitPrice) VALUES (669,18,3,1381);
INSERT INTO OrderLines(OrderID, ProductID, Qty, UnitPrice) VALUES (669,12,3,357);
INSERT INTO OrderLines(OrderID, ProductID, Qty, UnitPrice) VALUES (669,20,3,602);
INSERT INTO OrderLines(OrderID, ProductID, Qty, UnitPrice) VALUES (669,8,1,960);
UPDATE [Order] SET TotalAmount=7980 WHERE OrderID=669;
INSERT INTO Payment(OrderID, PaymentDate, Amount, PaymentMethod, TransactionRef) VALUES (669,'2025-08-16',7980,'Card','TXN791059');
INSERT INTO [Order](CustomerID, OrderDate, Status, TotalAmount) VALUES (67,'2025-02-13','Processing',0);
INSERT INTO OrderLines(OrderID, ProductID, Qty, UnitPrice) VALUES (670,49,3,534);
INSERT INTO OrderLines(OrderID, ProductID, Qty, UnitPrice) VALUES (670,48,3,137);
INSERT INTO OrderLines(OrderID, ProductID, Qty, UnitPrice) VALUES (670,7,2,758);
INSERT INTO OrderLines(OrderID, ProductID, Qty, UnitPrice) VALUES (670,42,3,502);
UPDATE [Order] SET TotalAmount=5035 WHERE OrderID=670;
INSERT INTO Payment(OrderID, PaymentDate, Amount, PaymentMethod, TransactionRef) VALUES (670,'2025-02-17',5035,'Card','TXN213171');
INSERT INTO [Order](CustomerID, OrderDate, Status, TotalAmount) VALUES (68,'2025-04-06','Processing',0);
INSERT INTO OrderLines(OrderID, ProductID, Qty, UnitPrice) VALUES (671,40,2,114);
INSERT INTO OrderLines(OrderID, ProductID, Qty, UnitPrice) VALUES (671,12,2,1057);
INSERT INTO OrderLines(OrderID, ProductID, Qty, UnitPrice) VALUES (671,36,2,1464);
INSERT INTO OrderLines(OrderID, ProductID, Qty, UnitPrice) VALUES (671,12,3,132);
UPDATE [Order] SET TotalAmount=5666 WHERE OrderID=671;
INSERT INTO Payment(OrderID, PaymentDate, Amount, PaymentMethod, TransactionRef) VALUES (671,'2025-04-10',5666,'PayPal','TXN885505');
INSERT INTO [Order](CustomerID, OrderDate, Status, TotalAmount) VALUES (68,'2025-05-07','Delivered',0);
INSERT INTO OrderLines(OrderID, ProductID, Qty, UnitPrice) VALUES (672,35,3,798);
INSERT INTO OrderLines(OrderID, ProductID, Qty, UnitPrice) VALUES (672,45,3,882);
INSERT INTO OrderLines(OrderID, ProductID, Qty, UnitPrice) VALUES (672,31,3,417);
INSERT INTO OrderLines(OrderID, ProductID, Qty, UnitPrice) VALUES (672,25,2,784);
UPDATE [Order] SET TotalAmount=7859 WHERE OrderID=672;
INSERT INTO Payment(OrderID, PaymentDate, Amount, PaymentMethod, TransactionRef) VALUES (672,'2025-05-12',7859,'Card','TXN396569');
INSERT INTO [Order](CustomerID, OrderDate, Status, TotalAmount) VALUES (68,'2025-04-24','Shipped',0);
INSERT INTO OrderLines(OrderID, ProductID, Qty, UnitPrice) VALUES (673,19,2,103);
INSERT INTO OrderLines(OrderID, ProductID, Qty, UnitPrice) VALUES (673,34,2,1033);
INSERT INTO OrderLines(OrderID, ProductID, Qty, UnitPrice) VALUES (673,41,1,358);
INSERT INTO OrderLines(OrderID, ProductID, Qty, UnitPrice) VALUES (673,43,1,887);
UPDATE [Order] SET TotalAmount=3517 WHERE OrderID=673;
INSERT INTO Payment(OrderID, PaymentDate, Amount, PaymentMethod, TransactionRef) VALUES (673,'2025-04-25',3517,'Card','TXN863348');
INSERT INTO [Order](CustomerID, OrderDate, Status, TotalAmount) VALUES (68,'2025-01-29','Processing',0);
INSERT INTO OrderLines(OrderID, ProductID, Qty, UnitPrice) VALUES (674,50,3,768);
INSERT INTO OrderLines(OrderID, ProductID, Qty, UnitPrice) VALUES (674,34,2,1448);
INSERT INTO OrderLines(OrderID, ProductID, Qty, UnitPrice) VALUES (674,4,1,608);
INSERT INTO OrderLines(OrderID, ProductID, Qty, UnitPrice) VALUES (674,30,1,1196);
UPDATE [Order] SET TotalAmount=7004 WHERE OrderID=674;
INSERT INTO Payment(OrderID, PaymentDate, Amount, PaymentMethod, TransactionRef) VALUES (674,'2025-02-01',7004,'PayPal','TXN752671');
INSERT INTO [Order](CustomerID, OrderDate, Status, TotalAmount) VALUES (68,'2025-12-19','Cancelled',0);
INSERT INTO OrderLines(OrderID, ProductID, Qty, UnitPrice) VALUES (675,5,2,437);
INSERT INTO OrderLines(OrderID, ProductID, Qty, UnitPrice) VALUES (675,48,3,1323);
INSERT INTO OrderLines(OrderID, ProductID, Qty, UnitPrice) VALUES (675,31,2,742);
INSERT INTO OrderLines(OrderID, ProductID, Qty, UnitPrice) VALUES (675,47,2,1257);
UPDATE [Order] SET TotalAmount=8841 WHERE OrderID=675;
INSERT INTO Payment(OrderID, PaymentDate, Amount, PaymentMethod, TransactionRef) VALUES (675,'2025-12-24',8841,'Cash','TXN752487');
INSERT INTO [Order](CustomerID, OrderDate, Status, TotalAmount) VALUES (68,'2025-01-23','Shipped',0);
INSERT INTO OrderLines(OrderID, ProductID, Qty, UnitPrice) VALUES (676,50,1,1394);
INSERT INTO OrderLines(OrderID, ProductID, Qty, UnitPrice) VALUES (676,20,2,1125);
INSERT INTO OrderLines(OrderID, ProductID, Qty, UnitPrice) VALUES (676,49,3,1370);
INSERT INTO OrderLines(OrderID, ProductID, Qty, UnitPrice) VALUES (676,48,2,1156);
UPDATE [Order] SET TotalAmount=10066 WHERE OrderID=676;
INSERT INTO Payment(OrderID, PaymentDate, Amount, PaymentMethod, TransactionRef) VALUES (676,'2025-01-23',10066,'PayPal','TXN243557');
INSERT INTO [Order](CustomerID, OrderDate, Status, TotalAmount) VALUES (68,'2025-01-26','Shipped',0);
INSERT INTO OrderLines(OrderID, ProductID, Qty, UnitPrice) VALUES (677,8,3,675);
INSERT INTO OrderLines(OrderID, ProductID, Qty, UnitPrice) VALUES (677,27,2,1004);
INSERT INTO OrderLines(OrderID, ProductID, Qty, UnitPrice) VALUES (677,37,3,1457);
INSERT INTO OrderLines(OrderID, ProductID, Qty, UnitPrice) VALUES (677,34,2,1202);
UPDATE [Order] SET TotalAmount=10808 WHERE OrderID=677;
INSERT INTO Payment(OrderID, PaymentDate, Amount, PaymentMethod, TransactionRef) VALUES (677,'2025-01-28',10808,'PayPal','TXN901580');
INSERT INTO [Order](CustomerID, OrderDate, Status, TotalAmount) VALUES (68,'2025-03-16','Delivered',0);
INSERT INTO OrderLines(OrderID, ProductID, Qty, UnitPrice) VALUES (678,38,3,880);
INSERT INTO OrderLines(OrderID, ProductID, Qty, UnitPrice) VALUES (678,49,2,781);
INSERT INTO OrderLines(OrderID, ProductID, Qty, UnitPrice) VALUES (678,3,2,155);
INSERT INTO OrderLines(OrderID, ProductID, Qty, UnitPrice) VALUES (678,33,2,393);
UPDATE [Order] SET TotalAmount=5298 WHERE OrderID=678;
INSERT INTO Payment(OrderID, PaymentDate, Amount, PaymentMethod, TransactionRef) VALUES (678,'2025-03-18',5298,'PayPal','TXN982564');
INSERT INTO [Order](CustomerID, OrderDate, Status, TotalAmount) VALUES (68,'2025-08-13','Delivered',0);
INSERT INTO OrderLines(OrderID, ProductID, Qty, UnitPrice) VALUES (679,19,3,88);
INSERT INTO OrderLines(OrderID, ProductID, Qty, UnitPrice) VALUES (679,42,1,184);
INSERT INTO OrderLines(OrderID, ProductID, Qty, UnitPrice) VALUES (679,33,3,1390);
INSERT INTO OrderLines(OrderID, ProductID, Qty, UnitPrice) VALUES (679,28,1,901);
UPDATE [Order] SET TotalAmount=5519 WHERE OrderID=679;
INSERT INTO Payment(OrderID, PaymentDate, Amount, PaymentMethod, TransactionRef) VALUES (679,'2025-08-15',5519,'PayPal','TXN509734');
INSERT INTO [Order](CustomerID, OrderDate, Status, TotalAmount) VALUES (68,'2025-08-19','Processing',0);
INSERT INTO OrderLines(OrderID, ProductID, Qty, UnitPrice) VALUES (680,10,3,1127);
INSERT INTO OrderLines(OrderID, ProductID, Qty, UnitPrice) VALUES (680,26,3,998);
INSERT INTO OrderLines(OrderID, ProductID, Qty, UnitPrice) VALUES (680,50,3,541);
INSERT INTO OrderLines(OrderID, ProductID, Qty, UnitPrice) VALUES (680,43,2,821);
UPDATE [Order] SET TotalAmount=9640 WHERE OrderID=680;
INSERT INTO Payment(OrderID, PaymentDate, Amount, PaymentMethod, TransactionRef) VALUES (680,'2025-08-23',9640,'PayPal','TXN237884');
INSERT INTO [Order](CustomerID, OrderDate, Status, TotalAmount) VALUES (69,'2025-07-06','Delivered',0);
INSERT INTO OrderLines(OrderID, ProductID, Qty, UnitPrice) VALUES (681,26,2,679);
INSERT INTO OrderLines(OrderID, ProductID, Qty, UnitPrice) VALUES (681,45,3,838);
INSERT INTO OrderLines(OrderID, ProductID, Qty, UnitPrice) VALUES (681,13,3,304);
INSERT INTO OrderLines(OrderID, ProductID, Qty, UnitPrice) VALUES (681,45,3,387);
UPDATE [Order] SET TotalAmount=5945 WHERE OrderID=681;
INSERT INTO Payment(OrderID, PaymentDate, Amount, PaymentMethod, TransactionRef) VALUES (681,'2025-07-07',5945,'Card','TXN985239');
INSERT INTO [Order](CustomerID, OrderDate, Status, TotalAmount) VALUES (69,'2025-10-23','Delivered',0);
INSERT INTO OrderLines(OrderID, ProductID, Qty, UnitPrice) VALUES (682,28,1,337);
INSERT INTO OrderLines(OrderID, ProductID, Qty, UnitPrice) VALUES (682,49,2,1323);
INSERT INTO OrderLines(OrderID, ProductID, Qty, UnitPrice) VALUES (682,22,3,1063);
INSERT INTO OrderLines(OrderID, ProductID, Qty, UnitPrice) VALUES (682,17,2,1357);
UPDATE [Order] SET TotalAmount=8886 WHERE OrderID=682;
INSERT INTO Payment(OrderID, PaymentDate, Amount, PaymentMethod, TransactionRef) VALUES (682,'2025-10-25',8886,'Cash','TXN403660');
INSERT INTO [Order](CustomerID, OrderDate, Status, TotalAmount) VALUES (69,'2025-12-07','Shipped',0);
INSERT INTO OrderLines(OrderID, ProductID, Qty, UnitPrice) VALUES (683,41,3,71);
INSERT INTO OrderLines(OrderID, ProductID, Qty, UnitPrice) VALUES (683,8,1,1308);
INSERT INTO OrderLines(OrderID, ProductID, Qty, UnitPrice) VALUES (683,41,1,23);
INSERT INTO OrderLines(OrderID, ProductID, Qty, UnitPrice) VALUES (683,16,1,573);
UPDATE [Order] SET TotalAmount=2117 WHERE OrderID=683;
INSERT INTO Payment(OrderID, PaymentDate, Amount, PaymentMethod, TransactionRef) VALUES (683,'2025-12-07',2117,'Card','TXN984419');
INSERT INTO [Order](CustomerID, OrderDate, Status, TotalAmount) VALUES (69,'2025-11-15','Delivered',0);
INSERT INTO OrderLines(OrderID, ProductID, Qty, UnitPrice) VALUES (684,17,3,1248);
INSERT INTO OrderLines(OrderID, ProductID, Qty, UnitPrice) VALUES (684,8,3,1141);
INSERT INTO OrderLines(OrderID, ProductID, Qty, UnitPrice) VALUES (684,4,2,20);
INSERT INTO OrderLines(OrderID, ProductID, Qty, UnitPrice) VALUES (684,13,2,1252);
UPDATE [Order] SET TotalAmount=9711 WHERE OrderID=684;
INSERT INTO Payment(OrderID, PaymentDate, Amount, PaymentMethod, TransactionRef) VALUES (684,'2025-11-20',9711,'Card','TXN301525');
INSERT INTO [Order](CustomerID, OrderDate, Status, TotalAmount) VALUES (69,'2025-06-10','Processing',0);
INSERT INTO OrderLines(OrderID, ProductID, Qty, UnitPrice) VALUES (685,19,1,796);
INSERT INTO OrderLines(OrderID, ProductID, Qty, UnitPrice) VALUES (685,46,1,1353);
INSERT INTO OrderLines(OrderID, ProductID, Qty, UnitPrice) VALUES (685,3,3,92);
INSERT INTO OrderLines(OrderID, ProductID, Qty, UnitPrice) VALUES (685,10,2,214);
UPDATE [Order] SET TotalAmount=2853 WHERE OrderID=685;
INSERT INTO Payment(OrderID, PaymentDate, Amount, PaymentMethod, TransactionRef) VALUES (685,'2025-06-14',2853,'PayPal','TXN369713');
INSERT INTO [Order](CustomerID, OrderDate, Status, TotalAmount) VALUES (69,'2025-04-04','Cancelled',0);
INSERT INTO OrderLines(OrderID, ProductID, Qty, UnitPrice) VALUES (686,12,3,819);
INSERT INTO OrderLines(OrderID, ProductID, Qty, UnitPrice) VALUES (686,21,2,317);
INSERT INTO OrderLines(OrderID, ProductID, Qty, UnitPrice) VALUES (686,31,1,708);
INSERT INTO OrderLines(OrderID, ProductID, Qty, UnitPrice) VALUES (686,45,1,318);
UPDATE [Order] SET TotalAmount=4117 WHERE OrderID=686;
INSERT INTO Payment(OrderID, PaymentDate, Amount, PaymentMethod, TransactionRef) VALUES (686,'2025-04-09',4117,'Cash','TXN784038');
INSERT INTO [Order](CustomerID, OrderDate, Status, TotalAmount) VALUES (69,'2025-01-27','Delivered',0);
INSERT INTO OrderLines(OrderID, ProductID, Qty, UnitPrice) VALUES (687,12,3,704);
INSERT INTO OrderLines(OrderID, ProductID, Qty, UnitPrice) VALUES (687,19,2,478);
INSERT INTO OrderLines(OrderID, ProductID, Qty, UnitPrice) VALUES (687,26,1,1481);
INSERT INTO OrderLines(OrderID, ProductID, Qty, UnitPrice) VALUES (687,48,1,227);
UPDATE [Order] SET TotalAmount=4776 WHERE OrderID=687;
INSERT INTO Payment(OrderID, PaymentDate, Amount, PaymentMethod, TransactionRef) VALUES (687,'2025-01-31',4776,'Cash','TXN961596');
INSERT INTO [Order](CustomerID, OrderDate, Status, TotalAmount) VALUES (69,'2025-11-30','Processing',0);
INSERT INTO OrderLines(OrderID, ProductID, Qty, UnitPrice) VALUES (688,44,2,765);
INSERT INTO OrderLines(OrderID, ProductID, Qty, UnitPrice) VALUES (688,23,2,1088);
INSERT INTO OrderLines(OrderID, ProductID, Qty, UnitPrice) VALUES (688,40,2,120);
INSERT INTO OrderLines(OrderID, ProductID, Qty, UnitPrice) VALUES (688,49,2,1202);
UPDATE [Order] SET TotalAmount=6350 WHERE OrderID=688;
INSERT INTO Payment(OrderID, PaymentDate, Amount, PaymentMethod, TransactionRef) VALUES (688,'2025-12-02',6350,'Card','TXN873657');
INSERT INTO [Order](CustomerID, OrderDate, Status, TotalAmount) VALUES (69,'2025-12-07','Shipped',0);
INSERT INTO OrderLines(OrderID, ProductID, Qty, UnitPrice) VALUES (689,20,2,162);
INSERT INTO OrderLines(OrderID, ProductID, Qty, UnitPrice) VALUES (689,22,1,1278);
INSERT INTO OrderLines(OrderID, ProductID, Qty, UnitPrice) VALUES (689,1,2,1035);
INSERT INTO OrderLines(OrderID, ProductID, Qty, UnitPrice) VALUES (689,26,3,445);
UPDATE [Order] SET TotalAmount=5007 WHERE OrderID=689;
INSERT INTO Payment(OrderID, PaymentDate, Amount, PaymentMethod, TransactionRef) VALUES (689,'2025-12-09',5007,'PayPal','TXN719157');
INSERT INTO [Order](CustomerID, OrderDate, Status, TotalAmount) VALUES (69,'2025-10-31','Delivered',0);
INSERT INTO OrderLines(OrderID, ProductID, Qty, UnitPrice) VALUES (690,39,3,1167);
INSERT INTO OrderLines(OrderID, ProductID, Qty, UnitPrice) VALUES (690,25,1,613);
INSERT INTO OrderLines(OrderID, ProductID, Qty, UnitPrice) VALUES (690,5,3,1039);
INSERT INTO OrderLines(OrderID, ProductID, Qty, UnitPrice) VALUES (690,24,2,1217);
UPDATE [Order] SET TotalAmount=9665 WHERE OrderID=690;
INSERT INTO Payment(OrderID, PaymentDate, Amount, PaymentMethod, TransactionRef) VALUES (690,'2025-11-03',9665,'Card','TXN297091');
INSERT INTO [Order](CustomerID, OrderDate, Status, TotalAmount) VALUES (70,'2025-06-19','Shipped',0);
INSERT INTO OrderLines(OrderID, ProductID, Qty, UnitPrice) VALUES (691,35,2,1410);
INSERT INTO OrderLines(OrderID, ProductID, Qty, UnitPrice) VALUES (691,46,3,520);
INSERT INTO OrderLines(OrderID, ProductID, Qty, UnitPrice) VALUES (691,24,2,1050);
INSERT INTO OrderLines(OrderID, ProductID, Qty, UnitPrice) VALUES (691,20,2,450);
UPDATE [Order] SET TotalAmount=7380 WHERE OrderID=691;
INSERT INTO Payment(OrderID, PaymentDate, Amount, PaymentMethod, TransactionRef) VALUES (691,'2025-06-19',7380,'Card','TXN562067');
INSERT INTO [Order](CustomerID, OrderDate, Status, TotalAmount) VALUES (70,'2025-07-27','Processing',0);
INSERT INTO OrderLines(OrderID, ProductID, Qty, UnitPrice) VALUES (692,39,2,577);
INSERT INTO OrderLines(OrderID, ProductID, Qty, UnitPrice) VALUES (692,39,3,695);
INSERT INTO OrderLines(OrderID, ProductID, Qty, UnitPrice) VALUES (692,43,2,304);
INSERT INTO OrderLines(OrderID, ProductID, Qty, UnitPrice) VALUES (692,30,3,480);
UPDATE [Order] SET TotalAmount=5287 WHERE OrderID=692;
INSERT INTO Payment(OrderID, PaymentDate, Amount, PaymentMethod, TransactionRef) VALUES (692,'2025-07-27',5287,'Card','TXN172545');
INSERT INTO [Order](CustomerID, OrderDate, Status, TotalAmount) VALUES (70,'2025-09-15','Cancelled',0);
INSERT INTO OrderLines(OrderID, ProductID, Qty, UnitPrice) VALUES (693,31,1,863);
INSERT INTO OrderLines(OrderID, ProductID, Qty, UnitPrice) VALUES (693,10,2,391);
INSERT INTO OrderLines(OrderID, ProductID, Qty, UnitPrice) VALUES (693,25,1,1235);
INSERT INTO OrderLines(OrderID, ProductID, Qty, UnitPrice) VALUES (693,15,2,479);
UPDATE [Order] SET TotalAmount=3838 WHERE OrderID=693;
INSERT INTO Payment(OrderID, PaymentDate, Amount, PaymentMethod, TransactionRef) VALUES (693,'2025-09-18',3838,'Cash','TXN932648');
INSERT INTO [Order](CustomerID, OrderDate, Status, TotalAmount) VALUES (70,'2025-06-08','Delivered',0);
INSERT INTO OrderLines(OrderID, ProductID, Qty, UnitPrice) VALUES (694,42,3,1441);
INSERT INTO OrderLines(OrderID, ProductID, Qty, UnitPrice) VALUES (694,20,3,29);
INSERT INTO OrderLines(OrderID, ProductID, Qty, UnitPrice) VALUES (694,28,1,1443);
INSERT INTO OrderLines(OrderID, ProductID, Qty, UnitPrice) VALUES (694,26,1,1063);
UPDATE [Order] SET TotalAmount=6916 WHERE OrderID=694;
INSERT INTO Payment(OrderID, PaymentDate, Amount, PaymentMethod, TransactionRef) VALUES (694,'2025-06-12',6916,'PayPal','TXN386518');
INSERT INTO [Order](CustomerID, OrderDate, Status, TotalAmount) VALUES (70,'2025-12-27','Shipped',0);
INSERT INTO OrderLines(OrderID, ProductID, Qty, UnitPrice) VALUES (695,35,1,1375);
INSERT INTO OrderLines(OrderID, ProductID, Qty, UnitPrice) VALUES (695,36,3,376);
INSERT INTO OrderLines(OrderID, ProductID, Qty, UnitPrice) VALUES (695,42,3,1272);
INSERT INTO OrderLines(OrderID, ProductID, Qty, UnitPrice) VALUES (695,19,1,1316);
UPDATE [Order] SET TotalAmount=7635 WHERE OrderID=695;
INSERT INTO Payment(OrderID, PaymentDate, Amount, PaymentMethod, TransactionRef) VALUES (695,'2025-12-30',7635,'Cash','TXN923358');
INSERT INTO [Order](CustomerID, OrderDate, Status, TotalAmount) VALUES (70,'2025-02-22','Delivered',0);
INSERT INTO OrderLines(OrderID, ProductID, Qty, UnitPrice) VALUES (696,43,3,917);
INSERT INTO OrderLines(OrderID, ProductID, Qty, UnitPrice) VALUES (696,1,3,524);
INSERT INTO OrderLines(OrderID, ProductID, Qty, UnitPrice) VALUES (696,43,3,744);
INSERT INTO OrderLines(OrderID, ProductID, Qty, UnitPrice) VALUES (696,27,2,1080);
UPDATE [Order] SET TotalAmount=8715 WHERE OrderID=696;
INSERT INTO Payment(OrderID, PaymentDate, Amount, PaymentMethod, TransactionRef) VALUES (696,'2025-02-26',8715,'Cash','TXN469978');
INSERT INTO [Order](CustomerID, OrderDate, Status, TotalAmount) VALUES (70,'2025-07-09','Shipped',0);
INSERT INTO OrderLines(OrderID, ProductID, Qty, UnitPrice) VALUES (697,19,3,725);
INSERT INTO OrderLines(OrderID, ProductID, Qty, UnitPrice) VALUES (697,6,3,178);
INSERT INTO OrderLines(OrderID, ProductID, Qty, UnitPrice) VALUES (697,47,2,715);
INSERT INTO OrderLines(OrderID, ProductID, Qty, UnitPrice) VALUES (697,8,3,608);
UPDATE [Order] SET TotalAmount=5963 WHERE OrderID=697;
INSERT INTO Payment(OrderID, PaymentDate, Amount, PaymentMethod, TransactionRef) VALUES (697,'2025-07-10',5963,'Card','TXN995320');
INSERT INTO [Order](CustomerID, OrderDate, Status, TotalAmount) VALUES (70,'2025-04-10','Cancelled',0);
INSERT INTO OrderLines(OrderID, ProductID, Qty, UnitPrice) VALUES (698,1,3,1318);
INSERT INTO OrderLines(OrderID, ProductID, Qty, UnitPrice) VALUES (698,16,2,969);
INSERT INTO OrderLines(OrderID, ProductID, Qty, UnitPrice) VALUES (698,3,2,695);
INSERT INTO OrderLines(OrderID, ProductID, Qty, UnitPrice) VALUES (698,21,2,654);
UPDATE [Order] SET TotalAmount=8590 WHERE OrderID=698;
INSERT INTO Payment(OrderID, PaymentDate, Amount, PaymentMethod, TransactionRef) VALUES (698,'2025-04-14',8590,'Cash','TXN822587');
INSERT INTO [Order](CustomerID, OrderDate, Status, TotalAmount) VALUES (70,'2025-09-30','Processing',0);
INSERT INTO OrderLines(OrderID, ProductID, Qty, UnitPrice) VALUES (699,31,3,1360);
INSERT INTO OrderLines(OrderID, ProductID, Qty, UnitPrice) VALUES (699,47,2,1290);
INSERT INTO OrderLines(OrderID, ProductID, Qty, UnitPrice) VALUES (699,35,1,1025);
INSERT INTO OrderLines(OrderID, ProductID, Qty, UnitPrice) VALUES (699,33,3,313);
UPDATE [Order] SET TotalAmount=8624 WHERE OrderID=699;
INSERT INTO Payment(OrderID, PaymentDate, Amount, PaymentMethod, TransactionRef) VALUES (699,'2025-10-03',8624,'Cash','TXN265782');
INSERT INTO [Order](CustomerID, OrderDate, Status, TotalAmount) VALUES (70,'2025-03-17','Processing',0);
INSERT INTO OrderLines(OrderID, ProductID, Qty, UnitPrice) VALUES (700,29,1,899);
INSERT INTO OrderLines(OrderID, ProductID, Qty, UnitPrice) VALUES (700,27,2,915);
INSERT INTO OrderLines(OrderID, ProductID, Qty, UnitPrice) VALUES (700,5,1,289);
INSERT INTO OrderLines(OrderID, ProductID, Qty, UnitPrice) VALUES (700,50,3,937);
UPDATE [Order] SET TotalAmount=5829 WHERE OrderID=700;
INSERT INTO Payment(OrderID, PaymentDate, Amount, PaymentMethod, TransactionRef) VALUES (700,'2025-03-19',5829,'Card','TXN863497');
INSERT INTO [Order](CustomerID, OrderDate, Status, TotalAmount) VALUES (71,'2025-04-14','Cancelled',0);
INSERT INTO OrderLines(OrderID, ProductID, Qty, UnitPrice) VALUES (701,47,1,842);
INSERT INTO OrderLines(OrderID, ProductID, Qty, UnitPrice) VALUES (701,30,3,318);
INSERT INTO OrderLines(OrderID, ProductID, Qty, UnitPrice) VALUES (701,47,2,223);
INSERT INTO OrderLines(OrderID, ProductID, Qty, UnitPrice) VALUES (701,14,1,1191);
UPDATE [Order] SET TotalAmount=3433 WHERE OrderID=701;
INSERT INTO Payment(OrderID, PaymentDate, Amount, PaymentMethod, TransactionRef) VALUES (701,'2025-04-19',3433,'Cash','TXN325981');
INSERT INTO [Order](CustomerID, OrderDate, Status, TotalAmount) VALUES (71,'2025-03-24','Processing',0);
INSERT INTO OrderLines(OrderID, ProductID, Qty, UnitPrice) VALUES (702,46,2,256);
INSERT INTO OrderLines(OrderID, ProductID, Qty, UnitPrice) VALUES (702,47,1,138);
INSERT INTO OrderLines(OrderID, ProductID, Qty, UnitPrice) VALUES (702,27,3,1242);
INSERT INTO OrderLines(OrderID, ProductID, Qty, UnitPrice) VALUES (702,35,3,1022);
UPDATE [Order] SET TotalAmount=7442 WHERE OrderID=702;
INSERT INTO Payment(OrderID, PaymentDate, Amount, PaymentMethod, TransactionRef) VALUES (702,'2025-03-24',7442,'PayPal','TXN260083');
INSERT INTO [Order](CustomerID, OrderDate, Status, TotalAmount) VALUES (71,'2025-02-24','Processing',0);
INSERT INTO OrderLines(OrderID, ProductID, Qty, UnitPrice) VALUES (703,35,1,967);
INSERT INTO OrderLines(OrderID, ProductID, Qty, UnitPrice) VALUES (703,36,2,223);
INSERT INTO OrderLines(OrderID, ProductID, Qty, UnitPrice) VALUES (703,6,3,853);
INSERT INTO OrderLines(OrderID, ProductID, Qty, UnitPrice) VALUES (703,42,2,31);
UPDATE [Order] SET TotalAmount=4034 WHERE OrderID=703;
INSERT INTO Payment(OrderID, PaymentDate, Amount, PaymentMethod, TransactionRef) VALUES (703,'2025-02-25',4034,'PayPal','TXN153044');
INSERT INTO [Order](CustomerID, OrderDate, Status, TotalAmount) VALUES (71,'2025-05-18','Cancelled',0);
INSERT INTO OrderLines(OrderID, ProductID, Qty, UnitPrice) VALUES (704,30,1,616);
INSERT INTO OrderLines(OrderID, ProductID, Qty, UnitPrice) VALUES (704,31,1,63);
INSERT INTO OrderLines(OrderID, ProductID, Qty, UnitPrice) VALUES (704,33,3,712);
INSERT INTO OrderLines(OrderID, ProductID, Qty, UnitPrice) VALUES (704,1,2,1202);
UPDATE [Order] SET TotalAmount=5219 WHERE OrderID=704;
INSERT INTO Payment(OrderID, PaymentDate, Amount, PaymentMethod, TransactionRef) VALUES (704,'2025-05-18',5219,'PayPal','TXN129825');
INSERT INTO [Order](CustomerID, OrderDate, Status, TotalAmount) VALUES (71,'2025-04-30','Cancelled',0);
INSERT INTO OrderLines(OrderID, ProductID, Qty, UnitPrice) VALUES (705,13,1,1058);
INSERT INTO OrderLines(OrderID, ProductID, Qty, UnitPrice) VALUES (705,13,2,1269);
INSERT INTO OrderLines(OrderID, ProductID, Qty, UnitPrice) VALUES (705,1,2,166);
INSERT INTO OrderLines(OrderID, ProductID, Qty, UnitPrice) VALUES (705,11,3,206);
UPDATE [Order] SET TotalAmount=4546 WHERE OrderID=705;
INSERT INTO Payment(OrderID, PaymentDate, Amount, PaymentMethod, TransactionRef) VALUES (705,'2025-05-02',4546,'Cash','TXN338586');
INSERT INTO [Order](CustomerID, OrderDate, Status, TotalAmount) VALUES (71,'2025-05-03','Shipped',0);
INSERT INTO OrderLines(OrderID, ProductID, Qty, UnitPrice) VALUES (706,33,1,1241);
INSERT INTO OrderLines(OrderID, ProductID, Qty, UnitPrice) VALUES (706,6,2,814);
INSERT INTO OrderLines(OrderID, ProductID, Qty, UnitPrice) VALUES (706,23,3,753);
INSERT INTO OrderLines(OrderID, ProductID, Qty, UnitPrice) VALUES (706,37,3,818);
UPDATE [Order] SET TotalAmount=7582 WHERE OrderID=706;
INSERT INTO Payment(OrderID, PaymentDate, Amount, PaymentMethod, TransactionRef) VALUES (706,'2025-05-06',7582,'PayPal','TXN494625');
INSERT INTO [Order](CustomerID, OrderDate, Status, TotalAmount) VALUES (71,'2025-01-30','Processing',0);
INSERT INTO OrderLines(OrderID, ProductID, Qty, UnitPrice) VALUES (707,14,3,854);
INSERT INTO OrderLines(OrderID, ProductID, Qty, UnitPrice) VALUES (707,20,1,1226);
INSERT INTO OrderLines(OrderID, ProductID, Qty, UnitPrice) VALUES (707,39,3,944);
INSERT INTO OrderLines(OrderID, ProductID, Qty, UnitPrice) VALUES (707,18,1,336);
UPDATE [Order] SET TotalAmount=6956 WHERE OrderID=707;
INSERT INTO Payment(OrderID, PaymentDate, Amount, PaymentMethod, TransactionRef) VALUES (707,'2025-02-04',6956,'Card','TXN648620');
INSERT INTO [Order](CustomerID, OrderDate, Status, TotalAmount) VALUES (71,'2025-04-07','Delivered',0);
INSERT INTO OrderLines(OrderID, ProductID, Qty, UnitPrice) VALUES (708,20,2,1106);
INSERT INTO OrderLines(OrderID, ProductID, Qty, UnitPrice) VALUES (708,1,3,1091);
INSERT INTO OrderLines(OrderID, ProductID, Qty, UnitPrice) VALUES (708,33,3,719);
INSERT INTO OrderLines(OrderID, ProductID, Qty, UnitPrice) VALUES (708,45,2,683);
UPDATE [Order] SET TotalAmount=9008 WHERE OrderID=708;
INSERT INTO Payment(OrderID, PaymentDate, Amount, PaymentMethod, TransactionRef) VALUES (708,'2025-04-12',9008,'PayPal','TXN165531');
INSERT INTO [Order](CustomerID, OrderDate, Status, TotalAmount) VALUES (71,'2025-09-17','Processing',0);
INSERT INTO OrderLines(OrderID, ProductID, Qty, UnitPrice) VALUES (709,4,2,1155);
INSERT INTO OrderLines(OrderID, ProductID, Qty, UnitPrice) VALUES (709,4,3,1061);
INSERT INTO OrderLines(OrderID, ProductID, Qty, UnitPrice) VALUES (709,11,3,1202);
INSERT INTO OrderLines(OrderID, ProductID, Qty, UnitPrice) VALUES (709,20,2,1403);
UPDATE [Order] SET TotalAmount=11905 WHERE OrderID=709;
INSERT INTO Payment(OrderID, PaymentDate, Amount, PaymentMethod, TransactionRef) VALUES (709,'2025-09-21',11905,'Cash','TXN900515');
INSERT INTO [Order](CustomerID, OrderDate, Status, TotalAmount) VALUES (71,'2025-07-06','Processing',0);
INSERT INTO OrderLines(OrderID, ProductID, Qty, UnitPrice) VALUES (710,27,3,879);
INSERT INTO OrderLines(OrderID, ProductID, Qty, UnitPrice) VALUES (710,21,1,1088);
INSERT INTO OrderLines(OrderID, ProductID, Qty, UnitPrice) VALUES (710,29,3,96);
INSERT INTO OrderLines(OrderID, ProductID, Qty, UnitPrice) VALUES (710,42,1,1441);
UPDATE [Order] SET TotalAmount=5454 WHERE OrderID=710;
INSERT INTO Payment(OrderID, PaymentDate, Amount, PaymentMethod, TransactionRef) VALUES (710,'2025-07-10',5454,'PayPal','TXN653050');
INSERT INTO [Order](CustomerID, OrderDate, Status, TotalAmount) VALUES (72,'2025-01-06','Processing',0);
INSERT INTO OrderLines(OrderID, ProductID, Qty, UnitPrice) VALUES (711,4,2,620);
INSERT INTO OrderLines(OrderID, ProductID, Qty, UnitPrice) VALUES (711,29,3,100);
INSERT INTO OrderLines(OrderID, ProductID, Qty, UnitPrice) VALUES (711,50,3,205);
INSERT INTO OrderLines(OrderID, ProductID, Qty, UnitPrice) VALUES (711,39,1,613);
UPDATE [Order] SET TotalAmount=2768 WHERE OrderID=711;
INSERT INTO Payment(OrderID, PaymentDate, Amount, PaymentMethod, TransactionRef) VALUES (711,'2025-01-07',2768,'PayPal','TXN842545');
INSERT INTO [Order](CustomerID, OrderDate, Status, TotalAmount) VALUES (72,'2025-06-13','Delivered',0);
INSERT INTO OrderLines(OrderID, ProductID, Qty, UnitPrice) VALUES (712,6,2,207);
INSERT INTO OrderLines(OrderID, ProductID, Qty, UnitPrice) VALUES (712,16,3,999);
INSERT INTO OrderLines(OrderID, ProductID, Qty, UnitPrice) VALUES (712,9,2,1106);
INSERT INTO OrderLines(OrderID, ProductID, Qty, UnitPrice) VALUES (712,17,1,701);
UPDATE [Order] SET TotalAmount=6324 WHERE OrderID=712;
INSERT INTO Payment(OrderID, PaymentDate, Amount, PaymentMethod, TransactionRef) VALUES (712,'2025-06-16',6324,'Card','TXN921526');
INSERT INTO [Order](CustomerID, OrderDate, Status, TotalAmount) VALUES (72,'2025-11-26','Delivered',0);
INSERT INTO OrderLines(OrderID, ProductID, Qty, UnitPrice) VALUES (713,21,2,100);
INSERT INTO OrderLines(OrderID, ProductID, Qty, UnitPrice) VALUES (713,11,1,1097);
INSERT INTO OrderLines(OrderID, ProductID, Qty, UnitPrice) VALUES (713,44,2,762);
INSERT INTO OrderLines(OrderID, ProductID, Qty, UnitPrice) VALUES (713,1,3,133);
UPDATE [Order] SET TotalAmount=3220 WHERE OrderID=713;
INSERT INTO Payment(OrderID, PaymentDate, Amount, PaymentMethod, TransactionRef) VALUES (713,'2025-11-29',3220,'PayPal','TXN337753');
INSERT INTO [Order](CustomerID, OrderDate, Status, TotalAmount) VALUES (72,'2025-07-13','Processing',0);
INSERT INTO OrderLines(OrderID, ProductID, Qty, UnitPrice) VALUES (714,39,3,1040);
INSERT INTO OrderLines(OrderID, ProductID, Qty, UnitPrice) VALUES (714,5,3,477);
INSERT INTO OrderLines(OrderID, ProductID, Qty, UnitPrice) VALUES (714,48,2,1238);
INSERT INTO OrderLines(OrderID, ProductID, Qty, UnitPrice) VALUES (714,22,1,943);
UPDATE [Order] SET TotalAmount=7970 WHERE OrderID=714;
INSERT INTO Payment(OrderID, PaymentDate, Amount, PaymentMethod, TransactionRef) VALUES (714,'2025-07-18',7970,'PayPal','TXN123182');
INSERT INTO [Order](CustomerID, OrderDate, Status, TotalAmount) VALUES (72,'2025-09-18','Processing',0);
INSERT INTO OrderLines(OrderID, ProductID, Qty, UnitPrice) VALUES (715,35,3,285);
INSERT INTO OrderLines(OrderID, ProductID, Qty, UnitPrice) VALUES (715,9,3,896);
INSERT INTO OrderLines(OrderID, ProductID, Qty, UnitPrice) VALUES (715,49,1,1269);
INSERT INTO OrderLines(OrderID, ProductID, Qty, UnitPrice) VALUES (715,23,1,1110);
UPDATE [Order] SET TotalAmount=5922 WHERE OrderID=715;
INSERT INTO Payment(OrderID, PaymentDate, Amount, PaymentMethod, TransactionRef) VALUES (715,'2025-09-18',5922,'PayPal','TXN750227');
INSERT INTO [Order](CustomerID, OrderDate, Status, TotalAmount) VALUES (72,'2025-10-05','Processing',0);
INSERT INTO OrderLines(OrderID, ProductID, Qty, UnitPrice) VALUES (716,49,1,1480);
INSERT INTO OrderLines(OrderID, ProductID, Qty, UnitPrice) VALUES (716,43,1,58);
INSERT INTO OrderLines(OrderID, ProductID, Qty, UnitPrice) VALUES (716,43,2,1305);
INSERT INTO OrderLines(OrderID, ProductID, Qty, UnitPrice) VALUES (716,24,1,246);
UPDATE [Order] SET TotalAmount=4394 WHERE OrderID=716;
INSERT INTO Payment(OrderID, PaymentDate, Amount, PaymentMethod, TransactionRef) VALUES (716,'2025-10-06',4394,'PayPal','TXN114912');
INSERT INTO [Order](CustomerID, OrderDate, Status, TotalAmount) VALUES (72,'2025-04-28','Shipped',0);
INSERT INTO OrderLines(OrderID, ProductID, Qty, UnitPrice) VALUES (717,11,1,315);
INSERT INTO OrderLines(OrderID, ProductID, Qty, UnitPrice) VALUES (717,1,2,298);
INSERT INTO OrderLines(OrderID, ProductID, Qty, UnitPrice) VALUES (717,27,2,929);
INSERT INTO OrderLines(OrderID, ProductID, Qty, UnitPrice) VALUES (717,39,2,633);
UPDATE [Order] SET TotalAmount=4035 WHERE OrderID=717;
INSERT INTO Payment(OrderID, PaymentDate, Amount, PaymentMethod, TransactionRef) VALUES (717,'2025-04-29',4035,'Card','TXN789504');
INSERT INTO [Order](CustomerID, OrderDate, Status, TotalAmount) VALUES (72,'2025-08-13','Delivered',0);
INSERT INTO OrderLines(OrderID, ProductID, Qty, UnitPrice) VALUES (718,27,2,872);
INSERT INTO OrderLines(OrderID, ProductID, Qty, UnitPrice) VALUES (718,38,3,558);
INSERT INTO OrderLines(OrderID, ProductID, Qty, UnitPrice) VALUES (718,37,1,1348);
INSERT INTO OrderLines(OrderID, ProductID, Qty, UnitPrice) VALUES (718,5,2,827);
UPDATE [Order] SET TotalAmount=6420 WHERE OrderID=718;
INSERT INTO Payment(OrderID, PaymentDate, Amount, PaymentMethod, TransactionRef) VALUES (718,'2025-08-17',6420,'PayPal','TXN687352');
INSERT INTO [Order](CustomerID, OrderDate, Status, TotalAmount) VALUES (72,'2025-02-09','Delivered',0);
INSERT INTO OrderLines(OrderID, ProductID, Qty, UnitPrice) VALUES (719,28,1,536);
INSERT INTO OrderLines(OrderID, ProductID, Qty, UnitPrice) VALUES (719,46,1,1128);
INSERT INTO OrderLines(OrderID, ProductID, Qty, UnitPrice) VALUES (719,42,3,284);
INSERT INTO OrderLines(OrderID, ProductID, Qty, UnitPrice) VALUES (719,48,2,1472);
UPDATE [Order] SET TotalAmount=5460 WHERE OrderID=719;
INSERT INTO Payment(OrderID, PaymentDate, Amount, PaymentMethod, TransactionRef) VALUES (719,'2025-02-10',5460,'PayPal','TXN329439');
INSERT INTO [Order](CustomerID, OrderDate, Status, TotalAmount) VALUES (72,'2025-01-10','Shipped',0);
INSERT INTO OrderLines(OrderID, ProductID, Qty, UnitPrice) VALUES (720,16,1,580);
INSERT INTO OrderLines(OrderID, ProductID, Qty, UnitPrice) VALUES (720,19,1,309);
INSERT INTO OrderLines(OrderID, ProductID, Qty, UnitPrice) VALUES (720,39,3,1065);
INSERT INTO OrderLines(OrderID, ProductID, Qty, UnitPrice) VALUES (720,6,2,584);
UPDATE [Order] SET TotalAmount=5252 WHERE OrderID=720;
INSERT INTO Payment(OrderID, PaymentDate, Amount, PaymentMethod, TransactionRef) VALUES (720,'2025-01-11',5252,'PayPal','TXN361031');
INSERT INTO [Order](CustomerID, OrderDate, Status, TotalAmount) VALUES (73,'2025-01-09','Cancelled',0);
INSERT INTO OrderLines(OrderID, ProductID, Qty, UnitPrice) VALUES (721,41,2,735);
INSERT INTO OrderLines(OrderID, ProductID, Qty, UnitPrice) VALUES (721,34,3,1396);
INSERT INTO OrderLines(OrderID, ProductID, Qty, UnitPrice) VALUES (721,11,1,958);
INSERT INTO OrderLines(OrderID, ProductID, Qty, UnitPrice) VALUES (721,29,1,1478);
UPDATE [Order] SET TotalAmount=8094 WHERE OrderID=721;
INSERT INTO Payment(OrderID, PaymentDate, Amount, PaymentMethod, TransactionRef) VALUES (721,'2025-01-09',8094,'PayPal','TXN259383');
INSERT INTO [Order](CustomerID, OrderDate, Status, TotalAmount) VALUES (73,'2025-05-15','Shipped',0);
INSERT INTO OrderLines(OrderID, ProductID, Qty, UnitPrice) VALUES (722,50,3,96);
INSERT INTO OrderLines(OrderID, ProductID, Qty, UnitPrice) VALUES (722,43,2,1057);
INSERT INTO OrderLines(OrderID, ProductID, Qty, UnitPrice) VALUES (722,32,3,644);
INSERT INTO OrderLines(OrderID, ProductID, Qty, UnitPrice) VALUES (722,11,3,677);
UPDATE [Order] SET TotalAmount=6365 WHERE OrderID=722;
INSERT INTO Payment(OrderID, PaymentDate, Amount, PaymentMethod, TransactionRef) VALUES (722,'2025-05-16',6365,'PayPal','TXN346109');
INSERT INTO [Order](CustomerID, OrderDate, Status, TotalAmount) VALUES (73,'2025-05-11','Shipped',0);
INSERT INTO OrderLines(OrderID, ProductID, Qty, UnitPrice) VALUES (723,30,3,761);
INSERT INTO OrderLines(OrderID, ProductID, Qty, UnitPrice) VALUES (723,9,1,621);
INSERT INTO OrderLines(OrderID, ProductID, Qty, UnitPrice) VALUES (723,34,2,813);
INSERT INTO OrderLines(OrderID, ProductID, Qty, UnitPrice) VALUES (723,31,1,287);
UPDATE [Order] SET TotalAmount=4817 WHERE OrderID=723;
INSERT INTO Payment(OrderID, PaymentDate, Amount, PaymentMethod, TransactionRef) VALUES (723,'2025-05-11',4817,'Cash','TXN107153');
INSERT INTO [Order](CustomerID, OrderDate, Status, TotalAmount) VALUES (73,'2025-07-13','Cancelled',0);
INSERT INTO OrderLines(OrderID, ProductID, Qty, UnitPrice) VALUES (724,40,3,1229);
INSERT INTO OrderLines(OrderID, ProductID, Qty, UnitPrice) VALUES (724,3,3,160);
INSERT INTO OrderLines(OrderID, ProductID, Qty, UnitPrice) VALUES (724,15,1,632);
INSERT INTO OrderLines(OrderID, ProductID, Qty, UnitPrice) VALUES (724,23,1,1334);
UPDATE [Order] SET TotalAmount=6133 WHERE OrderID=724;
INSERT INTO Payment(OrderID, PaymentDate, Amount, PaymentMethod, TransactionRef) VALUES (724,'2025-07-14',6133,'Card','TXN653753');
INSERT INTO [Order](CustomerID, OrderDate, Status, TotalAmount) VALUES (73,'2025-02-16','Delivered',0);
INSERT INTO OrderLines(OrderID, ProductID, Qty, UnitPrice) VALUES (725,37,3,1060);
INSERT INTO OrderLines(OrderID, ProductID, Qty, UnitPrice) VALUES (725,12,2,261);
INSERT INTO OrderLines(OrderID, ProductID, Qty, UnitPrice) VALUES (725,30,3,1298);
INSERT INTO OrderLines(OrderID, ProductID, Qty, UnitPrice) VALUES (725,6,2,858);
UPDATE [Order] SET TotalAmount=9312 WHERE OrderID=725;
INSERT INTO Payment(OrderID, PaymentDate, Amount, PaymentMethod, TransactionRef) VALUES (725,'2025-02-18',9312,'Cash','TXN663268');
INSERT INTO [Order](CustomerID, OrderDate, Status, TotalAmount) VALUES (73,'2025-06-10','Delivered',0);
INSERT INTO OrderLines(OrderID, ProductID, Qty, UnitPrice) VALUES (726,8,3,969);
INSERT INTO OrderLines(OrderID, ProductID, Qty, UnitPrice) VALUES (726,41,1,978);
INSERT INTO OrderLines(OrderID, ProductID, Qty, UnitPrice) VALUES (726,16,2,116);
INSERT INTO OrderLines(OrderID, ProductID, Qty, UnitPrice) VALUES (726,16,1,35);
UPDATE [Order] SET TotalAmount=4152 WHERE OrderID=726;
INSERT INTO Payment(OrderID, PaymentDate, Amount, PaymentMethod, TransactionRef) VALUES (726,'2025-06-11',4152,'Cash','TXN207708');
INSERT INTO [Order](CustomerID, OrderDate, Status, TotalAmount) VALUES (73,'2025-11-01','Shipped',0);
INSERT INTO OrderLines(OrderID, ProductID, Qty, UnitPrice) VALUES (727,13,1,849);
INSERT INTO OrderLines(OrderID, ProductID, Qty, UnitPrice) VALUES (727,12,1,1104);
INSERT INTO OrderLines(OrderID, ProductID, Qty, UnitPrice) VALUES (727,9,3,1106);
INSERT INTO OrderLines(OrderID, ProductID, Qty, UnitPrice) VALUES (727,19,3,247);
UPDATE [Order] SET TotalAmount=6012 WHERE OrderID=727;
INSERT INTO Payment(OrderID, PaymentDate, Amount, PaymentMethod, TransactionRef) VALUES (727,'2025-11-01',6012,'Card','TXN602703');
INSERT INTO [Order](CustomerID, OrderDate, Status, TotalAmount) VALUES (73,'2025-05-26','Cancelled',0);
INSERT INTO OrderLines(OrderID, ProductID, Qty, UnitPrice) VALUES (728,23,1,362);
INSERT INTO OrderLines(OrderID, ProductID, Qty, UnitPrice) VALUES (728,35,3,1360);
INSERT INTO OrderLines(OrderID, ProductID, Qty, UnitPrice) VALUES (728,6,1,372);
INSERT INTO OrderLines(OrderID, ProductID, Qty, UnitPrice) VALUES (728,24,2,410);
UPDATE [Order] SET TotalAmount=5634 WHERE OrderID=728;
INSERT INTO Payment(OrderID, PaymentDate, Amount, PaymentMethod, TransactionRef) VALUES (728,'2025-05-30',5634,'PayPal','TXN339732');
INSERT INTO [Order](CustomerID, OrderDate, Status, TotalAmount) VALUES (73,'2025-08-31','Processing',0);
INSERT INTO OrderLines(OrderID, ProductID, Qty, UnitPrice) VALUES (729,24,2,365);
INSERT INTO OrderLines(OrderID, ProductID, Qty, UnitPrice) VALUES (729,27,2,1037);
INSERT INTO OrderLines(OrderID, ProductID, Qty, UnitPrice) VALUES (729,9,2,1105);
INSERT INTO OrderLines(OrderID, ProductID, Qty, UnitPrice) VALUES (729,2,3,1256);
UPDATE [Order] SET TotalAmount=8782 WHERE OrderID=729;
INSERT INTO Payment(OrderID, PaymentDate, Amount, PaymentMethod, TransactionRef) VALUES (729,'2025-09-01',8782,'Cash','TXN215603');
INSERT INTO [Order](CustomerID, OrderDate, Status, TotalAmount) VALUES (73,'2025-04-06','Delivered',0);
INSERT INTO OrderLines(OrderID, ProductID, Qty, UnitPrice) VALUES (730,40,3,1220);
INSERT INTO OrderLines(OrderID, ProductID, Qty, UnitPrice) VALUES (730,34,3,1420);
INSERT INTO OrderLines(OrderID, ProductID, Qty, UnitPrice) VALUES (730,17,2,116);
INSERT INTO OrderLines(OrderID, ProductID, Qty, UnitPrice) VALUES (730,46,1,625);
UPDATE [Order] SET TotalAmount=8777 WHERE OrderID=730;
INSERT INTO Payment(OrderID, PaymentDate, Amount, PaymentMethod, TransactionRef) VALUES (730,'2025-04-09',8777,'Cash','TXN997109');
INSERT INTO [Order](CustomerID, OrderDate, Status, TotalAmount) VALUES (74,'2025-06-20','Processing',0);
INSERT INTO OrderLines(OrderID, ProductID, Qty, UnitPrice) VALUES (731,12,1,81);
INSERT INTO OrderLines(OrderID, ProductID, Qty, UnitPrice) VALUES (731,12,2,909);
INSERT INTO OrderLines(OrderID, ProductID, Qty, UnitPrice) VALUES (731,9,2,1247);
INSERT INTO OrderLines(OrderID, ProductID, Qty, UnitPrice) VALUES (731,49,2,347);
UPDATE [Order] SET TotalAmount=5087 WHERE OrderID=731;
INSERT INTO Payment(OrderID, PaymentDate, Amount, PaymentMethod, TransactionRef) VALUES (731,'2025-06-22',5087,'PayPal','TXN757127');
INSERT INTO [Order](CustomerID, OrderDate, Status, TotalAmount) VALUES (74,'2025-01-18','Processing',0);
INSERT INTO OrderLines(OrderID, ProductID, Qty, UnitPrice) VALUES (732,44,3,1219);
INSERT INTO OrderLines(OrderID, ProductID, Qty, UnitPrice) VALUES (732,7,2,281);
INSERT INTO OrderLines(OrderID, ProductID, Qty, UnitPrice) VALUES (732,11,3,300);
INSERT INTO OrderLines(OrderID, ProductID, Qty, UnitPrice) VALUES (732,31,2,421);
UPDATE [Order] SET TotalAmount=5961 WHERE OrderID=732;
INSERT INTO Payment(OrderID, PaymentDate, Amount, PaymentMethod, TransactionRef) VALUES (732,'2025-01-19',5961,'PayPal','TXN208094');
INSERT INTO [Order](CustomerID, OrderDate, Status, TotalAmount) VALUES (74,'2025-12-01','Processing',0);
INSERT INTO OrderLines(OrderID, ProductID, Qty, UnitPrice) VALUES (733,39,2,1081);
INSERT INTO OrderLines(OrderID, ProductID, Qty, UnitPrice) VALUES (733,24,3,284);
INSERT INTO OrderLines(OrderID, ProductID, Qty, UnitPrice) VALUES (733,45,1,1290);
INSERT INTO OrderLines(OrderID, ProductID, Qty, UnitPrice) VALUES (733,5,3,1161);
UPDATE [Order] SET TotalAmount=7787 WHERE OrderID=733;
INSERT INTO Payment(OrderID, PaymentDate, Amount, PaymentMethod, TransactionRef) VALUES (733,'2025-12-03',7787,'Card','TXN587573');
INSERT INTO [Order](CustomerID, OrderDate, Status, TotalAmount) VALUES (74,'2025-01-12','Cancelled',0);
INSERT INTO OrderLines(OrderID, ProductID, Qty, UnitPrice) VALUES (734,19,2,908);
INSERT INTO OrderLines(OrderID, ProductID, Qty, UnitPrice) VALUES (734,40,3,1148);
INSERT INTO OrderLines(OrderID, ProductID, Qty, UnitPrice) VALUES (734,46,2,178);
INSERT INTO OrderLines(OrderID, ProductID, Qty, UnitPrice) VALUES (734,33,3,1216);
UPDATE [Order] SET TotalAmount=9264 WHERE OrderID=734;
INSERT INTO Payment(OrderID, PaymentDate, Amount, PaymentMethod, TransactionRef) VALUES (734,'2025-01-12',9264,'PayPal','TXN646772');
INSERT INTO [Order](CustomerID, OrderDate, Status, TotalAmount) VALUES (74,'2025-01-11','Shipped',0);
INSERT INTO OrderLines(OrderID, ProductID, Qty, UnitPrice) VALUES (735,1,3,209);
INSERT INTO OrderLines(OrderID, ProductID, Qty, UnitPrice) VALUES (735,2,2,1044);
INSERT INTO OrderLines(OrderID, ProductID, Qty, UnitPrice) VALUES (735,3,2,900);
INSERT INTO OrderLines(OrderID, ProductID, Qty, UnitPrice) VALUES (735,6,3,1184);
UPDATE [Order] SET TotalAmount=8067 WHERE OrderID=735;
INSERT INTO Payment(OrderID, PaymentDate, Amount, PaymentMethod, TransactionRef) VALUES (735,'2025-01-15',8067,'PayPal','TXN603146');
INSERT INTO [Order](CustomerID, OrderDate, Status, TotalAmount) VALUES (74,'2025-06-28','Delivered',0);
INSERT INTO OrderLines(OrderID, ProductID, Qty, UnitPrice) VALUES (736,20,3,906);
INSERT INTO OrderLines(OrderID, ProductID, Qty, UnitPrice) VALUES (736,34,1,986);
INSERT INTO OrderLines(OrderID, ProductID, Qty, UnitPrice) VALUES (736,24,3,460);
INSERT INTO OrderLines(OrderID, ProductID, Qty, UnitPrice) VALUES (736,38,3,1023);
UPDATE [Order] SET TotalAmount=8153 WHERE OrderID=736;
INSERT INTO Payment(OrderID, PaymentDate, Amount, PaymentMethod, TransactionRef) VALUES (736,'2025-06-28',8153,'Cash','TXN346000');
INSERT INTO [Order](CustomerID, OrderDate, Status, TotalAmount) VALUES (74,'2025-01-24','Cancelled',0);
INSERT INTO OrderLines(OrderID, ProductID, Qty, UnitPrice) VALUES (737,34,1,1172);
INSERT INTO OrderLines(OrderID, ProductID, Qty, UnitPrice) VALUES (737,5,3,626);
INSERT INTO OrderLines(OrderID, ProductID, Qty, UnitPrice) VALUES (737,37,3,932);
INSERT INTO OrderLines(OrderID, ProductID, Qty, UnitPrice) VALUES (737,11,1,142);
UPDATE [Order] SET TotalAmount=5988 WHERE OrderID=737;
INSERT INTO Payment(OrderID, PaymentDate, Amount, PaymentMethod, TransactionRef) VALUES (737,'2025-01-27',5988,'Card','TXN687805');
INSERT INTO [Order](CustomerID, OrderDate, Status, TotalAmount) VALUES (74,'2025-03-11','Delivered',0);
INSERT INTO OrderLines(OrderID, ProductID, Qty, UnitPrice) VALUES (738,38,1,1130);
INSERT INTO OrderLines(OrderID, ProductID, Qty, UnitPrice) VALUES (738,10,1,1288);
INSERT INTO OrderLines(OrderID, ProductID, Qty, UnitPrice) VALUES (738,20,1,43);
INSERT INTO OrderLines(OrderID, ProductID, Qty, UnitPrice) VALUES (738,20,1,1028);
UPDATE [Order] SET TotalAmount=3489 WHERE OrderID=738;
INSERT INTO Payment(OrderID, PaymentDate, Amount, PaymentMethod, TransactionRef) VALUES (738,'2025-03-14',3489,'Card','TXN336151');
INSERT INTO [Order](CustomerID, OrderDate, Status, TotalAmount) VALUES (74,'2025-04-08','Processing',0);
INSERT INTO OrderLines(OrderID, ProductID, Qty, UnitPrice) VALUES (739,5,2,1286);
INSERT INTO OrderLines(OrderID, ProductID, Qty, UnitPrice) VALUES (739,44,1,1081);
INSERT INTO OrderLines(OrderID, ProductID, Qty, UnitPrice) VALUES (739,32,2,711);
INSERT INTO OrderLines(OrderID, ProductID, Qty, UnitPrice) VALUES (739,20,2,1166);
UPDATE [Order] SET TotalAmount=7407 WHERE OrderID=739;
INSERT INTO Payment(OrderID, PaymentDate, Amount, PaymentMethod, TransactionRef) VALUES (739,'2025-04-12',7407,'PayPal','TXN377225');
INSERT INTO [Order](CustomerID, OrderDate, Status, TotalAmount) VALUES (74,'2025-10-08','Delivered',0);
INSERT INTO OrderLines(OrderID, ProductID, Qty, UnitPrice) VALUES (740,49,2,254);
INSERT INTO OrderLines(OrderID, ProductID, Qty, UnitPrice) VALUES (740,31,1,1386);
INSERT INTO OrderLines(OrderID, ProductID, Qty, UnitPrice) VALUES (740,23,3,454);
INSERT INTO OrderLines(OrderID, ProductID, Qty, UnitPrice) VALUES (740,46,3,1437);
UPDATE [Order] SET TotalAmount=7567 WHERE OrderID=740;
INSERT INTO Payment(OrderID, PaymentDate, Amount, PaymentMethod, TransactionRef) VALUES (740,'2025-10-13',7567,'Card','TXN866091');
INSERT INTO [Order](CustomerID, OrderDate, Status, TotalAmount) VALUES (75,'2025-10-18','Shipped',0);
INSERT INTO OrderLines(OrderID, ProductID, Qty, UnitPrice) VALUES (741,20,2,1381);
INSERT INTO OrderLines(OrderID, ProductID, Qty, UnitPrice) VALUES (741,11,1,828);
INSERT INTO OrderLines(OrderID, ProductID, Qty, UnitPrice) VALUES (741,7,1,777);
INSERT INTO OrderLines(OrderID, ProductID, Qty, UnitPrice) VALUES (741,18,2,35);
UPDATE [Order] SET TotalAmount=4437 WHERE OrderID=741;
INSERT INTO Payment(OrderID, PaymentDate, Amount, PaymentMethod, TransactionRef) VALUES (741,'2025-10-21',4437,'Card','TXN421218');
INSERT INTO [Order](CustomerID, OrderDate, Status, TotalAmount) VALUES (75,'2025-10-04','Shipped',0);
INSERT INTO OrderLines(OrderID, ProductID, Qty, UnitPrice) VALUES (742,50,3,1089);
INSERT INTO OrderLines(OrderID, ProductID, Qty, UnitPrice) VALUES (742,48,3,1339);
INSERT INTO OrderLines(OrderID, ProductID, Qty, UnitPrice) VALUES (742,19,3,994);
INSERT INTO OrderLines(OrderID, ProductID, Qty, UnitPrice) VALUES (742,43,3,1054);
UPDATE [Order] SET TotalAmount=13428 WHERE OrderID=742;
INSERT INTO Payment(OrderID, PaymentDate, Amount, PaymentMethod, TransactionRef) VALUES (742,'2025-10-05',13428,'Card','TXN942564');
INSERT INTO [Order](CustomerID, OrderDate, Status, TotalAmount) VALUES (75,'2025-04-26','Processing',0);
INSERT INTO OrderLines(OrderID, ProductID, Qty, UnitPrice) VALUES (743,29,1,93);
INSERT INTO OrderLines(OrderID, ProductID, Qty, UnitPrice) VALUES (743,48,3,563);
INSERT INTO OrderLines(OrderID, ProductID, Qty, UnitPrice) VALUES (743,27,2,886);
INSERT INTO OrderLines(OrderID, ProductID, Qty, UnitPrice) VALUES (743,3,3,462);
UPDATE [Order] SET TotalAmount=4940 WHERE OrderID=743;
INSERT INTO Payment(OrderID, PaymentDate, Amount, PaymentMethod, TransactionRef) VALUES (743,'2025-04-26',4940,'PayPal','TXN168561');
INSERT INTO [Order](CustomerID, OrderDate, Status, TotalAmount) VALUES (75,'2025-08-22','Processing',0);
INSERT INTO OrderLines(OrderID, ProductID, Qty, UnitPrice) VALUES (744,4,3,541);
INSERT INTO OrderLines(OrderID, ProductID, Qty, UnitPrice) VALUES (744,7,2,1269);
INSERT INTO OrderLines(OrderID, ProductID, Qty, UnitPrice) VALUES (744,14,2,612);
INSERT INTO OrderLines(OrderID, ProductID, Qty, UnitPrice) VALUES (744,16,1,295);
UPDATE [Order] SET TotalAmount=5680 WHERE OrderID=744;
INSERT INTO Payment(OrderID, PaymentDate, Amount, PaymentMethod, TransactionRef) VALUES (744,'2025-08-27',5680,'PayPal','TXN258087');
INSERT INTO [Order](CustomerID, OrderDate, Status, TotalAmount) VALUES (75,'2025-03-24','Processing',0);
INSERT INTO OrderLines(OrderID, ProductID, Qty, UnitPrice) VALUES (745,25,1,239);
INSERT INTO OrderLines(OrderID, ProductID, Qty, UnitPrice) VALUES (745,15,2,83);
INSERT INTO OrderLines(OrderID, ProductID, Qty, UnitPrice) VALUES (745,1,3,287);
INSERT INTO OrderLines(OrderID, ProductID, Qty, UnitPrice) VALUES (745,49,3,1466);
UPDATE [Order] SET TotalAmount=5664 WHERE OrderID=745;
INSERT INTO Payment(OrderID, PaymentDate, Amount, PaymentMethod, TransactionRef) VALUES (745,'2025-03-25',5664,'PayPal','TXN502141');
INSERT INTO [Order](CustomerID, OrderDate, Status, TotalAmount) VALUES (75,'2025-08-25','Delivered',0);
INSERT INTO OrderLines(OrderID, ProductID, Qty, UnitPrice) VALUES (746,43,3,752);
INSERT INTO OrderLines(OrderID, ProductID, Qty, UnitPrice) VALUES (746,11,3,416);
INSERT INTO OrderLines(OrderID, ProductID, Qty, UnitPrice) VALUES (746,25,3,638);
INSERT INTO OrderLines(OrderID, ProductID, Qty, UnitPrice) VALUES (746,22,2,1146);
UPDATE [Order] SET TotalAmount=7710 WHERE OrderID=746;
INSERT INTO Payment(OrderID, PaymentDate, Amount, PaymentMethod, TransactionRef) VALUES (746,'2025-08-30',7710,'PayPal','TXN706372');
INSERT INTO [Order](CustomerID, OrderDate, Status, TotalAmount) VALUES (75,'2025-06-17','Cancelled',0);
INSERT INTO OrderLines(OrderID, ProductID, Qty, UnitPrice) VALUES (747,34,3,1334);
INSERT INTO OrderLines(OrderID, ProductID, Qty, UnitPrice) VALUES (747,41,3,1013);
INSERT INTO OrderLines(OrderID, ProductID, Qty, UnitPrice) VALUES (747,15,2,871);
INSERT INTO OrderLines(OrderID, ProductID, Qty, UnitPrice) VALUES (747,31,1,1124);
UPDATE [Order] SET TotalAmount=9907 WHERE OrderID=747;
INSERT INTO Payment(OrderID, PaymentDate, Amount, PaymentMethod, TransactionRef) VALUES (747,'2025-06-17',9907,'Card','TXN888363');
INSERT INTO [Order](CustomerID, OrderDate, Status, TotalAmount) VALUES (75,'2025-05-19','Delivered',0);
INSERT INTO OrderLines(OrderID, ProductID, Qty, UnitPrice) VALUES (748,39,2,85);
INSERT INTO OrderLines(OrderID, ProductID, Qty, UnitPrice) VALUES (748,21,3,1409);
INSERT INTO OrderLines(OrderID, ProductID, Qty, UnitPrice) VALUES (748,39,1,1285);
INSERT INTO OrderLines(OrderID, ProductID, Qty, UnitPrice) VALUES (748,1,1,527);
UPDATE [Order] SET TotalAmount=6209 WHERE OrderID=748;
INSERT INTO Payment(OrderID, PaymentDate, Amount, PaymentMethod, TransactionRef) VALUES (748,'2025-05-24',6209,'Cash','TXN637814');
INSERT INTO [Order](CustomerID, OrderDate, Status, TotalAmount) VALUES (75,'2025-07-05','Shipped',0);
INSERT INTO OrderLines(OrderID, ProductID, Qty, UnitPrice) VALUES (749,20,1,311);
INSERT INTO OrderLines(OrderID, ProductID, Qty, UnitPrice) VALUES (749,1,3,311);
INSERT INTO OrderLines(OrderID, ProductID, Qty, UnitPrice) VALUES (749,12,3,1002);
INSERT INTO OrderLines(OrderID, ProductID, Qty, UnitPrice) VALUES (749,14,1,517);
UPDATE [Order] SET TotalAmount=4767 WHERE OrderID=749;
INSERT INTO Payment(OrderID, PaymentDate, Amount, PaymentMethod, TransactionRef) VALUES (749,'2025-07-07',4767,'Cash','TXN688611');
INSERT INTO [Order](CustomerID, OrderDate, Status, TotalAmount) VALUES (75,'2025-04-27','Cancelled',0);
INSERT INTO OrderLines(OrderID, ProductID, Qty, UnitPrice) VALUES (750,11,2,96);
INSERT INTO OrderLines(OrderID, ProductID, Qty, UnitPrice) VALUES (750,35,3,544);
INSERT INTO OrderLines(OrderID, ProductID, Qty, UnitPrice) VALUES (750,50,3,1062);
INSERT INTO OrderLines(OrderID, ProductID, Qty, UnitPrice) VALUES (750,5,2,524);
UPDATE [Order] SET TotalAmount=6058 WHERE OrderID=750;
INSERT INTO Payment(OrderID, PaymentDate, Amount, PaymentMethod, TransactionRef) VALUES (750,'2025-04-29',6058,'Cash','TXN866990');
INSERT INTO [Order](CustomerID, OrderDate, Status, TotalAmount) VALUES (76,'2025-05-29','Delivered',0);
INSERT INTO OrderLines(OrderID, ProductID, Qty, UnitPrice) VALUES (751,48,2,319);
INSERT INTO OrderLines(OrderID, ProductID, Qty, UnitPrice) VALUES (751,21,3,1322);
INSERT INTO OrderLines(OrderID, ProductID, Qty, UnitPrice) VALUES (751,50,2,1399);
INSERT INTO OrderLines(OrderID, ProductID, Qty, UnitPrice) VALUES (751,7,3,1115);
UPDATE [Order] SET TotalAmount=10747 WHERE OrderID=751;
INSERT INTO Payment(OrderID, PaymentDate, Amount, PaymentMethod, TransactionRef) VALUES (751,'2025-06-02',10747,'Cash','TXN474618');
INSERT INTO [Order](CustomerID, OrderDate, Status, TotalAmount) VALUES (76,'2025-04-08','Processing',0);
INSERT INTO OrderLines(OrderID, ProductID, Qty, UnitPrice) VALUES (752,26,1,825);
INSERT INTO OrderLines(OrderID, ProductID, Qty, UnitPrice) VALUES (752,43,2,1011);
INSERT INTO OrderLines(OrderID, ProductID, Qty, UnitPrice) VALUES (752,25,2,92);
INSERT INTO OrderLines(OrderID, ProductID, Qty, UnitPrice) VALUES (752,45,2,43);
UPDATE [Order] SET TotalAmount=3117 WHERE OrderID=752;
INSERT INTO Payment(OrderID, PaymentDate, Amount, PaymentMethod, TransactionRef) VALUES (752,'2025-04-13',3117,'Card','TXN174137');
INSERT INTO [Order](CustomerID, OrderDate, Status, TotalAmount) VALUES (76,'2025-10-09','Processing',0);
INSERT INTO OrderLines(OrderID, ProductID, Qty, UnitPrice) VALUES (753,31,1,832);
INSERT INTO OrderLines(OrderID, ProductID, Qty, UnitPrice) VALUES (753,24,3,1069);
INSERT INTO OrderLines(OrderID, ProductID, Qty, UnitPrice) VALUES (753,40,3,246);
INSERT INTO OrderLines(OrderID, ProductID, Qty, UnitPrice) VALUES (753,13,1,165);
UPDATE [Order] SET TotalAmount=4942 WHERE OrderID=753;
INSERT INTO Payment(OrderID, PaymentDate, Amount, PaymentMethod, TransactionRef) VALUES (753,'2025-10-14',4942,'Cash','TXN925994');
INSERT INTO [Order](CustomerID, OrderDate, Status, TotalAmount) VALUES (76,'2025-11-23','Cancelled',0);
INSERT INTO OrderLines(OrderID, ProductID, Qty, UnitPrice) VALUES (754,5,1,1204);
INSERT INTO OrderLines(OrderID, ProductID, Qty, UnitPrice) VALUES (754,49,2,994);
INSERT INTO OrderLines(OrderID, ProductID, Qty, UnitPrice) VALUES (754,21,2,504);
INSERT INTO OrderLines(OrderID, ProductID, Qty, UnitPrice) VALUES (754,42,3,1327);
UPDATE [Order] SET TotalAmount=8181 WHERE OrderID=754;
INSERT INTO Payment(OrderID, PaymentDate, Amount, PaymentMethod, TransactionRef) VALUES (754,'2025-11-26',8181,'PayPal','TXN983060');
INSERT INTO [Order](CustomerID, OrderDate, Status, TotalAmount) VALUES (76,'2025-06-23','Delivered',0);
INSERT INTO OrderLines(OrderID, ProductID, Qty, UnitPrice) VALUES (755,44,1,256);
INSERT INTO OrderLines(OrderID, ProductID, Qty, UnitPrice) VALUES (755,48,2,890);
INSERT INTO OrderLines(OrderID, ProductID, Qty, UnitPrice) VALUES (755,23,2,975);
INSERT INTO OrderLines(OrderID, ProductID, Qty, UnitPrice) VALUES (755,25,2,1085);
UPDATE [Order] SET TotalAmount=6156 WHERE OrderID=755;
INSERT INTO Payment(OrderID, PaymentDate, Amount, PaymentMethod, TransactionRef) VALUES (755,'2025-06-28',6156,'Card','TXN643056');
INSERT INTO [Order](CustomerID, OrderDate, Status, TotalAmount) VALUES (76,'2025-04-01','Cancelled',0);
INSERT INTO OrderLines(OrderID, ProductID, Qty, UnitPrice) VALUES (756,41,3,251);
INSERT INTO OrderLines(OrderID, ProductID, Qty, UnitPrice) VALUES (756,2,2,100);
INSERT INTO OrderLines(OrderID, ProductID, Qty, UnitPrice) VALUES (756,45,3,143);
INSERT INTO OrderLines(OrderID, ProductID, Qty, UnitPrice) VALUES (756,27,1,287);
UPDATE [Order] SET TotalAmount=1669 WHERE OrderID=756;
INSERT INTO Payment(OrderID, PaymentDate, Amount, PaymentMethod, TransactionRef) VALUES (756,'2025-04-05',1669,'Cash','TXN960302');
INSERT INTO [Order](CustomerID, OrderDate, Status, TotalAmount) VALUES (76,'2025-11-23','Cancelled',0);
INSERT INTO OrderLines(OrderID, ProductID, Qty, UnitPrice) VALUES (757,3,1,573);
INSERT INTO OrderLines(OrderID, ProductID, Qty, UnitPrice) VALUES (757,37,1,796);
INSERT INTO OrderLines(OrderID, ProductID, Qty, UnitPrice) VALUES (757,8,1,786);
INSERT INTO OrderLines(OrderID, ProductID, Qty, UnitPrice) VALUES (757,26,2,519);
UPDATE [Order] SET TotalAmount=3193 WHERE OrderID=757;
INSERT INTO Payment(OrderID, PaymentDate, Amount, PaymentMethod, TransactionRef) VALUES (757,'2025-11-25',3193,'Card','TXN783727');
INSERT INTO [Order](CustomerID, OrderDate, Status, TotalAmount) VALUES (76,'2025-03-04','Processing',0);
INSERT INTO OrderLines(OrderID, ProductID, Qty, UnitPrice) VALUES (758,22,2,1247);
INSERT INTO OrderLines(OrderID, ProductID, Qty, UnitPrice) VALUES (758,38,1,1022);
INSERT INTO OrderLines(OrderID, ProductID, Qty, UnitPrice) VALUES (758,1,3,733);
INSERT INTO OrderLines(OrderID, ProductID, Qty, UnitPrice) VALUES (758,39,2,1239);
UPDATE [Order] SET TotalAmount=8193 WHERE OrderID=758;
INSERT INTO Payment(OrderID, PaymentDate, Amount, PaymentMethod, TransactionRef) VALUES (758,'2025-03-06',8193,'Cash','TXN419193');
INSERT INTO [Order](CustomerID, OrderDate, Status, TotalAmount) VALUES (76,'2025-07-18','Processing',0);
INSERT INTO OrderLines(OrderID, ProductID, Qty, UnitPrice) VALUES (759,6,1,878);
INSERT INTO OrderLines(OrderID, ProductID, Qty, UnitPrice) VALUES (759,47,2,338);
INSERT INTO OrderLines(OrderID, ProductID, Qty, UnitPrice) VALUES (759,29,1,141);
INSERT INTO OrderLines(OrderID, ProductID, Qty, UnitPrice) VALUES (759,17,1,366);
UPDATE [Order] SET TotalAmount=2061 WHERE OrderID=759;
INSERT INTO Payment(OrderID, PaymentDate, Amount, PaymentMethod, TransactionRef) VALUES (759,'2025-07-20',2061,'Card','TXN651124');
INSERT INTO [Order](CustomerID, OrderDate, Status, TotalAmount) VALUES (76,'2025-02-27','Processing',0);
INSERT INTO OrderLines(OrderID, ProductID, Qty, UnitPrice) VALUES (760,31,1,712);
INSERT INTO OrderLines(OrderID, ProductID, Qty, UnitPrice) VALUES (760,13,2,511);
INSERT INTO OrderLines(OrderID, ProductID, Qty, UnitPrice) VALUES (760,3,3,219);
INSERT INTO OrderLines(OrderID, ProductID, Qty, UnitPrice) VALUES (760,50,1,69);
UPDATE [Order] SET TotalAmount=2460 WHERE OrderID=760;
INSERT INTO Payment(OrderID, PaymentDate, Amount, PaymentMethod, TransactionRef) VALUES (760,'2025-02-27',2460,'Cash','TXN515802');
INSERT INTO [Order](CustomerID, OrderDate, Status, TotalAmount) VALUES (77,'2025-11-25','Processing',0);
INSERT INTO OrderLines(OrderID, ProductID, Qty, UnitPrice) VALUES (761,23,2,124);
INSERT INTO OrderLines(OrderID, ProductID, Qty, UnitPrice) VALUES (761,35,1,370);
INSERT INTO OrderLines(OrderID, ProductID, Qty, UnitPrice) VALUES (761,12,2,1317);
INSERT INTO OrderLines(OrderID, ProductID, Qty, UnitPrice) VALUES (761,27,3,503);
UPDATE [Order] SET TotalAmount=4761 WHERE OrderID=761;
INSERT INTO Payment(OrderID, PaymentDate, Amount, PaymentMethod, TransactionRef) VALUES (761,'2025-11-27',4761,'PayPal','TXN957749');
INSERT INTO [Order](CustomerID, OrderDate, Status, TotalAmount) VALUES (77,'2025-09-26','Cancelled',0);
INSERT INTO OrderLines(OrderID, ProductID, Qty, UnitPrice) VALUES (762,29,1,1084);
INSERT INTO OrderLines(OrderID, ProductID, Qty, UnitPrice) VALUES (762,39,1,918);
INSERT INTO OrderLines(OrderID, ProductID, Qty, UnitPrice) VALUES (762,16,3,1276);
INSERT INTO OrderLines(OrderID, ProductID, Qty, UnitPrice) VALUES (762,25,1,1096);
UPDATE [Order] SET TotalAmount=6926 WHERE OrderID=762;
INSERT INTO Payment(OrderID, PaymentDate, Amount, PaymentMethod, TransactionRef) VALUES (762,'2025-09-28',6926,'Cash','TXN224347');
INSERT INTO [Order](CustomerID, OrderDate, Status, TotalAmount) VALUES (77,'2025-08-19','Delivered',0);
INSERT INTO OrderLines(OrderID, ProductID, Qty, UnitPrice) VALUES (763,15,2,1359);
INSERT INTO OrderLines(OrderID, ProductID, Qty, UnitPrice) VALUES (763,15,2,1149);
INSERT INTO OrderLines(OrderID, ProductID, Qty, UnitPrice) VALUES (763,4,2,350);
INSERT INTO OrderLines(OrderID, ProductID, Qty, UnitPrice) VALUES (763,44,1,604);
UPDATE [Order] SET TotalAmount=6320 WHERE OrderID=763;
INSERT INTO Payment(OrderID, PaymentDate, Amount, PaymentMethod, TransactionRef) VALUES (763,'2025-08-23',6320,'Card','TXN217934');
INSERT INTO [Order](CustomerID, OrderDate, Status, TotalAmount) VALUES (77,'2025-11-22','Delivered',0);
INSERT INTO OrderLines(OrderID, ProductID, Qty, UnitPrice) VALUES (764,31,1,776);
INSERT INTO OrderLines(OrderID, ProductID, Qty, UnitPrice) VALUES (764,1,1,170);
INSERT INTO OrderLines(OrderID, ProductID, Qty, UnitPrice) VALUES (764,6,3,510);
INSERT INTO OrderLines(OrderID, ProductID, Qty, UnitPrice) VALUES (764,20,2,1385);
UPDATE [Order] SET TotalAmount=5246 WHERE OrderID=764;
INSERT INTO Payment(OrderID, PaymentDate, Amount, PaymentMethod, TransactionRef) VALUES (764,'2025-11-26',5246,'PayPal','TXN912215');
INSERT INTO [Order](CustomerID, OrderDate, Status, TotalAmount) VALUES (77,'2025-07-30','Cancelled',0);
INSERT INTO OrderLines(OrderID, ProductID, Qty, UnitPrice) VALUES (765,24,1,1476);
INSERT INTO OrderLines(OrderID, ProductID, Qty, UnitPrice) VALUES (765,16,3,618);
INSERT INTO OrderLines(OrderID, ProductID, Qty, UnitPrice) VALUES (765,33,3,200);
INSERT INTO OrderLines(OrderID, ProductID, Qty, UnitPrice) VALUES (765,19,3,956);
UPDATE [Order] SET TotalAmount=6798 WHERE OrderID=765;
INSERT INTO Payment(OrderID, PaymentDate, Amount, PaymentMethod, TransactionRef) VALUES (765,'2025-07-30',6798,'Card','TXN830384');
INSERT INTO [Order](CustomerID, OrderDate, Status, TotalAmount) VALUES (77,'2025-10-31','Delivered',0);
INSERT INTO OrderLines(OrderID, ProductID, Qty, UnitPrice) VALUES (766,37,2,344);
INSERT INTO OrderLines(OrderID, ProductID, Qty, UnitPrice) VALUES (766,43,2,1019);
INSERT INTO OrderLines(OrderID, ProductID, Qty, UnitPrice) VALUES (766,17,3,695);
INSERT INTO OrderLines(OrderID, ProductID, Qty, UnitPrice) VALUES (766,20,1,968);
UPDATE [Order] SET TotalAmount=5779 WHERE OrderID=766;
INSERT INTO Payment(OrderID, PaymentDate, Amount, PaymentMethod, TransactionRef) VALUES (766,'2025-11-01',5779,'PayPal','TXN135078');
INSERT INTO [Order](CustomerID, OrderDate, Status, TotalAmount) VALUES (77,'2025-09-25','Shipped',0);
INSERT INTO OrderLines(OrderID, ProductID, Qty, UnitPrice) VALUES (767,23,3,1342);
INSERT INTO OrderLines(OrderID, ProductID, Qty, UnitPrice) VALUES (767,4,3,650);
INSERT INTO OrderLines(OrderID, ProductID, Qty, UnitPrice) VALUES (767,23,1,1444);
INSERT INTO OrderLines(OrderID, ProductID, Qty, UnitPrice) VALUES (767,39,1,536);
UPDATE [Order] SET TotalAmount=7956 WHERE OrderID=767;
INSERT INTO Payment(OrderID, PaymentDate, Amount, PaymentMethod, TransactionRef) VALUES (767,'2025-09-30',7956,'Cash','TXN674698');
INSERT INTO [Order](CustomerID, OrderDate, Status, TotalAmount) VALUES (77,'2025-07-26','Processing',0);
INSERT INTO OrderLines(OrderID, ProductID, Qty, UnitPrice) VALUES (768,32,2,420);
INSERT INTO OrderLines(OrderID, ProductID, Qty, UnitPrice) VALUES (768,36,3,736);
INSERT INTO OrderLines(OrderID, ProductID, Qty, UnitPrice) VALUES (768,30,1,789);
INSERT INTO OrderLines(OrderID, ProductID, Qty, UnitPrice) VALUES (768,31,3,1083);
UPDATE [Order] SET TotalAmount=7086 WHERE OrderID=768;
INSERT INTO Payment(OrderID, PaymentDate, Amount, PaymentMethod, TransactionRef) VALUES (768,'2025-07-31',7086,'Cash','TXN439871');
INSERT INTO [Order](CustomerID, OrderDate, Status, TotalAmount) VALUES (77,'2025-09-13','Delivered',0);
INSERT INTO OrderLines(OrderID, ProductID, Qty, UnitPrice) VALUES (769,25,1,89);
INSERT INTO OrderLines(OrderID, ProductID, Qty, UnitPrice) VALUES (769,35,1,996);
INSERT INTO OrderLines(OrderID, ProductID, Qty, UnitPrice) VALUES (769,49,2,708);
INSERT INTO OrderLines(OrderID, ProductID, Qty, UnitPrice) VALUES (769,41,2,199);
UPDATE [Order] SET TotalAmount=2899 WHERE OrderID=769;
INSERT INTO Payment(OrderID, PaymentDate, Amount, PaymentMethod, TransactionRef) VALUES (769,'2025-09-14',2899,'Card','TXN467631');
INSERT INTO [Order](CustomerID, OrderDate, Status, TotalAmount) VALUES (77,'2025-07-03','Shipped',0);
INSERT INTO OrderLines(OrderID, ProductID, Qty, UnitPrice) VALUES (770,38,1,348);
INSERT INTO OrderLines(OrderID, ProductID, Qty, UnitPrice) VALUES (770,22,1,106);
INSERT INTO OrderLines(OrderID, ProductID, Qty, UnitPrice) VALUES (770,37,2,1089);
INSERT INTO OrderLines(OrderID, ProductID, Qty, UnitPrice) VALUES (770,33,3,889);
UPDATE [Order] SET TotalAmount=5299 WHERE OrderID=770;
INSERT INTO Payment(OrderID, PaymentDate, Amount, PaymentMethod, TransactionRef) VALUES (770,'2025-07-05',5299,'Cash','TXN355289');
INSERT INTO [Order](CustomerID, OrderDate, Status, TotalAmount) VALUES (78,'2025-11-30','Shipped',0);
INSERT INTO OrderLines(OrderID, ProductID, Qty, UnitPrice) VALUES (771,19,3,587);
INSERT INTO OrderLines(OrderID, ProductID, Qty, UnitPrice) VALUES (771,49,2,256);
INSERT INTO OrderLines(OrderID, ProductID, Qty, UnitPrice) VALUES (771,20,2,437);
INSERT INTO OrderLines(OrderID, ProductID, Qty, UnitPrice) VALUES (771,36,2,615);
UPDATE [Order] SET TotalAmount=4377 WHERE OrderID=771;
INSERT INTO Payment(OrderID, PaymentDate, Amount, PaymentMethod, TransactionRef) VALUES (771,'2025-12-03',4377,'Cash','TXN561902');
INSERT INTO [Order](CustomerID, OrderDate, Status, TotalAmount) VALUES (78,'2025-02-06','Delivered',0);
INSERT INTO OrderLines(OrderID, ProductID, Qty, UnitPrice) VALUES (772,45,2,1495);
INSERT INTO OrderLines(OrderID, ProductID, Qty, UnitPrice) VALUES (772,28,3,583);
INSERT INTO OrderLines(OrderID, ProductID, Qty, UnitPrice) VALUES (772,5,2,459);
INSERT INTO OrderLines(OrderID, ProductID, Qty, UnitPrice) VALUES (772,23,3,772);
UPDATE [Order] SET TotalAmount=7973 WHERE OrderID=772;
INSERT INTO Payment(OrderID, PaymentDate, Amount, PaymentMethod, TransactionRef) VALUES (772,'2025-02-07',7973,'PayPal','TXN123700');
INSERT INTO [Order](CustomerID, OrderDate, Status, TotalAmount) VALUES (78,'2025-11-03','Processing',0);
INSERT INTO OrderLines(OrderID, ProductID, Qty, UnitPrice) VALUES (773,48,3,1380);
INSERT INTO OrderLines(OrderID, ProductID, Qty, UnitPrice) VALUES (773,6,2,314);
INSERT INTO OrderLines(OrderID, ProductID, Qty, UnitPrice) VALUES (773,45,2,1147);
INSERT INTO OrderLines(OrderID, ProductID, Qty, UnitPrice) VALUES (773,49,1,277);
UPDATE [Order] SET TotalAmount=7339 WHERE OrderID=773;
INSERT INTO Payment(OrderID, PaymentDate, Amount, PaymentMethod, TransactionRef) VALUES (773,'2025-11-03',7339,'PayPal','TXN545370');
INSERT INTO [Order](CustomerID, OrderDate, Status, TotalAmount) VALUES (78,'2025-04-11','Delivered',0);
INSERT INTO OrderLines(OrderID, ProductID, Qty, UnitPrice) VALUES (774,50,3,504);
INSERT INTO OrderLines(OrderID, ProductID, Qty, UnitPrice) VALUES (774,8,2,1200);
INSERT INTO OrderLines(OrderID, ProductID, Qty, UnitPrice) VALUES (774,48,3,36);
INSERT INTO OrderLines(OrderID, ProductID, Qty, UnitPrice) VALUES (774,49,2,265);
UPDATE [Order] SET TotalAmount=4550 WHERE OrderID=774;
INSERT INTO Payment(OrderID, PaymentDate, Amount, PaymentMethod, TransactionRef) VALUES (774,'2025-04-12',4550,'Card','TXN957594');
INSERT INTO [Order](CustomerID, OrderDate, Status, TotalAmount) VALUES (78,'2025-08-15','Processing',0);
INSERT INTO OrderLines(OrderID, ProductID, Qty, UnitPrice) VALUES (775,38,3,1290);
INSERT INTO OrderLines(OrderID, ProductID, Qty, UnitPrice) VALUES (775,19,1,344);
INSERT INTO OrderLines(OrderID, ProductID, Qty, UnitPrice) VALUES (775,42,2,436);
INSERT INTO OrderLines(OrderID, ProductID, Qty, UnitPrice) VALUES (775,25,2,1199);
UPDATE [Order] SET TotalAmount=7484 WHERE OrderID=775;
INSERT INTO Payment(OrderID, PaymentDate, Amount, PaymentMethod, TransactionRef) VALUES (775,'2025-08-19',7484,'Cash','TXN690738');
INSERT INTO [Order](CustomerID, OrderDate, Status, TotalAmount) VALUES (78,'2025-07-19','Cancelled',0);
INSERT INTO OrderLines(OrderID, ProductID, Qty, UnitPrice) VALUES (776,14,3,1486);
INSERT INTO OrderLines(OrderID, ProductID, Qty, UnitPrice) VALUES (776,7,3,85);
INSERT INTO OrderLines(OrderID, ProductID, Qty, UnitPrice) VALUES (776,38,2,435);
INSERT INTO OrderLines(OrderID, ProductID, Qty, UnitPrice) VALUES (776,26,3,1404);
UPDATE [Order] SET TotalAmount=9795 WHERE OrderID=776;
INSERT INTO Payment(OrderID, PaymentDate, Amount, PaymentMethod, TransactionRef) VALUES (776,'2025-07-24',9795,'PayPal','TXN917957');
INSERT INTO [Order](CustomerID, OrderDate, Status, TotalAmount) VALUES (78,'2025-12-06','Cancelled',0);
INSERT INTO OrderLines(OrderID, ProductID, Qty, UnitPrice) VALUES (777,5,2,925);
INSERT INTO OrderLines(OrderID, ProductID, Qty, UnitPrice) VALUES (777,11,1,405);
INSERT INTO OrderLines(OrderID, ProductID, Qty, UnitPrice) VALUES (777,1,2,563);
INSERT INTO OrderLines(OrderID, ProductID, Qty, UnitPrice) VALUES (777,26,3,300);
UPDATE [Order] SET TotalAmount=4281 WHERE OrderID=777;
INSERT INTO Payment(OrderID, PaymentDate, Amount, PaymentMethod, TransactionRef) VALUES (777,'2025-12-10',4281,'Cash','TXN848638');
INSERT INTO [Order](CustomerID, OrderDate, Status, TotalAmount) VALUES (78,'2025-10-28','Cancelled',0);
INSERT INTO OrderLines(OrderID, ProductID, Qty, UnitPrice) VALUES (778,30,3,446);
INSERT INTO OrderLines(OrderID, ProductID, Qty, UnitPrice) VALUES (778,37,2,268);
INSERT INTO OrderLines(OrderID, ProductID, Qty, UnitPrice) VALUES (778,20,3,565);
INSERT INTO OrderLines(OrderID, ProductID, Qty, UnitPrice) VALUES (778,17,1,1030);
UPDATE [Order] SET TotalAmount=4599 WHERE OrderID=778;
INSERT INTO Payment(OrderID, PaymentDate, Amount, PaymentMethod, TransactionRef) VALUES (778,'2025-10-31',4599,'Cash','TXN867046');
INSERT INTO [Order](CustomerID, OrderDate, Status, TotalAmount) VALUES (78,'2025-05-19','Processing',0);
INSERT INTO OrderLines(OrderID, ProductID, Qty, UnitPrice) VALUES (779,39,1,97);
INSERT INTO OrderLines(OrderID, ProductID, Qty, UnitPrice) VALUES (779,39,3,1457);
INSERT INTO OrderLines(OrderID, ProductID, Qty, UnitPrice) VALUES (779,37,3,154);
INSERT INTO OrderLines(OrderID, ProductID, Qty, UnitPrice) VALUES (779,4,1,971);
UPDATE [Order] SET TotalAmount=5901 WHERE OrderID=779;
INSERT INTO Payment(OrderID, PaymentDate, Amount, PaymentMethod, TransactionRef) VALUES (779,'2025-05-21',5901,'Card','TXN655740');
INSERT INTO [Order](CustomerID, OrderDate, Status, TotalAmount) VALUES (78,'2025-02-23','Cancelled',0);
INSERT INTO OrderLines(OrderID, ProductID, Qty, UnitPrice) VALUES (780,46,3,1139);
INSERT INTO OrderLines(OrderID, ProductID, Qty, UnitPrice) VALUES (780,17,3,1250);
INSERT INTO OrderLines(OrderID, ProductID, Qty, UnitPrice) VALUES (780,32,1,760);
INSERT INTO OrderLines(OrderID, ProductID, Qty, UnitPrice) VALUES (780,39,2,1231);
UPDATE [Order] SET TotalAmount=10389 WHERE OrderID=780;
INSERT INTO Payment(OrderID, PaymentDate, Amount, PaymentMethod, TransactionRef) VALUES (780,'2025-02-25',10389,'Card','TXN661554');
INSERT INTO [Order](CustomerID, OrderDate, Status, TotalAmount) VALUES (79,'2025-03-30','Processing',0);
INSERT INTO OrderLines(OrderID, ProductID, Qty, UnitPrice) VALUES (781,32,3,1286);
INSERT INTO OrderLines(OrderID, ProductID, Qty, UnitPrice) VALUES (781,10,2,112);
INSERT INTO OrderLines(OrderID, ProductID, Qty, UnitPrice) VALUES (781,40,3,490);
INSERT INTO OrderLines(OrderID, ProductID, Qty, UnitPrice) VALUES (781,12,1,856);
UPDATE [Order] SET TotalAmount=6408 WHERE OrderID=781;
INSERT INTO Payment(OrderID, PaymentDate, Amount, PaymentMethod, TransactionRef) VALUES (781,'2025-04-03',6408,'Cash','TXN720819');
INSERT INTO [Order](CustomerID, OrderDate, Status, TotalAmount) VALUES (79,'2025-10-12','Processing',0);
INSERT INTO OrderLines(OrderID, ProductID, Qty, UnitPrice) VALUES (782,41,2,218);
INSERT INTO OrderLines(OrderID, ProductID, Qty, UnitPrice) VALUES (782,42,2,322);
INSERT INTO OrderLines(OrderID, ProductID, Qty, UnitPrice) VALUES (782,28,3,57);
INSERT INTO OrderLines(OrderID, ProductID, Qty, UnitPrice) VALUES (782,48,3,826);
UPDATE [Order] SET TotalAmount=3729 WHERE OrderID=782;
INSERT INTO Payment(OrderID, PaymentDate, Amount, PaymentMethod, TransactionRef) VALUES (782,'2025-10-12',3729,'Card','TXN943002');
INSERT INTO [Order](CustomerID, OrderDate, Status, TotalAmount) VALUES (79,'2025-03-20','Shipped',0);
INSERT INTO OrderLines(OrderID, ProductID, Qty, UnitPrice) VALUES (783,26,3,238);
INSERT INTO OrderLines(OrderID, ProductID, Qty, UnitPrice) VALUES (783,6,1,934);
INSERT INTO OrderLines(OrderID, ProductID, Qty, UnitPrice) VALUES (783,35,1,643);
INSERT INTO OrderLines(OrderID, ProductID, Qty, UnitPrice) VALUES (783,13,3,1481);
UPDATE [Order] SET TotalAmount=6734 WHERE OrderID=783;
INSERT INTO Payment(OrderID, PaymentDate, Amount, PaymentMethod, TransactionRef) VALUES (783,'2025-03-25',6734,'PayPal','TXN430331');
INSERT INTO [Order](CustomerID, OrderDate, Status, TotalAmount) VALUES (79,'2025-12-13','Shipped',0);
INSERT INTO OrderLines(OrderID, ProductID, Qty, UnitPrice) VALUES (784,34,3,1109);
INSERT INTO OrderLines(OrderID, ProductID, Qty, UnitPrice) VALUES (784,34,3,1243);
INSERT INTO OrderLines(OrderID, ProductID, Qty, UnitPrice) VALUES (784,36,3,545);
INSERT INTO OrderLines(OrderID, ProductID, Qty, UnitPrice) VALUES (784,26,1,742);
UPDATE [Order] SET TotalAmount=9433 WHERE OrderID=784;
INSERT INTO Payment(OrderID, PaymentDate, Amount, PaymentMethod, TransactionRef) VALUES (784,'2025-12-14',9433,'Card','TXN232860');
INSERT INTO [Order](CustomerID, OrderDate, Status, TotalAmount) VALUES (79,'2025-10-15','Shipped',0);
INSERT INTO OrderLines(OrderID, ProductID, Qty, UnitPrice) VALUES (785,45,2,745);
INSERT INTO OrderLines(OrderID, ProductID, Qty, UnitPrice) VALUES (785,29,3,1145);
INSERT INTO OrderLines(OrderID, ProductID, Qty, UnitPrice) VALUES (785,49,2,305);
INSERT INTO OrderLines(OrderID, ProductID, Qty, UnitPrice) VALUES (785,23,1,463);
UPDATE [Order] SET TotalAmount=5998 WHERE OrderID=785;
INSERT INTO Payment(OrderID, PaymentDate, Amount, PaymentMethod, TransactionRef) VALUES (785,'2025-10-19',5998,'PayPal','TXN943101');
INSERT INTO [Order](CustomerID, OrderDate, Status, TotalAmount) VALUES (79,'2025-12-19','Processing',0);
INSERT INTO OrderLines(OrderID, ProductID, Qty, UnitPrice) VALUES (786,23,3,387);
INSERT INTO OrderLines(OrderID, ProductID, Qty, UnitPrice) VALUES (786,10,2,604);
INSERT INTO OrderLines(OrderID, ProductID, Qty, UnitPrice) VALUES (786,15,2,1122);
INSERT INTO OrderLines(OrderID, ProductID, Qty, UnitPrice) VALUES (786,14,3,309);
UPDATE [Order] SET TotalAmount=5540 WHERE OrderID=786;
INSERT INTO Payment(OrderID, PaymentDate, Amount, PaymentMethod, TransactionRef) VALUES (786,'2025-12-21',5540,'Card','TXN359233');
INSERT INTO [Order](CustomerID, OrderDate, Status, TotalAmount) VALUES (79,'2025-09-03','Shipped',0);
INSERT INTO OrderLines(OrderID, ProductID, Qty, UnitPrice) VALUES (787,20,1,1475);
INSERT INTO OrderLines(OrderID, ProductID, Qty, UnitPrice) VALUES (787,27,2,363);
INSERT INTO OrderLines(OrderID, ProductID, Qty, UnitPrice) VALUES (787,32,2,1237);
INSERT INTO OrderLines(OrderID, ProductID, Qty, UnitPrice) VALUES (787,44,1,261);
UPDATE [Order] SET TotalAmount=4936 WHERE OrderID=787;
INSERT INTO Payment(OrderID, PaymentDate, Amount, PaymentMethod, TransactionRef) VALUES (787,'2025-09-07',4936,'Cash','TXN232510');
INSERT INTO [Order](CustomerID, OrderDate, Status, TotalAmount) VALUES (79,'2025-05-06','Cancelled',0);
INSERT INTO OrderLines(OrderID, ProductID, Qty, UnitPrice) VALUES (788,31,3,1335);
INSERT INTO OrderLines(OrderID, ProductID, Qty, UnitPrice) VALUES (788,3,3,498);
INSERT INTO OrderLines(OrderID, ProductID, Qty, UnitPrice) VALUES (788,37,2,761);
INSERT INTO OrderLines(OrderID, ProductID, Qty, UnitPrice) VALUES (788,18,2,414);
UPDATE [Order] SET TotalAmount=7849 WHERE OrderID=788;
INSERT INTO Payment(OrderID, PaymentDate, Amount, PaymentMethod, TransactionRef) VALUES (788,'2025-05-11',7849,'Cash','TXN196546');
INSERT INTO [Order](CustomerID, OrderDate, Status, TotalAmount) VALUES (79,'2025-02-17','Delivered',0);
INSERT INTO OrderLines(OrderID, ProductID, Qty, UnitPrice) VALUES (789,38,1,558);
INSERT INTO OrderLines(OrderID, ProductID, Qty, UnitPrice) VALUES (789,7,2,423);
INSERT INTO OrderLines(OrderID, ProductID, Qty, UnitPrice) VALUES (789,48,2,605);
INSERT INTO OrderLines(OrderID, ProductID, Qty, UnitPrice) VALUES (789,20,2,876);
UPDATE [Order] SET TotalAmount=4366 WHERE OrderID=789;
INSERT INTO Payment(OrderID, PaymentDate, Amount, PaymentMethod, TransactionRef) VALUES (789,'2025-02-19',4366,'PayPal','TXN639577');
INSERT INTO [Order](CustomerID, OrderDate, Status, TotalAmount) VALUES (79,'2025-02-13','Shipped',0);
INSERT INTO OrderLines(OrderID, ProductID, Qty, UnitPrice) VALUES (790,29,1,1059);
INSERT INTO OrderLines(OrderID, ProductID, Qty, UnitPrice) VALUES (790,43,2,1386);
INSERT INTO OrderLines(OrderID, ProductID, Qty, UnitPrice) VALUES (790,2,2,1498);
INSERT INTO OrderLines(OrderID, ProductID, Qty, UnitPrice) VALUES (790,21,3,1296);
UPDATE [Order] SET TotalAmount=10715 WHERE OrderID=790;
INSERT INTO Payment(OrderID, PaymentDate, Amount, PaymentMethod, TransactionRef) VALUES (790,'2025-02-18',10715,'Cash','TXN398759');
INSERT INTO [Order](CustomerID, OrderDate, Status, TotalAmount) VALUES (80,'2025-03-30','Cancelled',0);
INSERT INTO OrderLines(OrderID, ProductID, Qty, UnitPrice) VALUES (791,34,3,1452);
INSERT INTO OrderLines(OrderID, ProductID, Qty, UnitPrice) VALUES (791,27,3,1454);
INSERT INTO OrderLines(OrderID, ProductID, Qty, UnitPrice) VALUES (791,19,2,933);
INSERT INTO OrderLines(OrderID, ProductID, Qty, UnitPrice) VALUES (791,10,1,399);
UPDATE [Order] SET TotalAmount=10983 WHERE OrderID=791;
INSERT INTO Payment(OrderID, PaymentDate, Amount, PaymentMethod, TransactionRef) VALUES (791,'2025-03-31',10983,'PayPal','TXN726395');
INSERT INTO [Order](CustomerID, OrderDate, Status, TotalAmount) VALUES (80,'2025-10-28','Delivered',0);
INSERT INTO OrderLines(OrderID, ProductID, Qty, UnitPrice) VALUES (792,14,2,963);
INSERT INTO OrderLines(OrderID, ProductID, Qty, UnitPrice) VALUES (792,33,2,1015);
INSERT INTO OrderLines(OrderID, ProductID, Qty, UnitPrice) VALUES (792,16,2,937);
INSERT INTO OrderLines(OrderID, ProductID, Qty, UnitPrice) VALUES (792,45,1,928);
UPDATE [Order] SET TotalAmount=6758 WHERE OrderID=792;
INSERT INTO Payment(OrderID, PaymentDate, Amount, PaymentMethod, TransactionRef) VALUES (792,'2025-10-29',6758,'Cash','TXN933762');
INSERT INTO [Order](CustomerID, OrderDate, Status, TotalAmount) VALUES (80,'2025-11-23','Shipped',0);
INSERT INTO OrderLines(OrderID, ProductID, Qty, UnitPrice) VALUES (793,7,2,558);
INSERT INTO OrderLines(OrderID, ProductID, Qty, UnitPrice) VALUES (793,9,3,730);
INSERT INTO OrderLines(OrderID, ProductID, Qty, UnitPrice) VALUES (793,26,2,1044);
INSERT INTO OrderLines(OrderID, ProductID, Qty, UnitPrice) VALUES (793,48,2,836);
UPDATE [Order] SET TotalAmount=7066 WHERE OrderID=793;
INSERT INTO Payment(OrderID, PaymentDate, Amount, PaymentMethod, TransactionRef) VALUES (793,'2025-11-26',7066,'PayPal','TXN405725');
INSERT INTO [Order](CustomerID, OrderDate, Status, TotalAmount) VALUES (80,'2025-10-05','Cancelled',0);
INSERT INTO OrderLines(OrderID, ProductID, Qty, UnitPrice) VALUES (794,48,2,170);
INSERT INTO OrderLines(OrderID, ProductID, Qty, UnitPrice) VALUES (794,26,1,790);
INSERT INTO OrderLines(OrderID, ProductID, Qty, UnitPrice) VALUES (794,27,1,1419);
INSERT INTO OrderLines(OrderID, ProductID, Qty, UnitPrice) VALUES (794,37,2,992);
UPDATE [Order] SET TotalAmount=4533 WHERE OrderID=794;
INSERT INTO Payment(OrderID, PaymentDate, Amount, PaymentMethod, TransactionRef) VALUES (794,'2025-10-06',4533,'PayPal','TXN311170');
INSERT INTO [Order](CustomerID, OrderDate, Status, TotalAmount) VALUES (80,'2025-06-11','Cancelled',0);
INSERT INTO OrderLines(OrderID, ProductID, Qty, UnitPrice) VALUES (795,29,1,479);
INSERT INTO OrderLines(OrderID, ProductID, Qty, UnitPrice) VALUES (795,30,3,1350);
INSERT INTO OrderLines(OrderID, ProductID, Qty, UnitPrice) VALUES (795,7,3,134);
INSERT INTO OrderLines(OrderID, ProductID, Qty, UnitPrice) VALUES (795,4,1,106);
UPDATE [Order] SET TotalAmount=5037 WHERE OrderID=795;
INSERT INTO Payment(OrderID, PaymentDate, Amount, PaymentMethod, TransactionRef) VALUES (795,'2025-06-12',5037,'Cash','TXN738112');
INSERT INTO [Order](CustomerID, OrderDate, Status, TotalAmount) VALUES (80,'2025-01-31','Cancelled',0);
INSERT INTO OrderLines(OrderID, ProductID, Qty, UnitPrice) VALUES (796,32,1,1294);
INSERT INTO OrderLines(OrderID, ProductID, Qty, UnitPrice) VALUES (796,12,1,397);
INSERT INTO OrderLines(OrderID, ProductID, Qty, UnitPrice) VALUES (796,36,1,701);
INSERT INTO OrderLines(OrderID, ProductID, Qty, UnitPrice) VALUES (796,27,3,844);
UPDATE [Order] SET TotalAmount=4924 WHERE OrderID=796;
INSERT INTO Payment(OrderID, PaymentDate, Amount, PaymentMethod, TransactionRef) VALUES (796,'2025-01-31',4924,'Cash','TXN264844');
INSERT INTO [Order](CustomerID, OrderDate, Status, TotalAmount) VALUES (80,'2025-07-01','Processing',0);
INSERT INTO OrderLines(OrderID, ProductID, Qty, UnitPrice) VALUES (797,28,1,1029);
INSERT INTO OrderLines(OrderID, ProductID, Qty, UnitPrice) VALUES (797,23,1,833);
INSERT INTO OrderLines(OrderID, ProductID, Qty, UnitPrice) VALUES (797,22,2,243);
INSERT INTO OrderLines(OrderID, ProductID, Qty, UnitPrice) VALUES (797,18,3,682);
UPDATE [Order] SET TotalAmount=4394 WHERE OrderID=797;
INSERT INTO Payment(OrderID, PaymentDate, Amount, PaymentMethod, TransactionRef) VALUES (797,'2025-07-05',4394,'Cash','TXN531034');
INSERT INTO [Order](CustomerID, OrderDate, Status, TotalAmount) VALUES (80,'2025-01-08','Processing',0);
INSERT INTO OrderLines(OrderID, ProductID, Qty, UnitPrice) VALUES (798,15,1,1365);
INSERT INTO OrderLines(OrderID, ProductID, Qty, UnitPrice) VALUES (798,45,1,1306);
INSERT INTO OrderLines(OrderID, ProductID, Qty, UnitPrice) VALUES (798,8,1,454);
INSERT INTO OrderLines(OrderID, ProductID, Qty, UnitPrice) VALUES (798,39,1,45);
UPDATE [Order] SET TotalAmount=3170 WHERE OrderID=798;
INSERT INTO Payment(OrderID, PaymentDate, Amount, PaymentMethod, TransactionRef) VALUES (798,'2025-01-11',3170,'Cash','TXN841386');
INSERT INTO [Order](CustomerID, OrderDate, Status, TotalAmount) VALUES (80,'2025-05-11','Processing',0);
INSERT INTO OrderLines(OrderID, ProductID, Qty, UnitPrice) VALUES (799,37,1,199);
INSERT INTO OrderLines(OrderID, ProductID, Qty, UnitPrice) VALUES (799,45,3,1042);
INSERT INTO OrderLines(OrderID, ProductID, Qty, UnitPrice) VALUES (799,17,3,1159);
INSERT INTO OrderLines(OrderID, ProductID, Qty, UnitPrice) VALUES (799,24,2,726);
UPDATE [Order] SET TotalAmount=8254 WHERE OrderID=799;
INSERT INTO Payment(OrderID, PaymentDate, Amount, PaymentMethod, TransactionRef) VALUES (799,'2025-05-11',8254,'Card','TXN994706');
INSERT INTO [Order](CustomerID, OrderDate, Status, TotalAmount) VALUES (80,'2025-08-01','Cancelled',0);
INSERT INTO OrderLines(OrderID, ProductID, Qty, UnitPrice) VALUES (800,28,1,1076);
INSERT INTO OrderLines(OrderID, ProductID, Qty, UnitPrice) VALUES (800,19,1,69);
INSERT INTO OrderLines(OrderID, ProductID, Qty, UnitPrice) VALUES (800,47,2,233);
INSERT INTO OrderLines(OrderID, ProductID, Qty, UnitPrice) VALUES (800,30,3,41);
UPDATE [Order] SET TotalAmount=1734 WHERE OrderID=800;
INSERT INTO Payment(OrderID, PaymentDate, Amount, PaymentMethod, TransactionRef) VALUES (800,'2025-08-04',1734,'Card','TXN782240');
INSERT INTO [Order](CustomerID, OrderDate, Status, TotalAmount) VALUES (81,'2025-11-11','Delivered',0);
INSERT INTO OrderLines(OrderID, ProductID, Qty, UnitPrice) VALUES (801,24,1,758);
INSERT INTO OrderLines(OrderID, ProductID, Qty, UnitPrice) VALUES (801,29,1,1332);
INSERT INTO OrderLines(OrderID, ProductID, Qty, UnitPrice) VALUES (801,32,3,1024);
INSERT INTO OrderLines(OrderID, ProductID, Qty, UnitPrice) VALUES (801,42,1,516);
UPDATE [Order] SET TotalAmount=5678 WHERE OrderID=801;
INSERT INTO Payment(OrderID, PaymentDate, Amount, PaymentMethod, TransactionRef) VALUES (801,'2025-11-13',5678,'Card','TXN945118');
INSERT INTO [Order](CustomerID, OrderDate, Status, TotalAmount) VALUES (81,'2025-03-22','Processing',0);
INSERT INTO OrderLines(OrderID, ProductID, Qty, UnitPrice) VALUES (802,50,1,227);
INSERT INTO OrderLines(OrderID, ProductID, Qty, UnitPrice) VALUES (802,6,2,1351);
INSERT INTO OrderLines(OrderID, ProductID, Qty, UnitPrice) VALUES (802,21,3,161);
INSERT INTO OrderLines(OrderID, ProductID, Qty, UnitPrice) VALUES (802,10,1,644);
UPDATE [Order] SET TotalAmount=4056 WHERE OrderID=802;
INSERT INTO Payment(OrderID, PaymentDate, Amount, PaymentMethod, TransactionRef) VALUES (802,'2025-03-26',4056,'Card','TXN654165');
INSERT INTO [Order](CustomerID, OrderDate, Status, TotalAmount) VALUES (81,'2025-12-09','Cancelled',0);
INSERT INTO OrderLines(OrderID, ProductID, Qty, UnitPrice) VALUES (803,23,3,966);
INSERT INTO OrderLines(OrderID, ProductID, Qty, UnitPrice) VALUES (803,7,3,380);
INSERT INTO OrderLines(OrderID, ProductID, Qty, UnitPrice) VALUES (803,20,1,235);
INSERT INTO OrderLines(OrderID, ProductID, Qty, UnitPrice) VALUES (803,11,2,754);
UPDATE [Order] SET TotalAmount=5781 WHERE OrderID=803;
INSERT INTO Payment(OrderID, PaymentDate, Amount, PaymentMethod, TransactionRef) VALUES (803,'2025-12-12',5781,'Cash','TXN461707');
INSERT INTO [Order](CustomerID, OrderDate, Status, TotalAmount) VALUES (81,'2025-01-27','Cancelled',0);
INSERT INTO OrderLines(OrderID, ProductID, Qty, UnitPrice) VALUES (804,25,1,1478);
INSERT INTO OrderLines(OrderID, ProductID, Qty, UnitPrice) VALUES (804,8,1,570);
INSERT INTO OrderLines(OrderID, ProductID, Qty, UnitPrice) VALUES (804,12,3,202);
INSERT INTO OrderLines(OrderID, ProductID, Qty, UnitPrice) VALUES (804,23,1,812);
UPDATE [Order] SET TotalAmount=3466 WHERE OrderID=804;
INSERT INTO Payment(OrderID, PaymentDate, Amount, PaymentMethod, TransactionRef) VALUES (804,'2025-01-30',3466,'Card','TXN113549');
INSERT INTO [Order](CustomerID, OrderDate, Status, TotalAmount) VALUES (81,'2025-12-23','Processing',0);
INSERT INTO OrderLines(OrderID, ProductID, Qty, UnitPrice) VALUES (805,37,3,1362);
INSERT INTO OrderLines(OrderID, ProductID, Qty, UnitPrice) VALUES (805,40,2,1415);
INSERT INTO OrderLines(OrderID, ProductID, Qty, UnitPrice) VALUES (805,25,2,303);
INSERT INTO OrderLines(OrderID, ProductID, Qty, UnitPrice) VALUES (805,28,1,341);
UPDATE [Order] SET TotalAmount=7863 WHERE OrderID=805;
INSERT INTO Payment(OrderID, PaymentDate, Amount, PaymentMethod, TransactionRef) VALUES (805,'2025-12-23',7863,'PayPal','TXN797265');
INSERT INTO [Order](CustomerID, OrderDate, Status, TotalAmount) VALUES (81,'2025-04-05','Cancelled',0);
INSERT INTO OrderLines(OrderID, ProductID, Qty, UnitPrice) VALUES (806,18,3,1282);
INSERT INTO OrderLines(OrderID, ProductID, Qty, UnitPrice) VALUES (806,23,2,937);
INSERT INTO OrderLines(OrderID, ProductID, Qty, UnitPrice) VALUES (806,42,1,726);
INSERT INTO OrderLines(OrderID, ProductID, Qty, UnitPrice) VALUES (806,18,2,1442);
UPDATE [Order] SET TotalAmount=9330 WHERE OrderID=806;
INSERT INTO Payment(OrderID, PaymentDate, Amount, PaymentMethod, TransactionRef) VALUES (806,'2025-04-09',9330,'Card','TXN953761');
INSERT INTO [Order](CustomerID, OrderDate, Status, TotalAmount) VALUES (81,'2025-04-18','Shipped',0);
INSERT INTO OrderLines(OrderID, ProductID, Qty, UnitPrice) VALUES (807,5,3,1335);
INSERT INTO OrderLines(OrderID, ProductID, Qty, UnitPrice) VALUES (807,39,1,1386);
INSERT INTO OrderLines(OrderID, ProductID, Qty, UnitPrice) VALUES (807,2,1,773);
INSERT INTO OrderLines(OrderID, ProductID, Qty, UnitPrice) VALUES (807,21,1,337);
UPDATE [Order] SET TotalAmount=6501 WHERE OrderID=807;
INSERT INTO Payment(OrderID, PaymentDate, Amount, PaymentMethod, TransactionRef) VALUES (807,'2025-04-22',6501,'Card','TXN318054');
INSERT INTO [Order](CustomerID, OrderDate, Status, TotalAmount) VALUES (81,'2025-05-16','Cancelled',0);
INSERT INTO OrderLines(OrderID, ProductID, Qty, UnitPrice) VALUES (808,49,3,852);
INSERT INTO OrderLines(OrderID, ProductID, Qty, UnitPrice) VALUES (808,6,1,1406);
INSERT INTO OrderLines(OrderID, ProductID, Qty, UnitPrice) VALUES (808,50,3,305);
INSERT INTO OrderLines(OrderID, ProductID, Qty, UnitPrice) VALUES (808,28,1,575);
UPDATE [Order] SET TotalAmount=5452 WHERE OrderID=808;
INSERT INTO Payment(OrderID, PaymentDate, Amount, PaymentMethod, TransactionRef) VALUES (808,'2025-05-16',5452,'Cash','TXN949755');
INSERT INTO [Order](CustomerID, OrderDate, Status, TotalAmount) VALUES (81,'2025-02-18','Shipped',0);
INSERT INTO OrderLines(OrderID, ProductID, Qty, UnitPrice) VALUES (809,19,2,1355);
INSERT INTO OrderLines(OrderID, ProductID, Qty, UnitPrice) VALUES (809,30,1,838);
INSERT INTO OrderLines(OrderID, ProductID, Qty, UnitPrice) VALUES (809,38,2,1333);
INSERT INTO OrderLines(OrderID, ProductID, Qty, UnitPrice) VALUES (809,35,3,484);
UPDATE [Order] SET TotalAmount=7666 WHERE OrderID=809;
INSERT INTO Payment(OrderID, PaymentDate, Amount, PaymentMethod, TransactionRef) VALUES (809,'2025-02-22',7666,'Card','TXN346171');
INSERT INTO [Order](CustomerID, OrderDate, Status, TotalAmount) VALUES (81,'2025-11-02','Cancelled',0);
INSERT INTO OrderLines(OrderID, ProductID, Qty, UnitPrice) VALUES (810,6,1,240);
INSERT INTO OrderLines(OrderID, ProductID, Qty, UnitPrice) VALUES (810,41,1,447);
INSERT INTO OrderLines(OrderID, ProductID, Qty, UnitPrice) VALUES (810,35,2,217);
INSERT INTO OrderLines(OrderID, ProductID, Qty, UnitPrice) VALUES (810,31,2,365);
UPDATE [Order] SET TotalAmount=1851 WHERE OrderID=810;
INSERT INTO Payment(OrderID, PaymentDate, Amount, PaymentMethod, TransactionRef) VALUES (810,'2025-11-06',1851,'Cash','TXN814384');
INSERT INTO [Order](CustomerID, OrderDate, Status, TotalAmount) VALUES (82,'2025-03-20','Processing',0);
INSERT INTO OrderLines(OrderID, ProductID, Qty, UnitPrice) VALUES (811,43,1,234);
INSERT INTO OrderLines(OrderID, ProductID, Qty, UnitPrice) VALUES (811,15,2,1480);
INSERT INTO OrderLines(OrderID, ProductID, Qty, UnitPrice) VALUES (811,10,2,581);
INSERT INTO OrderLines(OrderID, ProductID, Qty, UnitPrice) VALUES (811,7,3,75);
UPDATE [Order] SET TotalAmount=4581 WHERE OrderID=811;
INSERT INTO Payment(OrderID, PaymentDate, Amount, PaymentMethod, TransactionRef) VALUES (811,'2025-03-25',4581,'PayPal','TXN568820');
INSERT INTO [Order](CustomerID, OrderDate, Status, TotalAmount) VALUES (82,'2025-02-01','Delivered',0);
INSERT INTO OrderLines(OrderID, ProductID, Qty, UnitPrice) VALUES (812,20,1,1110);
INSERT INTO OrderLines(OrderID, ProductID, Qty, UnitPrice) VALUES (812,2,2,799);
INSERT INTO OrderLines(OrderID, ProductID, Qty, UnitPrice) VALUES (812,26,2,1028);
INSERT INTO OrderLines(OrderID, ProductID, Qty, UnitPrice) VALUES (812,24,2,241);
UPDATE [Order] SET TotalAmount=5246 WHERE OrderID=812;
INSERT INTO Payment(OrderID, PaymentDate, Amount, PaymentMethod, TransactionRef) VALUES (812,'2025-02-02',5246,'PayPal','TXN455064');
INSERT INTO [Order](CustomerID, OrderDate, Status, TotalAmount) VALUES (82,'2025-02-16','Delivered',0);
INSERT INTO OrderLines(OrderID, ProductID, Qty, UnitPrice) VALUES (813,34,3,475);
INSERT INTO OrderLines(OrderID, ProductID, Qty, UnitPrice) VALUES (813,43,1,1377);
INSERT INTO OrderLines(OrderID, ProductID, Qty, UnitPrice) VALUES (813,2,1,759);
INSERT INTO OrderLines(OrderID, ProductID, Qty, UnitPrice) VALUES (813,9,1,434);
UPDATE [Order] SET TotalAmount=3995 WHERE OrderID=813;
INSERT INTO Payment(OrderID, PaymentDate, Amount, PaymentMethod, TransactionRef) VALUES (813,'2025-02-16',3995,'Cash','TXN203909');
INSERT INTO [Order](CustomerID, OrderDate, Status, TotalAmount) VALUES (82,'2025-06-20','Processing',0);
INSERT INTO OrderLines(OrderID, ProductID, Qty, UnitPrice) VALUES (814,6,2,510);
INSERT INTO OrderLines(OrderID, ProductID, Qty, UnitPrice) VALUES (814,38,2,1408);
INSERT INTO OrderLines(OrderID, ProductID, Qty, UnitPrice) VALUES (814,43,1,982);
INSERT INTO OrderLines(OrderID, ProductID, Qty, UnitPrice) VALUES (814,42,3,308);
UPDATE [Order] SET TotalAmount=5742 WHERE OrderID=814;
INSERT INTO Payment(OrderID, PaymentDate, Amount, PaymentMethod, TransactionRef) VALUES (814,'2025-06-23',5742,'PayPal','TXN302416');
INSERT INTO [Order](CustomerID, OrderDate, Status, TotalAmount) VALUES (82,'2025-03-27','Delivered',0);
INSERT INTO OrderLines(OrderID, ProductID, Qty, UnitPrice) VALUES (815,49,2,799);
INSERT INTO OrderLines(OrderID, ProductID, Qty, UnitPrice) VALUES (815,16,2,517);
INSERT INTO OrderLines(OrderID, ProductID, Qty, UnitPrice) VALUES (815,2,2,460);
INSERT INTO OrderLines(OrderID, ProductID, Qty, UnitPrice) VALUES (815,43,1,1273);
UPDATE [Order] SET TotalAmount=4825 WHERE OrderID=815;
INSERT INTO Payment(OrderID, PaymentDate, Amount, PaymentMethod, TransactionRef) VALUES (815,'2025-03-29',4825,'Card','TXN393385');
INSERT INTO [Order](CustomerID, OrderDate, Status, TotalAmount) VALUES (82,'2025-11-13','Shipped',0);
INSERT INTO OrderLines(OrderID, ProductID, Qty, UnitPrice) VALUES (816,1,3,525);
INSERT INTO OrderLines(OrderID, ProductID, Qty, UnitPrice) VALUES (816,25,1,970);
INSERT INTO OrderLines(OrderID, ProductID, Qty, UnitPrice) VALUES (816,9,2,88);
INSERT INTO OrderLines(OrderID, ProductID, Qty, UnitPrice) VALUES (816,11,3,182);
UPDATE [Order] SET TotalAmount=3267 WHERE OrderID=816;
INSERT INTO Payment(OrderID, PaymentDate, Amount, PaymentMethod, TransactionRef) VALUES (816,'2025-11-14',3267,'Cash','TXN601950');
INSERT INTO [Order](CustomerID, OrderDate, Status, TotalAmount) VALUES (82,'2025-07-19','Processing',0);
INSERT INTO OrderLines(OrderID, ProductID, Qty, UnitPrice) VALUES (817,23,3,1093);
INSERT INTO OrderLines(OrderID, ProductID, Qty, UnitPrice) VALUES (817,30,2,558);
INSERT INTO OrderLines(OrderID, ProductID, Qty, UnitPrice) VALUES (817,42,1,1211);
INSERT INTO OrderLines(OrderID, ProductID, Qty, UnitPrice) VALUES (817,34,3,843);
UPDATE [Order] SET TotalAmount=8135 WHERE OrderID=817;
INSERT INTO Payment(OrderID, PaymentDate, Amount, PaymentMethod, TransactionRef) VALUES (817,'2025-07-23',8135,'PayPal','TXN649790');
INSERT INTO [Order](CustomerID, OrderDate, Status, TotalAmount) VALUES (82,'2025-07-23','Cancelled',0);
INSERT INTO OrderLines(OrderID, ProductID, Qty, UnitPrice) VALUES (818,5,2,613);
INSERT INTO OrderLines(OrderID, ProductID, Qty, UnitPrice) VALUES (818,30,1,736);
INSERT INTO OrderLines(OrderID, ProductID, Qty, UnitPrice) VALUES (818,34,1,1355);
INSERT INTO OrderLines(OrderID, ProductID, Qty, UnitPrice) VALUES (818,29,3,647);
UPDATE [Order] SET TotalAmount=5258 WHERE OrderID=818;
INSERT INTO Payment(OrderID, PaymentDate, Amount, PaymentMethod, TransactionRef) VALUES (818,'2025-07-24',5258,'PayPal','TXN763666');
INSERT INTO [Order](CustomerID, OrderDate, Status, TotalAmount) VALUES (82,'2025-03-19','Shipped',0);
INSERT INTO OrderLines(OrderID, ProductID, Qty, UnitPrice) VALUES (819,29,2,1169);
INSERT INTO OrderLines(OrderID, ProductID, Qty, UnitPrice) VALUES (819,9,3,1257);
INSERT INTO OrderLines(OrderID, ProductID, Qty, UnitPrice) VALUES (819,33,3,749);
INSERT INTO OrderLines(OrderID, ProductID, Qty, UnitPrice) VALUES (819,36,2,889);
UPDATE [Order] SET TotalAmount=10134 WHERE OrderID=819;
INSERT INTO Payment(OrderID, PaymentDate, Amount, PaymentMethod, TransactionRef) VALUES (819,'2025-03-22',10134,'Card','TXN408838');
INSERT INTO [Order](CustomerID, OrderDate, Status, TotalAmount) VALUES (82,'2025-04-05','Delivered',0);
INSERT INTO OrderLines(OrderID, ProductID, Qty, UnitPrice) VALUES (820,37,1,786);
INSERT INTO OrderLines(OrderID, ProductID, Qty, UnitPrice) VALUES (820,44,3,1460);
INSERT INTO OrderLines(OrderID, ProductID, Qty, UnitPrice) VALUES (820,12,3,318);
INSERT INTO OrderLines(OrderID, ProductID, Qty, UnitPrice) VALUES (820,16,1,1090);
UPDATE [Order] SET TotalAmount=7210 WHERE OrderID=820;
INSERT INTO Payment(OrderID, PaymentDate, Amount, PaymentMethod, TransactionRef) VALUES (820,'2025-04-07',7210,'PayPal','TXN697620');
INSERT INTO [Order](CustomerID, OrderDate, Status, TotalAmount) VALUES (83,'2025-12-24','Delivered',0);
INSERT INTO OrderLines(OrderID, ProductID, Qty, UnitPrice) VALUES (821,36,3,255);
INSERT INTO OrderLines(OrderID, ProductID, Qty, UnitPrice) VALUES (821,29,3,1469);
INSERT INTO OrderLines(OrderID, ProductID, Qty, UnitPrice) VALUES (821,22,1,1351);
INSERT INTO OrderLines(OrderID, ProductID, Qty, UnitPrice) VALUES (821,47,1,822);
UPDATE [Order] SET TotalAmount=7345 WHERE OrderID=821;
INSERT INTO Payment(OrderID, PaymentDate, Amount, PaymentMethod, TransactionRef) VALUES (821,'2025-12-29',7345,'PayPal','TXN910302');
INSERT INTO [Order](CustomerID, OrderDate, Status, TotalAmount) VALUES (83,'2025-08-31','Cancelled',0);
INSERT INTO OrderLines(OrderID, ProductID, Qty, UnitPrice) VALUES (822,39,2,44);
INSERT INTO OrderLines(OrderID, ProductID, Qty, UnitPrice) VALUES (822,37,3,551);
INSERT INTO OrderLines(OrderID, ProductID, Qty, UnitPrice) VALUES (822,2,2,168);
INSERT INTO OrderLines(OrderID, ProductID, Qty, UnitPrice) VALUES (822,32,1,407);
UPDATE [Order] SET TotalAmount=2484 WHERE OrderID=822;
INSERT INTO Payment(OrderID, PaymentDate, Amount, PaymentMethod, TransactionRef) VALUES (822,'2025-09-05',2484,'Card','TXN258481');
INSERT INTO [Order](CustomerID, OrderDate, Status, TotalAmount) VALUES (83,'2025-10-09','Cancelled',0);
INSERT INTO OrderLines(OrderID, ProductID, Qty, UnitPrice) VALUES (823,47,1,1329);
INSERT INTO OrderLines(OrderID, ProductID, Qty, UnitPrice) VALUES (823,19,3,1476);
INSERT INTO OrderLines(OrderID, ProductID, Qty, UnitPrice) VALUES (823,12,3,584);
INSERT INTO OrderLines(OrderID, ProductID, Qty, UnitPrice) VALUES (823,38,1,318);
UPDATE [Order] SET TotalAmount=7827 WHERE OrderID=823;
INSERT INTO Payment(OrderID, PaymentDate, Amount, PaymentMethod, TransactionRef) VALUES (823,'2025-10-12',7827,'Cash','TXN326057');
INSERT INTO [Order](CustomerID, OrderDate, Status, TotalAmount) VALUES (83,'2025-06-27','Cancelled',0);
INSERT INTO OrderLines(OrderID, ProductID, Qty, UnitPrice) VALUES (824,40,3,779);
INSERT INTO OrderLines(OrderID, ProductID, Qty, UnitPrice) VALUES (824,31,1,1479);
INSERT INTO OrderLines(OrderID, ProductID, Qty, UnitPrice) VALUES (824,36,1,402);
INSERT INTO OrderLines(OrderID, ProductID, Qty, UnitPrice) VALUES (824,15,1,1136);
UPDATE [Order] SET TotalAmount=5354 WHERE OrderID=824;
INSERT INTO Payment(OrderID, PaymentDate, Amount, PaymentMethod, TransactionRef) VALUES (824,'2025-07-02',5354,'Card','TXN383443');
INSERT INTO [Order](CustomerID, OrderDate, Status, TotalAmount) VALUES (83,'2025-04-28','Shipped',0);
INSERT INTO OrderLines(OrderID, ProductID, Qty, UnitPrice) VALUES (825,41,2,648);
INSERT INTO OrderLines(OrderID, ProductID, Qty, UnitPrice) VALUES (825,27,2,144);
INSERT INTO OrderLines(OrderID, ProductID, Qty, UnitPrice) VALUES (825,18,2,880);
INSERT INTO OrderLines(OrderID, ProductID, Qty, UnitPrice) VALUES (825,19,2,484);
UPDATE [Order] SET TotalAmount=4312 WHERE OrderID=825;
INSERT INTO Payment(OrderID, PaymentDate, Amount, PaymentMethod, TransactionRef) VALUES (825,'2025-05-03',4312,'Card','TXN935685');
INSERT INTO [Order](CustomerID, OrderDate, Status, TotalAmount) VALUES (83,'2025-07-10','Shipped',0);
INSERT INTO OrderLines(OrderID, ProductID, Qty, UnitPrice) VALUES (826,43,1,1248);
INSERT INTO OrderLines(OrderID, ProductID, Qty, UnitPrice) VALUES (826,19,1,941);
INSERT INTO OrderLines(OrderID, ProductID, Qty, UnitPrice) VALUES (826,47,1,134);
INSERT INTO OrderLines(OrderID, ProductID, Qty, UnitPrice) VALUES (826,50,3,1448);
UPDATE [Order] SET TotalAmount=6667 WHERE OrderID=826;
INSERT INTO Payment(OrderID, PaymentDate, Amount, PaymentMethod, TransactionRef) VALUES (826,'2025-07-15',6667,'Card','TXN547981');
INSERT INTO [Order](CustomerID, OrderDate, Status, TotalAmount) VALUES (83,'2025-06-25','Shipped',0);
INSERT INTO OrderLines(OrderID, ProductID, Qty, UnitPrice) VALUES (827,17,2,511);
INSERT INTO OrderLines(OrderID, ProductID, Qty, UnitPrice) VALUES (827,41,3,144);
INSERT INTO OrderLines(OrderID, ProductID, Qty, UnitPrice) VALUES (827,35,3,94);
INSERT INTO OrderLines(OrderID, ProductID, Qty, UnitPrice) VALUES (827,46,3,1042);
UPDATE [Order] SET TotalAmount=4862 WHERE OrderID=827;
INSERT INTO Payment(OrderID, PaymentDate, Amount, PaymentMethod, TransactionRef) VALUES (827,'2025-06-27',4862,'PayPal','TXN847987');
INSERT INTO [Order](CustomerID, OrderDate, Status, TotalAmount) VALUES (83,'2025-02-05','Cancelled',0);
INSERT INTO OrderLines(OrderID, ProductID, Qty, UnitPrice) VALUES (828,1,1,1232);
INSERT INTO OrderLines(OrderID, ProductID, Qty, UnitPrice) VALUES (828,23,1,820);
INSERT INTO OrderLines(OrderID, ProductID, Qty, UnitPrice) VALUES (828,23,3,1115);
INSERT INTO OrderLines(OrderID, ProductID, Qty, UnitPrice) VALUES (828,29,1,650);
UPDATE [Order] SET TotalAmount=6047 WHERE OrderID=828;
INSERT INTO Payment(OrderID, PaymentDate, Amount, PaymentMethod, TransactionRef) VALUES (828,'2025-02-06',6047,'Cash','TXN129893');
INSERT INTO [Order](CustomerID, OrderDate, Status, TotalAmount) VALUES (83,'2025-05-29','Shipped',0);
INSERT INTO OrderLines(OrderID, ProductID, Qty, UnitPrice) VALUES (829,10,2,611);
INSERT INTO OrderLines(OrderID, ProductID, Qty, UnitPrice) VALUES (829,27,1,549);
INSERT INTO OrderLines(OrderID, ProductID, Qty, UnitPrice) VALUES (829,44,1,1176);
INSERT INTO OrderLines(OrderID, ProductID, Qty, UnitPrice) VALUES (829,21,2,1355);
UPDATE [Order] SET TotalAmount=5657 WHERE OrderID=829;
INSERT INTO Payment(OrderID, PaymentDate, Amount, PaymentMethod, TransactionRef) VALUES (829,'2025-06-03',5657,'Cash','TXN312524');
INSERT INTO [Order](CustomerID, OrderDate, Status, TotalAmount) VALUES (83,'2025-11-21','Processing',0);
INSERT INTO OrderLines(OrderID, ProductID, Qty, UnitPrice) VALUES (830,41,1,725);
INSERT INTO OrderLines(OrderID, ProductID, Qty, UnitPrice) VALUES (830,30,2,1147);
INSERT INTO OrderLines(OrderID, ProductID, Qty, UnitPrice) VALUES (830,48,3,397);
INSERT INTO OrderLines(OrderID, ProductID, Qty, UnitPrice) VALUES (830,38,2,638);
UPDATE [Order] SET TotalAmount=5486 WHERE OrderID=830;
INSERT INTO Payment(OrderID, PaymentDate, Amount, PaymentMethod, TransactionRef) VALUES (830,'2025-11-25',5486,'Cash','TXN729428');
INSERT INTO [Order](CustomerID, OrderDate, Status, TotalAmount) VALUES (84,'2025-07-24','Cancelled',0);
INSERT INTO OrderLines(OrderID, ProductID, Qty, UnitPrice) VALUES (831,46,1,676);
INSERT INTO OrderLines(OrderID, ProductID, Qty, UnitPrice) VALUES (831,1,3,386);
INSERT INTO OrderLines(OrderID, ProductID, Qty, UnitPrice) VALUES (831,4,3,196);
INSERT INTO OrderLines(OrderID, ProductID, Qty, UnitPrice) VALUES (831,9,2,113);
UPDATE [Order] SET TotalAmount=2648 WHERE OrderID=831;
INSERT INTO Payment(OrderID, PaymentDate, Amount, PaymentMethod, TransactionRef) VALUES (831,'2025-07-25',2648,'Card','TXN683706');
INSERT INTO [Order](CustomerID, OrderDate, Status, TotalAmount) VALUES (84,'2025-11-01','Processing',0);
INSERT INTO OrderLines(OrderID, ProductID, Qty, UnitPrice) VALUES (832,1,3,933);
INSERT INTO OrderLines(OrderID, ProductID, Qty, UnitPrice) VALUES (832,45,1,488);
INSERT INTO OrderLines(OrderID, ProductID, Qty, UnitPrice) VALUES (832,28,2,1479);
INSERT INTO OrderLines(OrderID, ProductID, Qty, UnitPrice) VALUES (832,9,1,135);
UPDATE [Order] SET TotalAmount=6380 WHERE OrderID=832;
INSERT INTO Payment(OrderID, PaymentDate, Amount, PaymentMethod, TransactionRef) VALUES (832,'2025-11-04',6380,'Cash','TXN838590');
INSERT INTO [Order](CustomerID, OrderDate, Status, TotalAmount) VALUES (84,'2025-10-03','Shipped',0);
INSERT INTO OrderLines(OrderID, ProductID, Qty, UnitPrice) VALUES (833,38,2,400);
INSERT INTO OrderLines(OrderID, ProductID, Qty, UnitPrice) VALUES (833,45,3,432);
INSERT INTO OrderLines(OrderID, ProductID, Qty, UnitPrice) VALUES (833,29,2,1288);
INSERT INTO OrderLines(OrderID, ProductID, Qty, UnitPrice) VALUES (833,19,3,162);
UPDATE [Order] SET TotalAmount=5158 WHERE OrderID=833;
INSERT INTO Payment(OrderID, PaymentDate, Amount, PaymentMethod, TransactionRef) VALUES (833,'2025-10-04',5158,'Card','TXN623295');
INSERT INTO [Order](CustomerID, OrderDate, Status, TotalAmount) VALUES (84,'2025-12-08','Cancelled',0);
INSERT INTO OrderLines(OrderID, ProductID, Qty, UnitPrice) VALUES (834,7,2,600);
INSERT INTO OrderLines(OrderID, ProductID, Qty, UnitPrice) VALUES (834,50,3,713);
INSERT INTO OrderLines(OrderID, ProductID, Qty, UnitPrice) VALUES (834,38,1,1486);
INSERT INTO OrderLines(OrderID, ProductID, Qty, UnitPrice) VALUES (834,24,2,1086);
UPDATE [Order] SET TotalAmount=6997 WHERE OrderID=834;
INSERT INTO Payment(OrderID, PaymentDate, Amount, PaymentMethod, TransactionRef) VALUES (834,'2025-12-13',6997,'PayPal','TXN492508');
INSERT INTO [Order](CustomerID, OrderDate, Status, TotalAmount) VALUES (84,'2025-02-24','Processing',0);
INSERT INTO OrderLines(OrderID, ProductID, Qty, UnitPrice) VALUES (835,22,2,84);
INSERT INTO OrderLines(OrderID, ProductID, Qty, UnitPrice) VALUES (835,6,2,379);
INSERT INTO OrderLines(OrderID, ProductID, Qty, UnitPrice) VALUES (835,2,3,1283);
INSERT INTO OrderLines(OrderID, ProductID, Qty, UnitPrice) VALUES (835,5,2,761);
UPDATE [Order] SET TotalAmount=6297 WHERE OrderID=835;
INSERT INTO Payment(OrderID, PaymentDate, Amount, PaymentMethod, TransactionRef) VALUES (835,'2025-02-27',6297,'Card','TXN420854');
INSERT INTO [Order](CustomerID, OrderDate, Status, TotalAmount) VALUES (84,'2025-03-24','Processing',0);
INSERT INTO OrderLines(OrderID, ProductID, Qty, UnitPrice) VALUES (836,48,2,1468);
INSERT INTO OrderLines(OrderID, ProductID, Qty, UnitPrice) VALUES (836,28,3,427);
INSERT INTO OrderLines(OrderID, ProductID, Qty, UnitPrice) VALUES (836,12,2,853);
INSERT INTO OrderLines(OrderID, ProductID, Qty, UnitPrice) VALUES (836,35,3,754);
UPDATE [Order] SET TotalAmount=8185 WHERE OrderID=836;
INSERT INTO Payment(OrderID, PaymentDate, Amount, PaymentMethod, TransactionRef) VALUES (836,'2025-03-29',8185,'PayPal','TXN146036');
INSERT INTO [Order](CustomerID, OrderDate, Status, TotalAmount) VALUES (84,'2025-07-02','Processing',0);
INSERT INTO OrderLines(OrderID, ProductID, Qty, UnitPrice) VALUES (837,27,3,1461);
INSERT INTO OrderLines(OrderID, ProductID, Qty, UnitPrice) VALUES (837,10,2,542);
INSERT INTO OrderLines(OrderID, ProductID, Qty, UnitPrice) VALUES (837,43,1,1416);
INSERT INTO OrderLines(OrderID, ProductID, Qty, UnitPrice) VALUES (837,5,2,43);
UPDATE [Order] SET TotalAmount=6969 WHERE OrderID=837;
INSERT INTO Payment(OrderID, PaymentDate, Amount, PaymentMethod, TransactionRef) VALUES (837,'2025-07-05',6969,'PayPal','TXN388509');
INSERT INTO [Order](CustomerID, OrderDate, Status, TotalAmount) VALUES (84,'2025-01-24','Shipped',0);
INSERT INTO OrderLines(OrderID, ProductID, Qty, UnitPrice) VALUES (838,37,2,1258);
INSERT INTO OrderLines(OrderID, ProductID, Qty, UnitPrice) VALUES (838,8,2,1350);
INSERT INTO OrderLines(OrderID, ProductID, Qty, UnitPrice) VALUES (838,7,3,946);
INSERT INTO OrderLines(OrderID, ProductID, Qty, UnitPrice) VALUES (838,33,1,1453);
UPDATE [Order] SET TotalAmount=9507 WHERE OrderID=838;
INSERT INTO Payment(OrderID, PaymentDate, Amount, PaymentMethod, TransactionRef) VALUES (838,'2025-01-24',9507,'Card','TXN868035');
INSERT INTO [Order](CustomerID, OrderDate, Status, TotalAmount) VALUES (84,'2025-10-01','Cancelled',0);
INSERT INTO OrderLines(OrderID, ProductID, Qty, UnitPrice) VALUES (839,30,1,545);
INSERT INTO OrderLines(OrderID, ProductID, Qty, UnitPrice) VALUES (839,25,2,92);
INSERT INTO OrderLines(OrderID, ProductID, Qty, UnitPrice) VALUES (839,45,1,541);
INSERT INTO OrderLines(OrderID, ProductID, Qty, UnitPrice) VALUES (839,6,3,1052);
UPDATE [Order] SET TotalAmount=4426 WHERE OrderID=839;
INSERT INTO Payment(OrderID, PaymentDate, Amount, PaymentMethod, TransactionRef) VALUES (839,'2025-10-02',4426,'Cash','TXN541225');
INSERT INTO [Order](CustomerID, OrderDate, Status, TotalAmount) VALUES (84,'2025-05-01','Processing',0);
INSERT INTO OrderLines(OrderID, ProductID, Qty, UnitPrice) VALUES (840,30,2,1160);
INSERT INTO OrderLines(OrderID, ProductID, Qty, UnitPrice) VALUES (840,39,3,341);
INSERT INTO OrderLines(OrderID, ProductID, Qty, UnitPrice) VALUES (840,14,3,963);
INSERT INTO OrderLines(OrderID, ProductID, Qty, UnitPrice) VALUES (840,6,3,1331);
UPDATE [Order] SET TotalAmount=10225 WHERE OrderID=840;
INSERT INTO Payment(OrderID, PaymentDate, Amount, PaymentMethod, TransactionRef) VALUES (840,'2025-05-03',10225,'Cash','TXN300043');
INSERT INTO [Order](CustomerID, OrderDate, Status, TotalAmount) VALUES (85,'2025-10-20','Delivered',0);
INSERT INTO OrderLines(OrderID, ProductID, Qty, UnitPrice) VALUES (841,46,1,595);
INSERT INTO OrderLines(OrderID, ProductID, Qty, UnitPrice) VALUES (841,26,1,250);
INSERT INTO OrderLines(OrderID, ProductID, Qty, UnitPrice) VALUES (841,36,1,1355);
INSERT INTO OrderLines(OrderID, ProductID, Qty, UnitPrice) VALUES (841,28,1,523);
UPDATE [Order] SET TotalAmount=2723 WHERE OrderID=841;
INSERT INTO Payment(OrderID, PaymentDate, Amount, PaymentMethod, TransactionRef) VALUES (841,'2025-10-25',2723,'Cash','TXN165064');
INSERT INTO [Order](CustomerID, OrderDate, Status, TotalAmount) VALUES (85,'2025-09-26','Shipped',0);
INSERT INTO OrderLines(OrderID, ProductID, Qty, UnitPrice) VALUES (842,26,1,908);
INSERT INTO OrderLines(OrderID, ProductID, Qty, UnitPrice) VALUES (842,43,2,1283);
INSERT INTO OrderLines(OrderID, ProductID, Qty, UnitPrice) VALUES (842,17,1,1319);
INSERT INTO OrderLines(OrderID, ProductID, Qty, UnitPrice) VALUES (842,4,1,1125);
UPDATE [Order] SET TotalAmount=5918 WHERE OrderID=842;
INSERT INTO Payment(OrderID, PaymentDate, Amount, PaymentMethod, TransactionRef) VALUES (842,'2025-09-27',5918,'Cash','TXN245280');
INSERT INTO [Order](CustomerID, OrderDate, Status, TotalAmount) VALUES (85,'2025-09-27','Cancelled',0);
INSERT INTO OrderLines(OrderID, ProductID, Qty, UnitPrice) VALUES (843,7,2,76);
INSERT INTO OrderLines(OrderID, ProductID, Qty, UnitPrice) VALUES (843,16,2,765);
INSERT INTO OrderLines(OrderID, ProductID, Qty, UnitPrice) VALUES (843,24,1,438);
INSERT INTO OrderLines(OrderID, ProductID, Qty, UnitPrice) VALUES (843,27,2,1185);
UPDATE [Order] SET TotalAmount=4490 WHERE OrderID=843;
INSERT INTO Payment(OrderID, PaymentDate, Amount, PaymentMethod, TransactionRef) VALUES (843,'2025-10-01',4490,'PayPal','TXN765892');
INSERT INTO [Order](CustomerID, OrderDate, Status, TotalAmount) VALUES (85,'2025-09-20','Processing',0);
INSERT INTO OrderLines(OrderID, ProductID, Qty, UnitPrice) VALUES (844,39,2,622);
INSERT INTO OrderLines(OrderID, ProductID, Qty, UnitPrice) VALUES (844,37,2,681);
INSERT INTO OrderLines(OrderID, ProductID, Qty, UnitPrice) VALUES (844,5,2,587);
INSERT INTO OrderLines(OrderID, ProductID, Qty, UnitPrice) VALUES (844,32,1,134);
UPDATE [Order] SET TotalAmount=3914 WHERE OrderID=844;
INSERT INTO Payment(OrderID, PaymentDate, Amount, PaymentMethod, TransactionRef) VALUES (844,'2025-09-23',3914,'Cash','TXN770737');
INSERT INTO [Order](CustomerID, OrderDate, Status, TotalAmount) VALUES (85,'2025-10-01','Shipped',0);
INSERT INTO OrderLines(OrderID, ProductID, Qty, UnitPrice) VALUES (845,32,1,125);
INSERT INTO OrderLines(OrderID, ProductID, Qty, UnitPrice) VALUES (845,4,3,704);
INSERT INTO OrderLines(OrderID, ProductID, Qty, UnitPrice) VALUES (845,15,1,462);
INSERT INTO OrderLines(OrderID, ProductID, Qty, UnitPrice) VALUES (845,50,1,1120);
UPDATE [Order] SET TotalAmount=3819 WHERE OrderID=845;
INSERT INTO Payment(OrderID, PaymentDate, Amount, PaymentMethod, TransactionRef) VALUES (845,'2025-10-04',3819,'Card','TXN147285');
INSERT INTO [Order](CustomerID, OrderDate, Status, TotalAmount) VALUES (85,'2025-02-17','Processing',0);
INSERT INTO OrderLines(OrderID, ProductID, Qty, UnitPrice) VALUES (846,17,3,656);
INSERT INTO OrderLines(OrderID, ProductID, Qty, UnitPrice) VALUES (846,40,1,888);
INSERT INTO OrderLines(OrderID, ProductID, Qty, UnitPrice) VALUES (846,6,1,1185);
INSERT INTO OrderLines(OrderID, ProductID, Qty, UnitPrice) VALUES (846,8,1,683);
UPDATE [Order] SET TotalAmount=4724 WHERE OrderID=846;
INSERT INTO Payment(OrderID, PaymentDate, Amount, PaymentMethod, TransactionRef) VALUES (846,'2025-02-20',4724,'Card','TXN757050');
INSERT INTO [Order](CustomerID, OrderDate, Status, TotalAmount) VALUES (85,'2025-05-08','Cancelled',0);
INSERT INTO OrderLines(OrderID, ProductID, Qty, UnitPrice) VALUES (847,31,2,1408);
INSERT INTO OrderLines(OrderID, ProductID, Qty, UnitPrice) VALUES (847,40,1,1345);
INSERT INTO OrderLines(OrderID, ProductID, Qty, UnitPrice) VALUES (847,10,3,1136);
INSERT INTO OrderLines(OrderID, ProductID, Qty, UnitPrice) VALUES (847,47,1,297);
UPDATE [Order] SET TotalAmount=7866 WHERE OrderID=847;
INSERT INTO Payment(OrderID, PaymentDate, Amount, PaymentMethod, TransactionRef) VALUES (847,'2025-05-08',7866,'PayPal','TXN731355');
INSERT INTO [Order](CustomerID, OrderDate, Status, TotalAmount) VALUES (85,'2025-10-07','Delivered',0);
INSERT INTO OrderLines(OrderID, ProductID, Qty, UnitPrice) VALUES (848,15,2,1255);
INSERT INTO OrderLines(OrderID, ProductID, Qty, UnitPrice) VALUES (848,48,1,69);
INSERT INTO OrderLines(OrderID, ProductID, Qty, UnitPrice) VALUES (848,38,3,557);
INSERT INTO OrderLines(OrderID, ProductID, Qty, UnitPrice) VALUES (848,43,1,551);
UPDATE [Order] SET TotalAmount=4801 WHERE OrderID=848;
INSERT INTO Payment(OrderID, PaymentDate, Amount, PaymentMethod, TransactionRef) VALUES (848,'2025-10-07',4801,'Cash','TXN510421');
INSERT INTO [Order](CustomerID, OrderDate, Status, TotalAmount) VALUES (85,'2025-08-19','Shipped',0);
INSERT INTO OrderLines(OrderID, ProductID, Qty, UnitPrice) VALUES (849,44,2,1020);
INSERT INTO OrderLines(OrderID, ProductID, Qty, UnitPrice) VALUES (849,27,2,491);
INSERT INTO OrderLines(OrderID, ProductID, Qty, UnitPrice) VALUES (849,11,2,584);
INSERT INTO OrderLines(OrderID, ProductID, Qty, UnitPrice) VALUES (849,44,2,630);
UPDATE [Order] SET TotalAmount=5450 WHERE OrderID=849;
INSERT INTO Payment(OrderID, PaymentDate, Amount, PaymentMethod, TransactionRef) VALUES (849,'2025-08-19',5450,'Cash','TXN778530');
INSERT INTO [Order](CustomerID, OrderDate, Status, TotalAmount) VALUES (85,'2025-01-04','Shipped',0);
INSERT INTO OrderLines(OrderID, ProductID, Qty, UnitPrice) VALUES (850,14,2,557);
INSERT INTO OrderLines(OrderID, ProductID, Qty, UnitPrice) VALUES (850,15,2,837);
INSERT INTO OrderLines(OrderID, ProductID, Qty, UnitPrice) VALUES (850,29,3,896);
INSERT INTO OrderLines(OrderID, ProductID, Qty, UnitPrice) VALUES (850,23,2,609);
UPDATE [Order] SET TotalAmount=6694 WHERE OrderID=850;
INSERT INTO Payment(OrderID, PaymentDate, Amount, PaymentMethod, TransactionRef) VALUES (850,'2025-01-06',6694,'PayPal','TXN240229');
INSERT INTO [Order](CustomerID, OrderDate, Status, TotalAmount) VALUES (86,'2025-12-24','Cancelled',0);
INSERT INTO OrderLines(OrderID, ProductID, Qty, UnitPrice) VALUES (851,14,2,550);
INSERT INTO OrderLines(OrderID, ProductID, Qty, UnitPrice) VALUES (851,34,2,632);
INSERT INTO OrderLines(OrderID, ProductID, Qty, UnitPrice) VALUES (851,8,2,179);
INSERT INTO OrderLines(OrderID, ProductID, Qty, UnitPrice) VALUES (851,48,1,1367);
UPDATE [Order] SET TotalAmount=4089 WHERE OrderID=851;
INSERT INTO Payment(OrderID, PaymentDate, Amount, PaymentMethod, TransactionRef) VALUES (851,'2025-12-26',4089,'Card','TXN646739');
INSERT INTO [Order](CustomerID, OrderDate, Status, TotalAmount) VALUES (86,'2025-06-04','Processing',0);
INSERT INTO OrderLines(OrderID, ProductID, Qty, UnitPrice) VALUES (852,28,1,637);
INSERT INTO OrderLines(OrderID, ProductID, Qty, UnitPrice) VALUES (852,24,3,735);
INSERT INTO OrderLines(OrderID, ProductID, Qty, UnitPrice) VALUES (852,22,3,96);
INSERT INTO OrderLines(OrderID, ProductID, Qty, UnitPrice) VALUES (852,5,1,1499);
UPDATE [Order] SET TotalAmount=4629 WHERE OrderID=852;
INSERT INTO Payment(OrderID, PaymentDate, Amount, PaymentMethod, TransactionRef) VALUES (852,'2025-06-06',4629,'PayPal','TXN364849');
INSERT INTO [Order](CustomerID, OrderDate, Status, TotalAmount) VALUES (86,'2025-01-19','Delivered',0);
INSERT INTO OrderLines(OrderID, ProductID, Qty, UnitPrice) VALUES (853,36,3,602);
INSERT INTO OrderLines(OrderID, ProductID, Qty, UnitPrice) VALUES (853,42,2,1230);
INSERT INTO OrderLines(OrderID, ProductID, Qty, UnitPrice) VALUES (853,14,3,1061);
INSERT INTO OrderLines(OrderID, ProductID, Qty, UnitPrice) VALUES (853,50,1,833);
UPDATE [Order] SET TotalAmount=8282 WHERE OrderID=853;
INSERT INTO Payment(OrderID, PaymentDate, Amount, PaymentMethod, TransactionRef) VALUES (853,'2025-01-20',8282,'PayPal','TXN883434');
INSERT INTO [Order](CustomerID, OrderDate, Status, TotalAmount) VALUES (86,'2025-04-16','Delivered',0);
INSERT INTO OrderLines(OrderID, ProductID, Qty, UnitPrice) VALUES (854,33,1,1134);
INSERT INTO OrderLines(OrderID, ProductID, Qty, UnitPrice) VALUES (854,22,2,266);
INSERT INTO OrderLines(OrderID, ProductID, Qty, UnitPrice) VALUES (854,36,3,149);
INSERT INTO OrderLines(OrderID, ProductID, Qty, UnitPrice) VALUES (854,18,2,99);
UPDATE [Order] SET TotalAmount=2311 WHERE OrderID=854;
INSERT INTO Payment(OrderID, PaymentDate, Amount, PaymentMethod, TransactionRef) VALUES (854,'2025-04-21',2311,'Card','TXN944579');
INSERT INTO [Order](CustomerID, OrderDate, Status, TotalAmount) VALUES (86,'2025-06-14','Processing',0);
INSERT INTO OrderLines(OrderID, ProductID, Qty, UnitPrice) VALUES (855,34,3,785);
INSERT INTO OrderLines(OrderID, ProductID, Qty, UnitPrice) VALUES (855,16,1,1491);
INSERT INTO OrderLines(OrderID, ProductID, Qty, UnitPrice) VALUES (855,9,3,1348);
INSERT INTO OrderLines(OrderID, ProductID, Qty, UnitPrice) VALUES (855,22,3,1316);
UPDATE [Order] SET TotalAmount=11838 WHERE OrderID=855;
INSERT INTO Payment(OrderID, PaymentDate, Amount, PaymentMethod, TransactionRef) VALUES (855,'2025-06-19',11838,'PayPal','TXN983409');
INSERT INTO [Order](CustomerID, OrderDate, Status, TotalAmount) VALUES (86,'2025-11-13','Processing',0);
INSERT INTO OrderLines(OrderID, ProductID, Qty, UnitPrice) VALUES (856,20,3,1188);
INSERT INTO OrderLines(OrderID, ProductID, Qty, UnitPrice) VALUES (856,35,1,32);
INSERT INTO OrderLines(OrderID, ProductID, Qty, UnitPrice) VALUES (856,25,2,199);
INSERT INTO OrderLines(OrderID, ProductID, Qty, UnitPrice) VALUES (856,26,2,486);
UPDATE [Order] SET TotalAmount=4966 WHERE OrderID=856;
INSERT INTO Payment(OrderID, PaymentDate, Amount, PaymentMethod, TransactionRef) VALUES (856,'2025-11-17',4966,'Card','TXN681127');
INSERT INTO [Order](CustomerID, OrderDate, Status, TotalAmount) VALUES (86,'2025-10-17','Delivered',0);
INSERT INTO OrderLines(OrderID, ProductID, Qty, UnitPrice) VALUES (857,14,1,474);
INSERT INTO OrderLines(OrderID, ProductID, Qty, UnitPrice) VALUES (857,20,3,79);
INSERT INTO OrderLines(OrderID, ProductID, Qty, UnitPrice) VALUES (857,42,2,963);
INSERT INTO OrderLines(OrderID, ProductID, Qty, UnitPrice) VALUES (857,32,3,876);
UPDATE [Order] SET TotalAmount=5265 WHERE OrderID=857;
INSERT INTO Payment(OrderID, PaymentDate, Amount, PaymentMethod, TransactionRef) VALUES (857,'2025-10-21',5265,'PayPal','TXN779253');
INSERT INTO [Order](CustomerID, OrderDate, Status, TotalAmount) VALUES (86,'2025-05-16','Delivered',0);
INSERT INTO OrderLines(OrderID, ProductID, Qty, UnitPrice) VALUES (858,5,1,805);
INSERT INTO OrderLines(OrderID, ProductID, Qty, UnitPrice) VALUES (858,34,1,350);
INSERT INTO OrderLines(OrderID, ProductID, Qty, UnitPrice) VALUES (858,28,1,1239);
INSERT INTO OrderLines(OrderID, ProductID, Qty, UnitPrice) VALUES (858,1,2,1181);
UPDATE [Order] SET TotalAmount=4756 WHERE OrderID=858;
INSERT INTO Payment(OrderID, PaymentDate, Amount, PaymentMethod, TransactionRef) VALUES (858,'2025-05-19',4756,'Cash','TXN713658');
INSERT INTO [Order](CustomerID, OrderDate, Status, TotalAmount) VALUES (86,'2025-05-04','Shipped',0);
INSERT INTO OrderLines(OrderID, ProductID, Qty, UnitPrice) VALUES (859,13,1,1479);
INSERT INTO OrderLines(OrderID, ProductID, Qty, UnitPrice) VALUES (859,16,3,1120);
INSERT INTO OrderLines(OrderID, ProductID, Qty, UnitPrice) VALUES (859,22,1,706);
INSERT INTO OrderLines(OrderID, ProductID, Qty, UnitPrice) VALUES (859,28,3,1041);
UPDATE [Order] SET TotalAmount=8668 WHERE OrderID=859;
INSERT INTO Payment(OrderID, PaymentDate, Amount, PaymentMethod, TransactionRef) VALUES (859,'2025-05-04',8668,'PayPal','TXN493139');
INSERT INTO [Order](CustomerID, OrderDate, Status, TotalAmount) VALUES (86,'2025-12-13','Processing',0);
INSERT INTO OrderLines(OrderID, ProductID, Qty, UnitPrice) VALUES (860,11,2,419);
INSERT INTO OrderLines(OrderID, ProductID, Qty, UnitPrice) VALUES (860,18,1,1463);
INSERT INTO OrderLines(OrderID, ProductID, Qty, UnitPrice) VALUES (860,9,3,1208);
INSERT INTO OrderLines(OrderID, ProductID, Qty, UnitPrice) VALUES (860,36,1,637);
UPDATE [Order] SET TotalAmount=6562 WHERE OrderID=860;
INSERT INTO Payment(OrderID, PaymentDate, Amount, PaymentMethod, TransactionRef) VALUES (860,'2025-12-14',6562,'PayPal','TXN191756');
INSERT INTO [Order](CustomerID, OrderDate, Status, TotalAmount) VALUES (87,'2025-04-20','Processing',0);
INSERT INTO OrderLines(OrderID, ProductID, Qty, UnitPrice) VALUES (861,38,1,27);
INSERT INTO OrderLines(OrderID, ProductID, Qty, UnitPrice) VALUES (861,31,2,1176);
INSERT INTO OrderLines(OrderID, ProductID, Qty, UnitPrice) VALUES (861,20,1,394);
INSERT INTO OrderLines(OrderID, ProductID, Qty, UnitPrice) VALUES (861,33,1,839);
UPDATE [Order] SET TotalAmount=3612 WHERE OrderID=861;
INSERT INTO Payment(OrderID, PaymentDate, Amount, PaymentMethod, TransactionRef) VALUES (861,'2025-04-20',3612,'PayPal','TXN525014');
INSERT INTO [Order](CustomerID, OrderDate, Status, TotalAmount) VALUES (87,'2025-12-26','Cancelled',0);
INSERT INTO OrderLines(OrderID, ProductID, Qty, UnitPrice) VALUES (862,27,1,446);
INSERT INTO OrderLines(OrderID, ProductID, Qty, UnitPrice) VALUES (862,41,3,48);
INSERT INTO OrderLines(OrderID, ProductID, Qty, UnitPrice) VALUES (862,6,2,1341);
INSERT INTO OrderLines(OrderID, ProductID, Qty, UnitPrice) VALUES (862,38,1,28);
UPDATE [Order] SET TotalAmount=3300 WHERE OrderID=862;
INSERT INTO Payment(OrderID, PaymentDate, Amount, PaymentMethod, TransactionRef) VALUES (862,'2025-12-26',3300,'PayPal','TXN780411');
INSERT INTO [Order](CustomerID, OrderDate, Status, TotalAmount) VALUES (87,'2025-09-29','Processing',0);
INSERT INTO OrderLines(OrderID, ProductID, Qty, UnitPrice) VALUES (863,13,3,803);
INSERT INTO OrderLines(OrderID, ProductID, Qty, UnitPrice) VALUES (863,25,1,1095);
INSERT INTO OrderLines(OrderID, ProductID, Qty, UnitPrice) VALUES (863,16,1,616);
INSERT INTO OrderLines(OrderID, ProductID, Qty, UnitPrice) VALUES (863,50,1,1306);
UPDATE [Order] SET TotalAmount=5426 WHERE OrderID=863;
INSERT INTO Payment(OrderID, PaymentDate, Amount, PaymentMethod, TransactionRef) VALUES (863,'2025-09-29',5426,'Cash','TXN449115');
INSERT INTO [Order](CustomerID, OrderDate, Status, TotalAmount) VALUES (87,'2025-03-31','Processing',0);
INSERT INTO OrderLines(OrderID, ProductID, Qty, UnitPrice) VALUES (864,42,3,1201);
INSERT INTO OrderLines(OrderID, ProductID, Qty, UnitPrice) VALUES (864,12,3,928);
INSERT INTO OrderLines(OrderID, ProductID, Qty, UnitPrice) VALUES (864,32,2,345);
INSERT INTO OrderLines(OrderID, ProductID, Qty, UnitPrice) VALUES (864,9,3,860);
UPDATE [Order] SET TotalAmount=9657 WHERE OrderID=864;
INSERT INTO Payment(OrderID, PaymentDate, Amount, PaymentMethod, TransactionRef) VALUES (864,'2025-04-01',9657,'Card','TXN384012');
INSERT INTO [Order](CustomerID, OrderDate, Status, TotalAmount) VALUES (87,'2025-06-21','Delivered',0);
INSERT INTO OrderLines(OrderID, ProductID, Qty, UnitPrice) VALUES (865,38,3,1199);
INSERT INTO OrderLines(OrderID, ProductID, Qty, UnitPrice) VALUES (865,13,1,1347);
INSERT INTO OrderLines(OrderID, ProductID, Qty, UnitPrice) VALUES (865,48,2,67);
INSERT INTO OrderLines(OrderID, ProductID, Qty, UnitPrice) VALUES (865,17,2,809);
UPDATE [Order] SET TotalAmount=6696 WHERE OrderID=865;
INSERT INTO Payment(OrderID, PaymentDate, Amount, PaymentMethod, TransactionRef) VALUES (865,'2025-06-24',6696,'Cash','TXN207636');
INSERT INTO [Order](CustomerID, OrderDate, Status, TotalAmount) VALUES (87,'2025-06-23','Processing',0);
INSERT INTO OrderLines(OrderID, ProductID, Qty, UnitPrice) VALUES (866,32,2,519);
INSERT INTO OrderLines(OrderID, ProductID, Qty, UnitPrice) VALUES (866,25,3,1198);
INSERT INTO OrderLines(OrderID, ProductID, Qty, UnitPrice) VALUES (866,6,3,1240);
INSERT INTO OrderLines(OrderID, ProductID, Qty, UnitPrice) VALUES (866,18,2,554);
UPDATE [Order] SET TotalAmount=9460 WHERE OrderID=866;
INSERT INTO Payment(OrderID, PaymentDate, Amount, PaymentMethod, TransactionRef) VALUES (866,'2025-06-25',9460,'Cash','TXN209844');
INSERT INTO [Order](CustomerID, OrderDate, Status, TotalAmount) VALUES (87,'2025-02-14','Delivered',0);
INSERT INTO OrderLines(OrderID, ProductID, Qty, UnitPrice) VALUES (867,18,1,38);
INSERT INTO OrderLines(OrderID, ProductID, Qty, UnitPrice) VALUES (867,4,2,1336);
INSERT INTO OrderLines(OrderID, ProductID, Qty, UnitPrice) VALUES (867,22,1,1161);
INSERT INTO OrderLines(OrderID, ProductID, Qty, UnitPrice) VALUES (867,9,3,1222);
UPDATE [Order] SET TotalAmount=7537 WHERE OrderID=867;
INSERT INTO Payment(OrderID, PaymentDate, Amount, PaymentMethod, TransactionRef) VALUES (867,'2025-02-15',7537,'Card','TXN626891');
INSERT INTO [Order](CustomerID, OrderDate, Status, TotalAmount) VALUES (87,'2025-09-19','Cancelled',0);
INSERT INTO OrderLines(OrderID, ProductID, Qty, UnitPrice) VALUES (868,42,2,676);
INSERT INTO OrderLines(OrderID, ProductID, Qty, UnitPrice) VALUES (868,41,3,1260);
INSERT INTO OrderLines(OrderID, ProductID, Qty, UnitPrice) VALUES (868,37,1,1382);
INSERT INTO OrderLines(OrderID, ProductID, Qty, UnitPrice) VALUES (868,5,3,995);
UPDATE [Order] SET TotalAmount=9499 WHERE OrderID=868;
INSERT INTO Payment(OrderID, PaymentDate, Amount, PaymentMethod, TransactionRef) VALUES (868,'2025-09-23',9499,'PayPal','TXN214333');
INSERT INTO [Order](CustomerID, OrderDate, Status, TotalAmount) VALUES (87,'2025-05-03','Shipped',0);
INSERT INTO OrderLines(OrderID, ProductID, Qty, UnitPrice) VALUES (869,7,1,1226);
INSERT INTO OrderLines(OrderID, ProductID, Qty, UnitPrice) VALUES (869,28,2,88);
INSERT INTO OrderLines(OrderID, ProductID, Qty, UnitPrice) VALUES (869,30,1,176);
INSERT INTO OrderLines(OrderID, ProductID, Qty, UnitPrice) VALUES (869,34,3,330);
UPDATE [Order] SET TotalAmount=2568 WHERE OrderID=869;
INSERT INTO Payment(OrderID, PaymentDate, Amount, PaymentMethod, TransactionRef) VALUES (869,'2025-05-03',2568,'PayPal','TXN238957');
INSERT INTO [Order](CustomerID, OrderDate, Status, TotalAmount) VALUES (87,'2025-09-18','Cancelled',0);
INSERT INTO OrderLines(OrderID, ProductID, Qty, UnitPrice) VALUES (870,3,3,1495);
INSERT INTO OrderLines(OrderID, ProductID, Qty, UnitPrice) VALUES (870,32,3,1128);
INSERT INTO OrderLines(OrderID, ProductID, Qty, UnitPrice) VALUES (870,46,1,1441);
INSERT INTO OrderLines(OrderID, ProductID, Qty, UnitPrice) VALUES (870,37,3,921);
UPDATE [Order] SET TotalAmount=12073 WHERE OrderID=870;
INSERT INTO Payment(OrderID, PaymentDate, Amount, PaymentMethod, TransactionRef) VALUES (870,'2025-09-20',12073,'Cash','TXN569687');
INSERT INTO [Order](CustomerID, OrderDate, Status, TotalAmount) VALUES (88,'2025-11-24','Cancelled',0);
INSERT INTO OrderLines(OrderID, ProductID, Qty, UnitPrice) VALUES (871,17,2,145);
INSERT INTO OrderLines(OrderID, ProductID, Qty, UnitPrice) VALUES (871,22,3,1377);
INSERT INTO OrderLines(OrderID, ProductID, Qty, UnitPrice) VALUES (871,41,1,1452);
INSERT INTO OrderLines(OrderID, ProductID, Qty, UnitPrice) VALUES (871,42,3,167);
UPDATE [Order] SET TotalAmount=6374 WHERE OrderID=871;
INSERT INTO Payment(OrderID, PaymentDate, Amount, PaymentMethod, TransactionRef) VALUES (871,'2025-11-25',6374,'Cash','TXN521672');
INSERT INTO [Order](CustomerID, OrderDate, Status, TotalAmount) VALUES (88,'2025-03-16','Processing',0);
INSERT INTO OrderLines(OrderID, ProductID, Qty, UnitPrice) VALUES (872,32,1,889);
INSERT INTO OrderLines(OrderID, ProductID, Qty, UnitPrice) VALUES (872,22,2,228);
INSERT INTO OrderLines(OrderID, ProductID, Qty, UnitPrice) VALUES (872,49,1,1370);
INSERT INTO OrderLines(OrderID, ProductID, Qty, UnitPrice) VALUES (872,33,3,74);
UPDATE [Order] SET TotalAmount=2937 WHERE OrderID=872;
INSERT INTO Payment(OrderID, PaymentDate, Amount, PaymentMethod, TransactionRef) VALUES (872,'2025-03-17',2937,'Cash','TXN322781');
INSERT INTO [Order](CustomerID, OrderDate, Status, TotalAmount) VALUES (88,'2025-01-18','Processing',0);
INSERT INTO OrderLines(OrderID, ProductID, Qty, UnitPrice) VALUES (873,7,1,1019);
INSERT INTO OrderLines(OrderID, ProductID, Qty, UnitPrice) VALUES (873,46,3,63);
INSERT INTO OrderLines(OrderID, ProductID, Qty, UnitPrice) VALUES (873,15,3,596);
INSERT INTO OrderLines(OrderID, ProductID, Qty, UnitPrice) VALUES (873,14,2,137);
UPDATE [Order] SET TotalAmount=3270 WHERE OrderID=873;
INSERT INTO Payment(OrderID, PaymentDate, Amount, PaymentMethod, TransactionRef) VALUES (873,'2025-01-21',3270,'Card','TXN310114');
INSERT INTO [Order](CustomerID, OrderDate, Status, TotalAmount) VALUES (88,'2025-03-13','Processing',0);
INSERT INTO OrderLines(OrderID, ProductID, Qty, UnitPrice) VALUES (874,26,1,222);
INSERT INTO OrderLines(OrderID, ProductID, Qty, UnitPrice) VALUES (874,30,3,905);
INSERT INTO OrderLines(OrderID, ProductID, Qty, UnitPrice) VALUES (874,30,3,667);
INSERT INTO OrderLines(OrderID, ProductID, Qty, UnitPrice) VALUES (874,28,3,250);
UPDATE [Order] SET TotalAmount=5688 WHERE OrderID=874;
INSERT INTO Payment(OrderID, PaymentDate, Amount, PaymentMethod, TransactionRef) VALUES (874,'2025-03-18',5688,'Cash','TXN464407');
INSERT INTO [Order](CustomerID, OrderDate, Status, TotalAmount) VALUES (88,'2025-08-25','Cancelled',0);
INSERT INTO OrderLines(OrderID, ProductID, Qty, UnitPrice) VALUES (875,34,3,596);
INSERT INTO OrderLines(OrderID, ProductID, Qty, UnitPrice) VALUES (875,22,3,745);
INSERT INTO OrderLines(OrderID, ProductID, Qty, UnitPrice) VALUES (875,48,3,867);
INSERT INTO OrderLines(OrderID, ProductID, Qty, UnitPrice) VALUES (875,26,2,1021);
UPDATE [Order] SET TotalAmount=8666 WHERE OrderID=875;
INSERT INTO Payment(OrderID, PaymentDate, Amount, PaymentMethod, TransactionRef) VALUES (875,'2025-08-25',8666,'Cash','TXN797169');
INSERT INTO [Order](CustomerID, OrderDate, Status, TotalAmount) VALUES (88,'2025-06-11','Shipped',0);
INSERT INTO OrderLines(OrderID, ProductID, Qty, UnitPrice) VALUES (876,12,2,285);
INSERT INTO OrderLines(OrderID, ProductID, Qty, UnitPrice) VALUES (876,50,1,331);
INSERT INTO OrderLines(OrderID, ProductID, Qty, UnitPrice) VALUES (876,15,1,823);
INSERT INTO OrderLines(OrderID, ProductID, Qty, UnitPrice) VALUES (876,3,3,754);
UPDATE [Order] SET TotalAmount=3986 WHERE OrderID=876;
INSERT INTO Payment(OrderID, PaymentDate, Amount, PaymentMethod, TransactionRef) VALUES (876,'2025-06-11',3986,'Card','TXN104327');
INSERT INTO [Order](CustomerID, OrderDate, Status, TotalAmount) VALUES (88,'2025-12-12','Shipped',0);
INSERT INTO OrderLines(OrderID, ProductID, Qty, UnitPrice) VALUES (877,17,1,848);
INSERT INTO OrderLines(OrderID, ProductID, Qty, UnitPrice) VALUES (877,33,1,799);
INSERT INTO OrderLines(OrderID, ProductID, Qty, UnitPrice) VALUES (877,45,2,686);
INSERT INTO OrderLines(OrderID, ProductID, Qty, UnitPrice) VALUES (877,17,1,1476);
UPDATE [Order] SET TotalAmount=4495 WHERE OrderID=877;
INSERT INTO Payment(OrderID, PaymentDate, Amount, PaymentMethod, TransactionRef) VALUES (877,'2025-12-12',4495,'Card','TXN729788');
INSERT INTO [Order](CustomerID, OrderDate, Status, TotalAmount) VALUES (88,'2025-01-22','Delivered',0);
INSERT INTO OrderLines(OrderID, ProductID, Qty, UnitPrice) VALUES (878,46,2,1426);
INSERT INTO OrderLines(OrderID, ProductID, Qty, UnitPrice) VALUES (878,32,3,1326);
INSERT INTO OrderLines(OrderID, ProductID, Qty, UnitPrice) VALUES (878,28,3,896);
INSERT INTO OrderLines(OrderID, ProductID, Qty, UnitPrice) VALUES (878,47,1,535);
UPDATE [Order] SET TotalAmount=10053 WHERE OrderID=878;
INSERT INTO Payment(OrderID, PaymentDate, Amount, PaymentMethod, TransactionRef) VALUES (878,'2025-01-23',10053,'PayPal','TXN146688');
INSERT INTO [Order](CustomerID, OrderDate, Status, TotalAmount) VALUES (88,'2025-06-29','Cancelled',0);
INSERT INTO OrderLines(OrderID, ProductID, Qty, UnitPrice) VALUES (879,49,1,1003);
INSERT INTO OrderLines(OrderID, ProductID, Qty, UnitPrice) VALUES (879,42,3,705);
INSERT INTO OrderLines(OrderID, ProductID, Qty, UnitPrice) VALUES (879,37,1,81);
INSERT INTO OrderLines(OrderID, ProductID, Qty, UnitPrice) VALUES (879,49,3,1385);
UPDATE [Order] SET TotalAmount=7354 WHERE OrderID=879;
INSERT INTO Payment(OrderID, PaymentDate, Amount, PaymentMethod, TransactionRef) VALUES (879,'2025-06-30',7354,'PayPal','TXN263584');
INSERT INTO [Order](CustomerID, OrderDate, Status, TotalAmount) VALUES (88,'2025-10-15','Shipped',0);
INSERT INTO OrderLines(OrderID, ProductID, Qty, UnitPrice) VALUES (880,33,2,490);
INSERT INTO OrderLines(OrderID, ProductID, Qty, UnitPrice) VALUES (880,11,3,972);
INSERT INTO OrderLines(OrderID, ProductID, Qty, UnitPrice) VALUES (880,35,1,1457);
INSERT INTO OrderLines(OrderID, ProductID, Qty, UnitPrice) VALUES (880,49,3,281);
UPDATE [Order] SET TotalAmount=6196 WHERE OrderID=880;
INSERT INTO Payment(OrderID, PaymentDate, Amount, PaymentMethod, TransactionRef) VALUES (880,'2025-10-16',6196,'PayPal','TXN206931');
INSERT INTO [Order](CustomerID, OrderDate, Status, TotalAmount) VALUES (89,'2025-09-19','Cancelled',0);
INSERT INTO OrderLines(OrderID, ProductID, Qty, UnitPrice) VALUES (881,37,3,493);
INSERT INTO OrderLines(OrderID, ProductID, Qty, UnitPrice) VALUES (881,25,3,221);
INSERT INTO OrderLines(OrderID, ProductID, Qty, UnitPrice) VALUES (881,31,3,1341);
INSERT INTO OrderLines(OrderID, ProductID, Qty, UnitPrice) VALUES (881,7,2,78);
UPDATE [Order] SET TotalAmount=6321 WHERE OrderID=881;
INSERT INTO Payment(OrderID, PaymentDate, Amount, PaymentMethod, TransactionRef) VALUES (881,'2025-09-19',6321,'Cash','TXN682047');
INSERT INTO [Order](CustomerID, OrderDate, Status, TotalAmount) VALUES (89,'2025-02-20','Processing',0);
INSERT INTO OrderLines(OrderID, ProductID, Qty, UnitPrice) VALUES (882,38,3,588);
INSERT INTO OrderLines(OrderID, ProductID, Qty, UnitPrice) VALUES (882,7,2,276);
INSERT INTO OrderLines(OrderID, ProductID, Qty, UnitPrice) VALUES (882,33,3,81);
INSERT INTO OrderLines(OrderID, ProductID, Qty, UnitPrice) VALUES (882,19,1,120);
UPDATE [Order] SET TotalAmount=2679 WHERE OrderID=882;
INSERT INTO Payment(OrderID, PaymentDate, Amount, PaymentMethod, TransactionRef) VALUES (882,'2025-02-23',2679,'PayPal','TXN415342');
INSERT INTO [Order](CustomerID, OrderDate, Status, TotalAmount) VALUES (89,'2025-02-17','Processing',0);
INSERT INTO OrderLines(OrderID, ProductID, Qty, UnitPrice) VALUES (883,39,3,299);
INSERT INTO OrderLines(OrderID, ProductID, Qty, UnitPrice) VALUES (883,46,1,417);
INSERT INTO OrderLines(OrderID, ProductID, Qty, UnitPrice) VALUES (883,48,3,779);
INSERT INTO OrderLines(OrderID, ProductID, Qty, UnitPrice) VALUES (883,35,2,1345);
UPDATE [Order] SET TotalAmount=6341 WHERE OrderID=883;
INSERT INTO Payment(OrderID, PaymentDate, Amount, PaymentMethod, TransactionRef) VALUES (883,'2025-02-22',6341,'PayPal','TXN201085');
INSERT INTO [Order](CustomerID, OrderDate, Status, TotalAmount) VALUES (89,'2025-05-10','Delivered',0);
INSERT INTO OrderLines(OrderID, ProductID, Qty, UnitPrice) VALUES (884,3,2,842);
INSERT INTO OrderLines(OrderID, ProductID, Qty, UnitPrice) VALUES (884,43,3,598);
INSERT INTO OrderLines(OrderID, ProductID, Qty, UnitPrice) VALUES (884,8,1,1308);
INSERT INTO OrderLines(OrderID, ProductID, Qty, UnitPrice) VALUES (884,49,3,820);
UPDATE [Order] SET TotalAmount=7246 WHERE OrderID=884;
INSERT INTO Payment(OrderID, PaymentDate, Amount, PaymentMethod, TransactionRef) VALUES (884,'2025-05-13',7246,'Cash','TXN818743');
INSERT INTO [Order](CustomerID, OrderDate, Status, TotalAmount) VALUES (89,'2025-06-11','Shipped',0);
INSERT INTO OrderLines(OrderID, ProductID, Qty, UnitPrice) VALUES (885,21,3,843);
INSERT INTO OrderLines(OrderID, ProductID, Qty, UnitPrice) VALUES (885,19,2,805);
INSERT INTO OrderLines(OrderID, ProductID, Qty, UnitPrice) VALUES (885,42,3,1353);
INSERT INTO OrderLines(OrderID, ProductID, Qty, UnitPrice) VALUES (885,45,3,683);
UPDATE [Order] SET TotalAmount=10247 WHERE OrderID=885;
INSERT INTO Payment(OrderID, PaymentDate, Amount, PaymentMethod, TransactionRef) VALUES (885,'2025-06-16',10247,'Cash','TXN166618');
INSERT INTO [Order](CustomerID, OrderDate, Status, TotalAmount) VALUES (89,'2025-03-18','Shipped',0);
INSERT INTO OrderLines(OrderID, ProductID, Qty, UnitPrice) VALUES (886,32,3,1453);
INSERT INTO OrderLines(OrderID, ProductID, Qty, UnitPrice) VALUES (886,2,1,211);
INSERT INTO OrderLines(OrderID, ProductID, Qty, UnitPrice) VALUES (886,20,2,1045);
INSERT INTO OrderLines(OrderID, ProductID, Qty, UnitPrice) VALUES (886,40,1,450);
UPDATE [Order] SET TotalAmount=7110 WHERE OrderID=886;
INSERT INTO Payment(OrderID, PaymentDate, Amount, PaymentMethod, TransactionRef) VALUES (886,'2025-03-18',7110,'PayPal','TXN426373');
INSERT INTO [Order](CustomerID, OrderDate, Status, TotalAmount) VALUES (89,'2025-12-10','Processing',0);
INSERT INTO OrderLines(OrderID, ProductID, Qty, UnitPrice) VALUES (887,23,3,1358);
INSERT INTO OrderLines(OrderID, ProductID, Qty, UnitPrice) VALUES (887,20,1,1287);
INSERT INTO OrderLines(OrderID, ProductID, Qty, UnitPrice) VALUES (887,5,3,91);
INSERT INTO OrderLines(OrderID, ProductID, Qty, UnitPrice) VALUES (887,9,1,1488);
UPDATE [Order] SET TotalAmount=7122 WHERE OrderID=887;
INSERT INTO Payment(OrderID, PaymentDate, Amount, PaymentMethod, TransactionRef) VALUES (887,'2025-12-12',7122,'PayPal','TXN185567');
INSERT INTO [Order](CustomerID, OrderDate, Status, TotalAmount) VALUES (89,'2025-10-28','Delivered',0);
INSERT INTO OrderLines(OrderID, ProductID, Qty, UnitPrice) VALUES (888,17,3,1378);
INSERT INTO OrderLines(OrderID, ProductID, Qty, UnitPrice) VALUES (888,3,3,637);
INSERT INTO OrderLines(OrderID, ProductID, Qty, UnitPrice) VALUES (888,19,1,1454);
INSERT INTO OrderLines(OrderID, ProductID, Qty, UnitPrice) VALUES (888,15,2,1130);
UPDATE [Order] SET TotalAmount=9759 WHERE OrderID=888;
INSERT INTO Payment(OrderID, PaymentDate, Amount, PaymentMethod, TransactionRef) VALUES (888,'2025-10-29',9759,'Cash','TXN907101');
INSERT INTO [Order](CustomerID, OrderDate, Status, TotalAmount) VALUES (89,'2025-07-13','Shipped',0);
INSERT INTO OrderLines(OrderID, ProductID, Qty, UnitPrice) VALUES (889,45,3,693);
INSERT INTO OrderLines(OrderID, ProductID, Qty, UnitPrice) VALUES (889,32,1,1053);
INSERT INTO OrderLines(OrderID, ProductID, Qty, UnitPrice) VALUES (889,6,3,538);
INSERT INTO OrderLines(OrderID, ProductID, Qty, UnitPrice) VALUES (889,32,2,1131);
UPDATE [Order] SET TotalAmount=7008 WHERE OrderID=889;
INSERT INTO Payment(OrderID, PaymentDate, Amount, PaymentMethod, TransactionRef) VALUES (889,'2025-07-14',7008,'Card','TXN847595');
INSERT INTO [Order](CustomerID, OrderDate, Status, TotalAmount) VALUES (89,'2025-03-07','Cancelled',0);
INSERT INTO OrderLines(OrderID, ProductID, Qty, UnitPrice) VALUES (890,34,2,301);
INSERT INTO OrderLines(OrderID, ProductID, Qty, UnitPrice) VALUES (890,40,1,600);
INSERT INTO OrderLines(OrderID, ProductID, Qty, UnitPrice) VALUES (890,48,3,1080);
INSERT INTO OrderLines(OrderID, ProductID, Qty, UnitPrice) VALUES (890,33,3,395);
UPDATE [Order] SET TotalAmount=5627 WHERE OrderID=890;
INSERT INTO Payment(OrderID, PaymentDate, Amount, PaymentMethod, TransactionRef) VALUES (890,'2025-03-08',5627,'PayPal','TXN407742');
INSERT INTO [Order](CustomerID, OrderDate, Status, TotalAmount) VALUES (90,'2025-07-16','Cancelled',0);
INSERT INTO OrderLines(OrderID, ProductID, Qty, UnitPrice) VALUES (891,32,1,288);
INSERT INTO OrderLines(OrderID, ProductID, Qty, UnitPrice) VALUES (891,36,1,1256);
INSERT INTO OrderLines(OrderID, ProductID, Qty, UnitPrice) VALUES (891,25,3,544);
INSERT INTO OrderLines(OrderID, ProductID, Qty, UnitPrice) VALUES (891,34,1,853);
UPDATE [Order] SET TotalAmount=4029 WHERE OrderID=891;
INSERT INTO Payment(OrderID, PaymentDate, Amount, PaymentMethod, TransactionRef) VALUES (891,'2025-07-19',4029,'Card','TXN170546');
INSERT INTO [Order](CustomerID, OrderDate, Status, TotalAmount) VALUES (90,'2025-09-17','Processing',0);
INSERT INTO OrderLines(OrderID, ProductID, Qty, UnitPrice) VALUES (892,1,3,972);
INSERT INTO OrderLines(OrderID, ProductID, Qty, UnitPrice) VALUES (892,25,2,1093);
INSERT INTO OrderLines(OrderID, ProductID, Qty, UnitPrice) VALUES (892,37,1,735);
INSERT INTO OrderLines(OrderID, ProductID, Qty, UnitPrice) VALUES (892,35,2,222);
UPDATE [Order] SET TotalAmount=6281 WHERE OrderID=892;
INSERT INTO Payment(OrderID, PaymentDate, Amount, PaymentMethod, TransactionRef) VALUES (892,'2025-09-21',6281,'Cash','TXN660943');
INSERT INTO [Order](CustomerID, OrderDate, Status, TotalAmount) VALUES (90,'2025-06-04','Processing',0);
INSERT INTO OrderLines(OrderID, ProductID, Qty, UnitPrice) VALUES (893,13,2,608);
INSERT INTO OrderLines(OrderID, ProductID, Qty, UnitPrice) VALUES (893,12,2,30);
INSERT INTO OrderLines(OrderID, ProductID, Qty, UnitPrice) VALUES (893,27,3,112);
INSERT INTO OrderLines(OrderID, ProductID, Qty, UnitPrice) VALUES (893,22,1,532);
UPDATE [Order] SET TotalAmount=2144 WHERE OrderID=893;
INSERT INTO Payment(OrderID, PaymentDate, Amount, PaymentMethod, TransactionRef) VALUES (893,'2025-06-08',2144,'PayPal','TXN282068');
INSERT INTO [Order](CustomerID, OrderDate, Status, TotalAmount) VALUES (90,'2025-07-06','Shipped',0);
INSERT INTO OrderLines(OrderID, ProductID, Qty, UnitPrice) VALUES (894,46,2,20);
INSERT INTO OrderLines(OrderID, ProductID, Qty, UnitPrice) VALUES (894,44,3,979);
INSERT INTO OrderLines(OrderID, ProductID, Qty, UnitPrice) VALUES (894,25,1,1414);
INSERT INTO OrderLines(OrderID, ProductID, Qty, UnitPrice) VALUES (894,16,2,1314);
UPDATE [Order] SET TotalAmount=7019 WHERE OrderID=894;
INSERT INTO Payment(OrderID, PaymentDate, Amount, PaymentMethod, TransactionRef) VALUES (894,'2025-07-08',7019,'Card','TXN190594');
INSERT INTO [Order](CustomerID, OrderDate, Status, TotalAmount) VALUES (90,'2025-05-16','Cancelled',0);
INSERT INTO OrderLines(OrderID, ProductID, Qty, UnitPrice) VALUES (895,15,3,822);
INSERT INTO OrderLines(OrderID, ProductID, Qty, UnitPrice) VALUES (895,7,3,187);
INSERT INTO OrderLines(OrderID, ProductID, Qty, UnitPrice) VALUES (895,33,3,925);
INSERT INTO OrderLines(OrderID, ProductID, Qty, UnitPrice) VALUES (895,39,1,525);
UPDATE [Order] SET TotalAmount=6327 WHERE OrderID=895;
INSERT INTO Payment(OrderID, PaymentDate, Amount, PaymentMethod, TransactionRef) VALUES (895,'2025-05-21',6327,'Cash','TXN426805');
INSERT INTO [Order](CustomerID, OrderDate, Status, TotalAmount) VALUES (90,'2025-05-20','Processing',0);
INSERT INTO OrderLines(OrderID, ProductID, Qty, UnitPrice) VALUES (896,11,1,1360);
INSERT INTO OrderLines(OrderID, ProductID, Qty, UnitPrice) VALUES (896,44,2,879);
INSERT INTO OrderLines(OrderID, ProductID, Qty, UnitPrice) VALUES (896,16,1,511);
INSERT INTO OrderLines(OrderID, ProductID, Qty, UnitPrice) VALUES (896,12,2,369);
UPDATE [Order] SET TotalAmount=4367 WHERE OrderID=896;
INSERT INTO Payment(OrderID, PaymentDate, Amount, PaymentMethod, TransactionRef) VALUES (896,'2025-05-22',4367,'Cash','TXN660010');
INSERT INTO [Order](CustomerID, OrderDate, Status, TotalAmount) VALUES (90,'2025-07-14','Processing',0);
INSERT INTO OrderLines(OrderID, ProductID, Qty, UnitPrice) VALUES (897,40,1,270);
INSERT INTO OrderLines(OrderID, ProductID, Qty, UnitPrice) VALUES (897,41,2,1003);
INSERT INTO OrderLines(OrderID, ProductID, Qty, UnitPrice) VALUES (897,13,2,544);
INSERT INTO OrderLines(OrderID, ProductID, Qty, UnitPrice) VALUES (897,28,2,766);
UPDATE [Order] SET TotalAmount=4896 WHERE OrderID=897;
INSERT INTO Payment(OrderID, PaymentDate, Amount, PaymentMethod, TransactionRef) VALUES (897,'2025-07-18',4896,'Cash','TXN945071');
INSERT INTO [Order](CustomerID, OrderDate, Status, TotalAmount) VALUES (90,'2025-02-20','Cancelled',0);
INSERT INTO OrderLines(OrderID, ProductID, Qty, UnitPrice) VALUES (898,14,2,183);
INSERT INTO OrderLines(OrderID, ProductID, Qty, UnitPrice) VALUES (898,26,3,1323);
INSERT INTO OrderLines(OrderID, ProductID, Qty, UnitPrice) VALUES (898,2,2,1313);
INSERT INTO OrderLines(OrderID, ProductID, Qty, UnitPrice) VALUES (898,20,1,701);
UPDATE [Order] SET TotalAmount=7662 WHERE OrderID=898;
INSERT INTO Payment(OrderID, PaymentDate, Amount, PaymentMethod, TransactionRef) VALUES (898,'2025-02-25',7662,'Cash','TXN148729');
INSERT INTO [Order](CustomerID, OrderDate, Status, TotalAmount) VALUES (90,'2025-06-22','Delivered',0);
INSERT INTO OrderLines(OrderID, ProductID, Qty, UnitPrice) VALUES (899,50,2,403);
INSERT INTO OrderLines(OrderID, ProductID, Qty, UnitPrice) VALUES (899,45,1,926);
INSERT INTO OrderLines(OrderID, ProductID, Qty, UnitPrice) VALUES (899,21,3,77);
INSERT INTO OrderLines(OrderID, ProductID, Qty, UnitPrice) VALUES (899,35,3,1046);
UPDATE [Order] SET TotalAmount=5101 WHERE OrderID=899;
INSERT INTO Payment(OrderID, PaymentDate, Amount, PaymentMethod, TransactionRef) VALUES (899,'2025-06-26',5101,'Cash','TXN561735');
INSERT INTO [Order](CustomerID, OrderDate, Status, TotalAmount) VALUES (90,'2025-07-01','Cancelled',0);
INSERT INTO OrderLines(OrderID, ProductID, Qty, UnitPrice) VALUES (900,1,2,1338);
INSERT INTO OrderLines(OrderID, ProductID, Qty, UnitPrice) VALUES (900,12,2,444);
INSERT INTO OrderLines(OrderID, ProductID, Qty, UnitPrice) VALUES (900,36,2,638);
INSERT INTO OrderLines(OrderID, ProductID, Qty, UnitPrice) VALUES (900,12,2,135);
UPDATE [Order] SET TotalAmount=5110 WHERE OrderID=900;
INSERT INTO Payment(OrderID, PaymentDate, Amount, PaymentMethod, TransactionRef) VALUES (900,'2025-07-05',5110,'Card','TXN935557');
INSERT INTO [Order](CustomerID, OrderDate, Status, TotalAmount) VALUES (91,'2025-12-11','Cancelled',0);
INSERT INTO OrderLines(OrderID, ProductID, Qty, UnitPrice) VALUES (901,30,3,1482);
INSERT INTO OrderLines(OrderID, ProductID, Qty, UnitPrice) VALUES (901,41,2,1061);
INSERT INTO OrderLines(OrderID, ProductID, Qty, UnitPrice) VALUES (901,21,1,1224);
INSERT INTO OrderLines(OrderID, ProductID, Qty, UnitPrice) VALUES (901,21,3,1165);
UPDATE [Order] SET TotalAmount=11287 WHERE OrderID=901;
INSERT INTO Payment(OrderID, PaymentDate, Amount, PaymentMethod, TransactionRef) VALUES (901,'2025-12-11',11287,'Cash','TXN138085');
INSERT INTO [Order](CustomerID, OrderDate, Status, TotalAmount) VALUES (91,'2025-05-28','Processing',0);
INSERT INTO OrderLines(OrderID, ProductID, Qty, UnitPrice) VALUES (902,40,3,1232);
INSERT INTO OrderLines(OrderID, ProductID, Qty, UnitPrice) VALUES (902,8,1,529);
INSERT INTO OrderLines(OrderID, ProductID, Qty, UnitPrice) VALUES (902,31,2,247);
INSERT INTO OrderLines(OrderID, ProductID, Qty, UnitPrice) VALUES (902,7,1,251);
UPDATE [Order] SET TotalAmount=4970 WHERE OrderID=902;
INSERT INTO Payment(OrderID, PaymentDate, Amount, PaymentMethod, TransactionRef) VALUES (902,'2025-06-02',4970,'Cash','TXN986335');
INSERT INTO [Order](CustomerID, OrderDate, Status, TotalAmount) VALUES (91,'2025-07-10','Cancelled',0);
INSERT INTO OrderLines(OrderID, ProductID, Qty, UnitPrice) VALUES (903,43,1,596);
INSERT INTO OrderLines(OrderID, ProductID, Qty, UnitPrice) VALUES (903,2,2,432);
INSERT INTO OrderLines(OrderID, ProductID, Qty, UnitPrice) VALUES (903,5,1,726);
INSERT INTO OrderLines(OrderID, ProductID, Qty, UnitPrice) VALUES (903,27,3,808);
UPDATE [Order] SET TotalAmount=4610 WHERE OrderID=903;
INSERT INTO Payment(OrderID, PaymentDate, Amount, PaymentMethod, TransactionRef) VALUES (903,'2025-07-15',4610,'Card','TXN583281');
INSERT INTO [Order](CustomerID, OrderDate, Status, TotalAmount) VALUES (91,'2025-03-31','Processing',0);
INSERT INTO OrderLines(OrderID, ProductID, Qty, UnitPrice) VALUES (904,36,2,232);
INSERT INTO OrderLines(OrderID, ProductID, Qty, UnitPrice) VALUES (904,37,3,1336);
INSERT INTO OrderLines(OrderID, ProductID, Qty, UnitPrice) VALUES (904,16,3,239);
INSERT INTO OrderLines(OrderID, ProductID, Qty, UnitPrice) VALUES (904,38,1,643);
UPDATE [Order] SET TotalAmount=5832 WHERE OrderID=904;
INSERT INTO Payment(OrderID, PaymentDate, Amount, PaymentMethod, TransactionRef) VALUES (904,'2025-04-01',5832,'PayPal','TXN556087');
INSERT INTO [Order](CustomerID, OrderDate, Status, TotalAmount) VALUES (91,'2025-08-16','Processing',0);
INSERT INTO OrderLines(OrderID, ProductID, Qty, UnitPrice) VALUES (905,21,3,906);
INSERT INTO OrderLines(OrderID, ProductID, Qty, UnitPrice) VALUES (905,45,2,212);
INSERT INTO OrderLines(OrderID, ProductID, Qty, UnitPrice) VALUES (905,28,1,1326);
INSERT INTO OrderLines(OrderID, ProductID, Qty, UnitPrice) VALUES (905,20,3,986);
UPDATE [Order] SET TotalAmount=7426 WHERE OrderID=905;
INSERT INTO Payment(OrderID, PaymentDate, Amount, PaymentMethod, TransactionRef) VALUES (905,'2025-08-17',7426,'Cash','TXN742567');
INSERT INTO [Order](CustomerID, OrderDate, Status, TotalAmount) VALUES (91,'2025-09-24','Shipped',0);
INSERT INTO OrderLines(OrderID, ProductID, Qty, UnitPrice) VALUES (906,34,3,531);
INSERT INTO OrderLines(OrderID, ProductID, Qty, UnitPrice) VALUES (906,24,3,1020);
INSERT INTO OrderLines(OrderID, ProductID, Qty, UnitPrice) VALUES (906,19,1,776);
INSERT INTO OrderLines(OrderID, ProductID, Qty, UnitPrice) VALUES (906,9,3,776);
UPDATE [Order] SET TotalAmount=7757 WHERE OrderID=906;
INSERT INTO Payment(OrderID, PaymentDate, Amount, PaymentMethod, TransactionRef) VALUES (906,'2025-09-24',7757,'Cash','TXN920072');
INSERT INTO [Order](CustomerID, OrderDate, Status, TotalAmount) VALUES (91,'2025-06-07','Processing',0);
INSERT INTO OrderLines(OrderID, ProductID, Qty, UnitPrice) VALUES (907,45,3,1240);
INSERT INTO OrderLines(OrderID, ProductID, Qty, UnitPrice) VALUES (907,35,1,1120);
INSERT INTO OrderLines(OrderID, ProductID, Qty, UnitPrice) VALUES (907,7,3,693);
INSERT INTO OrderLines(OrderID, ProductID, Qty, UnitPrice) VALUES (907,39,3,1047);
UPDATE [Order] SET TotalAmount=10060 WHERE OrderID=907;
INSERT INTO Payment(OrderID, PaymentDate, Amount, PaymentMethod, TransactionRef) VALUES (907,'2025-06-08',10060,'Card','TXN219395');
INSERT INTO [Order](CustomerID, OrderDate, Status, TotalAmount) VALUES (91,'2025-09-20','Processing',0);
INSERT INTO OrderLines(OrderID, ProductID, Qty, UnitPrice) VALUES (908,10,2,418);
INSERT INTO OrderLines(OrderID, ProductID, Qty, UnitPrice) VALUES (908,45,2,858);
INSERT INTO OrderLines(OrderID, ProductID, Qty, UnitPrice) VALUES (908,2,2,1120);
INSERT INTO OrderLines(OrderID, ProductID, Qty, UnitPrice) VALUES (908,49,3,736);
UPDATE [Order] SET TotalAmount=7000 WHERE OrderID=908;
INSERT INTO Payment(OrderID, PaymentDate, Amount, PaymentMethod, TransactionRef) VALUES (908,'2025-09-21',7000,'PayPal','TXN797892');
INSERT INTO [Order](CustomerID, OrderDate, Status, TotalAmount) VALUES (91,'2025-03-22','Delivered',0);
INSERT INTO OrderLines(OrderID, ProductID, Qty, UnitPrice) VALUES (909,2,3,209);
INSERT INTO OrderLines(OrderID, ProductID, Qty, UnitPrice) VALUES (909,44,2,1149);
INSERT INTO OrderLines(OrderID, ProductID, Qty, UnitPrice) VALUES (909,49,3,124);
INSERT INTO OrderLines(OrderID, ProductID, Qty, UnitPrice) VALUES (909,36,1,163);
UPDATE [Order] SET TotalAmount=3460 WHERE OrderID=909;
INSERT INTO Payment(OrderID, PaymentDate, Amount, PaymentMethod, TransactionRef) VALUES (909,'2025-03-27',3460,'Card','TXN616230');
INSERT INTO [Order](CustomerID, OrderDate, Status, TotalAmount) VALUES (91,'2025-06-06','Cancelled',0);
INSERT INTO OrderLines(OrderID, ProductID, Qty, UnitPrice) VALUES (910,12,1,1041);
INSERT INTO OrderLines(OrderID, ProductID, Qty, UnitPrice) VALUES (910,22,2,1332);
INSERT INTO OrderLines(OrderID, ProductID, Qty, UnitPrice) VALUES (910,16,2,1390);
INSERT INTO OrderLines(OrderID, ProductID, Qty, UnitPrice) VALUES (910,34,1,653);
UPDATE [Order] SET TotalAmount=7138 WHERE OrderID=910;
INSERT INTO Payment(OrderID, PaymentDate, Amount, PaymentMethod, TransactionRef) VALUES (910,'2025-06-08',7138,'Card','TXN613123');
INSERT INTO [Order](CustomerID, OrderDate, Status, TotalAmount) VALUES (92,'2025-10-21','Cancelled',0);
INSERT INTO OrderLines(OrderID, ProductID, Qty, UnitPrice) VALUES (911,8,3,1322);
INSERT INTO OrderLines(OrderID, ProductID, Qty, UnitPrice) VALUES (911,1,3,610);
INSERT INTO OrderLines(OrderID, ProductID, Qty, UnitPrice) VALUES (911,49,2,343);
INSERT INTO OrderLines(OrderID, ProductID, Qty, UnitPrice) VALUES (911,50,1,1000);
UPDATE [Order] SET TotalAmount=7482 WHERE OrderID=911;
INSERT INTO Payment(OrderID, PaymentDate, Amount, PaymentMethod, TransactionRef) VALUES (911,'2025-10-25',7482,'Cash','TXN415876');
INSERT INTO [Order](CustomerID, OrderDate, Status, TotalAmount) VALUES (92,'2025-09-27','Shipped',0);
INSERT INTO OrderLines(OrderID, ProductID, Qty, UnitPrice) VALUES (912,44,2,338);
INSERT INTO OrderLines(OrderID, ProductID, Qty, UnitPrice) VALUES (912,42,1,1495);
INSERT INTO OrderLines(OrderID, ProductID, Qty, UnitPrice) VALUES (912,8,2,1060);
INSERT INTO OrderLines(OrderID, ProductID, Qty, UnitPrice) VALUES (912,40,1,197);
UPDATE [Order] SET TotalAmount=4488 WHERE OrderID=912;
INSERT INTO Payment(OrderID, PaymentDate, Amount, PaymentMethod, TransactionRef) VALUES (912,'2025-10-01',4488,'Card','TXN970526');
INSERT INTO [Order](CustomerID, OrderDate, Status, TotalAmount) VALUES (92,'2025-04-17','Shipped',0);
INSERT INTO OrderLines(OrderID, ProductID, Qty, UnitPrice) VALUES (913,1,2,721);
INSERT INTO OrderLines(OrderID, ProductID, Qty, UnitPrice) VALUES (913,27,1,1174);
INSERT INTO OrderLines(OrderID, ProductID, Qty, UnitPrice) VALUES (913,47,2,200);
INSERT INTO OrderLines(OrderID, ProductID, Qty, UnitPrice) VALUES (913,46,1,1364);
UPDATE [Order] SET TotalAmount=4380 WHERE OrderID=913;
INSERT INTO Payment(OrderID, PaymentDate, Amount, PaymentMethod, TransactionRef) VALUES (913,'2025-04-18',4380,'Cash','TXN161696');
INSERT INTO [Order](CustomerID, OrderDate, Status, TotalAmount) VALUES (92,'2025-10-07','Processing',0);
INSERT INTO OrderLines(OrderID, ProductID, Qty, UnitPrice) VALUES (914,5,3,789);
INSERT INTO OrderLines(OrderID, ProductID, Qty, UnitPrice) VALUES (914,27,2,658);
INSERT INTO OrderLines(OrderID, ProductID, Qty, UnitPrice) VALUES (914,49,1,180);
INSERT INTO OrderLines(OrderID, ProductID, Qty, UnitPrice) VALUES (914,1,2,95);
UPDATE [Order] SET TotalAmount=4053 WHERE OrderID=914;
INSERT INTO Payment(OrderID, PaymentDate, Amount, PaymentMethod, TransactionRef) VALUES (914,'2025-10-07',4053,'Cash','TXN929984');
INSERT INTO [Order](CustomerID, OrderDate, Status, TotalAmount) VALUES (92,'2025-01-13','Delivered',0);
INSERT INTO OrderLines(OrderID, ProductID, Qty, UnitPrice) VALUES (915,29,1,741);
INSERT INTO OrderLines(OrderID, ProductID, Qty, UnitPrice) VALUES (915,47,2,529);
INSERT INTO OrderLines(OrderID, ProductID, Qty, UnitPrice) VALUES (915,46,1,1318);
INSERT INTO OrderLines(OrderID, ProductID, Qty, UnitPrice) VALUES (915,30,1,803);
UPDATE [Order] SET TotalAmount=3920 WHERE OrderID=915;
INSERT INTO Payment(OrderID, PaymentDate, Amount, PaymentMethod, TransactionRef) VALUES (915,'2025-01-16',3920,'Card','TXN718118');
INSERT INTO [Order](CustomerID, OrderDate, Status, TotalAmount) VALUES (92,'2025-04-04','Processing',0);
INSERT INTO OrderLines(OrderID, ProductID, Qty, UnitPrice) VALUES (916,5,2,1046);
INSERT INTO OrderLines(OrderID, ProductID, Qty, UnitPrice) VALUES (916,29,2,1369);
INSERT INTO OrderLines(OrderID, ProductID, Qty, UnitPrice) VALUES (916,5,1,1070);
INSERT INTO OrderLines(OrderID, ProductID, Qty, UnitPrice) VALUES (916,6,2,1388);
UPDATE [Order] SET TotalAmount=8676 WHERE OrderID=916;
INSERT INTO Payment(OrderID, PaymentDate, Amount, PaymentMethod, TransactionRef) VALUES (916,'2025-04-04',8676,'Card','TXN296301');
INSERT INTO [Order](CustomerID, OrderDate, Status, TotalAmount) VALUES (92,'2025-09-26','Shipped',0);
INSERT INTO OrderLines(OrderID, ProductID, Qty, UnitPrice) VALUES (917,10,3,479);
INSERT INTO OrderLines(OrderID, ProductID, Qty, UnitPrice) VALUES (917,41,2,767);
INSERT INTO OrderLines(OrderID, ProductID, Qty, UnitPrice) VALUES (917,32,2,659);
INSERT INTO OrderLines(OrderID, ProductID, Qty, UnitPrice) VALUES (917,37,3,881);
UPDATE [Order] SET TotalAmount=6932 WHERE OrderID=917;
INSERT INTO Payment(OrderID, PaymentDate, Amount, PaymentMethod, TransactionRef) VALUES (917,'2025-09-27',6932,'Cash','TXN859686');
INSERT INTO [Order](CustomerID, OrderDate, Status, TotalAmount) VALUES (92,'2025-12-25','Cancelled',0);
INSERT INTO OrderLines(OrderID, ProductID, Qty, UnitPrice) VALUES (918,14,2,860);
INSERT INTO OrderLines(OrderID, ProductID, Qty, UnitPrice) VALUES (918,19,2,548);
INSERT INTO OrderLines(OrderID, ProductID, Qty, UnitPrice) VALUES (918,12,1,641);
INSERT INTO OrderLines(OrderID, ProductID, Qty, UnitPrice) VALUES (918,13,2,1136);
UPDATE [Order] SET TotalAmount=5729 WHERE OrderID=918;
INSERT INTO Payment(OrderID, PaymentDate, Amount, PaymentMethod, TransactionRef) VALUES (918,'2025-12-28',5729,'Cash','TXN925626');
INSERT INTO [Order](CustomerID, OrderDate, Status, TotalAmount) VALUES (92,'2025-11-15','Shipped',0);
INSERT INTO OrderLines(OrderID, ProductID, Qty, UnitPrice) VALUES (919,50,3,979);
INSERT INTO OrderLines(OrderID, ProductID, Qty, UnitPrice) VALUES (919,25,1,180);
INSERT INTO OrderLines(OrderID, ProductID, Qty, UnitPrice) VALUES (919,1,2,882);
INSERT INTO OrderLines(OrderID, ProductID, Qty, UnitPrice) VALUES (919,8,1,457);
UPDATE [Order] SET TotalAmount=5338 WHERE OrderID=919;
INSERT INTO Payment(OrderID, PaymentDate, Amount, PaymentMethod, TransactionRef) VALUES (919,'2025-11-17',5338,'Cash','TXN250169');
INSERT INTO [Order](CustomerID, OrderDate, Status, TotalAmount) VALUES (92,'2025-09-16','Cancelled',0);
INSERT INTO OrderLines(OrderID, ProductID, Qty, UnitPrice) VALUES (920,13,3,1037);
INSERT INTO OrderLines(OrderID, ProductID, Qty, UnitPrice) VALUES (920,39,3,300);
INSERT INTO OrderLines(OrderID, ProductID, Qty, UnitPrice) VALUES (920,36,3,985);
INSERT INTO OrderLines(OrderID, ProductID, Qty, UnitPrice) VALUES (920,11,3,804);
UPDATE [Order] SET TotalAmount=9378 WHERE OrderID=920;
INSERT INTO Payment(OrderID, PaymentDate, Amount, PaymentMethod, TransactionRef) VALUES (920,'2025-09-21',9378,'Card','TXN167930');
INSERT INTO [Order](CustomerID, OrderDate, Status, TotalAmount) VALUES (93,'2025-11-03','Delivered',0);
INSERT INTO OrderLines(OrderID, ProductID, Qty, UnitPrice) VALUES (921,19,2,279);
INSERT INTO OrderLines(OrderID, ProductID, Qty, UnitPrice) VALUES (921,39,2,466);
INSERT INTO OrderLines(OrderID, ProductID, Qty, UnitPrice) VALUES (921,26,2,988);
INSERT INTO OrderLines(OrderID, ProductID, Qty, UnitPrice) VALUES (921,25,3,738);
UPDATE [Order] SET TotalAmount=5680 WHERE OrderID=921;
INSERT INTO Payment(OrderID, PaymentDate, Amount, PaymentMethod, TransactionRef) VALUES (921,'2025-11-06',5680,'PayPal','TXN702266');
INSERT INTO [Order](CustomerID, OrderDate, Status, TotalAmount) VALUES (93,'2025-01-06','Cancelled',0);
INSERT INTO OrderLines(OrderID, ProductID, Qty, UnitPrice) VALUES (922,17,3,820);
INSERT INTO OrderLines(OrderID, ProductID, Qty, UnitPrice) VALUES (922,28,2,1252);
INSERT INTO OrderLines(OrderID, ProductID, Qty, UnitPrice) VALUES (922,50,1,721);
INSERT INTO OrderLines(OrderID, ProductID, Qty, UnitPrice) VALUES (922,23,1,828);
UPDATE [Order] SET TotalAmount=6513 WHERE OrderID=922;
INSERT INTO Payment(OrderID, PaymentDate, Amount, PaymentMethod, TransactionRef) VALUES (922,'2025-01-06',6513,'PayPal','TXN391322');
INSERT INTO [Order](CustomerID, OrderDate, Status, TotalAmount) VALUES (93,'2025-03-16','Shipped',0);
INSERT INTO OrderLines(OrderID, ProductID, Qty, UnitPrice) VALUES (923,29,1,528);
INSERT INTO OrderLines(OrderID, ProductID, Qty, UnitPrice) VALUES (923,21,2,833);
INSERT INTO OrderLines(OrderID, ProductID, Qty, UnitPrice) VALUES (923,12,1,581);
INSERT INTO OrderLines(OrderID, ProductID, Qty, UnitPrice) VALUES (923,50,3,666);
UPDATE [Order] SET TotalAmount=4773 WHERE OrderID=923;
INSERT INTO Payment(OrderID, PaymentDate, Amount, PaymentMethod, TransactionRef) VALUES (923,'2025-03-21',4773,'PayPal','TXN936476');
INSERT INTO [Order](CustomerID, OrderDate, Status, TotalAmount) VALUES (93,'2025-09-18','Processing',0);
INSERT INTO OrderLines(OrderID, ProductID, Qty, UnitPrice) VALUES (924,17,2,213);
INSERT INTO OrderLines(OrderID, ProductID, Qty, UnitPrice) VALUES (924,12,2,1165);
INSERT INTO OrderLines(OrderID, ProductID, Qty, UnitPrice) VALUES (924,25,3,476);
INSERT INTO OrderLines(OrderID, ProductID, Qty, UnitPrice) VALUES (924,19,3,696);
UPDATE [Order] SET TotalAmount=6272 WHERE OrderID=924;
INSERT INTO Payment(OrderID, PaymentDate, Amount, PaymentMethod, TransactionRef) VALUES (924,'2025-09-22',6272,'Card','TXN604822');
INSERT INTO [Order](CustomerID, OrderDate, Status, TotalAmount) VALUES (93,'2025-03-31','Shipped',0);
INSERT INTO OrderLines(OrderID, ProductID, Qty, UnitPrice) VALUES (925,40,2,1158);
INSERT INTO OrderLines(OrderID, ProductID, Qty, UnitPrice) VALUES (925,33,3,764);
INSERT INTO OrderLines(OrderID, ProductID, Qty, UnitPrice) VALUES (925,42,2,759);
INSERT INTO OrderLines(OrderID, ProductID, Qty, UnitPrice) VALUES (925,50,3,1163);
UPDATE [Order] SET TotalAmount=9615 WHERE OrderID=925;
INSERT INTO Payment(OrderID, PaymentDate, Amount, PaymentMethod, TransactionRef) VALUES (925,'2025-04-02',9615,'Card','TXN901995');
INSERT INTO [Order](CustomerID, OrderDate, Status, TotalAmount) VALUES (93,'2025-02-07','Cancelled',0);
INSERT INTO OrderLines(OrderID, ProductID, Qty, UnitPrice) VALUES (926,47,2,821);
INSERT INTO OrderLines(OrderID, ProductID, Qty, UnitPrice) VALUES (926,13,1,1022);
INSERT INTO OrderLines(OrderID, ProductID, Qty, UnitPrice) VALUES (926,4,2,1312);
INSERT INTO OrderLines(OrderID, ProductID, Qty, UnitPrice) VALUES (926,21,1,1036);
UPDATE [Order] SET TotalAmount=6324 WHERE OrderID=926;
INSERT INTO Payment(OrderID, PaymentDate, Amount, PaymentMethod, TransactionRef) VALUES (926,'2025-02-11',6324,'Card','TXN310712');
INSERT INTO [Order](CustomerID, OrderDate, Status, TotalAmount) VALUES (93,'2025-12-01','Cancelled',0);
INSERT INTO OrderLines(OrderID, ProductID, Qty, UnitPrice) VALUES (927,14,2,923);
INSERT INTO OrderLines(OrderID, ProductID, Qty, UnitPrice) VALUES (927,49,1,937);
INSERT INTO OrderLines(OrderID, ProductID, Qty, UnitPrice) VALUES (927,41,3,872);
INSERT INTO OrderLines(OrderID, ProductID, Qty, UnitPrice) VALUES (927,17,2,1373);
UPDATE [Order] SET TotalAmount=8145 WHERE OrderID=927;
INSERT INTO Payment(OrderID, PaymentDate, Amount, PaymentMethod, TransactionRef) VALUES (927,'2025-12-04',8145,'Cash','TXN849369');
INSERT INTO [Order](CustomerID, OrderDate, Status, TotalAmount) VALUES (93,'2025-05-04','Processing',0);
INSERT INTO OrderLines(OrderID, ProductID, Qty, UnitPrice) VALUES (928,50,3,1424);
INSERT INTO OrderLines(OrderID, ProductID, Qty, UnitPrice) VALUES (928,8,1,1195);
INSERT INTO OrderLines(OrderID, ProductID, Qty, UnitPrice) VALUES (928,5,1,990);
INSERT INTO OrderLines(OrderID, ProductID, Qty, UnitPrice) VALUES (928,35,1,1070);
UPDATE [Order] SET TotalAmount=7527 WHERE OrderID=928;
INSERT INTO Payment(OrderID, PaymentDate, Amount, PaymentMethod, TransactionRef) VALUES (928,'2025-05-08',7527,'PayPal','TXN372836');
INSERT INTO [Order](CustomerID, OrderDate, Status, TotalAmount) VALUES (93,'2025-05-15','Cancelled',0);
INSERT INTO OrderLines(OrderID, ProductID, Qty, UnitPrice) VALUES (929,19,1,1305);
INSERT INTO OrderLines(OrderID, ProductID, Qty, UnitPrice) VALUES (929,37,3,669);
INSERT INTO OrderLines(OrderID, ProductID, Qty, UnitPrice) VALUES (929,39,3,192);
INSERT INTO OrderLines(OrderID, ProductID, Qty, UnitPrice) VALUES (929,30,3,1058);
UPDATE [Order] SET TotalAmount=7062 WHERE OrderID=929;
INSERT INTO Payment(OrderID, PaymentDate, Amount, PaymentMethod, TransactionRef) VALUES (929,'2025-05-18',7062,'PayPal','TXN692631');
INSERT INTO [Order](CustomerID, OrderDate, Status, TotalAmount) VALUES (93,'2025-06-10','Cancelled',0);
INSERT INTO OrderLines(OrderID, ProductID, Qty, UnitPrice) VALUES (930,28,3,624);
INSERT INTO OrderLines(OrderID, ProductID, Qty, UnitPrice) VALUES (930,46,2,1337);
INSERT INTO OrderLines(OrderID, ProductID, Qty, UnitPrice) VALUES (930,31,2,564);
INSERT INTO OrderLines(OrderID, ProductID, Qty, UnitPrice) VALUES (930,4,3,1411);
UPDATE [Order] SET TotalAmount=9907 WHERE OrderID=930;
INSERT INTO Payment(OrderID, PaymentDate, Amount, PaymentMethod, TransactionRef) VALUES (930,'2025-06-12',9907,'Cash','TXN421239');
INSERT INTO [Order](CustomerID, OrderDate, Status, TotalAmount) VALUES (94,'2025-11-06','Delivered',0);
INSERT INTO OrderLines(OrderID, ProductID, Qty, UnitPrice) VALUES (931,29,2,834);
INSERT INTO OrderLines(OrderID, ProductID, Qty, UnitPrice) VALUES (931,18,1,1471);
INSERT INTO OrderLines(OrderID, ProductID, Qty, UnitPrice) VALUES (931,17,2,585);
INSERT INTO OrderLines(OrderID, ProductID, Qty, UnitPrice) VALUES (931,41,2,354);
UPDATE [Order] SET TotalAmount=5017 WHERE OrderID=931;
INSERT INTO Payment(OrderID, PaymentDate, Amount, PaymentMethod, TransactionRef) VALUES (931,'2025-11-11',5017,'Cash','TXN484445');
INSERT INTO [Order](CustomerID, OrderDate, Status, TotalAmount) VALUES (94,'2025-01-05','Shipped',0);
INSERT INTO OrderLines(OrderID, ProductID, Qty, UnitPrice) VALUES (932,47,2,717);
INSERT INTO OrderLines(OrderID, ProductID, Qty, UnitPrice) VALUES (932,24,1,900);
INSERT INTO OrderLines(OrderID, ProductID, Qty, UnitPrice) VALUES (932,36,3,524);
INSERT INTO OrderLines(OrderID, ProductID, Qty, UnitPrice) VALUES (932,29,3,768);
UPDATE [Order] SET TotalAmount=6210 WHERE OrderID=932;
INSERT INTO Payment(OrderID, PaymentDate, Amount, PaymentMethod, TransactionRef) VALUES (932,'2025-01-06',6210,'Cash','TXN310873');
INSERT INTO [Order](CustomerID, OrderDate, Status, TotalAmount) VALUES (94,'2025-09-23','Processing',0);
INSERT INTO OrderLines(OrderID, ProductID, Qty, UnitPrice) VALUES (933,38,2,1237);
INSERT INTO OrderLines(OrderID, ProductID, Qty, UnitPrice) VALUES (933,16,1,666);
INSERT INTO OrderLines(OrderID, ProductID, Qty, UnitPrice) VALUES (933,49,1,1470);
INSERT INTO OrderLines(OrderID, ProductID, Qty, UnitPrice) VALUES (933,37,3,147);
UPDATE [Order] SET TotalAmount=5051 WHERE OrderID=933;
INSERT INTO Payment(OrderID, PaymentDate, Amount, PaymentMethod, TransactionRef) VALUES (933,'2025-09-26',5051,'PayPal','TXN314331');
INSERT INTO [Order](CustomerID, OrderDate, Status, TotalAmount) VALUES (94,'2025-12-22','Shipped',0);
INSERT INTO OrderLines(OrderID, ProductID, Qty, UnitPrice) VALUES (934,46,1,1077);
INSERT INTO OrderLines(OrderID, ProductID, Qty, UnitPrice) VALUES (934,12,2,658);
INSERT INTO OrderLines(OrderID, ProductID, Qty, UnitPrice) VALUES (934,35,1,144);
INSERT INTO OrderLines(OrderID, ProductID, Qty, UnitPrice) VALUES (934,36,1,1386);
UPDATE [Order] SET TotalAmount=3923 WHERE OrderID=934;
INSERT INTO Payment(OrderID, PaymentDate, Amount, PaymentMethod, TransactionRef) VALUES (934,'2025-12-23',3923,'Card','TXN995582');
INSERT INTO [Order](CustomerID, OrderDate, Status, TotalAmount) VALUES (94,'2025-01-31','Cancelled',0);
INSERT INTO OrderLines(OrderID, ProductID, Qty, UnitPrice) VALUES (935,16,3,1257);
INSERT INTO OrderLines(OrderID, ProductID, Qty, UnitPrice) VALUES (935,41,2,1035);
INSERT INTO OrderLines(OrderID, ProductID, Qty, UnitPrice) VALUES (935,7,3,1153);
INSERT INTO OrderLines(OrderID, ProductID, Qty, UnitPrice) VALUES (935,20,1,391);
UPDATE [Order] SET TotalAmount=9691 WHERE OrderID=935;
INSERT INTO Payment(OrderID, PaymentDate, Amount, PaymentMethod, TransactionRef) VALUES (935,'2025-02-01',9691,'Cash','TXN686357');
INSERT INTO [Order](CustomerID, OrderDate, Status, TotalAmount) VALUES (94,'2025-10-01','Processing',0);
INSERT INTO OrderLines(OrderID, ProductID, Qty, UnitPrice) VALUES (936,36,1,1374);
INSERT INTO OrderLines(OrderID, ProductID, Qty, UnitPrice) VALUES (936,48,2,376);
INSERT INTO OrderLines(OrderID, ProductID, Qty, UnitPrice) VALUES (936,35,2,732);
INSERT INTO OrderLines(OrderID, ProductID, Qty, UnitPrice) VALUES (936,45,3,816);
UPDATE [Order] SET TotalAmount=6038 WHERE OrderID=936;
INSERT INTO Payment(OrderID, PaymentDate, Amount, PaymentMethod, TransactionRef) VALUES (936,'2025-10-05',6038,'Card','TXN324194');
INSERT INTO [Order](CustomerID, OrderDate, Status, TotalAmount) VALUES (94,'2025-07-15','Processing',0);
INSERT INTO OrderLines(OrderID, ProductID, Qty, UnitPrice) VALUES (937,49,3,93);
INSERT INTO OrderLines(OrderID, ProductID, Qty, UnitPrice) VALUES (937,17,3,293);
INSERT INTO OrderLines(OrderID, ProductID, Qty, UnitPrice) VALUES (937,17,2,1045);
INSERT INTO OrderLines(OrderID, ProductID, Qty, UnitPrice) VALUES (937,34,3,678);
UPDATE [Order] SET TotalAmount=5282 WHERE OrderID=937;
INSERT INTO Payment(OrderID, PaymentDate, Amount, PaymentMethod, TransactionRef) VALUES (937,'2025-07-15',5282,'PayPal','TXN382990');
INSERT INTO [Order](CustomerID, OrderDate, Status, TotalAmount) VALUES (94,'2025-03-20','Cancelled',0);
INSERT INTO OrderLines(OrderID, ProductID, Qty, UnitPrice) VALUES (938,18,3,1380);
INSERT INTO OrderLines(OrderID, ProductID, Qty, UnitPrice) VALUES (938,38,3,517);
INSERT INTO OrderLines(OrderID, ProductID, Qty, UnitPrice) VALUES (938,46,1,961);
INSERT INTO OrderLines(OrderID, ProductID, Qty, UnitPrice) VALUES (938,22,3,745);
UPDATE [Order] SET TotalAmount=8887 WHERE OrderID=938;
INSERT INTO Payment(OrderID, PaymentDate, Amount, PaymentMethod, TransactionRef) VALUES (938,'2025-03-25',8887,'Card','TXN495699');
INSERT INTO [Order](CustomerID, OrderDate, Status, TotalAmount) VALUES (94,'2025-11-21','Cancelled',0);
INSERT INTO OrderLines(OrderID, ProductID, Qty, UnitPrice) VALUES (939,39,1,522);
INSERT INTO OrderLines(OrderID, ProductID, Qty, UnitPrice) VALUES (939,31,3,876);
INSERT INTO OrderLines(OrderID, ProductID, Qty, UnitPrice) VALUES (939,10,2,829);
INSERT INTO OrderLines(OrderID, ProductID, Qty, UnitPrice) VALUES (939,41,2,61);
UPDATE [Order] SET TotalAmount=4930 WHERE OrderID=939;
INSERT INTO Payment(OrderID, PaymentDate, Amount, PaymentMethod, TransactionRef) VALUES (939,'2025-11-21',4930,'Cash','TXN452363');
INSERT INTO [Order](CustomerID, OrderDate, Status, TotalAmount) VALUES (94,'2025-04-21','Cancelled',0);
INSERT INTO OrderLines(OrderID, ProductID, Qty, UnitPrice) VALUES (940,48,3,1274);
INSERT INTO OrderLines(OrderID, ProductID, Qty, UnitPrice) VALUES (940,14,3,1104);
INSERT INTO OrderLines(OrderID, ProductID, Qty, UnitPrice) VALUES (940,46,2,1170);
INSERT INTO OrderLines(OrderID, ProductID, Qty, UnitPrice) VALUES (940,25,3,1374);
UPDATE [Order] SET TotalAmount=13596 WHERE OrderID=940;
INSERT INTO Payment(OrderID, PaymentDate, Amount, PaymentMethod, TransactionRef) VALUES (940,'2025-04-22',13596,'PayPal','TXN817232');
INSERT INTO [Order](CustomerID, OrderDate, Status, TotalAmount) VALUES (95,'2025-11-16','Processing',0);
INSERT INTO OrderLines(OrderID, ProductID, Qty, UnitPrice) VALUES (941,34,3,551);
INSERT INTO OrderLines(OrderID, ProductID, Qty, UnitPrice) VALUES (941,7,1,75);
INSERT INTO OrderLines(OrderID, ProductID, Qty, UnitPrice) VALUES (941,40,3,1199);
INSERT INTO OrderLines(OrderID, ProductID, Qty, UnitPrice) VALUES (941,9,1,996);
UPDATE [Order] SET TotalAmount=6321 WHERE OrderID=941;
INSERT INTO Payment(OrderID, PaymentDate, Amount, PaymentMethod, TransactionRef) VALUES (941,'2025-11-21',6321,'Cash','TXN593317');
INSERT INTO [Order](CustomerID, OrderDate, Status, TotalAmount) VALUES (95,'2025-12-27','Cancelled',0);
INSERT INTO OrderLines(OrderID, ProductID, Qty, UnitPrice) VALUES (942,47,2,92);
INSERT INTO OrderLines(OrderID, ProductID, Qty, UnitPrice) VALUES (942,20,3,489);
INSERT INTO OrderLines(OrderID, ProductID, Qty, UnitPrice) VALUES (942,14,3,1161);
INSERT INTO OrderLines(OrderID, ProductID, Qty, UnitPrice) VALUES (942,40,3,395);
UPDATE [Order] SET TotalAmount=6319 WHERE OrderID=942;
INSERT INTO Payment(OrderID, PaymentDate, Amount, PaymentMethod, TransactionRef) VALUES (942,'2025-12-28',6319,'PayPal','TXN447884');
INSERT INTO [Order](CustomerID, OrderDate, Status, TotalAmount) VALUES (95,'2025-11-29','Cancelled',0);
INSERT INTO OrderLines(OrderID, ProductID, Qty, UnitPrice) VALUES (943,45,3,1295);
INSERT INTO OrderLines(OrderID, ProductID, Qty, UnitPrice) VALUES (943,18,2,1003);
INSERT INTO OrderLines(OrderID, ProductID, Qty, UnitPrice) VALUES (943,9,1,1313);
INSERT INTO OrderLines(OrderID, ProductID, Qty, UnitPrice) VALUES (943,20,1,944);
UPDATE [Order] SET TotalAmount=8148 WHERE OrderID=943;
INSERT INTO Payment(OrderID, PaymentDate, Amount, PaymentMethod, TransactionRef) VALUES (943,'2025-12-04',8148,'Card','TXN698952');
INSERT INTO [Order](CustomerID, OrderDate, Status, TotalAmount) VALUES (95,'2025-02-02','Delivered',0);
INSERT INTO OrderLines(OrderID, ProductID, Qty, UnitPrice) VALUES (944,30,3,1150);
INSERT INTO OrderLines(OrderID, ProductID, Qty, UnitPrice) VALUES (944,21,2,72);
INSERT INTO OrderLines(OrderID, ProductID, Qty, UnitPrice) VALUES (944,38,2,233);
INSERT INTO OrderLines(OrderID, ProductID, Qty, UnitPrice) VALUES (944,32,3,1011);
UPDATE [Order] SET TotalAmount=7093 WHERE OrderID=944;
INSERT INTO Payment(OrderID, PaymentDate, Amount, PaymentMethod, TransactionRef) VALUES (944,'2025-02-02',7093,'Card','TXN642127');
INSERT INTO [Order](CustomerID, OrderDate, Status, TotalAmount) VALUES (95,'2025-06-08','Shipped',0);
INSERT INTO OrderLines(OrderID, ProductID, Qty, UnitPrice) VALUES (945,41,1,912);
INSERT INTO OrderLines(OrderID, ProductID, Qty, UnitPrice) VALUES (945,16,2,835);
INSERT INTO OrderLines(OrderID, ProductID, Qty, UnitPrice) VALUES (945,24,3,1174);
INSERT INTO OrderLines(OrderID, ProductID, Qty, UnitPrice) VALUES (945,20,1,406);
UPDATE [Order] SET TotalAmount=6510 WHERE OrderID=945;
INSERT INTO Payment(OrderID, PaymentDate, Amount, PaymentMethod, TransactionRef) VALUES (945,'2025-06-08',6510,'Cash','TXN234397');
INSERT INTO [Order](CustomerID, OrderDate, Status, TotalAmount) VALUES (95,'2025-12-02','Shipped',0);
INSERT INTO OrderLines(OrderID, ProductID, Qty, UnitPrice) VALUES (946,10,3,1459);
INSERT INTO OrderLines(OrderID, ProductID, Qty, UnitPrice) VALUES (946,29,2,1188);
INSERT INTO OrderLines(OrderID, ProductID, Qty, UnitPrice) VALUES (946,22,2,441);
INSERT INTO OrderLines(OrderID, ProductID, Qty, UnitPrice) VALUES (946,37,3,952);
UPDATE [Order] SET TotalAmount=10491 WHERE OrderID=946;
INSERT INTO Payment(OrderID, PaymentDate, Amount, PaymentMethod, TransactionRef) VALUES (946,'2025-12-07',10491,'PayPal','TXN825028');
INSERT INTO [Order](CustomerID, OrderDate, Status, TotalAmount) VALUES (95,'2025-03-18','Delivered',0);
INSERT INTO OrderLines(OrderID, ProductID, Qty, UnitPrice) VALUES (947,28,2,1499);
INSERT INTO OrderLines(OrderID, ProductID, Qty, UnitPrice) VALUES (947,15,1,434);
INSERT INTO OrderLines(OrderID, ProductID, Qty, UnitPrice) VALUES (947,44,3,1295);
INSERT INTO OrderLines(OrderID, ProductID, Qty, UnitPrice) VALUES (947,35,3,1091);
UPDATE [Order] SET TotalAmount=10590 WHERE OrderID=947;
INSERT INTO Payment(OrderID, PaymentDate, Amount, PaymentMethod, TransactionRef) VALUES (947,'2025-03-23',10590,'PayPal','TXN121908');
INSERT INTO [Order](CustomerID, OrderDate, Status, TotalAmount) VALUES (95,'2025-08-18','Shipped',0);
INSERT INTO OrderLines(OrderID, ProductID, Qty, UnitPrice) VALUES (948,27,1,848);
INSERT INTO OrderLines(OrderID, ProductID, Qty, UnitPrice) VALUES (948,37,2,857);
INSERT INTO OrderLines(OrderID, ProductID, Qty, UnitPrice) VALUES (948,6,2,501);
INSERT INTO OrderLines(OrderID, ProductID, Qty, UnitPrice) VALUES (948,49,3,998);
UPDATE [Order] SET TotalAmount=6558 WHERE OrderID=948;
INSERT INTO Payment(OrderID, PaymentDate, Amount, PaymentMethod, TransactionRef) VALUES (948,'2025-08-22',6558,'PayPal','TXN781523');
INSERT INTO [Order](CustomerID, OrderDate, Status, TotalAmount) VALUES (95,'2025-08-19','Delivered',0);
INSERT INTO OrderLines(OrderID, ProductID, Qty, UnitPrice) VALUES (949,13,2,1096);
INSERT INTO OrderLines(OrderID, ProductID, Qty, UnitPrice) VALUES (949,2,1,1452);
INSERT INTO OrderLines(OrderID, ProductID, Qty, UnitPrice) VALUES (949,15,2,1057);
INSERT INTO OrderLines(OrderID, ProductID, Qty, UnitPrice) VALUES (949,40,1,1179);
UPDATE [Order] SET TotalAmount=6937 WHERE OrderID=949;
INSERT INTO Payment(OrderID, PaymentDate, Amount, PaymentMethod, TransactionRef) VALUES (949,'2025-08-21',6937,'Cash','TXN207368');
INSERT INTO [Order](CustomerID, OrderDate, Status, TotalAmount) VALUES (95,'2025-09-24','Cancelled',0);
INSERT INTO OrderLines(OrderID, ProductID, Qty, UnitPrice) VALUES (950,7,1,1295);
INSERT INTO OrderLines(OrderID, ProductID, Qty, UnitPrice) VALUES (950,23,3,1477);
INSERT INTO OrderLines(OrderID, ProductID, Qty, UnitPrice) VALUES (950,30,2,814);
INSERT INTO OrderLines(OrderID, ProductID, Qty, UnitPrice) VALUES (950,46,2,1134);
UPDATE [Order] SET TotalAmount=9622 WHERE OrderID=950;
INSERT INTO Payment(OrderID, PaymentDate, Amount, PaymentMethod, TransactionRef) VALUES (950,'2025-09-27',9622,'Cash','TXN766226');
INSERT INTO [Order](CustomerID, OrderDate, Status, TotalAmount) VALUES (96,'2025-05-02','Cancelled',0);
INSERT INTO OrderLines(OrderID, ProductID, Qty, UnitPrice) VALUES (951,38,2,1204);
INSERT INTO OrderLines(OrderID, ProductID, Qty, UnitPrice) VALUES (951,41,3,606);
INSERT INTO OrderLines(OrderID, ProductID, Qty, UnitPrice) VALUES (951,2,2,840);
INSERT INTO OrderLines(OrderID, ProductID, Qty, UnitPrice) VALUES (951,31,1,1246);
UPDATE [Order] SET TotalAmount=7152 WHERE OrderID=951;
INSERT INTO Payment(OrderID, PaymentDate, Amount, PaymentMethod, TransactionRef) VALUES (951,'2025-05-03',7152,'Cash','TXN205096');
INSERT INTO [Order](CustomerID, OrderDate, Status, TotalAmount) VALUES (96,'2025-02-04','Cancelled',0);
INSERT INTO OrderLines(OrderID, ProductID, Qty, UnitPrice) VALUES (952,12,2,1334);
INSERT INTO OrderLines(OrderID, ProductID, Qty, UnitPrice) VALUES (952,37,2,1101);
INSERT INTO OrderLines(OrderID, ProductID, Qty, UnitPrice) VALUES (952,17,3,988);
INSERT INTO OrderLines(OrderID, ProductID, Qty, UnitPrice) VALUES (952,44,1,701);
UPDATE [Order] SET TotalAmount=8535 WHERE OrderID=952;
INSERT INTO Payment(OrderID, PaymentDate, Amount, PaymentMethod, TransactionRef) VALUES (952,'2025-02-07',8535,'PayPal','TXN878128');
INSERT INTO [Order](CustomerID, OrderDate, Status, TotalAmount) VALUES (96,'2025-06-18','Delivered',0);
INSERT INTO OrderLines(OrderID, ProductID, Qty, UnitPrice) VALUES (953,13,2,144);
INSERT INTO OrderLines(OrderID, ProductID, Qty, UnitPrice) VALUES (953,7,1,608);
INSERT INTO OrderLines(OrderID, ProductID, Qty, UnitPrice) VALUES (953,17,1,956);
INSERT INTO OrderLines(OrderID, ProductID, Qty, UnitPrice) VALUES (953,14,1,1432);
UPDATE [Order] SET TotalAmount=3284 WHERE OrderID=953;
INSERT INTO Payment(OrderID, PaymentDate, Amount, PaymentMethod, TransactionRef) VALUES (953,'2025-06-22',3284,'Card','TXN373821');
INSERT INTO [Order](CustomerID, OrderDate, Status, TotalAmount) VALUES (96,'2025-04-11','Delivered',0);
INSERT INTO OrderLines(OrderID, ProductID, Qty, UnitPrice) VALUES (954,39,1,535);
INSERT INTO OrderLines(OrderID, ProductID, Qty, UnitPrice) VALUES (954,42,2,793);
INSERT INTO OrderLines(OrderID, ProductID, Qty, UnitPrice) VALUES (954,15,1,850);
INSERT INTO OrderLines(OrderID, ProductID, Qty, UnitPrice) VALUES (954,47,2,31);
UPDATE [Order] SET TotalAmount=3033 WHERE OrderID=954;
INSERT INTO Payment(OrderID, PaymentDate, Amount, PaymentMethod, TransactionRef) VALUES (954,'2025-04-16',3033,'Card','TXN409313');
INSERT INTO [Order](CustomerID, OrderDate, Status, TotalAmount) VALUES (96,'2025-12-02','Shipped',0);
INSERT INTO OrderLines(OrderID, ProductID, Qty, UnitPrice) VALUES (955,7,2,1387);
INSERT INTO OrderLines(OrderID, ProductID, Qty, UnitPrice) VALUES (955,12,3,1362);
INSERT INTO OrderLines(OrderID, ProductID, Qty, UnitPrice) VALUES (955,30,3,543);
INSERT INTO OrderLines(OrderID, ProductID, Qty, UnitPrice) VALUES (955,19,1,1189);
UPDATE [Order] SET TotalAmount=9678 WHERE OrderID=955;
INSERT INTO Payment(OrderID, PaymentDate, Amount, PaymentMethod, TransactionRef) VALUES (955,'2025-12-05',9678,'Cash','TXN906437');
INSERT INTO [Order](CustomerID, OrderDate, Status, TotalAmount) VALUES (96,'2025-04-14','Cancelled',0);
INSERT INTO OrderLines(OrderID, ProductID, Qty, UnitPrice) VALUES (956,50,3,777);
INSERT INTO OrderLines(OrderID, ProductID, Qty, UnitPrice) VALUES (956,43,2,686);
INSERT INTO OrderLines(OrderID, ProductID, Qty, UnitPrice) VALUES (956,16,1,149);
INSERT INTO OrderLines(OrderID, ProductID, Qty, UnitPrice) VALUES (956,11,2,107);
UPDATE [Order] SET TotalAmount=4066 WHERE OrderID=956;
INSERT INTO Payment(OrderID, PaymentDate, Amount, PaymentMethod, TransactionRef) VALUES (956,'2025-04-16',4066,'Card','TXN679683');
INSERT INTO [Order](CustomerID, OrderDate, Status, TotalAmount) VALUES (96,'2025-02-26','Processing',0);
INSERT INTO OrderLines(OrderID, ProductID, Qty, UnitPrice) VALUES (957,23,3,1200);
INSERT INTO OrderLines(OrderID, ProductID, Qty, UnitPrice) VALUES (957,42,2,118);
INSERT INTO OrderLines(OrderID, ProductID, Qty, UnitPrice) VALUES (957,43,3,1131);
INSERT INTO OrderLines(OrderID, ProductID, Qty, UnitPrice) VALUES (957,28,2,345);
UPDATE [Order] SET TotalAmount=7919 WHERE OrderID=957;
INSERT INTO Payment(OrderID, PaymentDate, Amount, PaymentMethod, TransactionRef) VALUES (957,'2025-03-02',7919,'Card','TXN230875');
INSERT INTO [Order](CustomerID, OrderDate, Status, TotalAmount) VALUES (96,'2025-09-11','Cancelled',0);
INSERT INTO OrderLines(OrderID, ProductID, Qty, UnitPrice) VALUES (958,40,3,874);
INSERT INTO OrderLines(OrderID, ProductID, Qty, UnitPrice) VALUES (958,6,2,743);
INSERT INTO OrderLines(OrderID, ProductID, Qty, UnitPrice) VALUES (958,33,2,1344);
INSERT INTO OrderLines(OrderID, ProductID, Qty, UnitPrice) VALUES (958,8,2,1464);
UPDATE [Order] SET TotalAmount=9724 WHERE OrderID=958;
INSERT INTO Payment(OrderID, PaymentDate, Amount, PaymentMethod, TransactionRef) VALUES (958,'2025-09-13',9724,'PayPal','TXN408476');
INSERT INTO [Order](CustomerID, OrderDate, Status, TotalAmount) VALUES (96,'2025-07-13','Shipped',0);
INSERT INTO OrderLines(OrderID, ProductID, Qty, UnitPrice) VALUES (959,31,2,1496);
INSERT INTO OrderLines(OrderID, ProductID, Qty, UnitPrice) VALUES (959,30,1,1383);
INSERT INTO OrderLines(OrderID, ProductID, Qty, UnitPrice) VALUES (959,50,1,1409);
INSERT INTO OrderLines(OrderID, ProductID, Qty, UnitPrice) VALUES (959,11,1,218);
UPDATE [Order] SET TotalAmount=6002 WHERE OrderID=959;
INSERT INTO Payment(OrderID, PaymentDate, Amount, PaymentMethod, TransactionRef) VALUES (959,'2025-07-15',6002,'PayPal','TXN469323');
INSERT INTO [Order](CustomerID, OrderDate, Status, TotalAmount) VALUES (96,'2025-07-27','Cancelled',0);
INSERT INTO OrderLines(OrderID, ProductID, Qty, UnitPrice) VALUES (960,21,2,92);
INSERT INTO OrderLines(OrderID, ProductID, Qty, UnitPrice) VALUES (960,33,3,743);
INSERT INTO OrderLines(OrderID, ProductID, Qty, UnitPrice) VALUES (960,49,1,1251);
INSERT INTO OrderLines(OrderID, ProductID, Qty, UnitPrice) VALUES (960,10,3,1091);
UPDATE [Order] SET TotalAmount=6937 WHERE OrderID=960;
INSERT INTO Payment(OrderID, PaymentDate, Amount, PaymentMethod, TransactionRef) VALUES (960,'2025-07-31',6937,'Card','TXN185414');
INSERT INTO [Order](CustomerID, OrderDate, Status, TotalAmount) VALUES (97,'2025-07-28','Delivered',0);
INSERT INTO OrderLines(OrderID, ProductID, Qty, UnitPrice) VALUES (961,38,2,483);
INSERT INTO OrderLines(OrderID, ProductID, Qty, UnitPrice) VALUES (961,38,1,724);
INSERT INTO OrderLines(OrderID, ProductID, Qty, UnitPrice) VALUES (961,36,2,1059);
INSERT INTO OrderLines(OrderID, ProductID, Qty, UnitPrice) VALUES (961,43,1,819);
UPDATE [Order] SET TotalAmount=4627 WHERE OrderID=961;
INSERT INTO Payment(OrderID, PaymentDate, Amount, PaymentMethod, TransactionRef) VALUES (961,'2025-07-28',4627,'Card','TXN553727');
INSERT INTO [Order](CustomerID, OrderDate, Status, TotalAmount) VALUES (97,'2025-01-11','Cancelled',0);
INSERT INTO OrderLines(OrderID, ProductID, Qty, UnitPrice) VALUES (962,38,1,247);
INSERT INTO OrderLines(OrderID, ProductID, Qty, UnitPrice) VALUES (962,45,2,393);
INSERT INTO OrderLines(OrderID, ProductID, Qty, UnitPrice) VALUES (962,25,2,1251);
INSERT INTO OrderLines(OrderID, ProductID, Qty, UnitPrice) VALUES (962,48,1,1119);
UPDATE [Order] SET TotalAmount=4654 WHERE OrderID=962;
INSERT INTO Payment(OrderID, PaymentDate, Amount, PaymentMethod, TransactionRef) VALUES (962,'2025-01-16',4654,'PayPal','TXN930380');
INSERT INTO [Order](CustomerID, OrderDate, Status, TotalAmount) VALUES (97,'2025-12-23','Delivered',0);
INSERT INTO OrderLines(OrderID, ProductID, Qty, UnitPrice) VALUES (963,19,2,102);
INSERT INTO OrderLines(OrderID, ProductID, Qty, UnitPrice) VALUES (963,36,1,1156);
INSERT INTO OrderLines(OrderID, ProductID, Qty, UnitPrice) VALUES (963,29,1,532);
INSERT INTO OrderLines(OrderID, ProductID, Qty, UnitPrice) VALUES (963,4,1,276);
UPDATE [Order] SET TotalAmount=2168 WHERE OrderID=963;
INSERT INTO Payment(OrderID, PaymentDate, Amount, PaymentMethod, TransactionRef) VALUES (963,'2025-12-25',2168,'PayPal','TXN144187');
INSERT INTO [Order](CustomerID, OrderDate, Status, TotalAmount) VALUES (97,'2025-01-17','Delivered',0);
INSERT INTO OrderLines(OrderID, ProductID, Qty, UnitPrice) VALUES (964,32,3,826);
INSERT INTO OrderLines(OrderID, ProductID, Qty, UnitPrice) VALUES (964,4,3,864);
INSERT INTO OrderLines(OrderID, ProductID, Qty, UnitPrice) VALUES (964,39,2,263);
INSERT INTO OrderLines(OrderID, ProductID, Qty, UnitPrice) VALUES (964,43,3,224);
UPDATE [Order] SET TotalAmount=6268 WHERE OrderID=964;
INSERT INTO Payment(OrderID, PaymentDate, Amount, PaymentMethod, TransactionRef) VALUES (964,'2025-01-17',6268,'PayPal','TXN671175');
INSERT INTO [Order](CustomerID, OrderDate, Status, TotalAmount) VALUES (97,'2025-09-16','Cancelled',0);
INSERT INTO OrderLines(OrderID, ProductID, Qty, UnitPrice) VALUES (965,6,2,119);
INSERT INTO OrderLines(OrderID, ProductID, Qty, UnitPrice) VALUES (965,14,1,1012);
INSERT INTO OrderLines(OrderID, ProductID, Qty, UnitPrice) VALUES (965,6,2,718);
INSERT INTO OrderLines(OrderID, ProductID, Qty, UnitPrice) VALUES (965,38,2,989);
UPDATE [Order] SET TotalAmount=4664 WHERE OrderID=965;
INSERT INTO Payment(OrderID, PaymentDate, Amount, PaymentMethod, TransactionRef) VALUES (965,'2025-09-20',4664,'PayPal','TXN585040');
INSERT INTO [Order](CustomerID, OrderDate, Status, TotalAmount) VALUES (97,'2025-11-24','Delivered',0);
INSERT INTO OrderLines(OrderID, ProductID, Qty, UnitPrice) VALUES (966,48,3,84);
INSERT INTO OrderLines(OrderID, ProductID, Qty, UnitPrice) VALUES (966,29,1,1048);
INSERT INTO OrderLines(OrderID, ProductID, Qty, UnitPrice) VALUES (966,6,2,1317);
INSERT INTO OrderLines(OrderID, ProductID, Qty, UnitPrice) VALUES (966,36,2,1095);
UPDATE [Order] SET TotalAmount=6124 WHERE OrderID=966;
INSERT INTO Payment(OrderID, PaymentDate, Amount, PaymentMethod, TransactionRef) VALUES (966,'2025-11-27',6124,'Cash','TXN968776');
INSERT INTO [Order](CustomerID, OrderDate, Status, TotalAmount) VALUES (97,'2025-01-02','Delivered',0);
INSERT INTO OrderLines(OrderID, ProductID, Qty, UnitPrice) VALUES (967,44,1,399);
INSERT INTO OrderLines(OrderID, ProductID, Qty, UnitPrice) VALUES (967,14,2,1155);
INSERT INTO OrderLines(OrderID, ProductID, Qty, UnitPrice) VALUES (967,36,2,1259);
INSERT INTO OrderLines(OrderID, ProductID, Qty, UnitPrice) VALUES (967,10,2,764);
UPDATE [Order] SET TotalAmount=6755 WHERE OrderID=967;
INSERT INTO Payment(OrderID, PaymentDate, Amount, PaymentMethod, TransactionRef) VALUES (967,'2025-01-07',6755,'PayPal','TXN549523');
INSERT INTO [Order](CustomerID, OrderDate, Status, TotalAmount) VALUES (97,'2025-01-12','Shipped',0);
INSERT INTO OrderLines(OrderID, ProductID, Qty, UnitPrice) VALUES (968,43,1,584);
INSERT INTO OrderLines(OrderID, ProductID, Qty, UnitPrice) VALUES (968,18,1,1366);
INSERT INTO OrderLines(OrderID, ProductID, Qty, UnitPrice) VALUES (968,35,3,1374);
INSERT INTO OrderLines(OrderID, ProductID, Qty, UnitPrice) VALUES (968,46,3,832);
UPDATE [Order] SET TotalAmount=8568 WHERE OrderID=968;
INSERT INTO Payment(OrderID, PaymentDate, Amount, PaymentMethod, TransactionRef) VALUES (968,'2025-01-16',8568,'Cash','TXN298771');
INSERT INTO [Order](CustomerID, OrderDate, Status, TotalAmount) VALUES (97,'2025-10-11','Delivered',0);
INSERT INTO OrderLines(OrderID, ProductID, Qty, UnitPrice) VALUES (969,24,3,367);
INSERT INTO OrderLines(OrderID, ProductID, Qty, UnitPrice) VALUES (969,46,3,1330);
INSERT INTO OrderLines(OrderID, ProductID, Qty, UnitPrice) VALUES (969,24,1,1173);
INSERT INTO OrderLines(OrderID, ProductID, Qty, UnitPrice) VALUES (969,8,2,1239);
UPDATE [Order] SET TotalAmount=8742 WHERE OrderID=969;
INSERT INTO Payment(OrderID, PaymentDate, Amount, PaymentMethod, TransactionRef) VALUES (969,'2025-10-15',8742,'Cash','TXN829016');
INSERT INTO [Order](CustomerID, OrderDate, Status, TotalAmount) VALUES (97,'2025-11-26','Processing',0);
INSERT INTO OrderLines(OrderID, ProductID, Qty, UnitPrice) VALUES (970,5,1,960);
INSERT INTO OrderLines(OrderID, ProductID, Qty, UnitPrice) VALUES (970,16,2,1449);
INSERT INTO OrderLines(OrderID, ProductID, Qty, UnitPrice) VALUES (970,12,1,128);
INSERT INTO OrderLines(OrderID, ProductID, Qty, UnitPrice) VALUES (970,32,1,1183);
UPDATE [Order] SET TotalAmount=5169 WHERE OrderID=970;
INSERT INTO Payment(OrderID, PaymentDate, Amount, PaymentMethod, TransactionRef) VALUES (970,'2025-11-26',5169,'PayPal','TXN989198');
INSERT INTO [Order](CustomerID, OrderDate, Status, TotalAmount) VALUES (98,'2025-02-24','Delivered',0);
INSERT INTO OrderLines(OrderID, ProductID, Qty, UnitPrice) VALUES (971,29,2,1078);
INSERT INTO OrderLines(OrderID, ProductID, Qty, UnitPrice) VALUES (971,41,3,1189);
INSERT INTO OrderLines(OrderID, ProductID, Qty, UnitPrice) VALUES (971,32,2,29);
INSERT INTO OrderLines(OrderID, ProductID, Qty, UnitPrice) VALUES (971,27,3,1073);
UPDATE [Order] SET TotalAmount=9000 WHERE OrderID=971;
INSERT INTO Payment(OrderID, PaymentDate, Amount, PaymentMethod, TransactionRef) VALUES (971,'2025-02-25',9000,'PayPal','TXN813649');
INSERT INTO [Order](CustomerID, OrderDate, Status, TotalAmount) VALUES (98,'2025-09-08','Shipped',0);
INSERT INTO OrderLines(OrderID, ProductID, Qty, UnitPrice) VALUES (972,23,2,138);
INSERT INTO OrderLines(OrderID, ProductID, Qty, UnitPrice) VALUES (972,50,1,442);
INSERT INTO OrderLines(OrderID, ProductID, Qty, UnitPrice) VALUES (972,46,2,1209);
INSERT INTO OrderLines(OrderID, ProductID, Qty, UnitPrice) VALUES (972,13,1,1302);
UPDATE [Order] SET TotalAmount=4438 WHERE OrderID=972;
INSERT INTO Payment(OrderID, PaymentDate, Amount, PaymentMethod, TransactionRef) VALUES (972,'2025-09-11',4438,'Card','TXN589021');
INSERT INTO [Order](CustomerID, OrderDate, Status, TotalAmount) VALUES (98,'2025-01-14','Delivered',0);
INSERT INTO OrderLines(OrderID, ProductID, Qty, UnitPrice) VALUES (973,24,2,1409);
INSERT INTO OrderLines(OrderID, ProductID, Qty, UnitPrice) VALUES (973,30,3,411);
INSERT INTO OrderLines(OrderID, ProductID, Qty, UnitPrice) VALUES (973,8,3,698);
INSERT INTO OrderLines(OrderID, ProductID, Qty, UnitPrice) VALUES (973,46,2,980);
UPDATE [Order] SET TotalAmount=8105 WHERE OrderID=973;
INSERT INTO Payment(OrderID, PaymentDate, Amount, PaymentMethod, TransactionRef) VALUES (973,'2025-01-18',8105,'Card','TXN217645');
INSERT INTO [Order](CustomerID, OrderDate, Status, TotalAmount) VALUES (98,'2025-07-09','Processing',0);
INSERT INTO OrderLines(OrderID, ProductID, Qty, UnitPrice) VALUES (974,39,1,1374);
INSERT INTO OrderLines(OrderID, ProductID, Qty, UnitPrice) VALUES (974,34,3,864);
INSERT INTO OrderLines(OrderID, ProductID, Qty, UnitPrice) VALUES (974,19,3,453);
INSERT INTO OrderLines(OrderID, ProductID, Qty, UnitPrice) VALUES (974,46,3,876);
UPDATE [Order] SET TotalAmount=7953 WHERE OrderID=974;
INSERT INTO Payment(OrderID, PaymentDate, Amount, PaymentMethod, TransactionRef) VALUES (974,'2025-07-12',7953,'Cash','TXN860562');
INSERT INTO [Order](CustomerID, OrderDate, Status, TotalAmount) VALUES (98,'2025-02-21','Processing',0);
INSERT INTO OrderLines(OrderID, ProductID, Qty, UnitPrice) VALUES (975,5,2,588);
INSERT INTO OrderLines(OrderID, ProductID, Qty, UnitPrice) VALUES (975,35,1,120);
INSERT INTO OrderLines(OrderID, ProductID, Qty, UnitPrice) VALUES (975,24,1,46);
INSERT INTO OrderLines(OrderID, ProductID, Qty, UnitPrice) VALUES (975,16,3,161);
UPDATE [Order] SET TotalAmount=1825 WHERE OrderID=975;
INSERT INTO Payment(OrderID, PaymentDate, Amount, PaymentMethod, TransactionRef) VALUES (975,'2025-02-25',1825,'PayPal','TXN479792');
INSERT INTO [Order](CustomerID, OrderDate, Status, TotalAmount) VALUES (98,'2025-05-12','Delivered',0);
INSERT INTO OrderLines(OrderID, ProductID, Qty, UnitPrice) VALUES (976,4,2,1308);
INSERT INTO OrderLines(OrderID, ProductID, Qty, UnitPrice) VALUES (976,11,1,998);
INSERT INTO OrderLines(OrderID, ProductID, Qty, UnitPrice) VALUES (976,44,3,264);
INSERT INTO OrderLines(OrderID, ProductID, Qty, UnitPrice) VALUES (976,3,3,1003);
UPDATE [Order] SET TotalAmount=7415 WHERE OrderID=976;
INSERT INTO Payment(OrderID, PaymentDate, Amount, PaymentMethod, TransactionRef) VALUES (976,'2025-05-15',7415,'Cash','TXN700082');
INSERT INTO [Order](CustomerID, OrderDate, Status, TotalAmount) VALUES (98,'2025-12-26','Shipped',0);
INSERT INTO OrderLines(OrderID, ProductID, Qty, UnitPrice) VALUES (977,22,3,924);
INSERT INTO OrderLines(OrderID, ProductID, Qty, UnitPrice) VALUES (977,45,3,974);
INSERT INTO OrderLines(OrderID, ProductID, Qty, UnitPrice) VALUES (977,6,3,247);
INSERT INTO OrderLines(OrderID, ProductID, Qty, UnitPrice) VALUES (977,43,3,175);
UPDATE [Order] SET TotalAmount=6960 WHERE OrderID=977;
INSERT INTO Payment(OrderID, PaymentDate, Amount, PaymentMethod, TransactionRef) VALUES (977,'2025-12-27',6960,'Cash','TXN147716');
INSERT INTO [Order](CustomerID, OrderDate, Status, TotalAmount) VALUES (98,'2025-12-05','Processing',0);
INSERT INTO OrderLines(OrderID, ProductID, Qty, UnitPrice) VALUES (978,42,2,299);
INSERT INTO OrderLines(OrderID, ProductID, Qty, UnitPrice) VALUES (978,15,2,1165);
INSERT INTO OrderLines(OrderID, ProductID, Qty, UnitPrice) VALUES (978,41,2,645);
INSERT INTO OrderLines(OrderID, ProductID, Qty, UnitPrice) VALUES (978,5,1,526);
UPDATE [Order] SET TotalAmount=4744 WHERE OrderID=978;
INSERT INTO Payment(OrderID, PaymentDate, Amount, PaymentMethod, TransactionRef) VALUES (978,'2025-12-06',4744,'Cash','TXN927362');
INSERT INTO [Order](CustomerID, OrderDate, Status, TotalAmount) VALUES (98,'2025-10-03','Delivered',0);
INSERT INTO OrderLines(OrderID, ProductID, Qty, UnitPrice) VALUES (979,16,2,1249);
INSERT INTO OrderLines(OrderID, ProductID, Qty, UnitPrice) VALUES (979,39,1,677);
INSERT INTO OrderLines(OrderID, ProductID, Qty, UnitPrice) VALUES (979,38,2,164);
INSERT INTO OrderLines(OrderID, ProductID, Qty, UnitPrice) VALUES (979,28,3,62);
UPDATE [Order] SET TotalAmount=3689 WHERE OrderID=979;
INSERT INTO Payment(OrderID, PaymentDate, Amount, PaymentMethod, TransactionRef) VALUES (979,'2025-10-07',3689,'PayPal','TXN476336');
INSERT INTO [Order](CustomerID, OrderDate, Status, TotalAmount) VALUES (98,'2025-07-11','Processing',0);
INSERT INTO OrderLines(OrderID, ProductID, Qty, UnitPrice) VALUES (980,10,1,263);
INSERT INTO OrderLines(OrderID, ProductID, Qty, UnitPrice) VALUES (980,25,1,1377);
INSERT INTO OrderLines(OrderID, ProductID, Qty, UnitPrice) VALUES (980,48,1,149);
INSERT INTO OrderLines(OrderID, ProductID, Qty, UnitPrice) VALUES (980,29,2,681);
UPDATE [Order] SET TotalAmount=3151 WHERE OrderID=980;
INSERT INTO Payment(OrderID, PaymentDate, Amount, PaymentMethod, TransactionRef) VALUES (980,'2025-07-14',3151,'Cash','TXN866342');
INSERT INTO [Order](CustomerID, OrderDate, Status, TotalAmount) VALUES (99,'2025-01-05','Cancelled',0);
INSERT INTO OrderLines(OrderID, ProductID, Qty, UnitPrice) VALUES (981,11,1,1300);
INSERT INTO OrderLines(OrderID, ProductID, Qty, UnitPrice) VALUES (981,36,1,82);
INSERT INTO OrderLines(OrderID, ProductID, Qty, UnitPrice) VALUES (981,14,2,691);
INSERT INTO OrderLines(OrderID, ProductID, Qty, UnitPrice) VALUES (981,31,2,1405);
UPDATE [Order] SET TotalAmount=5574 WHERE OrderID=981;
INSERT INTO Payment(OrderID, PaymentDate, Amount, PaymentMethod, TransactionRef) VALUES (981,'2025-01-07',5574,'Cash','TXN665748');
INSERT INTO [Order](CustomerID, OrderDate, Status, TotalAmount) VALUES (99,'2025-10-16','Delivered',0);
INSERT INTO OrderLines(OrderID, ProductID, Qty, UnitPrice) VALUES (982,27,3,420);
INSERT INTO OrderLines(OrderID, ProductID, Qty, UnitPrice) VALUES (982,12,3,1277);
INSERT INTO OrderLines(OrderID, ProductID, Qty, UnitPrice) VALUES (982,5,2,808);
INSERT INTO OrderLines(OrderID, ProductID, Qty, UnitPrice) VALUES (982,46,2,924);
UPDATE [Order] SET TotalAmount=8555 WHERE OrderID=982;
INSERT INTO Payment(OrderID, PaymentDate, Amount, PaymentMethod, TransactionRef) VALUES (982,'2025-10-19',8555,'Cash','TXN244260');
INSERT INTO [Order](CustomerID, OrderDate, Status, TotalAmount) VALUES (99,'2025-01-31','Shipped',0);
INSERT INTO OrderLines(OrderID, ProductID, Qty, UnitPrice) VALUES (983,7,3,289);
INSERT INTO OrderLines(OrderID, ProductID, Qty, UnitPrice) VALUES (983,36,1,502);
INSERT INTO OrderLines(OrderID, ProductID, Qty, UnitPrice) VALUES (983,17,1,1493);
INSERT INTO OrderLines(OrderID, ProductID, Qty, UnitPrice) VALUES (983,2,2,1322);
UPDATE [Order] SET TotalAmount=5506 WHERE OrderID=983;
INSERT INTO Payment(OrderID, PaymentDate, Amount, PaymentMethod, TransactionRef) VALUES (983,'2025-02-03',5506,'Card','TXN315093');
INSERT INTO [Order](CustomerID, OrderDate, Status, TotalAmount) VALUES (99,'2025-08-21','Shipped',0);
INSERT INTO OrderLines(OrderID, ProductID, Qty, UnitPrice) VALUES (984,25,1,821);
INSERT INTO OrderLines(OrderID, ProductID, Qty, UnitPrice) VALUES (984,29,1,1077);
INSERT INTO OrderLines(OrderID, ProductID, Qty, UnitPrice) VALUES (984,39,3,1056);
INSERT INTO OrderLines(OrderID, ProductID, Qty, UnitPrice) VALUES (984,40,3,495);
UPDATE [Order] SET TotalAmount=6551 WHERE OrderID=984;
INSERT INTO Payment(OrderID, PaymentDate, Amount, PaymentMethod, TransactionRef) VALUES (984,'2025-08-24',6551,'Cash','TXN950506');
INSERT INTO [Order](CustomerID, OrderDate, Status, TotalAmount) VALUES (99,'2025-08-28','Delivered',0);
INSERT INTO OrderLines(OrderID, ProductID, Qty, UnitPrice) VALUES (985,14,1,897);
INSERT INTO OrderLines(OrderID, ProductID, Qty, UnitPrice) VALUES (985,20,2,730);
INSERT INTO OrderLines(OrderID, ProductID, Qty, UnitPrice) VALUES (985,15,2,648);
INSERT INTO OrderLines(OrderID, ProductID, Qty, UnitPrice) VALUES (985,28,2,1421);
UPDATE [Order] SET TotalAmount=6495 WHERE OrderID=985;
INSERT INTO Payment(OrderID, PaymentDate, Amount, PaymentMethod, TransactionRef) VALUES (985,'2025-08-29',6495,'PayPal','TXN133066');
INSERT INTO [Order](CustomerID, OrderDate, Status, TotalAmount) VALUES (99,'2025-11-04','Processing',0);
INSERT INTO OrderLines(OrderID, ProductID, Qty, UnitPrice) VALUES (986,44,2,1066);
INSERT INTO OrderLines(OrderID, ProductID, Qty, UnitPrice) VALUES (986,2,2,1167);
INSERT INTO OrderLines(OrderID, ProductID, Qty, UnitPrice) VALUES (986,50,2,1394);
INSERT INTO OrderLines(OrderID, ProductID, Qty, UnitPrice) VALUES (986,26,1,887);
UPDATE [Order] SET TotalAmount=8141 WHERE OrderID=986;
INSERT INTO Payment(OrderID, PaymentDate, Amount, PaymentMethod, TransactionRef) VALUES (986,'2025-11-09',8141,'Card','TXN102466');
INSERT INTO [Order](CustomerID, OrderDate, Status, TotalAmount) VALUES (99,'2025-06-12','Cancelled',0);
INSERT INTO OrderLines(OrderID, ProductID, Qty, UnitPrice) VALUES (987,38,3,935);
INSERT INTO OrderLines(OrderID, ProductID, Qty, UnitPrice) VALUES (987,50,1,943);
INSERT INTO OrderLines(OrderID, ProductID, Qty, UnitPrice) VALUES (987,1,3,487);
INSERT INTO OrderLines(OrderID, ProductID, Qty, UnitPrice) VALUES (987,1,2,933);
UPDATE [Order] SET TotalAmount=7075 WHERE OrderID=987;
INSERT INTO Payment(OrderID, PaymentDate, Amount, PaymentMethod, TransactionRef) VALUES (987,'2025-06-12',7075,'Cash','TXN748473');
INSERT INTO [Order](CustomerID, OrderDate, Status, TotalAmount) VALUES (99,'2025-10-20','Delivered',0);
INSERT INTO OrderLines(OrderID, ProductID, Qty, UnitPrice) VALUES (988,9,1,744);
INSERT INTO OrderLines(OrderID, ProductID, Qty, UnitPrice) VALUES (988,8,2,1054);
INSERT INTO OrderLines(OrderID, ProductID, Qty, UnitPrice) VALUES (988,18,3,110);
INSERT INTO OrderLines(OrderID, ProductID, Qty, UnitPrice) VALUES (988,9,2,144);
UPDATE [Order] SET TotalAmount=3470 WHERE OrderID=988;
INSERT INTO Payment(OrderID, PaymentDate, Amount, PaymentMethod, TransactionRef) VALUES (988,'2025-10-25',3470,'Card','TXN914040');
INSERT INTO [Order](CustomerID, OrderDate, Status, TotalAmount) VALUES (99,'2025-08-09','Processing',0);
INSERT INTO OrderLines(OrderID, ProductID, Qty, UnitPrice) VALUES (989,43,1,865);
INSERT INTO OrderLines(OrderID, ProductID, Qty, UnitPrice) VALUES (989,32,1,1168);
INSERT INTO OrderLines(OrderID, ProductID, Qty, UnitPrice) VALUES (989,20,2,1232);
INSERT INTO OrderLines(OrderID, ProductID, Qty, UnitPrice) VALUES (989,14,2,856);
UPDATE [Order] SET TotalAmount=6209 WHERE OrderID=989;
INSERT INTO Payment(OrderID, PaymentDate, Amount, PaymentMethod, TransactionRef) VALUES (989,'2025-08-11',6209,'PayPal','TXN367766');
INSERT INTO [Order](CustomerID, OrderDate, Status, TotalAmount) VALUES (99,'2025-02-08','Processing',0);
INSERT INTO OrderLines(OrderID, ProductID, Qty, UnitPrice) VALUES (990,23,1,70);
INSERT INTO OrderLines(OrderID, ProductID, Qty, UnitPrice) VALUES (990,48,2,332);
INSERT INTO OrderLines(OrderID, ProductID, Qty, UnitPrice) VALUES (990,39,3,309);
INSERT INTO OrderLines(OrderID, ProductID, Qty, UnitPrice) VALUES (990,23,1,573);
UPDATE [Order] SET TotalAmount=2234 WHERE OrderID=990;
INSERT INTO Payment(OrderID, PaymentDate, Amount, PaymentMethod, TransactionRef) VALUES (990,'2025-02-09',2234,'Card','TXN610043');
INSERT INTO [Order](CustomerID, OrderDate, Status, TotalAmount) VALUES (100,'2025-03-10','Processing',0);
INSERT INTO OrderLines(OrderID, ProductID, Qty, UnitPrice) VALUES (991,30,3,1169);
INSERT INTO OrderLines(OrderID, ProductID, Qty, UnitPrice) VALUES (991,5,3,1078);
INSERT INTO OrderLines(OrderID, ProductID, Qty, UnitPrice) VALUES (991,22,3,1444);
INSERT INTO OrderLines(OrderID, ProductID, Qty, UnitPrice) VALUES (991,17,1,1391);
UPDATE [Order] SET TotalAmount=12464 WHERE OrderID=991;
INSERT INTO Payment(OrderID, PaymentDate, Amount, PaymentMethod, TransactionRef) VALUES (991,'2025-03-12',12464,'Card','TXN484011');
INSERT INTO [Order](CustomerID, OrderDate, Status, TotalAmount) VALUES (100,'2025-07-09','Processing',0);
INSERT INTO OrderLines(OrderID, ProductID, Qty, UnitPrice) VALUES (992,10,3,916);
INSERT INTO OrderLines(OrderID, ProductID, Qty, UnitPrice) VALUES (992,29,2,1464);
INSERT INTO OrderLines(OrderID, ProductID, Qty, UnitPrice) VALUES (992,29,3,1102);
INSERT INTO OrderLines(OrderID, ProductID, Qty, UnitPrice) VALUES (992,48,1,1438);
UPDATE [Order] SET TotalAmount=10420 WHERE OrderID=992;
INSERT INTO Payment(OrderID, PaymentDate, Amount, PaymentMethod, TransactionRef) VALUES (992,'2025-07-13',10420,'Cash','TXN999483');
INSERT INTO [Order](CustomerID, OrderDate, Status, TotalAmount) VALUES (100,'2025-01-22','Delivered',0);
INSERT INTO OrderLines(OrderID, ProductID, Qty, UnitPrice) VALUES (993,22,3,55);
INSERT INTO OrderLines(OrderID, ProductID, Qty, UnitPrice) VALUES (993,28,2,1111);
INSERT INTO OrderLines(OrderID, ProductID, Qty, UnitPrice) VALUES (993,31,1,160);
INSERT INTO OrderLines(OrderID, ProductID, Qty, UnitPrice) VALUES (993,19,3,844);
UPDATE [Order] SET TotalAmount=5079 WHERE OrderID=993;
INSERT INTO Payment(OrderID, PaymentDate, Amount, PaymentMethod, TransactionRef) VALUES (993,'2025-01-22',5079,'Card','TXN703886');
INSERT INTO [Order](CustomerID, OrderDate, Status, TotalAmount) VALUES (100,'2025-05-03','Processing',0);
INSERT INTO OrderLines(OrderID, ProductID, Qty, UnitPrice) VALUES (994,17,3,1485);
INSERT INTO OrderLines(OrderID, ProductID, Qty, UnitPrice) VALUES (994,37,3,762);
INSERT INTO OrderLines(OrderID, ProductID, Qty, UnitPrice) VALUES (994,47,2,362);
INSERT INTO OrderLines(OrderID, ProductID, Qty, UnitPrice) VALUES (994,49,1,116);
UPDATE [Order] SET TotalAmount=7581 WHERE OrderID=994;
INSERT INTO Payment(OrderID, PaymentDate, Amount, PaymentMethod, TransactionRef) VALUES (994,'2025-05-04',7581,'PayPal','TXN315972');
INSERT INTO [Order](CustomerID, OrderDate, Status, TotalAmount) VALUES (100,'2025-09-19','Delivered',0);
INSERT INTO OrderLines(OrderID, ProductID, Qty, UnitPrice) VALUES (995,25,2,1236);
INSERT INTO OrderLines(OrderID, ProductID, Qty, UnitPrice) VALUES (995,7,3,138);
INSERT INTO OrderLines(OrderID, ProductID, Qty, UnitPrice) VALUES (995,17,3,949);
INSERT INTO OrderLines(OrderID, ProductID, Qty, UnitPrice) VALUES (995,28,3,573);
UPDATE [Order] SET TotalAmount=7452 WHERE OrderID=995;
INSERT INTO Payment(OrderID, PaymentDate, Amount, PaymentMethod, TransactionRef) VALUES (995,'2025-09-21',7452,'Cash','TXN420211');
INSERT INTO [Order](CustomerID, OrderDate, Status, TotalAmount) VALUES (100,'2025-07-13','Cancelled',0);
INSERT INTO OrderLines(OrderID, ProductID, Qty, UnitPrice) VALUES (996,4,3,283);
INSERT INTO OrderLines(OrderID, ProductID, Qty, UnitPrice) VALUES (996,41,3,889);
INSERT INTO OrderLines(OrderID, ProductID, Qty, UnitPrice) VALUES (996,14,3,1239);
INSERT INTO OrderLines(OrderID, ProductID, Qty, UnitPrice) VALUES (996,27,3,68);
UPDATE [Order] SET TotalAmount=7437 WHERE OrderID=996;
INSERT INTO Payment(OrderID, PaymentDate, Amount, PaymentMethod, TransactionRef) VALUES (996,'2025-07-16',7437,'Cash','TXN744992');
INSERT INTO [Order](CustomerID, OrderDate, Status, TotalAmount) VALUES (100,'2025-11-29','Shipped',0);
INSERT INTO OrderLines(OrderID, ProductID, Qty, UnitPrice) VALUES (997,4,2,682);
INSERT INTO OrderLines(OrderID, ProductID, Qty, UnitPrice) VALUES (997,27,2,332);
INSERT INTO OrderLines(OrderID, ProductID, Qty, UnitPrice) VALUES (997,2,2,1105);
INSERT INTO OrderLines(OrderID, ProductID, Qty, UnitPrice) VALUES (997,11,1,1244);
UPDATE [Order] SET TotalAmount=5482 WHERE OrderID=997;
INSERT INTO Payment(OrderID, PaymentDate, Amount, PaymentMethod, TransactionRef) VALUES (997,'2025-12-04',5482,'PayPal','TXN215850');
INSERT INTO [Order](CustomerID, OrderDate, Status, TotalAmount) VALUES (100,'2025-03-03','Shipped',0);
INSERT INTO OrderLines(OrderID, ProductID, Qty, UnitPrice) VALUES (998,24,2,255);
INSERT INTO OrderLines(OrderID, ProductID, Qty, UnitPrice) VALUES (998,49,3,1124);
INSERT INTO OrderLines(OrderID, ProductID, Qty, UnitPrice) VALUES (998,28,1,487);
INSERT INTO OrderLines(OrderID, ProductID, Qty, UnitPrice) VALUES (998,2,1,942);
UPDATE [Order] SET TotalAmount=5311 WHERE OrderID=998;
INSERT INTO Payment(OrderID, PaymentDate, Amount, PaymentMethod, TransactionRef) VALUES (998,'2025-03-04',5311,'PayPal','TXN358999');
INSERT INTO [Order](CustomerID, OrderDate, Status, TotalAmount) VALUES (100,'2025-09-27','Processing',0);
INSERT INTO OrderLines(OrderID, ProductID, Qty, UnitPrice) VALUES (999,4,3,1194);
INSERT INTO OrderLines(OrderID, ProductID, Qty, UnitPrice) VALUES (999,40,1,959);
INSERT INTO OrderLines(OrderID, ProductID, Qty, UnitPrice) VALUES (999,7,3,114);
INSERT INTO OrderLines(OrderID, ProductID, Qty, UnitPrice) VALUES (999,16,3,1281);
UPDATE [Order] SET TotalAmount=8726 WHERE OrderID=999;
INSERT INTO Payment(OrderID, PaymentDate, Amount, PaymentMethod, TransactionRef) VALUES (999,'2025-09-29',8726,'Cash','TXN835145');
INSERT INTO [Order](CustomerID, OrderDate, Status, TotalAmount) VALUES (100,'2025-01-19','Shipped',0);
INSERT INTO OrderLines(OrderID, ProductID, Qty, UnitPrice) VALUES (1000,8,2,1113);
INSERT INTO OrderLines(OrderID, ProductID, Qty, UnitPrice) VALUES (1000,34,1,1273);
INSERT INTO OrderLines(OrderID, ProductID, Qty, UnitPrice) VALUES (1000,7,2,755);
INSERT INTO OrderLines(OrderID, ProductID, Qty, UnitPrice) VALUES (1000,12,2,953);
UPDATE [Order] SET TotalAmount=6915 WHERE OrderID=1000;
INSERT INTO Payment(OrderID, PaymentDate, Amount, PaymentMethod, TransactionRef) VALUES (1000,'2025-01-21',6915,'Card','TXN522881');
INSERT INTO [Order](CustomerID, OrderDate, Status, TotalAmount) VALUES (101,'2025-01-10','Shipped',0);
INSERT INTO OrderLines(OrderID, ProductID, Qty, UnitPrice) VALUES (1001,25,3,585);
INSERT INTO OrderLines(OrderID, ProductID, Qty, UnitPrice) VALUES (1001,42,1,1200);
INSERT INTO OrderLines(OrderID, ProductID, Qty, UnitPrice) VALUES (1001,12,2,1379);
INSERT INTO OrderLines(OrderID, ProductID, Qty, UnitPrice) VALUES (1001,33,1,409);
UPDATE [Order] SET TotalAmount=6122 WHERE OrderID=1001;
INSERT INTO Payment(OrderID, PaymentDate, Amount, PaymentMethod, TransactionRef) VALUES (1001,'2025-01-14',6122,'PayPal','TXN670096');
INSERT INTO [Order](CustomerID, OrderDate, Status, TotalAmount) VALUES (101,'2025-09-14','Processing',0);
INSERT INTO OrderLines(OrderID, ProductID, Qty, UnitPrice) VALUES (1002,41,2,582);
INSERT INTO OrderLines(OrderID, ProductID, Qty, UnitPrice) VALUES (1002,1,2,308);
INSERT INTO OrderLines(OrderID, ProductID, Qty, UnitPrice) VALUES (1002,35,1,1166);
INSERT INTO OrderLines(OrderID, ProductID, Qty, UnitPrice) VALUES (1002,12,1,495);
UPDATE [Order] SET TotalAmount=3441 WHERE OrderID=1002;
INSERT INTO Payment(OrderID, PaymentDate, Amount, PaymentMethod, TransactionRef) VALUES (1002,'2025-09-17',3441,'Cash','TXN895305');
INSERT INTO [Order](CustomerID, OrderDate, Status, TotalAmount) VALUES (101,'2025-05-27','Shipped',0);
INSERT INTO OrderLines(OrderID, ProductID, Qty, UnitPrice) VALUES (1003,9,1,346);
INSERT INTO OrderLines(OrderID, ProductID, Qty, UnitPrice) VALUES (1003,35,2,1093);
INSERT INTO OrderLines(OrderID, ProductID, Qty, UnitPrice) VALUES (1003,49,2,1258);
INSERT INTO OrderLines(OrderID, ProductID, Qty, UnitPrice) VALUES (1003,15,1,1371);
UPDATE [Order] SET TotalAmount=6419 WHERE OrderID=1003;
INSERT INTO Payment(OrderID, PaymentDate, Amount, PaymentMethod, TransactionRef) VALUES (1003,'2025-05-29',6419,'Cash','TXN742617');
INSERT INTO [Order](CustomerID, OrderDate, Status, TotalAmount) VALUES (101,'2025-07-03','Cancelled',0);
INSERT INTO OrderLines(OrderID, ProductID, Qty, UnitPrice) VALUES (1004,34,1,636);
INSERT INTO OrderLines(OrderID, ProductID, Qty, UnitPrice) VALUES (1004,21,1,1342);
INSERT INTO OrderLines(OrderID, ProductID, Qty, UnitPrice) VALUES (1004,19,2,428);
INSERT INTO OrderLines(OrderID, ProductID, Qty, UnitPrice) VALUES (1004,11,3,359);
UPDATE [Order] SET TotalAmount=3911 WHERE OrderID=1004;
INSERT INTO Payment(OrderID, PaymentDate, Amount, PaymentMethod, TransactionRef) VALUES (1004,'2025-07-05',3911,'PayPal','TXN541502');
INSERT INTO [Order](CustomerID, OrderDate, Status, TotalAmount) VALUES (101,'2025-10-20','Cancelled',0);
INSERT INTO OrderLines(OrderID, ProductID, Qty, UnitPrice) VALUES (1005,41,1,362);
INSERT INTO OrderLines(OrderID, ProductID, Qty, UnitPrice) VALUES (1005,38,3,276);
INSERT INTO OrderLines(OrderID, ProductID, Qty, UnitPrice) VALUES (1005,41,1,25);
INSERT INTO OrderLines(OrderID, ProductID, Qty, UnitPrice) VALUES (1005,2,2,579);
UPDATE [Order] SET TotalAmount=2373 WHERE OrderID=1005;
INSERT INTO Payment(OrderID, PaymentDate, Amount, PaymentMethod, TransactionRef) VALUES (1005,'2025-10-20',2373,'Card','TXN788948');
INSERT INTO [Order](CustomerID, OrderDate, Status, TotalAmount) VALUES (101,'2025-09-19','Shipped',0);
INSERT INTO OrderLines(OrderID, ProductID, Qty, UnitPrice) VALUES (1006,9,3,1231);
INSERT INTO OrderLines(OrderID, ProductID, Qty, UnitPrice) VALUES (1006,10,1,158);
INSERT INTO OrderLines(OrderID, ProductID, Qty, UnitPrice) VALUES (1006,6,2,725);
INSERT INTO OrderLines(OrderID, ProductID, Qty, UnitPrice) VALUES (1006,45,2,341);
UPDATE [Order] SET TotalAmount=5983 WHERE OrderID=1006;
INSERT INTO Payment(OrderID, PaymentDate, Amount, PaymentMethod, TransactionRef) VALUES (1006,'2025-09-21',5983,'Card','TXN201045');
INSERT INTO [Order](CustomerID, OrderDate, Status, TotalAmount) VALUES (101,'2025-06-29','Processing',0);
INSERT INTO OrderLines(OrderID, ProductID, Qty, UnitPrice) VALUES (1007,44,3,559);
INSERT INTO OrderLines(OrderID, ProductID, Qty, UnitPrice) VALUES (1007,24,2,858);
INSERT INTO OrderLines(OrderID, ProductID, Qty, UnitPrice) VALUES (1007,46,1,359);
INSERT INTO OrderLines(OrderID, ProductID, Qty, UnitPrice) VALUES (1007,1,1,55);
UPDATE [Order] SET TotalAmount=3807 WHERE OrderID=1007;
INSERT INTO Payment(OrderID, PaymentDate, Amount, PaymentMethod, TransactionRef) VALUES (1007,'2025-06-30',3807,'Card','TXN722673');
INSERT INTO [Order](CustomerID, OrderDate, Status, TotalAmount) VALUES (101,'2025-04-27','Cancelled',0);
INSERT INTO OrderLines(OrderID, ProductID, Qty, UnitPrice) VALUES (1008,6,1,1478);
INSERT INTO OrderLines(OrderID, ProductID, Qty, UnitPrice) VALUES (1008,37,3,189);
INSERT INTO OrderLines(OrderID, ProductID, Qty, UnitPrice) VALUES (1008,43,1,1246);
INSERT INTO OrderLines(OrderID, ProductID, Qty, UnitPrice) VALUES (1008,25,1,439);
UPDATE [Order] SET TotalAmount=3730 WHERE OrderID=1008;
INSERT INTO Payment(OrderID, PaymentDate, Amount, PaymentMethod, TransactionRef) VALUES (1008,'2025-05-02',3730,'Cash','TXN246542');
INSERT INTO [Order](CustomerID, OrderDate, Status, TotalAmount) VALUES (101,'2025-10-03','Processing',0);
INSERT INTO OrderLines(OrderID, ProductID, Qty, UnitPrice) VALUES (1009,24,2,77);
INSERT INTO OrderLines(OrderID, ProductID, Qty, UnitPrice) VALUES (1009,34,1,738);
INSERT INTO OrderLines(OrderID, ProductID, Qty, UnitPrice) VALUES (1009,27,2,385);
INSERT INTO OrderLines(OrderID, ProductID, Qty, UnitPrice) VALUES (1009,44,3,674);
UPDATE [Order] SET TotalAmount=3684 WHERE OrderID=1009;
INSERT INTO Payment(OrderID, PaymentDate, Amount, PaymentMethod, TransactionRef) VALUES (1009,'2025-10-07',3684,'Cash','TXN590618');
INSERT INTO [Order](CustomerID, OrderDate, Status, TotalAmount) VALUES (101,'2025-09-26','Cancelled',0);
INSERT INTO OrderLines(OrderID, ProductID, Qty, UnitPrice) VALUES (1010,1,1,1238);
INSERT INTO OrderLines(OrderID, ProductID, Qty, UnitPrice) VALUES (1010,14,1,504);
INSERT INTO OrderLines(OrderID, ProductID, Qty, UnitPrice) VALUES (1010,32,3,387);
INSERT INTO OrderLines(OrderID, ProductID, Qty, UnitPrice) VALUES (1010,26,2,51);
UPDATE [Order] SET TotalAmount=3005 WHERE OrderID=1010;
INSERT INTO Payment(OrderID, PaymentDate, Amount, PaymentMethod, TransactionRef) VALUES (1010,'2025-09-28',3005,'Cash','TXN569839');
INSERT INTO [Order](CustomerID, OrderDate, Status, TotalAmount) VALUES (102,'2025-10-24','Shipped',0);
INSERT INTO OrderLines(OrderID, ProductID, Qty, UnitPrice) VALUES (1011,36,3,676);
INSERT INTO OrderLines(OrderID, ProductID, Qty, UnitPrice) VALUES (1011,10,3,255);
INSERT INTO OrderLines(OrderID, ProductID, Qty, UnitPrice) VALUES (1011,14,2,105);
INSERT INTO OrderLines(OrderID, ProductID, Qty, UnitPrice) VALUES (1011,31,3,1442);
UPDATE [Order] SET TotalAmount=7329 WHERE OrderID=1011;
INSERT INTO Payment(OrderID, PaymentDate, Amount, PaymentMethod, TransactionRef) VALUES (1011,'2025-10-28',7329,'PayPal','TXN464392');
INSERT INTO [Order](CustomerID, OrderDate, Status, TotalAmount) VALUES (102,'2025-03-28','Delivered',0);
INSERT INTO OrderLines(OrderID, ProductID, Qty, UnitPrice) VALUES (1012,44,3,117);
INSERT INTO OrderLines(OrderID, ProductID, Qty, UnitPrice) VALUES (1012,32,3,577);
INSERT INTO OrderLines(OrderID, ProductID, Qty, UnitPrice) VALUES (1012,36,1,521);
INSERT INTO OrderLines(OrderID, ProductID, Qty, UnitPrice) VALUES (1012,33,3,204);
UPDATE [Order] SET TotalAmount=3215 WHERE OrderID=1012;
INSERT INTO Payment(OrderID, PaymentDate, Amount, PaymentMethod, TransactionRef) VALUES (1012,'2025-03-28',3215,'Cash','TXN569742');
INSERT INTO [Order](CustomerID, OrderDate, Status, TotalAmount) VALUES (102,'2025-09-22','Shipped',0);
INSERT INTO OrderLines(OrderID, ProductID, Qty, UnitPrice) VALUES (1013,32,2,406);
INSERT INTO OrderLines(OrderID, ProductID, Qty, UnitPrice) VALUES (1013,32,2,646);
INSERT INTO OrderLines(OrderID, ProductID, Qty, UnitPrice) VALUES (1013,1,3,149);
INSERT INTO OrderLines(OrderID, ProductID, Qty, UnitPrice) VALUES (1013,13,3,514);
UPDATE [Order] SET TotalAmount=4093 WHERE OrderID=1013;
INSERT INTO Payment(OrderID, PaymentDate, Amount, PaymentMethod, TransactionRef) VALUES (1013,'2025-09-23',4093,'PayPal','TXN317421');
INSERT INTO [Order](CustomerID, OrderDate, Status, TotalAmount) VALUES (102,'2025-09-06','Delivered',0);
INSERT INTO OrderLines(OrderID, ProductID, Qty, UnitPrice) VALUES (1014,8,2,547);
INSERT INTO OrderLines(OrderID, ProductID, Qty, UnitPrice) VALUES (1014,32,2,1213);
INSERT INTO OrderLines(OrderID, ProductID, Qty, UnitPrice) VALUES (1014,35,3,1169);
INSERT INTO OrderLines(OrderID, ProductID, Qty, UnitPrice) VALUES (1014,36,3,657);
UPDATE [Order] SET TotalAmount=8998 WHERE OrderID=1014;
INSERT INTO Payment(OrderID, PaymentDate, Amount, PaymentMethod, TransactionRef) VALUES (1014,'2025-09-06',8998,'Card','TXN636899');
INSERT INTO [Order](CustomerID, OrderDate, Status, TotalAmount) VALUES (102,'2025-05-15','Cancelled',0);
INSERT INTO OrderLines(OrderID, ProductID, Qty, UnitPrice) VALUES (1015,2,1,503);
INSERT INTO OrderLines(OrderID, ProductID, Qty, UnitPrice) VALUES (1015,17,2,1282);
INSERT INTO OrderLines(OrderID, ProductID, Qty, UnitPrice) VALUES (1015,30,1,1365);
INSERT INTO OrderLines(OrderID, ProductID, Qty, UnitPrice) VALUES (1015,29,1,292);
UPDATE [Order] SET TotalAmount=4724 WHERE OrderID=1015;
INSERT INTO Payment(OrderID, PaymentDate, Amount, PaymentMethod, TransactionRef) VALUES (1015,'2025-05-15',4724,'PayPal','TXN185388');
INSERT INTO [Order](CustomerID, OrderDate, Status, TotalAmount) VALUES (102,'2025-12-22','Delivered',0);
INSERT INTO OrderLines(OrderID, ProductID, Qty, UnitPrice) VALUES (1016,14,2,1084);
INSERT INTO OrderLines(OrderID, ProductID, Qty, UnitPrice) VALUES (1016,6,3,814);
INSERT INTO OrderLines(OrderID, ProductID, Qty, UnitPrice) VALUES (1016,19,2,173);
INSERT INTO OrderLines(OrderID, ProductID, Qty, UnitPrice) VALUES (1016,47,2,512);
UPDATE [Order] SET TotalAmount=5980 WHERE OrderID=1016;
INSERT INTO Payment(OrderID, PaymentDate, Amount, PaymentMethod, TransactionRef) VALUES (1016,'2025-12-26',5980,'Cash','TXN497667');
INSERT INTO [Order](CustomerID, OrderDate, Status, TotalAmount) VALUES (102,'2025-01-29','Shipped',0);
INSERT INTO OrderLines(OrderID, ProductID, Qty, UnitPrice) VALUES (1017,47,2,191);
INSERT INTO OrderLines(OrderID, ProductID, Qty, UnitPrice) VALUES (1017,31,3,221);
INSERT INTO OrderLines(OrderID, ProductID, Qty, UnitPrice) VALUES (1017,40,2,441);
INSERT INTO OrderLines(OrderID, ProductID, Qty, UnitPrice) VALUES (1017,34,2,986);
UPDATE [Order] SET TotalAmount=3899 WHERE OrderID=1017;
INSERT INTO Payment(OrderID, PaymentDate, Amount, PaymentMethod, TransactionRef) VALUES (1017,'2025-01-30',3899,'PayPal','TXN487120');
INSERT INTO [Order](CustomerID, OrderDate, Status, TotalAmount) VALUES (102,'2025-04-26','Shipped',0);
INSERT INTO OrderLines(OrderID, ProductID, Qty, UnitPrice) VALUES (1018,36,1,243);
INSERT INTO OrderLines(OrderID, ProductID, Qty, UnitPrice) VALUES (1018,15,2,511);
INSERT INTO OrderLines(OrderID, ProductID, Qty, UnitPrice) VALUES (1018,15,2,361);
INSERT INTO OrderLines(OrderID, ProductID, Qty, UnitPrice) VALUES (1018,15,1,256);
UPDATE [Order] SET TotalAmount=2243 WHERE OrderID=1018;
INSERT INTO Payment(OrderID, PaymentDate, Amount, PaymentMethod, TransactionRef) VALUES (1018,'2025-05-01',2243,'Cash','TXN247113');
INSERT INTO [Order](CustomerID, OrderDate, Status, TotalAmount) VALUES (102,'2025-12-08','Processing',0);
INSERT INTO OrderLines(OrderID, ProductID, Qty, UnitPrice) VALUES (1019,14,1,202);
INSERT INTO OrderLines(OrderID, ProductID, Qty, UnitPrice) VALUES (1019,21,3,187);
INSERT INTO OrderLines(OrderID, ProductID, Qty, UnitPrice) VALUES (1019,14,1,1112);
INSERT INTO OrderLines(OrderID, ProductID, Qty, UnitPrice) VALUES (1019,20,1,615);
UPDATE [Order] SET TotalAmount=2490 WHERE OrderID=1019;
INSERT INTO Payment(OrderID, PaymentDate, Amount, PaymentMethod, TransactionRef) VALUES (1019,'2025-12-08',2490,'PayPal','TXN303403');
INSERT INTO [Order](CustomerID, OrderDate, Status, TotalAmount) VALUES (102,'2025-02-17','Cancelled',0);
INSERT INTO OrderLines(OrderID, ProductID, Qty, UnitPrice) VALUES (1020,18,2,357);
INSERT INTO OrderLines(OrderID, ProductID, Qty, UnitPrice) VALUES (1020,16,2,301);
INSERT INTO OrderLines(OrderID, ProductID, Qty, UnitPrice) VALUES (1020,45,1,1035);
INSERT INTO OrderLines(OrderID, ProductID, Qty, UnitPrice) VALUES (1020,11,3,397);
UPDATE [Order] SET TotalAmount=3542 WHERE OrderID=1020;
INSERT INTO Payment(OrderID, PaymentDate, Amount, PaymentMethod, TransactionRef) VALUES (1020,'2025-02-21',3542,'Card','TXN785091');
INSERT INTO [Order](CustomerID, OrderDate, Status, TotalAmount) VALUES (103,'2025-03-26','Processing',0);
INSERT INTO OrderLines(OrderID, ProductID, Qty, UnitPrice) VALUES (1021,15,1,308);
INSERT INTO OrderLines(OrderID, ProductID, Qty, UnitPrice) VALUES (1021,8,3,346);
INSERT INTO OrderLines(OrderID, ProductID, Qty, UnitPrice) VALUES (1021,42,1,981);
INSERT INTO OrderLines(OrderID, ProductID, Qty, UnitPrice) VALUES (1021,5,3,1061);
UPDATE [Order] SET TotalAmount=5510 WHERE OrderID=1021;
INSERT INTO Payment(OrderID, PaymentDate, Amount, PaymentMethod, TransactionRef) VALUES (1021,'2025-03-29',5510,'PayPal','TXN458712');
INSERT INTO [Order](CustomerID, OrderDate, Status, TotalAmount) VALUES (103,'2025-02-04','Cancelled',0);
INSERT INTO OrderLines(OrderID, ProductID, Qty, UnitPrice) VALUES (1022,24,1,820);
INSERT INTO OrderLines(OrderID, ProductID, Qty, UnitPrice) VALUES (1022,10,3,210);
INSERT INTO OrderLines(OrderID, ProductID, Qty, UnitPrice) VALUES (1022,8,3,1121);
INSERT INTO OrderLines(OrderID, ProductID, Qty, UnitPrice) VALUES (1022,11,2,851);
UPDATE [Order] SET TotalAmount=6515 WHERE OrderID=1022;
INSERT INTO Payment(OrderID, PaymentDate, Amount, PaymentMethod, TransactionRef) VALUES (1022,'2025-02-07',6515,'PayPal','TXN897162');
INSERT INTO [Order](CustomerID, OrderDate, Status, TotalAmount) VALUES (103,'2025-06-23','Shipped',0);
INSERT INTO OrderLines(OrderID, ProductID, Qty, UnitPrice) VALUES (1023,30,2,660);
INSERT INTO OrderLines(OrderID, ProductID, Qty, UnitPrice) VALUES (1023,24,2,339);
INSERT INTO OrderLines(OrderID, ProductID, Qty, UnitPrice) VALUES (1023,32,2,812);
INSERT INTO OrderLines(OrderID, ProductID, Qty, UnitPrice) VALUES (1023,45,3,288);
UPDATE [Order] SET TotalAmount=4486 WHERE OrderID=1023;
INSERT INTO Payment(OrderID, PaymentDate, Amount, PaymentMethod, TransactionRef) VALUES (1023,'2025-06-23',4486,'Cash','TXN552303');
INSERT INTO [Order](CustomerID, OrderDate, Status, TotalAmount) VALUES (103,'2025-09-17','Delivered',0);
INSERT INTO OrderLines(OrderID, ProductID, Qty, UnitPrice) VALUES (1024,39,2,62);
INSERT INTO OrderLines(OrderID, ProductID, Qty, UnitPrice) VALUES (1024,8,1,412);
INSERT INTO OrderLines(OrderID, ProductID, Qty, UnitPrice) VALUES (1024,3,1,1285);
INSERT INTO OrderLines(OrderID, ProductID, Qty, UnitPrice) VALUES (1024,6,1,433);
UPDATE [Order] SET TotalAmount=2254 WHERE OrderID=1024;
INSERT INTO Payment(OrderID, PaymentDate, Amount, PaymentMethod, TransactionRef) VALUES (1024,'2025-09-17',2254,'PayPal','TXN543487');
INSERT INTO [Order](CustomerID, OrderDate, Status, TotalAmount) VALUES (103,'2025-01-08','Processing',0);
INSERT INTO OrderLines(OrderID, ProductID, Qty, UnitPrice) VALUES (1025,15,2,667);
INSERT INTO OrderLines(OrderID, ProductID, Qty, UnitPrice) VALUES (1025,36,3,1064);
INSERT INTO OrderLines(OrderID, ProductID, Qty, UnitPrice) VALUES (1025,28,2,1167);
INSERT INTO OrderLines(OrderID, ProductID, Qty, UnitPrice) VALUES (1025,39,3,1333);
UPDATE [Order] SET TotalAmount=10859 WHERE OrderID=1025;
INSERT INTO Payment(OrderID, PaymentDate, Amount, PaymentMethod, TransactionRef) VALUES (1025,'2025-01-08',10859,'Card','TXN109733');
INSERT INTO [Order](CustomerID, OrderDate, Status, TotalAmount) VALUES (103,'2025-01-30','Cancelled',0);
INSERT INTO OrderLines(OrderID, ProductID, Qty, UnitPrice) VALUES (1026,6,1,834);
INSERT INTO OrderLines(OrderID, ProductID, Qty, UnitPrice) VALUES (1026,50,3,319);
INSERT INTO OrderLines(OrderID, ProductID, Qty, UnitPrice) VALUES (1026,1,2,207);
INSERT INTO OrderLines(OrderID, ProductID, Qty, UnitPrice) VALUES (1026,42,1,368);
UPDATE [Order] SET TotalAmount=2573 WHERE OrderID=1026;
INSERT INTO Payment(OrderID, PaymentDate, Amount, PaymentMethod, TransactionRef) VALUES (1026,'2025-01-30',2573,'Card','TXN372261');
INSERT INTO [Order](CustomerID, OrderDate, Status, TotalAmount) VALUES (103,'2025-07-11','Processing',0);
INSERT INTO OrderLines(OrderID, ProductID, Qty, UnitPrice) VALUES (1027,49,2,115);
INSERT INTO OrderLines(OrderID, ProductID, Qty, UnitPrice) VALUES (1027,17,2,1331);
INSERT INTO OrderLines(OrderID, ProductID, Qty, UnitPrice) VALUES (1027,19,3,566);
INSERT INTO OrderLines(OrderID, ProductID, Qty, UnitPrice) VALUES (1027,13,3,548);
UPDATE [Order] SET TotalAmount=6234 WHERE OrderID=1027;
INSERT INTO Payment(OrderID, PaymentDate, Amount, PaymentMethod, TransactionRef) VALUES (1027,'2025-07-12',6234,'PayPal','TXN402741');
INSERT INTO [Order](CustomerID, OrderDate, Status, TotalAmount) VALUES (103,'2025-10-30','Delivered',0);
INSERT INTO OrderLines(OrderID, ProductID, Qty, UnitPrice) VALUES (1028,31,3,1077);
INSERT INTO OrderLines(OrderID, ProductID, Qty, UnitPrice) VALUES (1028,5,3,908);
INSERT INTO OrderLines(OrderID, ProductID, Qty, UnitPrice) VALUES (1028,35,2,880);
INSERT INTO OrderLines(OrderID, ProductID, Qty, UnitPrice) VALUES (1028,8,2,721);
UPDATE [Order] SET TotalAmount=9157 WHERE OrderID=1028;
INSERT INTO Payment(OrderID, PaymentDate, Amount, PaymentMethod, TransactionRef) VALUES (1028,'2025-11-04',9157,'Card','TXN614864');
INSERT INTO [Order](CustomerID, OrderDate, Status, TotalAmount) VALUES (103,'2025-08-30','Processing',0);
INSERT INTO OrderLines(OrderID, ProductID, Qty, UnitPrice) VALUES (1029,47,3,1262);
INSERT INTO OrderLines(OrderID, ProductID, Qty, UnitPrice) VALUES (1029,23,3,480);
INSERT INTO OrderLines(OrderID, ProductID, Qty, UnitPrice) VALUES (1029,11,3,261);
INSERT INTO OrderLines(OrderID, ProductID, Qty, UnitPrice) VALUES (1029,43,3,380);
UPDATE [Order] SET TotalAmount=7149 WHERE OrderID=1029;
INSERT INTO Payment(OrderID, PaymentDate, Amount, PaymentMethod, TransactionRef) VALUES (1029,'2025-09-02',7149,'Cash','TXN967985');
INSERT INTO [Order](CustomerID, OrderDate, Status, TotalAmount) VALUES (103,'2025-12-02','Cancelled',0);
INSERT INTO OrderLines(OrderID, ProductID, Qty, UnitPrice) VALUES (1030,27,1,317);
INSERT INTO OrderLines(OrderID, ProductID, Qty, UnitPrice) VALUES (1030,8,1,1037);
INSERT INTO OrderLines(OrderID, ProductID, Qty, UnitPrice) VALUES (1030,21,3,488);
INSERT INTO OrderLines(OrderID, ProductID, Qty, UnitPrice) VALUES (1030,27,3,735);
UPDATE [Order] SET TotalAmount=5023 WHERE OrderID=1030;
INSERT INTO Payment(OrderID, PaymentDate, Amount, PaymentMethod, TransactionRef) VALUES (1030,'2025-12-03',5023,'Card','TXN531890');
INSERT INTO [Order](CustomerID, OrderDate, Status, TotalAmount) VALUES (104,'2025-09-11','Processing',0);
INSERT INTO OrderLines(OrderID, ProductID, Qty, UnitPrice) VALUES (1031,14,2,828);
INSERT INTO OrderLines(OrderID, ProductID, Qty, UnitPrice) VALUES (1031,43,2,249);
INSERT INTO OrderLines(OrderID, ProductID, Qty, UnitPrice) VALUES (1031,2,1,1075);
INSERT INTO OrderLines(OrderID, ProductID, Qty, UnitPrice) VALUES (1031,15,1,1221);
UPDATE [Order] SET TotalAmount=4450 WHERE OrderID=1031;
INSERT INTO Payment(OrderID, PaymentDate, Amount, PaymentMethod, TransactionRef) VALUES (1031,'2025-09-12',4450,'Card','TXN980557');
INSERT INTO [Order](CustomerID, OrderDate, Status, TotalAmount) VALUES (104,'2025-06-30','Shipped',0);
INSERT INTO OrderLines(OrderID, ProductID, Qty, UnitPrice) VALUES (1032,26,3,312);
INSERT INTO OrderLines(OrderID, ProductID, Qty, UnitPrice) VALUES (1032,44,2,727);
INSERT INTO OrderLines(OrderID, ProductID, Qty, UnitPrice) VALUES (1032,49,1,1392);
INSERT INTO OrderLines(OrderID, ProductID, Qty, UnitPrice) VALUES (1032,49,2,470);
UPDATE [Order] SET TotalAmount=4722 WHERE OrderID=1032;
INSERT INTO Payment(OrderID, PaymentDate, Amount, PaymentMethod, TransactionRef) VALUES (1032,'2025-07-05',4722,'Cash','TXN889567');
INSERT INTO [Order](CustomerID, OrderDate, Status, TotalAmount) VALUES (104,'2025-08-18','Delivered',0);
INSERT INTO OrderLines(OrderID, ProductID, Qty, UnitPrice) VALUES (1033,20,1,1092);
INSERT INTO OrderLines(OrderID, ProductID, Qty, UnitPrice) VALUES (1033,3,2,727);
INSERT INTO OrderLines(OrderID, ProductID, Qty, UnitPrice) VALUES (1033,8,1,1200);
INSERT INTO OrderLines(OrderID, ProductID, Qty, UnitPrice) VALUES (1033,35,3,66);
UPDATE [Order] SET TotalAmount=3944 WHERE OrderID=1033;
INSERT INTO Payment(OrderID, PaymentDate, Amount, PaymentMethod, TransactionRef) VALUES (1033,'2025-08-21',3944,'PayPal','TXN816408');
INSERT INTO [Order](CustomerID, OrderDate, Status, TotalAmount) VALUES (104,'2025-03-20','Cancelled',0);
INSERT INTO OrderLines(OrderID, ProductID, Qty, UnitPrice) VALUES (1034,25,2,331);
INSERT INTO OrderLines(OrderID, ProductID, Qty, UnitPrice) VALUES (1034,17,2,406);
INSERT INTO OrderLines(OrderID, ProductID, Qty, UnitPrice) VALUES (1034,36,2,1042);
INSERT INTO OrderLines(OrderID, ProductID, Qty, UnitPrice) VALUES (1034,17,3,1102);
UPDATE [Order] SET TotalAmount=6864 WHERE OrderID=1034;
INSERT INTO Payment(OrderID, PaymentDate, Amount, PaymentMethod, TransactionRef) VALUES (1034,'2025-03-21',6864,'Card','TXN564162');
INSERT INTO [Order](CustomerID, OrderDate, Status, TotalAmount) VALUES (104,'2025-07-02','Processing',0);
INSERT INTO OrderLines(OrderID, ProductID, Qty, UnitPrice) VALUES (1035,1,1,773);
INSERT INTO OrderLines(OrderID, ProductID, Qty, UnitPrice) VALUES (1035,13,2,97);
INSERT INTO OrderLines(OrderID, ProductID, Qty, UnitPrice) VALUES (1035,3,2,541);
INSERT INTO OrderLines(OrderID, ProductID, Qty, UnitPrice) VALUES (1035,6,2,1087);
UPDATE [Order] SET TotalAmount=4223 WHERE OrderID=1035;
INSERT INTO Payment(OrderID, PaymentDate, Amount, PaymentMethod, TransactionRef) VALUES (1035,'2025-07-06',4223,'Cash','TXN497419');
INSERT INTO [Order](CustomerID, OrderDate, Status, TotalAmount) VALUES (104,'2025-10-19','Cancelled',0);
INSERT INTO OrderLines(OrderID, ProductID, Qty, UnitPrice) VALUES (1036,29,3,570);
INSERT INTO OrderLines(OrderID, ProductID, Qty, UnitPrice) VALUES (1036,10,2,29);
INSERT INTO OrderLines(OrderID, ProductID, Qty, UnitPrice) VALUES (1036,19,3,1014);
INSERT INTO OrderLines(OrderID, ProductID, Qty, UnitPrice) VALUES (1036,33,2,434);
UPDATE [Order] SET TotalAmount=5678 WHERE OrderID=1036;
INSERT INTO Payment(OrderID, PaymentDate, Amount, PaymentMethod, TransactionRef) VALUES (1036,'2025-10-24',5678,'Cash','TXN927415');
INSERT INTO [Order](CustomerID, OrderDate, Status, TotalAmount) VALUES (104,'2025-07-09','Cancelled',0);
INSERT INTO OrderLines(OrderID, ProductID, Qty, UnitPrice) VALUES (1037,43,3,733);
INSERT INTO OrderLines(OrderID, ProductID, Qty, UnitPrice) VALUES (1037,10,1,714);
INSERT INTO OrderLines(OrderID, ProductID, Qty, UnitPrice) VALUES (1037,40,1,891);
INSERT INTO OrderLines(OrderID, ProductID, Qty, UnitPrice) VALUES (1037,48,2,1042);
UPDATE [Order] SET TotalAmount=5888 WHERE OrderID=1037;
INSERT INTO Payment(OrderID, PaymentDate, Amount, PaymentMethod, TransactionRef) VALUES (1037,'2025-07-09',5888,'Card','TXN363951');
INSERT INTO [Order](CustomerID, OrderDate, Status, TotalAmount) VALUES (104,'2025-07-20','Cancelled',0);
INSERT INTO OrderLines(OrderID, ProductID, Qty, UnitPrice) VALUES (1038,29,1,752);
INSERT INTO OrderLines(OrderID, ProductID, Qty, UnitPrice) VALUES (1038,9,1,710);
INSERT INTO OrderLines(OrderID, ProductID, Qty, UnitPrice) VALUES (1038,13,2,153);
INSERT INTO OrderLines(OrderID, ProductID, Qty, UnitPrice) VALUES (1038,28,2,1119);
UPDATE [Order] SET TotalAmount=4006 WHERE OrderID=1038;
INSERT INTO Payment(OrderID, PaymentDate, Amount, PaymentMethod, TransactionRef) VALUES (1038,'2025-07-25',4006,'Cash','TXN393362');
INSERT INTO [Order](CustomerID, OrderDate, Status, TotalAmount) VALUES (104,'2025-11-23','Shipped',0);
INSERT INTO OrderLines(OrderID, ProductID, Qty, UnitPrice) VALUES (1039,21,2,577);
INSERT INTO OrderLines(OrderID, ProductID, Qty, UnitPrice) VALUES (1039,8,2,24);
INSERT INTO OrderLines(OrderID, ProductID, Qty, UnitPrice) VALUES (1039,18,1,67);
INSERT INTO OrderLines(OrderID, ProductID, Qty, UnitPrice) VALUES (1039,26,3,1159);
UPDATE [Order] SET TotalAmount=4746 WHERE OrderID=1039;
INSERT INTO Payment(OrderID, PaymentDate, Amount, PaymentMethod, TransactionRef) VALUES (1039,'2025-11-27',4746,'PayPal','TXN895042');
INSERT INTO [Order](CustomerID, OrderDate, Status, TotalAmount) VALUES (104,'2025-08-19','Delivered',0);
INSERT INTO OrderLines(OrderID, ProductID, Qty, UnitPrice) VALUES (1040,42,1,1335);
INSERT INTO OrderLines(OrderID, ProductID, Qty, UnitPrice) VALUES (1040,46,3,701);
INSERT INTO OrderLines(OrderID, ProductID, Qty, UnitPrice) VALUES (1040,11,2,1475);
INSERT INTO OrderLines(OrderID, ProductID, Qty, UnitPrice) VALUES (1040,11,2,21);
UPDATE [Order] SET TotalAmount=6430 WHERE OrderID=1040;
INSERT INTO Payment(OrderID, PaymentDate, Amount, PaymentMethod, TransactionRef) VALUES (1040,'2025-08-24',6430,'Cash','TXN748923');
INSERT INTO [Order](CustomerID, OrderDate, Status, TotalAmount) VALUES (105,'2025-02-28','Delivered',0);
INSERT INTO OrderLines(OrderID, ProductID, Qty, UnitPrice) VALUES (1041,18,3,1434);
INSERT INTO OrderLines(OrderID, ProductID, Qty, UnitPrice) VALUES (1041,34,2,636);
INSERT INTO OrderLines(OrderID, ProductID, Qty, UnitPrice) VALUES (1041,17,2,402);
INSERT INTO OrderLines(OrderID, ProductID, Qty, UnitPrice) VALUES (1041,18,3,456);
UPDATE [Order] SET TotalAmount=7746 WHERE OrderID=1041;
INSERT INTO Payment(OrderID, PaymentDate, Amount, PaymentMethod, TransactionRef) VALUES (1041,'2025-02-28',7746,'Card','TXN131927');
INSERT INTO [Order](CustomerID, OrderDate, Status, TotalAmount) VALUES (105,'2025-04-27','Shipped',0);
INSERT INTO OrderLines(OrderID, ProductID, Qty, UnitPrice) VALUES (1042,45,3,746);
INSERT INTO OrderLines(OrderID, ProductID, Qty, UnitPrice) VALUES (1042,4,3,268);
INSERT INTO OrderLines(OrderID, ProductID, Qty, UnitPrice) VALUES (1042,34,2,397);
INSERT INTO OrderLines(OrderID, ProductID, Qty, UnitPrice) VALUES (1042,20,1,452);
UPDATE [Order] SET TotalAmount=4288 WHERE OrderID=1042;
INSERT INTO Payment(OrderID, PaymentDate, Amount, PaymentMethod, TransactionRef) VALUES (1042,'2025-04-27',4288,'Cash','TXN107069');
INSERT INTO [Order](CustomerID, OrderDate, Status, TotalAmount) VALUES (105,'2025-03-28','Processing',0);
INSERT INTO OrderLines(OrderID, ProductID, Qty, UnitPrice) VALUES (1043,50,2,71);
INSERT INTO OrderLines(OrderID, ProductID, Qty, UnitPrice) VALUES (1043,27,3,466);
INSERT INTO OrderLines(OrderID, ProductID, Qty, UnitPrice) VALUES (1043,43,1,807);
INSERT INTO OrderLines(OrderID, ProductID, Qty, UnitPrice) VALUES (1043,40,1,902);
UPDATE [Order] SET TotalAmount=3249 WHERE OrderID=1043;
INSERT INTO Payment(OrderID, PaymentDate, Amount, PaymentMethod, TransactionRef) VALUES (1043,'2025-04-02',3249,'PayPal','TXN231677');
INSERT INTO [Order](CustomerID, OrderDate, Status, TotalAmount) VALUES (105,'2025-03-09','Processing',0);
INSERT INTO OrderLines(OrderID, ProductID, Qty, UnitPrice) VALUES (1044,31,1,1234);
INSERT INTO OrderLines(OrderID, ProductID, Qty, UnitPrice) VALUES (1044,49,2,775);
INSERT INTO OrderLines(OrderID, ProductID, Qty, UnitPrice) VALUES (1044,6,3,1479);
INSERT INTO OrderLines(OrderID, ProductID, Qty, UnitPrice) VALUES (1044,31,2,665);
UPDATE [Order] SET TotalAmount=8551 WHERE OrderID=1044;
INSERT INTO Payment(OrderID, PaymentDate, Amount, PaymentMethod, TransactionRef) VALUES (1044,'2025-03-09',8551,'Cash','TXN625523');
INSERT INTO [Order](CustomerID, OrderDate, Status, TotalAmount) VALUES (105,'2025-03-12','Shipped',0);
INSERT INTO OrderLines(OrderID, ProductID, Qty, UnitPrice) VALUES (1045,47,3,106);
INSERT INTO OrderLines(OrderID, ProductID, Qty, UnitPrice) VALUES (1045,20,1,37);
INSERT INTO OrderLines(OrderID, ProductID, Qty, UnitPrice) VALUES (1045,20,3,751);
INSERT INTO OrderLines(OrderID, ProductID, Qty, UnitPrice) VALUES (1045,34,1,1499);
UPDATE [Order] SET TotalAmount=4107 WHERE OrderID=1045;
INSERT INTO Payment(OrderID, PaymentDate, Amount, PaymentMethod, TransactionRef) VALUES (1045,'2025-03-14',4107,'Card','TXN324582');
INSERT INTO [Order](CustomerID, OrderDate, Status, TotalAmount) VALUES (105,'2025-07-08','Delivered',0);
INSERT INTO OrderLines(OrderID, ProductID, Qty, UnitPrice) VALUES (1046,35,2,47);
INSERT INTO OrderLines(OrderID, ProductID, Qty, UnitPrice) VALUES (1046,23,3,944);
INSERT INTO OrderLines(OrderID, ProductID, Qty, UnitPrice) VALUES (1046,25,3,273);
INSERT INTO OrderLines(OrderID, ProductID, Qty, UnitPrice) VALUES (1046,16,1,1457);
UPDATE [Order] SET TotalAmount=5202 WHERE OrderID=1046;
INSERT INTO Payment(OrderID, PaymentDate, Amount, PaymentMethod, TransactionRef) VALUES (1046,'2025-07-11',5202,'PayPal','TXN468021');
INSERT INTO [Order](CustomerID, OrderDate, Status, TotalAmount) VALUES (105,'2025-11-26','Processing',0);
INSERT INTO OrderLines(OrderID, ProductID, Qty, UnitPrice) VALUES (1047,38,3,499);
INSERT INTO OrderLines(OrderID, ProductID, Qty, UnitPrice) VALUES (1047,50,2,1248);
INSERT INTO OrderLines(OrderID, ProductID, Qty, UnitPrice) VALUES (1047,20,1,1180);
INSERT INTO OrderLines(OrderID, ProductID, Qty, UnitPrice) VALUES (1047,45,1,876);
UPDATE [Order] SET TotalAmount=6049 WHERE OrderID=1047;
INSERT INTO Payment(OrderID, PaymentDate, Amount, PaymentMethod, TransactionRef) VALUES (1047,'2025-11-29',6049,'Card','TXN153713');
INSERT INTO [Order](CustomerID, OrderDate, Status, TotalAmount) VALUES (105,'2025-09-19','Cancelled',0);
INSERT INTO OrderLines(OrderID, ProductID, Qty, UnitPrice) VALUES (1048,7,1,1097);
INSERT INTO OrderLines(OrderID, ProductID, Qty, UnitPrice) VALUES (1048,36,2,1033);
INSERT INTO OrderLines(OrderID, ProductID, Qty, UnitPrice) VALUES (1048,22,2,1192);
INSERT INTO OrderLines(OrderID, ProductID, Qty, UnitPrice) VALUES (1048,41,3,474);
UPDATE [Order] SET TotalAmount=6969 WHERE OrderID=1048;
INSERT INTO Payment(OrderID, PaymentDate, Amount, PaymentMethod, TransactionRef) VALUES (1048,'2025-09-24',6969,'Card','TXN900721');
INSERT INTO [Order](CustomerID, OrderDate, Status, TotalAmount) VALUES (105,'2025-02-12','Delivered',0);
INSERT INTO OrderLines(OrderID, ProductID, Qty, UnitPrice) VALUES (1049,36,2,1384);
INSERT INTO OrderLines(OrderID, ProductID, Qty, UnitPrice) VALUES (1049,46,2,373);
INSERT INTO OrderLines(OrderID, ProductID, Qty, UnitPrice) VALUES (1049,7,2,636);
INSERT INTO OrderLines(OrderID, ProductID, Qty, UnitPrice) VALUES (1049,3,3,1146);
UPDATE [Order] SET TotalAmount=8224 WHERE OrderID=1049;
INSERT INTO Payment(OrderID, PaymentDate, Amount, PaymentMethod, TransactionRef) VALUES (1049,'2025-02-16',8224,'PayPal','TXN398592');
INSERT INTO [Order](CustomerID, OrderDate, Status, TotalAmount) VALUES (105,'2025-12-25','Delivered',0);
INSERT INTO OrderLines(OrderID, ProductID, Qty, UnitPrice) VALUES (1050,42,3,1052);
INSERT INTO OrderLines(OrderID, ProductID, Qty, UnitPrice) VALUES (1050,21,1,418);
INSERT INTO OrderLines(OrderID, ProductID, Qty, UnitPrice) VALUES (1050,47,1,350);
INSERT INTO OrderLines(OrderID, ProductID, Qty, UnitPrice) VALUES (1050,44,3,519);
UPDATE [Order] SET TotalAmount=5481 WHERE OrderID=1050;
INSERT INTO Payment(OrderID, PaymentDate, Amount, PaymentMethod, TransactionRef) VALUES (1050,'2025-12-25',5481,'PayPal','TXN457696');
INSERT INTO [Order](CustomerID, OrderDate, Status, TotalAmount) VALUES (106,'2025-08-03','Processing',0);
INSERT INTO OrderLines(OrderID, ProductID, Qty, UnitPrice) VALUES (1051,25,2,228);
INSERT INTO OrderLines(OrderID, ProductID, Qty, UnitPrice) VALUES (1051,6,3,810);
INSERT INTO OrderLines(OrderID, ProductID, Qty, UnitPrice) VALUES (1051,38,3,710);
INSERT INTO OrderLines(OrderID, ProductID, Qty, UnitPrice) VALUES (1051,5,3,39);
UPDATE [Order] SET TotalAmount=5133 WHERE OrderID=1051;
INSERT INTO Payment(OrderID, PaymentDate, Amount, PaymentMethod, TransactionRef) VALUES (1051,'2025-08-05',5133,'Cash','TXN200561');
INSERT INTO [Order](CustomerID, OrderDate, Status, TotalAmount) VALUES (106,'2025-08-08','Shipped',0);
INSERT INTO OrderLines(OrderID, ProductID, Qty, UnitPrice) VALUES (1052,10,1,431);
INSERT INTO OrderLines(OrderID, ProductID, Qty, UnitPrice) VALUES (1052,21,3,724);
INSERT INTO OrderLines(OrderID, ProductID, Qty, UnitPrice) VALUES (1052,3,3,1225);
INSERT INTO OrderLines(OrderID, ProductID, Qty, UnitPrice) VALUES (1052,3,2,997);
UPDATE [Order] SET TotalAmount=8272 WHERE OrderID=1052;
INSERT INTO Payment(OrderID, PaymentDate, Amount, PaymentMethod, TransactionRef) VALUES (1052,'2025-08-12',8272,'Card','TXN314779');
INSERT INTO [Order](CustomerID, OrderDate, Status, TotalAmount) VALUES (106,'2025-02-11','Processing',0);
INSERT INTO OrderLines(OrderID, ProductID, Qty, UnitPrice) VALUES (1053,33,3,215);
INSERT INTO OrderLines(OrderID, ProductID, Qty, UnitPrice) VALUES (1053,4,2,698);
INSERT INTO OrderLines(OrderID, ProductID, Qty, UnitPrice) VALUES (1053,25,3,247);
INSERT INTO OrderLines(OrderID, ProductID, Qty, UnitPrice) VALUES (1053,29,3,943);
UPDATE [Order] SET TotalAmount=5611 WHERE OrderID=1053;
INSERT INTO Payment(OrderID, PaymentDate, Amount, PaymentMethod, TransactionRef) VALUES (1053,'2025-02-12',5611,'Cash','TXN625311');
INSERT INTO [Order](CustomerID, OrderDate, Status, TotalAmount) VALUES (106,'2025-04-03','Processing',0);
INSERT INTO OrderLines(OrderID, ProductID, Qty, UnitPrice) VALUES (1054,46,3,1442);
INSERT INTO OrderLines(OrderID, ProductID, Qty, UnitPrice) VALUES (1054,48,2,1366);
INSERT INTO OrderLines(OrderID, ProductID, Qty, UnitPrice) VALUES (1054,2,1,284);
INSERT INTO OrderLines(OrderID, ProductID, Qty, UnitPrice) VALUES (1054,1,2,310);
UPDATE [Order] SET TotalAmount=7962 WHERE OrderID=1054;
INSERT INTO Payment(OrderID, PaymentDate, Amount, PaymentMethod, TransactionRef) VALUES (1054,'2025-04-07',7962,'Cash','TXN967058');
INSERT INTO [Order](CustomerID, OrderDate, Status, TotalAmount) VALUES (106,'2025-01-16','Cancelled',0);
INSERT INTO OrderLines(OrderID, ProductID, Qty, UnitPrice) VALUES (1055,11,3,596);
INSERT INTO OrderLines(OrderID, ProductID, Qty, UnitPrice) VALUES (1055,43,2,264);
INSERT INTO OrderLines(OrderID, ProductID, Qty, UnitPrice) VALUES (1055,11,1,865);
INSERT INTO OrderLines(OrderID, ProductID, Qty, UnitPrice) VALUES (1055,16,3,20);
UPDATE [Order] SET TotalAmount=3241 WHERE OrderID=1055;
INSERT INTO Payment(OrderID, PaymentDate, Amount, PaymentMethod, TransactionRef) VALUES (1055,'2025-01-19',3241,'PayPal','TXN745572');
INSERT INTO [Order](CustomerID, OrderDate, Status, TotalAmount) VALUES (106,'2025-09-24','Processing',0);
INSERT INTO OrderLines(OrderID, ProductID, Qty, UnitPrice) VALUES (1056,33,2,1281);
INSERT INTO OrderLines(OrderID, ProductID, Qty, UnitPrice) VALUES (1056,11,3,1385);
INSERT INTO OrderLines(OrderID, ProductID, Qty, UnitPrice) VALUES (1056,1,1,132);
INSERT INTO OrderLines(OrderID, ProductID, Qty, UnitPrice) VALUES (1056,31,2,408);
UPDATE [Order] SET TotalAmount=7665 WHERE OrderID=1056;
INSERT INTO Payment(OrderID, PaymentDate, Amount, PaymentMethod, TransactionRef) VALUES (1056,'2025-09-24',7665,'Cash','TXN479039');
INSERT INTO [Order](CustomerID, OrderDate, Status, TotalAmount) VALUES (106,'2025-12-10','Processing',0);
INSERT INTO OrderLines(OrderID, ProductID, Qty, UnitPrice) VALUES (1057,41,3,118);
INSERT INTO OrderLines(OrderID, ProductID, Qty, UnitPrice) VALUES (1057,21,1,628);
INSERT INTO OrderLines(OrderID, ProductID, Qty, UnitPrice) VALUES (1057,36,3,329);
INSERT INTO OrderLines(OrderID, ProductID, Qty, UnitPrice) VALUES (1057,48,2,813);
UPDATE [Order] SET TotalAmount=3595 WHERE OrderID=1057;
INSERT INTO Payment(OrderID, PaymentDate, Amount, PaymentMethod, TransactionRef) VALUES (1057,'2025-12-11',3595,'Cash','TXN516563');
INSERT INTO [Order](CustomerID, OrderDate, Status, TotalAmount) VALUES (106,'2025-05-10','Processing',0);
INSERT INTO OrderLines(OrderID, ProductID, Qty, UnitPrice) VALUES (1058,29,3,1247);
INSERT INTO OrderLines(OrderID, ProductID, Qty, UnitPrice) VALUES (1058,8,3,434);
INSERT INTO OrderLines(OrderID, ProductID, Qty, UnitPrice) VALUES (1058,34,1,624);
INSERT INTO OrderLines(OrderID, ProductID, Qty, UnitPrice) VALUES (1058,13,3,1178);
UPDATE [Order] SET TotalAmount=9201 WHERE OrderID=1058;
INSERT INTO Payment(OrderID, PaymentDate, Amount, PaymentMethod, TransactionRef) VALUES (1058,'2025-05-11',9201,'PayPal','TXN430257');
INSERT INTO [Order](CustomerID, OrderDate, Status, TotalAmount) VALUES (106,'2025-12-16','Shipped',0);
INSERT INTO OrderLines(OrderID, ProductID, Qty, UnitPrice) VALUES (1059,16,2,226);
INSERT INTO OrderLines(OrderID, ProductID, Qty, UnitPrice) VALUES (1059,3,1,307);
INSERT INTO OrderLines(OrderID, ProductID, Qty, UnitPrice) VALUES (1059,7,2,792);
INSERT INTO OrderLines(OrderID, ProductID, Qty, UnitPrice) VALUES (1059,42,3,1496);
UPDATE [Order] SET TotalAmount=6831 WHERE OrderID=1059;
INSERT INTO Payment(OrderID, PaymentDate, Amount, PaymentMethod, TransactionRef) VALUES (1059,'2025-12-16',6831,'PayPal','TXN976156');
INSERT INTO [Order](CustomerID, OrderDate, Status, TotalAmount) VALUES (106,'2025-06-08','Cancelled',0);
INSERT INTO OrderLines(OrderID, ProductID, Qty, UnitPrice) VALUES (1060,40,2,945);
INSERT INTO OrderLines(OrderID, ProductID, Qty, UnitPrice) VALUES (1060,36,1,891);
INSERT INTO OrderLines(OrderID, ProductID, Qty, UnitPrice) VALUES (1060,9,3,1257);
INSERT INTO OrderLines(OrderID, ProductID, Qty, UnitPrice) VALUES (1060,3,3,1314);
UPDATE [Order] SET TotalAmount=10494 WHERE OrderID=1060;
INSERT INTO Payment(OrderID, PaymentDate, Amount, PaymentMethod, TransactionRef) VALUES (1060,'2025-06-13',10494,'PayPal','TXN546427');
INSERT INTO [Order](CustomerID, OrderDate, Status, TotalAmount) VALUES (107,'2025-08-06','Cancelled',0);
INSERT INTO OrderLines(OrderID, ProductID, Qty, UnitPrice) VALUES (1061,26,3,1384);
INSERT INTO OrderLines(OrderID, ProductID, Qty, UnitPrice) VALUES (1061,37,1,758);
INSERT INTO OrderLines(OrderID, ProductID, Qty, UnitPrice) VALUES (1061,17,2,1205);
INSERT INTO OrderLines(OrderID, ProductID, Qty, UnitPrice) VALUES (1061,10,1,95);
UPDATE [Order] SET TotalAmount=7415 WHERE OrderID=1061;
INSERT INTO Payment(OrderID, PaymentDate, Amount, PaymentMethod, TransactionRef) VALUES (1061,'2025-08-10',7415,'Cash','TXN229686');
INSERT INTO [Order](CustomerID, OrderDate, Status, TotalAmount) VALUES (107,'2025-05-31','Cancelled',0);
INSERT INTO OrderLines(OrderID, ProductID, Qty, UnitPrice) VALUES (1062,8,2,899);
INSERT INTO OrderLines(OrderID, ProductID, Qty, UnitPrice) VALUES (1062,49,2,942);
INSERT INTO OrderLines(OrderID, ProductID, Qty, UnitPrice) VALUES (1062,23,3,387);
INSERT INTO OrderLines(OrderID, ProductID, Qty, UnitPrice) VALUES (1062,3,3,30);
UPDATE [Order] SET TotalAmount=4933 WHERE OrderID=1062;
INSERT INTO Payment(OrderID, PaymentDate, Amount, PaymentMethod, TransactionRef) VALUES (1062,'2025-06-02',4933,'PayPal','TXN930116');
INSERT INTO [Order](CustomerID, OrderDate, Status, TotalAmount) VALUES (107,'2025-08-18','Cancelled',0);
INSERT INTO OrderLines(OrderID, ProductID, Qty, UnitPrice) VALUES (1063,48,3,803);
INSERT INTO OrderLines(OrderID, ProductID, Qty, UnitPrice) VALUES (1063,12,1,1259);
INSERT INTO OrderLines(OrderID, ProductID, Qty, UnitPrice) VALUES (1063,10,3,805);
INSERT INTO OrderLines(OrderID, ProductID, Qty, UnitPrice) VALUES (1063,22,2,859);
UPDATE [Order] SET TotalAmount=7801 WHERE OrderID=1063;
INSERT INTO Payment(OrderID, PaymentDate, Amount, PaymentMethod, TransactionRef) VALUES (1063,'2025-08-23',7801,'Cash','TXN342206');
INSERT INTO [Order](CustomerID, OrderDate, Status, TotalAmount) VALUES (107,'2025-06-01','Shipped',0);
INSERT INTO OrderLines(OrderID, ProductID, Qty, UnitPrice) VALUES (1064,12,1,1096);
INSERT INTO OrderLines(OrderID, ProductID, Qty, UnitPrice) VALUES (1064,28,1,25);
INSERT INTO OrderLines(OrderID, ProductID, Qty, UnitPrice) VALUES (1064,2,1,289);
INSERT INTO OrderLines(OrderID, ProductID, Qty, UnitPrice) VALUES (1064,40,3,1063);
UPDATE [Order] SET TotalAmount=4599 WHERE OrderID=1064;
INSERT INTO Payment(OrderID, PaymentDate, Amount, PaymentMethod, TransactionRef) VALUES (1064,'2025-06-01',4599,'Card','TXN160460');
INSERT INTO [Order](CustomerID, OrderDate, Status, TotalAmount) VALUES (107,'2025-04-04','Delivered',0);
INSERT INTO OrderLines(OrderID, ProductID, Qty, UnitPrice) VALUES (1065,32,3,982);
INSERT INTO OrderLines(OrderID, ProductID, Qty, UnitPrice) VALUES (1065,24,3,1464);
INSERT INTO OrderLines(OrderID, ProductID, Qty, UnitPrice) VALUES (1065,26,2,712);
INSERT INTO OrderLines(OrderID, ProductID, Qty, UnitPrice) VALUES (1065,9,3,1370);
UPDATE [Order] SET TotalAmount=12872 WHERE OrderID=1065;
INSERT INTO Payment(OrderID, PaymentDate, Amount, PaymentMethod, TransactionRef) VALUES (1065,'2025-04-04',12872,'Card','TXN447986');
INSERT INTO [Order](CustomerID, OrderDate, Status, TotalAmount) VALUES (107,'2025-10-01','Delivered',0);
INSERT INTO OrderLines(OrderID, ProductID, Qty, UnitPrice) VALUES (1066,20,1,1185);
INSERT INTO OrderLines(OrderID, ProductID, Qty, UnitPrice) VALUES (1066,50,1,68);
INSERT INTO OrderLines(OrderID, ProductID, Qty, UnitPrice) VALUES (1066,28,3,224);
INSERT INTO OrderLines(OrderID, ProductID, Qty, UnitPrice) VALUES (1066,28,2,470);
UPDATE [Order] SET TotalAmount=2865 WHERE OrderID=1066;
INSERT INTO Payment(OrderID, PaymentDate, Amount, PaymentMethod, TransactionRef) VALUES (1066,'2025-10-01',2865,'Cash','TXN408124');
INSERT INTO [Order](CustomerID, OrderDate, Status, TotalAmount) VALUES (107,'2025-01-13','Shipped',0);
INSERT INTO OrderLines(OrderID, ProductID, Qty, UnitPrice) VALUES (1067,2,3,524);
INSERT INTO OrderLines(OrderID, ProductID, Qty, UnitPrice) VALUES (1067,19,1,1009);
INSERT INTO OrderLines(OrderID, ProductID, Qty, UnitPrice) VALUES (1067,48,2,409);
INSERT INTO OrderLines(OrderID, ProductID, Qty, UnitPrice) VALUES (1067,24,3,1082);
UPDATE [Order] SET TotalAmount=6645 WHERE OrderID=1067;
INSERT INTO Payment(OrderID, PaymentDate, Amount, PaymentMethod, TransactionRef) VALUES (1067,'2025-01-16',6645,'Cash','TXN378368');
INSERT INTO [Order](CustomerID, OrderDate, Status, TotalAmount) VALUES (107,'2025-09-05','Processing',0);
INSERT INTO OrderLines(OrderID, ProductID, Qty, UnitPrice) VALUES (1068,10,3,1092);
INSERT INTO OrderLines(OrderID, ProductID, Qty, UnitPrice) VALUES (1068,40,1,1476);
INSERT INTO OrderLines(OrderID, ProductID, Qty, UnitPrice) VALUES (1068,13,2,247);
INSERT INTO OrderLines(OrderID, ProductID, Qty, UnitPrice) VALUES (1068,17,1,559);
UPDATE [Order] SET TotalAmount=5805 WHERE OrderID=1068;
INSERT INTO Payment(OrderID, PaymentDate, Amount, PaymentMethod, TransactionRef) VALUES (1068,'2025-09-09',5805,'Cash','TXN485480');
INSERT INTO [Order](CustomerID, OrderDate, Status, TotalAmount) VALUES (107,'2025-02-18','Delivered',0);
INSERT INTO OrderLines(OrderID, ProductID, Qty, UnitPrice) VALUES (1069,14,3,492);
INSERT INTO OrderLines(OrderID, ProductID, Qty, UnitPrice) VALUES (1069,43,1,631);
INSERT INTO OrderLines(OrderID, ProductID, Qty, UnitPrice) VALUES (1069,25,3,774);
INSERT INTO OrderLines(OrderID, ProductID, Qty, UnitPrice) VALUES (1069,10,3,994);
UPDATE [Order] SET TotalAmount=7411 WHERE OrderID=1069;
INSERT INTO Payment(OrderID, PaymentDate, Amount, PaymentMethod, TransactionRef) VALUES (1069,'2025-02-23',7411,'Card','TXN885066');
INSERT INTO [Order](CustomerID, OrderDate, Status, TotalAmount) VALUES (107,'2025-03-08','Cancelled',0);
INSERT INTO OrderLines(OrderID, ProductID, Qty, UnitPrice) VALUES (1070,26,2,1300);
INSERT INTO OrderLines(OrderID, ProductID, Qty, UnitPrice) VALUES (1070,46,1,1146);
INSERT INTO OrderLines(OrderID, ProductID, Qty, UnitPrice) VALUES (1070,7,2,595);
INSERT INTO OrderLines(OrderID, ProductID, Qty, UnitPrice) VALUES (1070,39,3,370);
UPDATE [Order] SET TotalAmount=6046 WHERE OrderID=1070;
INSERT INTO Payment(OrderID, PaymentDate, Amount, PaymentMethod, TransactionRef) VALUES (1070,'2025-03-08',6046,'PayPal','TXN431441');
INSERT INTO [Order](CustomerID, OrderDate, Status, TotalAmount) VALUES (108,'2025-02-13','Processing',0);
INSERT INTO OrderLines(OrderID, ProductID, Qty, UnitPrice) VALUES (1071,26,1,1026);
INSERT INTO OrderLines(OrderID, ProductID, Qty, UnitPrice) VALUES (1071,24,2,774);
INSERT INTO OrderLines(OrderID, ProductID, Qty, UnitPrice) VALUES (1071,45,3,440);
INSERT INTO OrderLines(OrderID, ProductID, Qty, UnitPrice) VALUES (1071,5,3,417);
UPDATE [Order] SET TotalAmount=5145 WHERE OrderID=1071;
INSERT INTO Payment(OrderID, PaymentDate, Amount, PaymentMethod, TransactionRef) VALUES (1071,'2025-02-16',5145,'PayPal','TXN801407');
INSERT INTO [Order](CustomerID, OrderDate, Status, TotalAmount) VALUES (108,'2025-09-02','Shipped',0);
INSERT INTO OrderLines(OrderID, ProductID, Qty, UnitPrice) VALUES (1072,37,3,1420);
INSERT INTO OrderLines(OrderID, ProductID, Qty, UnitPrice) VALUES (1072,19,3,1373);
INSERT INTO OrderLines(OrderID, ProductID, Qty, UnitPrice) VALUES (1072,1,3,82);
INSERT INTO OrderLines(OrderID, ProductID, Qty, UnitPrice) VALUES (1072,48,1,812);
UPDATE [Order] SET TotalAmount=9437 WHERE OrderID=1072;
INSERT INTO Payment(OrderID, PaymentDate, Amount, PaymentMethod, TransactionRef) VALUES (1072,'2025-09-04',9437,'PayPal','TXN307330');
INSERT INTO [Order](CustomerID, OrderDate, Status, TotalAmount) VALUES (108,'2025-08-30','Shipped',0);
INSERT INTO OrderLines(OrderID, ProductID, Qty, UnitPrice) VALUES (1073,30,1,334);
INSERT INTO OrderLines(OrderID, ProductID, Qty, UnitPrice) VALUES (1073,27,1,450);
INSERT INTO OrderLines(OrderID, ProductID, Qty, UnitPrice) VALUES (1073,29,1,601);
INSERT INTO OrderLines(OrderID, ProductID, Qty, UnitPrice) VALUES (1073,38,3,903);
UPDATE [Order] SET TotalAmount=4094 WHERE OrderID=1073;
INSERT INTO Payment(OrderID, PaymentDate, Amount, PaymentMethod, TransactionRef) VALUES (1073,'2025-09-01',4094,'Cash','TXN748157');
INSERT INTO [Order](CustomerID, OrderDate, Status, TotalAmount) VALUES (108,'2025-10-04','Processing',0);
INSERT INTO OrderLines(OrderID, ProductID, Qty, UnitPrice) VALUES (1074,42,3,716);
INSERT INTO OrderLines(OrderID, ProductID, Qty, UnitPrice) VALUES (1074,46,3,325);
INSERT INTO OrderLines(OrderID, ProductID, Qty, UnitPrice) VALUES (1074,27,1,639);
INSERT INTO OrderLines(OrderID, ProductID, Qty, UnitPrice) VALUES (1074,31,3,328);
UPDATE [Order] SET TotalAmount=4746 WHERE OrderID=1074;
INSERT INTO Payment(OrderID, PaymentDate, Amount, PaymentMethod, TransactionRef) VALUES (1074,'2025-10-09',4746,'PayPal','TXN410380');
INSERT INTO [Order](CustomerID, OrderDate, Status, TotalAmount) VALUES (108,'2025-12-09','Processing',0);
INSERT INTO OrderLines(OrderID, ProductID, Qty, UnitPrice) VALUES (1075,6,2,1485);
INSERT INTO OrderLines(OrderID, ProductID, Qty, UnitPrice) VALUES (1075,35,3,1265);
INSERT INTO OrderLines(OrderID, ProductID, Qty, UnitPrice) VALUES (1075,33,2,68);
INSERT INTO OrderLines(OrderID, ProductID, Qty, UnitPrice) VALUES (1075,47,1,850);
UPDATE [Order] SET TotalAmount=7751 WHERE OrderID=1075;
INSERT INTO Payment(OrderID, PaymentDate, Amount, PaymentMethod, TransactionRef) VALUES (1075,'2025-12-14',7751,'Cash','TXN883552');
INSERT INTO [Order](CustomerID, OrderDate, Status, TotalAmount) VALUES (108,'2025-01-14','Cancelled',0);
INSERT INTO OrderLines(OrderID, ProductID, Qty, UnitPrice) VALUES (1076,17,3,351);
INSERT INTO OrderLines(OrderID, ProductID, Qty, UnitPrice) VALUES (1076,49,1,32);
INSERT INTO OrderLines(OrderID, ProductID, Qty, UnitPrice) VALUES (1076,37,1,503);
INSERT INTO OrderLines(OrderID, ProductID, Qty, UnitPrice) VALUES (1076,38,1,1317);
UPDATE [Order] SET TotalAmount=2905 WHERE OrderID=1076;
INSERT INTO Payment(OrderID, PaymentDate, Amount, PaymentMethod, TransactionRef) VALUES (1076,'2025-01-14',2905,'PayPal','TXN561749');
INSERT INTO [Order](CustomerID, OrderDate, Status, TotalAmount) VALUES (108,'2025-02-19','Shipped',0);
INSERT INTO OrderLines(OrderID, ProductID, Qty, UnitPrice) VALUES (1077,25,2,815);
INSERT INTO OrderLines(OrderID, ProductID, Qty, UnitPrice) VALUES (1077,45,3,1326);
INSERT INTO OrderLines(OrderID, ProductID, Qty, UnitPrice) VALUES (1077,23,2,1129);
INSERT INTO OrderLines(OrderID, ProductID, Qty, UnitPrice) VALUES (1077,1,3,118);
UPDATE [Order] SET TotalAmount=8220 WHERE OrderID=1077;
INSERT INTO Payment(OrderID, PaymentDate, Amount, PaymentMethod, TransactionRef) VALUES (1077,'2025-02-19',8220,'Card','TXN918555');
INSERT INTO [Order](CustomerID, OrderDate, Status, TotalAmount) VALUES (108,'2025-12-18','Shipped',0);
INSERT INTO OrderLines(OrderID, ProductID, Qty, UnitPrice) VALUES (1078,8,3,716);
INSERT INTO OrderLines(OrderID, ProductID, Qty, UnitPrice) VALUES (1078,43,1,1006);
INSERT INTO OrderLines(OrderID, ProductID, Qty, UnitPrice) VALUES (1078,37,3,403);
INSERT INTO OrderLines(OrderID, ProductID, Qty, UnitPrice) VALUES (1078,29,1,1287);
UPDATE [Order] SET TotalAmount=5650 WHERE OrderID=1078;
INSERT INTO Payment(OrderID, PaymentDate, Amount, PaymentMethod, TransactionRef) VALUES (1078,'2025-12-22',5650,'Cash','TXN812237');
INSERT INTO [Order](CustomerID, OrderDate, Status, TotalAmount) VALUES (108,'2025-07-03','Cancelled',0);
INSERT INTO OrderLines(OrderID, ProductID, Qty, UnitPrice) VALUES (1079,44,2,1150);
INSERT INTO OrderLines(OrderID, ProductID, Qty, UnitPrice) VALUES (1079,46,3,876);
INSERT INTO OrderLines(OrderID, ProductID, Qty, UnitPrice) VALUES (1079,33,2,910);
INSERT INTO OrderLines(OrderID, ProductID, Qty, UnitPrice) VALUES (1079,12,1,581);
UPDATE [Order] SET TotalAmount=7329 WHERE OrderID=1079;
INSERT INTO Payment(OrderID, PaymentDate, Amount, PaymentMethod, TransactionRef) VALUES (1079,'2025-07-03',7329,'Card','TXN565803');
INSERT INTO [Order](CustomerID, OrderDate, Status, TotalAmount) VALUES (108,'2025-01-28','Shipped',0);
INSERT INTO OrderLines(OrderID, ProductID, Qty, UnitPrice) VALUES (1080,6,2,1040);
INSERT INTO OrderLines(OrderID, ProductID, Qty, UnitPrice) VALUES (1080,3,1,368);
INSERT INTO OrderLines(OrderID, ProductID, Qty, UnitPrice) VALUES (1080,1,2,727);
INSERT INTO OrderLines(OrderID, ProductID, Qty, UnitPrice) VALUES (1080,32,2,1176);
UPDATE [Order] SET TotalAmount=6254 WHERE OrderID=1080;
INSERT INTO Payment(OrderID, PaymentDate, Amount, PaymentMethod, TransactionRef) VALUES (1080,'2025-02-02',6254,'Cash','TXN206755');
INSERT INTO [Order](CustomerID, OrderDate, Status, TotalAmount) VALUES (109,'2025-06-25','Cancelled',0);
INSERT INTO OrderLines(OrderID, ProductID, Qty, UnitPrice) VALUES (1081,4,2,1108);
INSERT INTO OrderLines(OrderID, ProductID, Qty, UnitPrice) VALUES (1081,5,3,1058);
INSERT INTO OrderLines(OrderID, ProductID, Qty, UnitPrice) VALUES (1081,32,2,1462);
INSERT INTO OrderLines(OrderID, ProductID, Qty, UnitPrice) VALUES (1081,27,2,1283);
UPDATE [Order] SET TotalAmount=10880 WHERE OrderID=1081;
INSERT INTO Payment(OrderID, PaymentDate, Amount, PaymentMethod, TransactionRef) VALUES (1081,'2025-06-28',10880,'PayPal','TXN650458');
INSERT INTO [Order](CustomerID, OrderDate, Status, TotalAmount) VALUES (109,'2025-10-06','Cancelled',0);
INSERT INTO OrderLines(OrderID, ProductID, Qty, UnitPrice) VALUES (1082,39,3,532);
INSERT INTO OrderLines(OrderID, ProductID, Qty, UnitPrice) VALUES (1082,10,3,539);
INSERT INTO OrderLines(OrderID, ProductID, Qty, UnitPrice) VALUES (1082,4,2,1139);
INSERT INTO OrderLines(OrderID, ProductID, Qty, UnitPrice) VALUES (1082,22,3,1331);
UPDATE [Order] SET TotalAmount=9484 WHERE OrderID=1082;
INSERT INTO Payment(OrderID, PaymentDate, Amount, PaymentMethod, TransactionRef) VALUES (1082,'2025-10-07',9484,'Card','TXN167012');
INSERT INTO [Order](CustomerID, OrderDate, Status, TotalAmount) VALUES (109,'2025-06-16','Processing',0);
INSERT INTO OrderLines(OrderID, ProductID, Qty, UnitPrice) VALUES (1083,23,3,1104);
INSERT INTO OrderLines(OrderID, ProductID, Qty, UnitPrice) VALUES (1083,21,3,889);
INSERT INTO OrderLines(OrderID, ProductID, Qty, UnitPrice) VALUES (1083,42,3,524);
INSERT INTO OrderLines(OrderID, ProductID, Qty, UnitPrice) VALUES (1083,26,1,1480);
UPDATE [Order] SET TotalAmount=9031 WHERE OrderID=1083;
INSERT INTO Payment(OrderID, PaymentDate, Amount, PaymentMethod, TransactionRef) VALUES (1083,'2025-06-19',9031,'Cash','TXN316903');
INSERT INTO [Order](CustomerID, OrderDate, Status, TotalAmount) VALUES (109,'2025-12-21','Shipped',0);
INSERT INTO OrderLines(OrderID, ProductID, Qty, UnitPrice) VALUES (1084,38,3,156);
INSERT INTO OrderLines(OrderID, ProductID, Qty, UnitPrice) VALUES (1084,2,3,802);
INSERT INTO OrderLines(OrderID, ProductID, Qty, UnitPrice) VALUES (1084,35,2,872);
INSERT INTO OrderLines(OrderID, ProductID, Qty, UnitPrice) VALUES (1084,14,1,1249);
UPDATE [Order] SET TotalAmount=5867 WHERE OrderID=1084;
INSERT INTO Payment(OrderID, PaymentDate, Amount, PaymentMethod, TransactionRef) VALUES (1084,'2025-12-23',5867,'PayPal','TXN544250');
INSERT INTO [Order](CustomerID, OrderDate, Status, TotalAmount) VALUES (109,'2025-07-04','Shipped',0);
INSERT INTO OrderLines(OrderID, ProductID, Qty, UnitPrice) VALUES (1085,7,3,665);
INSERT INTO OrderLines(OrderID, ProductID, Qty, UnitPrice) VALUES (1085,1,2,1341);
INSERT INTO OrderLines(OrderID, ProductID, Qty, UnitPrice) VALUES (1085,12,1,992);
INSERT INTO OrderLines(OrderID, ProductID, Qty, UnitPrice) VALUES (1085,7,2,1006);
UPDATE [Order] SET TotalAmount=7681 WHERE OrderID=1085;
INSERT INTO Payment(OrderID, PaymentDate, Amount, PaymentMethod, TransactionRef) VALUES (1085,'2025-07-06',7681,'PayPal','TXN716032');
INSERT INTO [Order](CustomerID, OrderDate, Status, TotalAmount) VALUES (109,'2025-12-19','Delivered',0);
INSERT INTO OrderLines(OrderID, ProductID, Qty, UnitPrice) VALUES (1086,47,1,1297);
INSERT INTO OrderLines(OrderID, ProductID, Qty, UnitPrice) VALUES (1086,33,2,82);
INSERT INTO OrderLines(OrderID, ProductID, Qty, UnitPrice) VALUES (1086,21,2,145);
INSERT INTO OrderLines(OrderID, ProductID, Qty, UnitPrice) VALUES (1086,44,3,1169);
UPDATE [Order] SET TotalAmount=5258 WHERE OrderID=1086;
INSERT INTO Payment(OrderID, PaymentDate, Amount, PaymentMethod, TransactionRef) VALUES (1086,'2025-12-19',5258,'Card','TXN743009');
INSERT INTO [Order](CustomerID, OrderDate, Status, TotalAmount) VALUES (109,'2025-09-04','Processing',0);
INSERT INTO OrderLines(OrderID, ProductID, Qty, UnitPrice) VALUES (1087,23,3,1302);
INSERT INTO OrderLines(OrderID, ProductID, Qty, UnitPrice) VALUES (1087,6,3,525);
INSERT INTO OrderLines(OrderID, ProductID, Qty, UnitPrice) VALUES (1087,7,1,163);
INSERT INTO OrderLines(OrderID, ProductID, Qty, UnitPrice) VALUES (1087,35,1,1036);
UPDATE [Order] SET TotalAmount=6680 WHERE OrderID=1087;
INSERT INTO Payment(OrderID, PaymentDate, Amount, PaymentMethod, TransactionRef) VALUES (1087,'2025-09-06',6680,'PayPal','TXN716724');
INSERT INTO [Order](CustomerID, OrderDate, Status, TotalAmount) VALUES (109,'2025-07-09','Cancelled',0);
INSERT INTO OrderLines(OrderID, ProductID, Qty, UnitPrice) VALUES (1088,29,2,442);
INSERT INTO OrderLines(OrderID, ProductID, Qty, UnitPrice) VALUES (1088,43,3,585);
INSERT INTO OrderLines(OrderID, ProductID, Qty, UnitPrice) VALUES (1088,39,3,373);
INSERT INTO OrderLines(OrderID, ProductID, Qty, UnitPrice) VALUES (1088,37,3,1008);
UPDATE [Order] SET TotalAmount=6782 WHERE OrderID=1088;
INSERT INTO Payment(OrderID, PaymentDate, Amount, PaymentMethod, TransactionRef) VALUES (1088,'2025-07-13',6782,'PayPal','TXN716471');
INSERT INTO [Order](CustomerID, OrderDate, Status, TotalAmount) VALUES (109,'2025-02-15','Delivered',0);
INSERT INTO OrderLines(OrderID, ProductID, Qty, UnitPrice) VALUES (1089,9,2,1074);
INSERT INTO OrderLines(OrderID, ProductID, Qty, UnitPrice) VALUES (1089,22,1,1417);
INSERT INTO OrderLines(OrderID, ProductID, Qty, UnitPrice) VALUES (1089,28,3,1094);
INSERT INTO OrderLines(OrderID, ProductID, Qty, UnitPrice) VALUES (1089,38,2,753);
UPDATE [Order] SET TotalAmount=8353 WHERE OrderID=1089;
INSERT INTO Payment(OrderID, PaymentDate, Amount, PaymentMethod, TransactionRef) VALUES (1089,'2025-02-19',8353,'Card','TXN669358');
INSERT INTO [Order](CustomerID, OrderDate, Status, TotalAmount) VALUES (109,'2025-09-03','Processing',0);
INSERT INTO OrderLines(OrderID, ProductID, Qty, UnitPrice) VALUES (1090,20,3,208);
INSERT INTO OrderLines(OrderID, ProductID, Qty, UnitPrice) VALUES (1090,18,1,1309);
INSERT INTO OrderLines(OrderID, ProductID, Qty, UnitPrice) VALUES (1090,31,1,1106);
INSERT INTO OrderLines(OrderID, ProductID, Qty, UnitPrice) VALUES (1090,33,3,1224);
UPDATE [Order] SET TotalAmount=6711 WHERE OrderID=1090;
INSERT INTO Payment(OrderID, PaymentDate, Amount, PaymentMethod, TransactionRef) VALUES (1090,'2025-09-05',6711,'Card','TXN298565');
INSERT INTO [Order](CustomerID, OrderDate, Status, TotalAmount) VALUES (110,'2025-06-11','Cancelled',0);
INSERT INTO OrderLines(OrderID, ProductID, Qty, UnitPrice) VALUES (1091,25,3,213);
INSERT INTO OrderLines(OrderID, ProductID, Qty, UnitPrice) VALUES (1091,1,2,1191);
INSERT INTO OrderLines(OrderID, ProductID, Qty, UnitPrice) VALUES (1091,32,1,431);
INSERT INTO OrderLines(OrderID, ProductID, Qty, UnitPrice) VALUES (1091,30,1,575);
UPDATE [Order] SET TotalAmount=4027 WHERE OrderID=1091;
INSERT INTO Payment(OrderID, PaymentDate, Amount, PaymentMethod, TransactionRef) VALUES (1091,'2025-06-11',4027,'PayPal','TXN397617');
INSERT INTO [Order](CustomerID, OrderDate, Status, TotalAmount) VALUES (110,'2025-03-27','Shipped',0);
INSERT INTO OrderLines(OrderID, ProductID, Qty, UnitPrice) VALUES (1092,23,3,1195);
INSERT INTO OrderLines(OrderID, ProductID, Qty, UnitPrice) VALUES (1092,6,1,71);
INSERT INTO OrderLines(OrderID, ProductID, Qty, UnitPrice) VALUES (1092,5,3,969);
INSERT INTO OrderLines(OrderID, ProductID, Qty, UnitPrice) VALUES (1092,15,1,1499);
UPDATE [Order] SET TotalAmount=8062 WHERE OrderID=1092;
INSERT INTO Payment(OrderID, PaymentDate, Amount, PaymentMethod, TransactionRef) VALUES (1092,'2025-03-29',8062,'PayPal','TXN597354');
INSERT INTO [Order](CustomerID, OrderDate, Status, TotalAmount) VALUES (110,'2025-07-29','Delivered',0);
INSERT INTO OrderLines(OrderID, ProductID, Qty, UnitPrice) VALUES (1093,32,3,221);
INSERT INTO OrderLines(OrderID, ProductID, Qty, UnitPrice) VALUES (1093,1,1,1396);
INSERT INTO OrderLines(OrderID, ProductID, Qty, UnitPrice) VALUES (1093,26,1,968);
INSERT INTO OrderLines(OrderID, ProductID, Qty, UnitPrice) VALUES (1093,39,2,1427);
UPDATE [Order] SET TotalAmount=5881 WHERE OrderID=1093;
INSERT INTO Payment(OrderID, PaymentDate, Amount, PaymentMethod, TransactionRef) VALUES (1093,'2025-07-31',5881,'Cash','TXN735667');
INSERT INTO [Order](CustomerID, OrderDate, Status, TotalAmount) VALUES (110,'2025-09-16','Shipped',0);
INSERT INTO OrderLines(OrderID, ProductID, Qty, UnitPrice) VALUES (1094,39,2,1029);
INSERT INTO OrderLines(OrderID, ProductID, Qty, UnitPrice) VALUES (1094,46,1,858);
INSERT INTO OrderLines(OrderID, ProductID, Qty, UnitPrice) VALUES (1094,15,1,258);
INSERT INTO OrderLines(OrderID, ProductID, Qty, UnitPrice) VALUES (1094,42,3,928);
UPDATE [Order] SET TotalAmount=5958 WHERE OrderID=1094;
INSERT INTO Payment(OrderID, PaymentDate, Amount, PaymentMethod, TransactionRef) VALUES (1094,'2025-09-20',5958,'PayPal','TXN123457');
INSERT INTO [Order](CustomerID, OrderDate, Status, TotalAmount) VALUES (110,'2025-03-13','Shipped',0);
INSERT INTO OrderLines(OrderID, ProductID, Qty, UnitPrice) VALUES (1095,47,3,587);
INSERT INTO OrderLines(OrderID, ProductID, Qty, UnitPrice) VALUES (1095,18,3,992);
INSERT INTO OrderLines(OrderID, ProductID, Qty, UnitPrice) VALUES (1095,40,2,1202);
INSERT INTO OrderLines(OrderID, ProductID, Qty, UnitPrice) VALUES (1095,18,2,898);
UPDATE [Order] SET TotalAmount=8937 WHERE OrderID=1095;
INSERT INTO Payment(OrderID, PaymentDate, Amount, PaymentMethod, TransactionRef) VALUES (1095,'2025-03-18',8937,'Card','TXN298929');
INSERT INTO [Order](CustomerID, OrderDate, Status, TotalAmount) VALUES (110,'2025-06-28','Cancelled',0);
INSERT INTO OrderLines(OrderID, ProductID, Qty, UnitPrice) VALUES (1096,27,2,49);
INSERT INTO OrderLines(OrderID, ProductID, Qty, UnitPrice) VALUES (1096,33,1,1124);
INSERT INTO OrderLines(OrderID, ProductID, Qty, UnitPrice) VALUES (1096,30,1,875);
INSERT INTO OrderLines(OrderID, ProductID, Qty, UnitPrice) VALUES (1096,7,2,1154);
UPDATE [Order] SET TotalAmount=4405 WHERE OrderID=1096;
INSERT INTO Payment(OrderID, PaymentDate, Amount, PaymentMethod, TransactionRef) VALUES (1096,'2025-06-28',4405,'PayPal','TXN656816');
INSERT INTO [Order](CustomerID, OrderDate, Status, TotalAmount) VALUES (110,'2025-10-17','Processing',0);
INSERT INTO OrderLines(OrderID, ProductID, Qty, UnitPrice) VALUES (1097,33,3,435);
INSERT INTO OrderLines(OrderID, ProductID, Qty, UnitPrice) VALUES (1097,16,1,45);
INSERT INTO OrderLines(OrderID, ProductID, Qty, UnitPrice) VALUES (1097,37,1,139);
INSERT INTO OrderLines(OrderID, ProductID, Qty, UnitPrice) VALUES (1097,35,1,103);
UPDATE [Order] SET TotalAmount=1592 WHERE OrderID=1097;
INSERT INTO Payment(OrderID, PaymentDate, Amount, PaymentMethod, TransactionRef) VALUES (1097,'2025-10-18',1592,'Cash','TXN361611');
INSERT INTO [Order](CustomerID, OrderDate, Status, TotalAmount) VALUES (110,'2025-02-06','Processing',0);
INSERT INTO OrderLines(OrderID, ProductID, Qty, UnitPrice) VALUES (1098,43,1,641);
INSERT INTO OrderLines(OrderID, ProductID, Qty, UnitPrice) VALUES (1098,17,1,1264);
INSERT INTO OrderLines(OrderID, ProductID, Qty, UnitPrice) VALUES (1098,12,2,1097);
INSERT INTO OrderLines(OrderID, ProductID, Qty, UnitPrice) VALUES (1098,48,3,222);
UPDATE [Order] SET TotalAmount=4765 WHERE OrderID=1098;
INSERT INTO Payment(OrderID, PaymentDate, Amount, PaymentMethod, TransactionRef) VALUES (1098,'2025-02-10',4765,'Card','TXN589630');
INSERT INTO [Order](CustomerID, OrderDate, Status, TotalAmount) VALUES (110,'2025-05-26','Delivered',0);
INSERT INTO OrderLines(OrderID, ProductID, Qty, UnitPrice) VALUES (1099,46,2,867);
INSERT INTO OrderLines(OrderID, ProductID, Qty, UnitPrice) VALUES (1099,4,2,862);
INSERT INTO OrderLines(OrderID, ProductID, Qty, UnitPrice) VALUES (1099,15,3,674);
INSERT INTO OrderLines(OrderID, ProductID, Qty, UnitPrice) VALUES (1099,10,1,1331);
UPDATE [Order] SET TotalAmount=6811 WHERE OrderID=1099;
INSERT INTO Payment(OrderID, PaymentDate, Amount, PaymentMethod, TransactionRef) VALUES (1099,'2025-05-30',6811,'PayPal','TXN956905');
INSERT INTO [Order](CustomerID, OrderDate, Status, TotalAmount) VALUES (110,'2025-10-02','Cancelled',0);
INSERT INTO OrderLines(OrderID, ProductID, Qty, UnitPrice) VALUES (1100,23,1,215);
INSERT INTO OrderLines(OrderID, ProductID, Qty, UnitPrice) VALUES (1100,40,3,1000);
INSERT INTO OrderLines(OrderID, ProductID, Qty, UnitPrice) VALUES (1100,27,2,962);
INSERT INTO OrderLines(OrderID, ProductID, Qty, UnitPrice) VALUES (1100,21,1,236);
UPDATE [Order] SET TotalAmount=5375 WHERE OrderID=1100;
INSERT INTO Payment(OrderID, PaymentDate, Amount, PaymentMethod, TransactionRef) VALUES (1100,'2025-10-02',5375,'Card','TXN634075');
INSERT INTO [Order](CustomerID, OrderDate, Status, TotalAmount) VALUES (111,'2025-05-27','Cancelled',0);
INSERT INTO OrderLines(OrderID, ProductID, Qty, UnitPrice) VALUES (1101,26,1,1395);
INSERT INTO OrderLines(OrderID, ProductID, Qty, UnitPrice) VALUES (1101,37,2,966);
INSERT INTO OrderLines(OrderID, ProductID, Qty, UnitPrice) VALUES (1101,24,1,1432);
INSERT INTO OrderLines(OrderID, ProductID, Qty, UnitPrice) VALUES (1101,22,2,189);
UPDATE [Order] SET TotalAmount=5137 WHERE OrderID=1101;
INSERT INTO Payment(OrderID, PaymentDate, Amount, PaymentMethod, TransactionRef) VALUES (1101,'2025-05-28',5137,'Cash','TXN465219');
INSERT INTO [Order](CustomerID, OrderDate, Status, TotalAmount) VALUES (111,'2025-10-26','Delivered',0);
INSERT INTO OrderLines(OrderID, ProductID, Qty, UnitPrice) VALUES (1102,35,1,1341);
INSERT INTO OrderLines(OrderID, ProductID, Qty, UnitPrice) VALUES (1102,42,2,757);
INSERT INTO OrderLines(OrderID, ProductID, Qty, UnitPrice) VALUES (1102,16,3,1382);
INSERT INTO OrderLines(OrderID, ProductID, Qty, UnitPrice) VALUES (1102,46,1,1088);
UPDATE [Order] SET TotalAmount=8089 WHERE OrderID=1102;
INSERT INTO Payment(OrderID, PaymentDate, Amount, PaymentMethod, TransactionRef) VALUES (1102,'2025-10-31',8089,'PayPal','TXN224114');
INSERT INTO [Order](CustomerID, OrderDate, Status, TotalAmount) VALUES (111,'2025-09-11','Cancelled',0);
INSERT INTO OrderLines(OrderID, ProductID, Qty, UnitPrice) VALUES (1103,33,3,1065);
INSERT INTO OrderLines(OrderID, ProductID, Qty, UnitPrice) VALUES (1103,17,1,91);
INSERT INTO OrderLines(OrderID, ProductID, Qty, UnitPrice) VALUES (1103,18,3,778);
INSERT INTO OrderLines(OrderID, ProductID, Qty, UnitPrice) VALUES (1103,9,1,1059);
UPDATE [Order] SET TotalAmount=6679 WHERE OrderID=1103;
INSERT INTO Payment(OrderID, PaymentDate, Amount, PaymentMethod, TransactionRef) VALUES (1103,'2025-09-11',6679,'Card','TXN535866');
INSERT INTO [Order](CustomerID, OrderDate, Status, TotalAmount) VALUES (111,'2025-08-16','Cancelled',0);
INSERT INTO OrderLines(OrderID, ProductID, Qty, UnitPrice) VALUES (1104,21,3,610);
INSERT INTO OrderLines(OrderID, ProductID, Qty, UnitPrice) VALUES (1104,47,3,996);
INSERT INTO OrderLines(OrderID, ProductID, Qty, UnitPrice) VALUES (1104,50,3,735);
INSERT INTO OrderLines(OrderID, ProductID, Qty, UnitPrice) VALUES (1104,25,3,691);
UPDATE [Order] SET TotalAmount=9096 WHERE OrderID=1104;
INSERT INTO Payment(OrderID, PaymentDate, Amount, PaymentMethod, TransactionRef) VALUES (1104,'2025-08-16',9096,'Card','TXN590266');
INSERT INTO [Order](CustomerID, OrderDate, Status, TotalAmount) VALUES (111,'2025-07-03','Processing',0);
INSERT INTO OrderLines(OrderID, ProductID, Qty, UnitPrice) VALUES (1105,44,3,1415);
INSERT INTO OrderLines(OrderID, ProductID, Qty, UnitPrice) VALUES (1105,1,3,313);
INSERT INTO OrderLines(OrderID, ProductID, Qty, UnitPrice) VALUES (1105,42,3,554);
INSERT INTO OrderLines(OrderID, ProductID, Qty, UnitPrice) VALUES (1105,20,3,715);
UPDATE [Order] SET TotalAmount=8991 WHERE OrderID=1105;
INSERT INTO Payment(OrderID, PaymentDate, Amount, PaymentMethod, TransactionRef) VALUES (1105,'2025-07-04',8991,'Cash','TXN827397');
INSERT INTO [Order](CustomerID, OrderDate, Status, TotalAmount) VALUES (111,'2025-10-26','Processing',0);
INSERT INTO OrderLines(OrderID, ProductID, Qty, UnitPrice) VALUES (1106,2,1,142);
INSERT INTO OrderLines(OrderID, ProductID, Qty, UnitPrice) VALUES (1106,9,3,340);
INSERT INTO OrderLines(OrderID, ProductID, Qty, UnitPrice) VALUES (1106,18,1,932);
INSERT INTO OrderLines(OrderID, ProductID, Qty, UnitPrice) VALUES (1106,21,2,299);
UPDATE [Order] SET TotalAmount=2692 WHERE OrderID=1106;
INSERT INTO Payment(OrderID, PaymentDate, Amount, PaymentMethod, TransactionRef) VALUES (1106,'2025-10-29',2692,'PayPal','TXN552426');
INSERT INTO [Order](CustomerID, OrderDate, Status, TotalAmount) VALUES (111,'2025-03-21','Processing',0);
INSERT INTO OrderLines(OrderID, ProductID, Qty, UnitPrice) VALUES (1107,21,1,801);
INSERT INTO OrderLines(OrderID, ProductID, Qty, UnitPrice) VALUES (1107,44,2,648);
INSERT INTO OrderLines(OrderID, ProductID, Qty, UnitPrice) VALUES (1107,4,2,979);
INSERT INTO OrderLines(OrderID, ProductID, Qty, UnitPrice) VALUES (1107,21,2,121);
UPDATE [Order] SET TotalAmount=4297 WHERE OrderID=1107;
INSERT INTO Payment(OrderID, PaymentDate, Amount, PaymentMethod, TransactionRef) VALUES (1107,'2025-03-21',4297,'PayPal','TXN112132');
INSERT INTO [Order](CustomerID, OrderDate, Status, TotalAmount) VALUES (111,'2025-04-15','Shipped',0);
INSERT INTO OrderLines(OrderID, ProductID, Qty, UnitPrice) VALUES (1108,49,1,1297);
INSERT INTO OrderLines(OrderID, ProductID, Qty, UnitPrice) VALUES (1108,22,1,1414);
INSERT INTO OrderLines(OrderID, ProductID, Qty, UnitPrice) VALUES (1108,47,3,797);
INSERT INTO OrderLines(OrderID, ProductID, Qty, UnitPrice) VALUES (1108,31,1,687);
UPDATE [Order] SET TotalAmount=5789 WHERE OrderID=1108;
INSERT INTO Payment(OrderID, PaymentDate, Amount, PaymentMethod, TransactionRef) VALUES (1108,'2025-04-17',5789,'Card','TXN216385');
INSERT INTO [Order](CustomerID, OrderDate, Status, TotalAmount) VALUES (111,'2025-01-31','Delivered',0);
INSERT INTO OrderLines(OrderID, ProductID, Qty, UnitPrice) VALUES (1109,21,2,194);
INSERT INTO OrderLines(OrderID, ProductID, Qty, UnitPrice) VALUES (1109,30,2,1453);
INSERT INTO OrderLines(OrderID, ProductID, Qty, UnitPrice) VALUES (1109,6,1,1372);
INSERT INTO OrderLines(OrderID, ProductID, Qty, UnitPrice) VALUES (1109,9,1,733);
UPDATE [Order] SET TotalAmount=5399 WHERE OrderID=1109;
INSERT INTO Payment(OrderID, PaymentDate, Amount, PaymentMethod, TransactionRef) VALUES (1109,'2025-02-03',5399,'Card','TXN147839');
INSERT INTO [Order](CustomerID, OrderDate, Status, TotalAmount) VALUES (111,'2025-01-05','Cancelled',0);
INSERT INTO OrderLines(OrderID, ProductID, Qty, UnitPrice) VALUES (1110,19,3,967);
INSERT INTO OrderLines(OrderID, ProductID, Qty, UnitPrice) VALUES (1110,8,2,339);
INSERT INTO OrderLines(OrderID, ProductID, Qty, UnitPrice) VALUES (1110,39,3,979);
INSERT INTO OrderLines(OrderID, ProductID, Qty, UnitPrice) VALUES (1110,21,2,755);
UPDATE [Order] SET TotalAmount=8026 WHERE OrderID=1110;
INSERT INTO Payment(OrderID, PaymentDate, Amount, PaymentMethod, TransactionRef) VALUES (1110,'2025-01-07',8026,'PayPal','TXN808608');
INSERT INTO [Order](CustomerID, OrderDate, Status, TotalAmount) VALUES (112,'2025-03-29','Shipped',0);
INSERT INTO OrderLines(OrderID, ProductID, Qty, UnitPrice) VALUES (1111,16,1,1023);
INSERT INTO OrderLines(OrderID, ProductID, Qty, UnitPrice) VALUES (1111,25,3,737);
INSERT INTO OrderLines(OrderID, ProductID, Qty, UnitPrice) VALUES (1111,18,1,201);
INSERT INTO OrderLines(OrderID, ProductID, Qty, UnitPrice) VALUES (1111,32,2,359);
UPDATE [Order] SET TotalAmount=4153 WHERE OrderID=1111;
INSERT INTO Payment(OrderID, PaymentDate, Amount, PaymentMethod, TransactionRef) VALUES (1111,'2025-03-31',4153,'Card','TXN519576');
INSERT INTO [Order](CustomerID, OrderDate, Status, TotalAmount) VALUES (112,'2025-09-07','Cancelled',0);
INSERT INTO OrderLines(OrderID, ProductID, Qty, UnitPrice) VALUES (1112,2,1,827);
INSERT INTO OrderLines(OrderID, ProductID, Qty, UnitPrice) VALUES (1112,24,2,547);
INSERT INTO OrderLines(OrderID, ProductID, Qty, UnitPrice) VALUES (1112,24,2,605);
INSERT INTO OrderLines(OrderID, ProductID, Qty, UnitPrice) VALUES (1112,28,2,454);
UPDATE [Order] SET TotalAmount=4039 WHERE OrderID=1112;
INSERT INTO Payment(OrderID, PaymentDate, Amount, PaymentMethod, TransactionRef) VALUES (1112,'2025-09-07',4039,'PayPal','TXN294828');
INSERT INTO [Order](CustomerID, OrderDate, Status, TotalAmount) VALUES (112,'2025-11-05','Processing',0);
INSERT INTO OrderLines(OrderID, ProductID, Qty, UnitPrice) VALUES (1113,31,2,252);
INSERT INTO OrderLines(OrderID, ProductID, Qty, UnitPrice) VALUES (1113,17,1,75);
INSERT INTO OrderLines(OrderID, ProductID, Qty, UnitPrice) VALUES (1113,36,3,889);
INSERT INTO OrderLines(OrderID, ProductID, Qty, UnitPrice) VALUES (1113,28,1,991);
UPDATE [Order] SET TotalAmount=4237 WHERE OrderID=1113;
INSERT INTO Payment(OrderID, PaymentDate, Amount, PaymentMethod, TransactionRef) VALUES (1113,'2025-11-10',4237,'PayPal','TXN728782');
INSERT INTO [Order](CustomerID, OrderDate, Status, TotalAmount) VALUES (112,'2025-09-19','Cancelled',0);
INSERT INTO OrderLines(OrderID, ProductID, Qty, UnitPrice) VALUES (1114,40,2,219);
INSERT INTO OrderLines(OrderID, ProductID, Qty, UnitPrice) VALUES (1114,5,1,1264);
INSERT INTO OrderLines(OrderID, ProductID, Qty, UnitPrice) VALUES (1114,1,3,504);
INSERT INTO OrderLines(OrderID, ProductID, Qty, UnitPrice) VALUES (1114,26,2,710);
UPDATE [Order] SET TotalAmount=4634 WHERE OrderID=1114;
INSERT INTO Payment(OrderID, PaymentDate, Amount, PaymentMethod, TransactionRef) VALUES (1114,'2025-09-21',4634,'PayPal','TXN893120');
INSERT INTO [Order](CustomerID, OrderDate, Status, TotalAmount) VALUES (112,'2025-08-07','Cancelled',0);
INSERT INTO OrderLines(OrderID, ProductID, Qty, UnitPrice) VALUES (1115,27,2,493);
INSERT INTO OrderLines(OrderID, ProductID, Qty, UnitPrice) VALUES (1115,40,3,545);
INSERT INTO OrderLines(OrderID, ProductID, Qty, UnitPrice) VALUES (1115,28,2,1061);
INSERT INTO OrderLines(OrderID, ProductID, Qty, UnitPrice) VALUES (1115,2,2,700);
UPDATE [Order] SET TotalAmount=6143 WHERE OrderID=1115;
INSERT INTO Payment(OrderID, PaymentDate, Amount, PaymentMethod, TransactionRef) VALUES (1115,'2025-08-12',6143,'Card','TXN930076');
INSERT INTO [Order](CustomerID, OrderDate, Status, TotalAmount) VALUES (112,'2025-11-18','Delivered',0);
INSERT INTO OrderLines(OrderID, ProductID, Qty, UnitPrice) VALUES (1116,49,1,369);
INSERT INTO OrderLines(OrderID, ProductID, Qty, UnitPrice) VALUES (1116,43,2,217);
INSERT INTO OrderLines(OrderID, ProductID, Qty, UnitPrice) VALUES (1116,4,3,1287);
INSERT INTO OrderLines(OrderID, ProductID, Qty, UnitPrice) VALUES (1116,15,1,1423);
UPDATE [Order] SET TotalAmount=6087 WHERE OrderID=1116;
INSERT INTO Payment(OrderID, PaymentDate, Amount, PaymentMethod, TransactionRef) VALUES (1116,'2025-11-22',6087,'Cash','TXN112852');
INSERT INTO [Order](CustomerID, OrderDate, Status, TotalAmount) VALUES (112,'2025-12-23','Cancelled',0);
INSERT INTO OrderLines(OrderID, ProductID, Qty, UnitPrice) VALUES (1117,21,3,39);
INSERT INTO OrderLines(OrderID, ProductID, Qty, UnitPrice) VALUES (1117,18,3,476);
INSERT INTO OrderLines(OrderID, ProductID, Qty, UnitPrice) VALUES (1117,44,2,984);
INSERT INTO OrderLines(OrderID, ProductID, Qty, UnitPrice) VALUES (1117,8,3,750);
UPDATE [Order] SET TotalAmount=5763 WHERE OrderID=1117;
INSERT INTO Payment(OrderID, PaymentDate, Amount, PaymentMethod, TransactionRef) VALUES (1117,'2025-12-28',5763,'Card','TXN346070');
INSERT INTO [Order](CustomerID, OrderDate, Status, TotalAmount) VALUES (112,'2025-11-14','Delivered',0);
INSERT INTO OrderLines(OrderID, ProductID, Qty, UnitPrice) VALUES (1118,44,1,167);
INSERT INTO OrderLines(OrderID, ProductID, Qty, UnitPrice) VALUES (1118,17,3,1206);
INSERT INTO OrderLines(OrderID, ProductID, Qty, UnitPrice) VALUES (1118,7,2,946);
INSERT INTO OrderLines(OrderID, ProductID, Qty, UnitPrice) VALUES (1118,16,3,1108);
UPDATE [Order] SET TotalAmount=9001 WHERE OrderID=1118;
INSERT INTO Payment(OrderID, PaymentDate, Amount, PaymentMethod, TransactionRef) VALUES (1118,'2025-11-14',9001,'PayPal','TXN207154');
INSERT INTO [Order](CustomerID, OrderDate, Status, TotalAmount) VALUES (112,'2025-04-18','Shipped',0);
INSERT INTO OrderLines(OrderID, ProductID, Qty, UnitPrice) VALUES (1119,24,3,495);
INSERT INTO OrderLines(OrderID, ProductID, Qty, UnitPrice) VALUES (1119,18,1,305);
INSERT INTO OrderLines(OrderID, ProductID, Qty, UnitPrice) VALUES (1119,50,3,780);
INSERT INTO OrderLines(OrderID, ProductID, Qty, UnitPrice) VALUES (1119,15,3,1232);
UPDATE [Order] SET TotalAmount=7826 WHERE OrderID=1119;
INSERT INTO Payment(OrderID, PaymentDate, Amount, PaymentMethod, TransactionRef) VALUES (1119,'2025-04-22',7826,'PayPal','TXN603457');
INSERT INTO [Order](CustomerID, OrderDate, Status, TotalAmount) VALUES (112,'2025-08-29','Shipped',0);
INSERT INTO OrderLines(OrderID, ProductID, Qty, UnitPrice) VALUES (1120,45,1,969);
INSERT INTO OrderLines(OrderID, ProductID, Qty, UnitPrice) VALUES (1120,22,2,796);
INSERT INTO OrderLines(OrderID, ProductID, Qty, UnitPrice) VALUES (1120,2,1,1125);
INSERT INTO OrderLines(OrderID, ProductID, Qty, UnitPrice) VALUES (1120,5,1,1184);
UPDATE [Order] SET TotalAmount=4870 WHERE OrderID=1120;
INSERT INTO Payment(OrderID, PaymentDate, Amount, PaymentMethod, TransactionRef) VALUES (1120,'2025-08-30',4870,'Card','TXN611590');
INSERT INTO [Order](CustomerID, OrderDate, Status, TotalAmount) VALUES (113,'2025-02-19','Processing',0);
INSERT INTO OrderLines(OrderID, ProductID, Qty, UnitPrice) VALUES (1121,19,1,319);
INSERT INTO OrderLines(OrderID, ProductID, Qty, UnitPrice) VALUES (1121,33,1,439);
INSERT INTO OrderLines(OrderID, ProductID, Qty, UnitPrice) VALUES (1121,9,2,48);
INSERT INTO OrderLines(OrderID, ProductID, Qty, UnitPrice) VALUES (1121,22,3,214);
UPDATE [Order] SET TotalAmount=1496 WHERE OrderID=1121;
INSERT INTO Payment(OrderID, PaymentDate, Amount, PaymentMethod, TransactionRef) VALUES (1121,'2025-02-23',1496,'Cash','TXN858116');
INSERT INTO [Order](CustomerID, OrderDate, Status, TotalAmount) VALUES (113,'2025-12-16','Cancelled',0);
INSERT INTO OrderLines(OrderID, ProductID, Qty, UnitPrice) VALUES (1122,20,2,888);
INSERT INTO OrderLines(OrderID, ProductID, Qty, UnitPrice) VALUES (1122,40,3,1494);
INSERT INTO OrderLines(OrderID, ProductID, Qty, UnitPrice) VALUES (1122,4,1,1390);
INSERT INTO OrderLines(OrderID, ProductID, Qty, UnitPrice) VALUES (1122,7,1,1439);
UPDATE [Order] SET TotalAmount=9087 WHERE OrderID=1122;
INSERT INTO Payment(OrderID, PaymentDate, Amount, PaymentMethod, TransactionRef) VALUES (1122,'2025-12-19',9087,'PayPal','TXN551019');
INSERT INTO [Order](CustomerID, OrderDate, Status, TotalAmount) VALUES (113,'2025-10-11','Processing',0);
INSERT INTO OrderLines(OrderID, ProductID, Qty, UnitPrice) VALUES (1123,41,2,1244);
INSERT INTO OrderLines(OrderID, ProductID, Qty, UnitPrice) VALUES (1123,16,3,346);
INSERT INTO OrderLines(OrderID, ProductID, Qty, UnitPrice) VALUES (1123,21,1,470);
INSERT INTO OrderLines(OrderID, ProductID, Qty, UnitPrice) VALUES (1123,29,3,337);
UPDATE [Order] SET TotalAmount=5007 WHERE OrderID=1123;
INSERT INTO Payment(OrderID, PaymentDate, Amount, PaymentMethod, TransactionRef) VALUES (1123,'2025-10-11',5007,'PayPal','TXN125790');
INSERT INTO [Order](CustomerID, OrderDate, Status, TotalAmount) VALUES (113,'2025-02-10','Cancelled',0);
INSERT INTO OrderLines(OrderID, ProductID, Qty, UnitPrice) VALUES (1124,38,1,1170);
INSERT INTO OrderLines(OrderID, ProductID, Qty, UnitPrice) VALUES (1124,38,1,155);
INSERT INTO OrderLines(OrderID, ProductID, Qty, UnitPrice) VALUES (1124,31,1,416);
INSERT INTO OrderLines(OrderID, ProductID, Qty, UnitPrice) VALUES (1124,39,1,731);
UPDATE [Order] SET TotalAmount=2472 WHERE OrderID=1124;
INSERT INTO Payment(OrderID, PaymentDate, Amount, PaymentMethod, TransactionRef) VALUES (1124,'2025-02-12',2472,'Card','TXN793220');
INSERT INTO [Order](CustomerID, OrderDate, Status, TotalAmount) VALUES (113,'2025-01-31','Cancelled',0);
INSERT INTO OrderLines(OrderID, ProductID, Qty, UnitPrice) VALUES (1125,47,1,210);
INSERT INTO OrderLines(OrderID, ProductID, Qty, UnitPrice) VALUES (1125,45,1,1346);
INSERT INTO OrderLines(OrderID, ProductID, Qty, UnitPrice) VALUES (1125,10,3,176);
INSERT INTO OrderLines(OrderID, ProductID, Qty, UnitPrice) VALUES (1125,42,2,212);
UPDATE [Order] SET TotalAmount=2508 WHERE OrderID=1125;
INSERT INTO Payment(OrderID, PaymentDate, Amount, PaymentMethod, TransactionRef) VALUES (1125,'2025-01-31',2508,'Card','TXN100221');
INSERT INTO [Order](CustomerID, OrderDate, Status, TotalAmount) VALUES (113,'2025-04-07','Cancelled',0);
INSERT INTO OrderLines(OrderID, ProductID, Qty, UnitPrice) VALUES (1126,24,1,35);
INSERT INTO OrderLines(OrderID, ProductID, Qty, UnitPrice) VALUES (1126,48,3,533);
INSERT INTO OrderLines(OrderID, ProductID, Qty, UnitPrice) VALUES (1126,25,3,1235);
INSERT INTO OrderLines(OrderID, ProductID, Qty, UnitPrice) VALUES (1126,39,1,138);
UPDATE [Order] SET TotalAmount=5477 WHERE OrderID=1126;
INSERT INTO Payment(OrderID, PaymentDate, Amount, PaymentMethod, TransactionRef) VALUES (1126,'2025-04-11',5477,'Cash','TXN796452');
INSERT INTO [Order](CustomerID, OrderDate, Status, TotalAmount) VALUES (113,'2025-07-03','Processing',0);
INSERT INTO OrderLines(OrderID, ProductID, Qty, UnitPrice) VALUES (1127,42,2,423);
INSERT INTO OrderLines(OrderID, ProductID, Qty, UnitPrice) VALUES (1127,49,1,1418);
INSERT INTO OrderLines(OrderID, ProductID, Qty, UnitPrice) VALUES (1127,6,2,315);
INSERT INTO OrderLines(OrderID, ProductID, Qty, UnitPrice) VALUES (1127,24,2,1485);
UPDATE [Order] SET TotalAmount=5864 WHERE OrderID=1127;
INSERT INTO Payment(OrderID, PaymentDate, Amount, PaymentMethod, TransactionRef) VALUES (1127,'2025-07-07',5864,'PayPal','TXN707083');
INSERT INTO [Order](CustomerID, OrderDate, Status, TotalAmount) VALUES (113,'2025-09-07','Cancelled',0);
INSERT INTO OrderLines(OrderID, ProductID, Qty, UnitPrice) VALUES (1128,11,2,288);
INSERT INTO OrderLines(OrderID, ProductID, Qty, UnitPrice) VALUES (1128,34,3,523);
INSERT INTO OrderLines(OrderID, ProductID, Qty, UnitPrice) VALUES (1128,26,3,1025);
INSERT INTO OrderLines(OrderID, ProductID, Qty, UnitPrice) VALUES (1128,6,2,1106);
UPDATE [Order] SET TotalAmount=7432 WHERE OrderID=1128;
INSERT INTO Payment(OrderID, PaymentDate, Amount, PaymentMethod, TransactionRef) VALUES (1128,'2025-09-10',7432,'PayPal','TXN784297');
INSERT INTO [Order](CustomerID, OrderDate, Status, TotalAmount) VALUES (113,'2025-10-06','Shipped',0);
INSERT INTO OrderLines(OrderID, ProductID, Qty, UnitPrice) VALUES (1129,43,2,1278);
INSERT INTO OrderLines(OrderID, ProductID, Qty, UnitPrice) VALUES (1129,37,2,894);
INSERT INTO OrderLines(OrderID, ProductID, Qty, UnitPrice) VALUES (1129,50,2,534);
INSERT INTO OrderLines(OrderID, ProductID, Qty, UnitPrice) VALUES (1129,42,2,172);
UPDATE [Order] SET TotalAmount=5756 WHERE OrderID=1129;
INSERT INTO Payment(OrderID, PaymentDate, Amount, PaymentMethod, TransactionRef) VALUES (1129,'2025-10-08',5756,'Card','TXN135412');
INSERT INTO [Order](CustomerID, OrderDate, Status, TotalAmount) VALUES (113,'2025-06-15','Shipped',0);
INSERT INTO OrderLines(OrderID, ProductID, Qty, UnitPrice) VALUES (1130,48,3,1022);
INSERT INTO OrderLines(OrderID, ProductID, Qty, UnitPrice) VALUES (1130,42,1,1340);
INSERT INTO OrderLines(OrderID, ProductID, Qty, UnitPrice) VALUES (1130,42,1,266);
INSERT INTO OrderLines(OrderID, ProductID, Qty, UnitPrice) VALUES (1130,40,3,280);
UPDATE [Order] SET TotalAmount=5512 WHERE OrderID=1130;
INSERT INTO Payment(OrderID, PaymentDate, Amount, PaymentMethod, TransactionRef) VALUES (1130,'2025-06-18',5512,'PayPal','TXN800273');
INSERT INTO [Order](CustomerID, OrderDate, Status, TotalAmount) VALUES (114,'2025-10-04','Delivered',0);
INSERT INTO OrderLines(OrderID, ProductID, Qty, UnitPrice) VALUES (1131,20,2,757);
INSERT INTO OrderLines(OrderID, ProductID, Qty, UnitPrice) VALUES (1131,19,1,1397);
INSERT INTO OrderLines(OrderID, ProductID, Qty, UnitPrice) VALUES (1131,42,1,1362);
INSERT INTO OrderLines(OrderID, ProductID, Qty, UnitPrice) VALUES (1131,48,3,537);
UPDATE [Order] SET TotalAmount=5884 WHERE OrderID=1131;
INSERT INTO Payment(OrderID, PaymentDate, Amount, PaymentMethod, TransactionRef) VALUES (1131,'2025-10-08',5884,'PayPal','TXN837060');
INSERT INTO [Order](CustomerID, OrderDate, Status, TotalAmount) VALUES (114,'2025-04-19','Cancelled',0);
INSERT INTO OrderLines(OrderID, ProductID, Qty, UnitPrice) VALUES (1132,46,3,22);
INSERT INTO OrderLines(OrderID, ProductID, Qty, UnitPrice) VALUES (1132,33,3,1219);
INSERT INTO OrderLines(OrderID, ProductID, Qty, UnitPrice) VALUES (1132,6,2,265);
INSERT INTO OrderLines(OrderID, ProductID, Qty, UnitPrice) VALUES (1132,46,3,436);
UPDATE [Order] SET TotalAmount=5561 WHERE OrderID=1132;
INSERT INTO Payment(OrderID, PaymentDate, Amount, PaymentMethod, TransactionRef) VALUES (1132,'2025-04-19',5561,'Cash','TXN707495');
INSERT INTO [Order](CustomerID, OrderDate, Status, TotalAmount) VALUES (114,'2025-10-06','Cancelled',0);
INSERT INTO OrderLines(OrderID, ProductID, Qty, UnitPrice) VALUES (1133,32,3,652);
INSERT INTO OrderLines(OrderID, ProductID, Qty, UnitPrice) VALUES (1133,33,1,1176);
INSERT INTO OrderLines(OrderID, ProductID, Qty, UnitPrice) VALUES (1133,11,3,1372);
INSERT INTO OrderLines(OrderID, ProductID, Qty, UnitPrice) VALUES (1133,40,3,900);
UPDATE [Order] SET TotalAmount=9948 WHERE OrderID=1133;
INSERT INTO Payment(OrderID, PaymentDate, Amount, PaymentMethod, TransactionRef) VALUES (1133,'2025-10-09',9948,'PayPal','TXN101596');
INSERT INTO [Order](CustomerID, OrderDate, Status, TotalAmount) VALUES (114,'2025-02-21','Processing',0);
INSERT INTO OrderLines(OrderID, ProductID, Qty, UnitPrice) VALUES (1134,5,3,760);
INSERT INTO OrderLines(OrderID, ProductID, Qty, UnitPrice) VALUES (1134,14,3,788);
INSERT INTO OrderLines(OrderID, ProductID, Qty, UnitPrice) VALUES (1134,31,1,1306);
INSERT INTO OrderLines(OrderID, ProductID, Qty, UnitPrice) VALUES (1134,1,1,1495);
UPDATE [Order] SET TotalAmount=7445 WHERE OrderID=1134;
INSERT INTO Payment(OrderID, PaymentDate, Amount, PaymentMethod, TransactionRef) VALUES (1134,'2025-02-22',7445,'Card','TXN205041');
INSERT INTO [Order](CustomerID, OrderDate, Status, TotalAmount) VALUES (114,'2025-10-27','Shipped',0);
INSERT INTO OrderLines(OrderID, ProductID, Qty, UnitPrice) VALUES (1135,28,2,1022);
INSERT INTO OrderLines(OrderID, ProductID, Qty, UnitPrice) VALUES (1135,5,3,693);
INSERT INTO OrderLines(OrderID, ProductID, Qty, UnitPrice) VALUES (1135,4,1,1185);
INSERT INTO OrderLines(OrderID, ProductID, Qty, UnitPrice) VALUES (1135,18,3,481);
UPDATE [Order] SET TotalAmount=6751 WHERE OrderID=1135;
INSERT INTO Payment(OrderID, PaymentDate, Amount, PaymentMethod, TransactionRef) VALUES (1135,'2025-10-27',6751,'Cash','TXN864492');
INSERT INTO [Order](CustomerID, OrderDate, Status, TotalAmount) VALUES (114,'2025-11-13','Cancelled',0);
INSERT INTO OrderLines(OrderID, ProductID, Qty, UnitPrice) VALUES (1136,17,1,1445);
INSERT INTO OrderLines(OrderID, ProductID, Qty, UnitPrice) VALUES (1136,48,2,613);
INSERT INTO OrderLines(OrderID, ProductID, Qty, UnitPrice) VALUES (1136,29,2,1042);
INSERT INTO OrderLines(OrderID, ProductID, Qty, UnitPrice) VALUES (1136,6,2,1424);
UPDATE [Order] SET TotalAmount=7603 WHERE OrderID=1136;
INSERT INTO Payment(OrderID, PaymentDate, Amount, PaymentMethod, TransactionRef) VALUES (1136,'2025-11-14',7603,'Card','TXN685248');
INSERT INTO [Order](CustomerID, OrderDate, Status, TotalAmount) VALUES (114,'2025-08-29','Shipped',0);
INSERT INTO OrderLines(OrderID, ProductID, Qty, UnitPrice) VALUES (1137,43,2,1090);
INSERT INTO OrderLines(OrderID, ProductID, Qty, UnitPrice) VALUES (1137,32,3,1401);
INSERT INTO OrderLines(OrderID, ProductID, Qty, UnitPrice) VALUES (1137,27,3,1294);
INSERT INTO OrderLines(OrderID, ProductID, Qty, UnitPrice) VALUES (1137,9,2,593);
UPDATE [Order] SET TotalAmount=11451 WHERE OrderID=1137;
INSERT INTO Payment(OrderID, PaymentDate, Amount, PaymentMethod, TransactionRef) VALUES (1137,'2025-08-31',11451,'PayPal','TXN753155');
INSERT INTO [Order](CustomerID, OrderDate, Status, TotalAmount) VALUES (114,'2025-02-24','Cancelled',0);
INSERT INTO OrderLines(OrderID, ProductID, Qty, UnitPrice) VALUES (1138,20,2,979);
INSERT INTO OrderLines(OrderID, ProductID, Qty, UnitPrice) VALUES (1138,6,3,38);
INSERT INTO OrderLines(OrderID, ProductID, Qty, UnitPrice) VALUES (1138,39,3,111);
INSERT INTO OrderLines(OrderID, ProductID, Qty, UnitPrice) VALUES (1138,38,3,572);
UPDATE [Order] SET TotalAmount=4121 WHERE OrderID=1138;
INSERT INTO Payment(OrderID, PaymentDate, Amount, PaymentMethod, TransactionRef) VALUES (1138,'2025-02-24',4121,'Cash','TXN149044');
INSERT INTO [Order](CustomerID, OrderDate, Status, TotalAmount) VALUES (114,'2025-10-08','Shipped',0);
INSERT INTO OrderLines(OrderID, ProductID, Qty, UnitPrice) VALUES (1139,18,2,1055);
INSERT INTO OrderLines(OrderID, ProductID, Qty, UnitPrice) VALUES (1139,23,3,332);
INSERT INTO OrderLines(OrderID, ProductID, Qty, UnitPrice) VALUES (1139,49,1,904);
INSERT INTO OrderLines(OrderID, ProductID, Qty, UnitPrice) VALUES (1139,46,1,818);
UPDATE [Order] SET TotalAmount=4828 WHERE OrderID=1139;
INSERT INTO Payment(OrderID, PaymentDate, Amount, PaymentMethod, TransactionRef) VALUES (1139,'2025-10-08',4828,'Card','TXN405628');
INSERT INTO [Order](CustomerID, OrderDate, Status, TotalAmount) VALUES (114,'2025-11-26','Delivered',0);
INSERT INTO OrderLines(OrderID, ProductID, Qty, UnitPrice) VALUES (1140,46,2,1371);
INSERT INTO OrderLines(OrderID, ProductID, Qty, UnitPrice) VALUES (1140,8,3,1055);
INSERT INTO OrderLines(OrderID, ProductID, Qty, UnitPrice) VALUES (1140,21,2,164);
INSERT INTO OrderLines(OrderID, ProductID, Qty, UnitPrice) VALUES (1140,33,1,135);
UPDATE [Order] SET TotalAmount=6370 WHERE OrderID=1140;
INSERT INTO Payment(OrderID, PaymentDate, Amount, PaymentMethod, TransactionRef) VALUES (1140,'2025-11-26',6370,'Cash','TXN274005');
INSERT INTO [Order](CustomerID, OrderDate, Status, TotalAmount) VALUES (115,'2025-11-25','Processing',0);
INSERT INTO OrderLines(OrderID, ProductID, Qty, UnitPrice) VALUES (1141,9,3,261);
INSERT INTO OrderLines(OrderID, ProductID, Qty, UnitPrice) VALUES (1141,50,1,289);
INSERT INTO OrderLines(OrderID, ProductID, Qty, UnitPrice) VALUES (1141,44,3,719);
INSERT INTO OrderLines(OrderID, ProductID, Qty, UnitPrice) VALUES (1141,46,3,358);
UPDATE [Order] SET TotalAmount=4303 WHERE OrderID=1141;
INSERT INTO Payment(OrderID, PaymentDate, Amount, PaymentMethod, TransactionRef) VALUES (1141,'2025-11-27',4303,'Cash','TXN689947');
INSERT INTO [Order](CustomerID, OrderDate, Status, TotalAmount) VALUES (115,'2025-03-17','Cancelled',0);
INSERT INTO OrderLines(OrderID, ProductID, Qty, UnitPrice) VALUES (1142,2,1,450);
INSERT INTO OrderLines(OrderID, ProductID, Qty, UnitPrice) VALUES (1142,33,2,900);
INSERT INTO OrderLines(OrderID, ProductID, Qty, UnitPrice) VALUES (1142,42,1,1191);
INSERT INTO OrderLines(OrderID, ProductID, Qty, UnitPrice) VALUES (1142,30,3,1132);
UPDATE [Order] SET TotalAmount=6837 WHERE OrderID=1142;
INSERT INTO Payment(OrderID, PaymentDate, Amount, PaymentMethod, TransactionRef) VALUES (1142,'2025-03-19',6837,'Cash','TXN560665');
INSERT INTO [Order](CustomerID, OrderDate, Status, TotalAmount) VALUES (115,'2025-05-15','Delivered',0);
INSERT INTO OrderLines(OrderID, ProductID, Qty, UnitPrice) VALUES (1143,3,3,1236);
INSERT INTO OrderLines(OrderID, ProductID, Qty, UnitPrice) VALUES (1143,49,2,918);
INSERT INTO OrderLines(OrderID, ProductID, Qty, UnitPrice) VALUES (1143,22,3,1382);
INSERT INTO OrderLines(OrderID, ProductID, Qty, UnitPrice) VALUES (1143,31,1,551);
UPDATE [Order] SET TotalAmount=10241 WHERE OrderID=1143;
INSERT INTO Payment(OrderID, PaymentDate, Amount, PaymentMethod, TransactionRef) VALUES (1143,'2025-05-20',10241,'PayPal','TXN260453');
INSERT INTO [Order](CustomerID, OrderDate, Status, TotalAmount) VALUES (115,'2025-06-17','Cancelled',0);
INSERT INTO OrderLines(OrderID, ProductID, Qty, UnitPrice) VALUES (1144,49,1,271);
INSERT INTO OrderLines(OrderID, ProductID, Qty, UnitPrice) VALUES (1144,7,1,669);
INSERT INTO OrderLines(OrderID, ProductID, Qty, UnitPrice) VALUES (1144,17,2,1348);
INSERT INTO OrderLines(OrderID, ProductID, Qty, UnitPrice) VALUES (1144,34,2,25);
UPDATE [Order] SET TotalAmount=3686 WHERE OrderID=1144;
INSERT INTO Payment(OrderID, PaymentDate, Amount, PaymentMethod, TransactionRef) VALUES (1144,'2025-06-17',3686,'Cash','TXN999991');
INSERT INTO [Order](CustomerID, OrderDate, Status, TotalAmount) VALUES (115,'2025-09-06','Delivered',0);
INSERT INTO OrderLines(OrderID, ProductID, Qty, UnitPrice) VALUES (1145,29,3,151);
INSERT INTO OrderLines(OrderID, ProductID, Qty, UnitPrice) VALUES (1145,46,3,751);
INSERT INTO OrderLines(OrderID, ProductID, Qty, UnitPrice) VALUES (1145,2,3,767);
INSERT INTO OrderLines(OrderID, ProductID, Qty, UnitPrice) VALUES (1145,6,1,842);
UPDATE [Order] SET TotalAmount=5849 WHERE OrderID=1145;
INSERT INTO Payment(OrderID, PaymentDate, Amount, PaymentMethod, TransactionRef) VALUES (1145,'2025-09-07',5849,'Cash','TXN441766');
INSERT INTO [Order](CustomerID, OrderDate, Status, TotalAmount) VALUES (115,'2025-11-09','Delivered',0);
INSERT INTO OrderLines(OrderID, ProductID, Qty, UnitPrice) VALUES (1146,11,1,727);
INSERT INTO OrderLines(OrderID, ProductID, Qty, UnitPrice) VALUES (1146,35,2,1194);
INSERT INTO OrderLines(OrderID, ProductID, Qty, UnitPrice) VALUES (1146,30,1,618);
INSERT INTO OrderLines(OrderID, ProductID, Qty, UnitPrice) VALUES (1146,20,3,541);
UPDATE [Order] SET TotalAmount=5356 WHERE OrderID=1146;
INSERT INTO Payment(OrderID, PaymentDate, Amount, PaymentMethod, TransactionRef) VALUES (1146,'2025-11-14',5356,'Card','TXN533669');
INSERT INTO [Order](CustomerID, OrderDate, Status, TotalAmount) VALUES (115,'2025-10-28','Cancelled',0);
INSERT INTO OrderLines(OrderID, ProductID, Qty, UnitPrice) VALUES (1147,23,1,176);
INSERT INTO OrderLines(OrderID, ProductID, Qty, UnitPrice) VALUES (1147,13,1,300);
INSERT INTO OrderLines(OrderID, ProductID, Qty, UnitPrice) VALUES (1147,49,2,98);
INSERT INTO OrderLines(OrderID, ProductID, Qty, UnitPrice) VALUES (1147,13,1,889);
UPDATE [Order] SET TotalAmount=1561 WHERE OrderID=1147;
INSERT INTO Payment(OrderID, PaymentDate, Amount, PaymentMethod, TransactionRef) VALUES (1147,'2025-10-28',1561,'Cash','TXN193508');
INSERT INTO [Order](CustomerID, OrderDate, Status, TotalAmount) VALUES (115,'2025-04-28','Processing',0);
INSERT INTO OrderLines(OrderID, ProductID, Qty, UnitPrice) VALUES (1148,3,1,1024);
INSERT INTO OrderLines(OrderID, ProductID, Qty, UnitPrice) VALUES (1148,14,2,344);
INSERT INTO OrderLines(OrderID, ProductID, Qty, UnitPrice) VALUES (1148,27,3,1403);
INSERT INTO OrderLines(OrderID, ProductID, Qty, UnitPrice) VALUES (1148,7,1,535);
UPDATE [Order] SET TotalAmount=6456 WHERE OrderID=1148;
INSERT INTO Payment(OrderID, PaymentDate, Amount, PaymentMethod, TransactionRef) VALUES (1148,'2025-04-30',6456,'PayPal','TXN933710');
INSERT INTO [Order](CustomerID, OrderDate, Status, TotalAmount) VALUES (115,'2025-05-30','Processing',0);
INSERT INTO OrderLines(OrderID, ProductID, Qty, UnitPrice) VALUES (1149,37,1,46);
INSERT INTO OrderLines(OrderID, ProductID, Qty, UnitPrice) VALUES (1149,24,2,1095);
INSERT INTO OrderLines(OrderID, ProductID, Qty, UnitPrice) VALUES (1149,23,3,681);
INSERT INTO OrderLines(OrderID, ProductID, Qty, UnitPrice) VALUES (1149,16,2,1175);
UPDATE [Order] SET TotalAmount=6629 WHERE OrderID=1149;
INSERT INTO Payment(OrderID, PaymentDate, Amount, PaymentMethod, TransactionRef) VALUES (1149,'2025-06-01',6629,'Cash','TXN149538');
INSERT INTO [Order](CustomerID, OrderDate, Status, TotalAmount) VALUES (115,'2025-05-17','Processing',0);
INSERT INTO OrderLines(OrderID, ProductID, Qty, UnitPrice) VALUES (1150,44,3,1324);
INSERT INTO OrderLines(OrderID, ProductID, Qty, UnitPrice) VALUES (1150,3,1,217);
INSERT INTO OrderLines(OrderID, ProductID, Qty, UnitPrice) VALUES (1150,30,3,1099);
INSERT INTO OrderLines(OrderID, ProductID, Qty, UnitPrice) VALUES (1150,29,2,1365);
UPDATE [Order] SET TotalAmount=10216 WHERE OrderID=1150;
INSERT INTO Payment(OrderID, PaymentDate, Amount, PaymentMethod, TransactionRef) VALUES (1150,'2025-05-22',10216,'Card','TXN828055');
INSERT INTO [Order](CustomerID, OrderDate, Status, TotalAmount) VALUES (116,'2025-07-16','Cancelled',0);
INSERT INTO OrderLines(OrderID, ProductID, Qty, UnitPrice) VALUES (1151,23,2,173);
INSERT INTO OrderLines(OrderID, ProductID, Qty, UnitPrice) VALUES (1151,3,2,42);
INSERT INTO OrderLines(OrderID, ProductID, Qty, UnitPrice) VALUES (1151,49,2,848);
INSERT INTO OrderLines(OrderID, ProductID, Qty, UnitPrice) VALUES (1151,35,2,588);
UPDATE [Order] SET TotalAmount=3302 WHERE OrderID=1151;
INSERT INTO Payment(OrderID, PaymentDate, Amount, PaymentMethod, TransactionRef) VALUES (1151,'2025-07-21',3302,'Cash','TXN385677');
INSERT INTO [Order](CustomerID, OrderDate, Status, TotalAmount) VALUES (116,'2025-01-23','Delivered',0);
INSERT INTO OrderLines(OrderID, ProductID, Qty, UnitPrice) VALUES (1152,19,2,1393);
INSERT INTO OrderLines(OrderID, ProductID, Qty, UnitPrice) VALUES (1152,25,3,232);
INSERT INTO OrderLines(OrderID, ProductID, Qty, UnitPrice) VALUES (1152,21,1,1332);
INSERT INTO OrderLines(OrderID, ProductID, Qty, UnitPrice) VALUES (1152,39,2,785);
UPDATE [Order] SET TotalAmount=6384 WHERE OrderID=1152;
INSERT INTO Payment(OrderID, PaymentDate, Amount, PaymentMethod, TransactionRef) VALUES (1152,'2025-01-24',6384,'Card','TXN860764');
INSERT INTO [Order](CustomerID, OrderDate, Status, TotalAmount) VALUES (116,'2025-05-08','Shipped',0);
INSERT INTO OrderLines(OrderID, ProductID, Qty, UnitPrice) VALUES (1153,3,3,250);
INSERT INTO OrderLines(OrderID, ProductID, Qty, UnitPrice) VALUES (1153,11,3,191);
INSERT INTO OrderLines(OrderID, ProductID, Qty, UnitPrice) VALUES (1153,17,2,593);
INSERT INTO OrderLines(OrderID, ProductID, Qty, UnitPrice) VALUES (1153,12,1,154);
UPDATE [Order] SET TotalAmount=2663 WHERE OrderID=1153;
INSERT INTO Payment(OrderID, PaymentDate, Amount, PaymentMethod, TransactionRef) VALUES (1153,'2025-05-13',2663,'Cash','TXN374118');
INSERT INTO [Order](CustomerID, OrderDate, Status, TotalAmount) VALUES (116,'2025-09-09','Processing',0);
INSERT INTO OrderLines(OrderID, ProductID, Qty, UnitPrice) VALUES (1154,9,3,110);
INSERT INTO OrderLines(OrderID, ProductID, Qty, UnitPrice) VALUES (1154,6,1,1384);
INSERT INTO OrderLines(OrderID, ProductID, Qty, UnitPrice) VALUES (1154,6,3,1373);
INSERT INTO OrderLines(OrderID, ProductID, Qty, UnitPrice) VALUES (1154,23,3,418);
UPDATE [Order] SET TotalAmount=7087 WHERE OrderID=1154;
INSERT INTO Payment(OrderID, PaymentDate, Amount, PaymentMethod, TransactionRef) VALUES (1154,'2025-09-13',7087,'PayPal','TXN746016');
INSERT INTO [Order](CustomerID, OrderDate, Status, TotalAmount) VALUES (116,'2025-04-29','Cancelled',0);
INSERT INTO OrderLines(OrderID, ProductID, Qty, UnitPrice) VALUES (1155,8,3,250);
INSERT INTO OrderLines(OrderID, ProductID, Qty, UnitPrice) VALUES (1155,21,1,417);
INSERT INTO OrderLines(OrderID, ProductID, Qty, UnitPrice) VALUES (1155,25,2,377);
INSERT INTO OrderLines(OrderID, ProductID, Qty, UnitPrice) VALUES (1155,47,1,918);
UPDATE [Order] SET TotalAmount=2839 WHERE OrderID=1155;
INSERT INTO Payment(OrderID, PaymentDate, Amount, PaymentMethod, TransactionRef) VALUES (1155,'2025-05-02',2839,'Cash','TXN185700');
INSERT INTO [Order](CustomerID, OrderDate, Status, TotalAmount) VALUES (116,'2025-01-03','Delivered',0);
INSERT INTO OrderLines(OrderID, ProductID, Qty, UnitPrice) VALUES (1156,25,2,1494);
INSERT INTO OrderLines(OrderID, ProductID, Qty, UnitPrice) VALUES (1156,29,3,265);
INSERT INTO OrderLines(OrderID, ProductID, Qty, UnitPrice) VALUES (1156,21,1,802);
INSERT INTO OrderLines(OrderID, ProductID, Qty, UnitPrice) VALUES (1156,40,1,941);
UPDATE [Order] SET TotalAmount=5526 WHERE OrderID=1156;
INSERT INTO Payment(OrderID, PaymentDate, Amount, PaymentMethod, TransactionRef) VALUES (1156,'2025-01-07',5526,'PayPal','TXN358222');
INSERT INTO [Order](CustomerID, OrderDate, Status, TotalAmount) VALUES (116,'2025-08-03','Cancelled',0);
INSERT INTO OrderLines(OrderID, ProductID, Qty, UnitPrice) VALUES (1157,31,2,196);
INSERT INTO OrderLines(OrderID, ProductID, Qty, UnitPrice) VALUES (1157,4,2,1405);
INSERT INTO OrderLines(OrderID, ProductID, Qty, UnitPrice) VALUES (1157,15,2,556);
INSERT INTO OrderLines(OrderID, ProductID, Qty, UnitPrice) VALUES (1157,6,3,838);
UPDATE [Order] SET TotalAmount=6828 WHERE OrderID=1157;
INSERT INTO Payment(OrderID, PaymentDate, Amount, PaymentMethod, TransactionRef) VALUES (1157,'2025-08-07',6828,'Card','TXN370958');
INSERT INTO [Order](CustomerID, OrderDate, Status, TotalAmount) VALUES (116,'2025-04-02','Processing',0);
INSERT INTO OrderLines(OrderID, ProductID, Qty, UnitPrice) VALUES (1158,4,1,980);
INSERT INTO OrderLines(OrderID, ProductID, Qty, UnitPrice) VALUES (1158,1,3,299);
INSERT INTO OrderLines(OrderID, ProductID, Qty, UnitPrice) VALUES (1158,11,3,108);
INSERT INTO OrderLines(OrderID, ProductID, Qty, UnitPrice) VALUES (1158,27,3,1002);
UPDATE [Order] SET TotalAmount=5207 WHERE OrderID=1158;
INSERT INTO Payment(OrderID, PaymentDate, Amount, PaymentMethod, TransactionRef) VALUES (1158,'2025-04-04',5207,'PayPal','TXN131875');
INSERT INTO [Order](CustomerID, OrderDate, Status, TotalAmount) VALUES (116,'2025-04-04','Processing',0);
INSERT INTO OrderLines(OrderID, ProductID, Qty, UnitPrice) VALUES (1159,15,2,617);
INSERT INTO OrderLines(OrderID, ProductID, Qty, UnitPrice) VALUES (1159,2,3,669);
INSERT INTO OrderLines(OrderID, ProductID, Qty, UnitPrice) VALUES (1159,45,2,855);
INSERT INTO OrderLines(OrderID, ProductID, Qty, UnitPrice) VALUES (1159,38,3,496);
UPDATE [Order] SET TotalAmount=6439 WHERE OrderID=1159;
INSERT INTO Payment(OrderID, PaymentDate, Amount, PaymentMethod, TransactionRef) VALUES (1159,'2025-04-04',6439,'Cash','TXN844190');
INSERT INTO [Order](CustomerID, OrderDate, Status, TotalAmount) VALUES (116,'2025-02-07','Delivered',0);
INSERT INTO OrderLines(OrderID, ProductID, Qty, UnitPrice) VALUES (1160,22,1,444);
INSERT INTO OrderLines(OrderID, ProductID, Qty, UnitPrice) VALUES (1160,3,2,1446);
INSERT INTO OrderLines(OrderID, ProductID, Qty, UnitPrice) VALUES (1160,24,1,571);
INSERT INTO OrderLines(OrderID, ProductID, Qty, UnitPrice) VALUES (1160,35,3,1119);
UPDATE [Order] SET TotalAmount=7264 WHERE OrderID=1160;
INSERT INTO Payment(OrderID, PaymentDate, Amount, PaymentMethod, TransactionRef) VALUES (1160,'2025-02-09',7264,'PayPal','TXN565283');
INSERT INTO [Order](CustomerID, OrderDate, Status, TotalAmount) VALUES (117,'2025-07-03','Delivered',0);
INSERT INTO OrderLines(OrderID, ProductID, Qty, UnitPrice) VALUES (1161,15,3,1130);
INSERT INTO OrderLines(OrderID, ProductID, Qty, UnitPrice) VALUES (1161,6,1,1102);
INSERT INTO OrderLines(OrderID, ProductID, Qty, UnitPrice) VALUES (1161,42,2,629);
INSERT INTO OrderLines(OrderID, ProductID, Qty, UnitPrice) VALUES (1161,22,1,635);
UPDATE [Order] SET TotalAmount=6385 WHERE OrderID=1161;
INSERT INTO Payment(OrderID, PaymentDate, Amount, PaymentMethod, TransactionRef) VALUES (1161,'2025-07-08',6385,'Cash','TXN152180');
INSERT INTO [Order](CustomerID, OrderDate, Status, TotalAmount) VALUES (117,'2025-10-07','Delivered',0);
INSERT INTO OrderLines(OrderID, ProductID, Qty, UnitPrice) VALUES (1162,8,1,236);
INSERT INTO OrderLines(OrderID, ProductID, Qty, UnitPrice) VALUES (1162,19,3,123);
INSERT INTO OrderLines(OrderID, ProductID, Qty, UnitPrice) VALUES (1162,20,3,554);
INSERT INTO OrderLines(OrderID, ProductID, Qty, UnitPrice) VALUES (1162,34,3,897);
UPDATE [Order] SET TotalAmount=4958 WHERE OrderID=1162;
INSERT INTO Payment(OrderID, PaymentDate, Amount, PaymentMethod, TransactionRef) VALUES (1162,'2025-10-12',4958,'Card','TXN115841');
INSERT INTO [Order](CustomerID, OrderDate, Status, TotalAmount) VALUES (117,'2025-02-21','Cancelled',0);
INSERT INTO OrderLines(OrderID, ProductID, Qty, UnitPrice) VALUES (1163,4,2,1313);
INSERT INTO OrderLines(OrderID, ProductID, Qty, UnitPrice) VALUES (1163,19,2,229);
INSERT INTO OrderLines(OrderID, ProductID, Qty, UnitPrice) VALUES (1163,31,3,631);
INSERT INTO OrderLines(OrderID, ProductID, Qty, UnitPrice) VALUES (1163,38,2,761);
UPDATE [Order] SET TotalAmount=6499 WHERE OrderID=1163;
INSERT INTO Payment(OrderID, PaymentDate, Amount, PaymentMethod, TransactionRef) VALUES (1163,'2025-02-26',6499,'PayPal','TXN698417');
INSERT INTO [Order](CustomerID, OrderDate, Status, TotalAmount) VALUES (117,'2025-01-09','Delivered',0);
INSERT INTO OrderLines(OrderID, ProductID, Qty, UnitPrice) VALUES (1164,37,3,169);
INSERT INTO OrderLines(OrderID, ProductID, Qty, UnitPrice) VALUES (1164,48,1,869);
INSERT INTO OrderLines(OrderID, ProductID, Qty, UnitPrice) VALUES (1164,24,3,530);
INSERT INTO OrderLines(OrderID, ProductID, Qty, UnitPrice) VALUES (1164,18,2,1496);
UPDATE [Order] SET TotalAmount=5958 WHERE OrderID=1164;
INSERT INTO Payment(OrderID, PaymentDate, Amount, PaymentMethod, TransactionRef) VALUES (1164,'2025-01-13',5958,'Cash','TXN854737');
INSERT INTO [Order](CustomerID, OrderDate, Status, TotalAmount) VALUES (117,'2025-03-15','Shipped',0);
INSERT INTO OrderLines(OrderID, ProductID, Qty, UnitPrice) VALUES (1165,28,2,513);
INSERT INTO OrderLines(OrderID, ProductID, Qty, UnitPrice) VALUES (1165,40,3,739);
INSERT INTO OrderLines(OrderID, ProductID, Qty, UnitPrice) VALUES (1165,40,3,232);
INSERT INTO OrderLines(OrderID, ProductID, Qty, UnitPrice) VALUES (1165,45,2,1227);
UPDATE [Order] SET TotalAmount=6393 WHERE OrderID=1165;
INSERT INTO Payment(OrderID, PaymentDate, Amount, PaymentMethod, TransactionRef) VALUES (1165,'2025-03-15',6393,'Cash','TXN242775');
INSERT INTO [Order](CustomerID, OrderDate, Status, TotalAmount) VALUES (117,'2025-11-24','Delivered',0);
INSERT INTO OrderLines(OrderID, ProductID, Qty, UnitPrice) VALUES (1166,30,2,1310);
INSERT INTO OrderLines(OrderID, ProductID, Qty, UnitPrice) VALUES (1166,50,2,654);
INSERT INTO OrderLines(OrderID, ProductID, Qty, UnitPrice) VALUES (1166,33,3,923);
INSERT INTO OrderLines(OrderID, ProductID, Qty, UnitPrice) VALUES (1166,2,2,1258);
UPDATE [Order] SET TotalAmount=9213 WHERE OrderID=1166;
INSERT INTO Payment(OrderID, PaymentDate, Amount, PaymentMethod, TransactionRef) VALUES (1166,'2025-11-27',9213,'Cash','TXN301570');
INSERT INTO [Order](CustomerID, OrderDate, Status, TotalAmount) VALUES (117,'2025-08-20','Processing',0);
INSERT INTO OrderLines(OrderID, ProductID, Qty, UnitPrice) VALUES (1167,14,3,852);
INSERT INTO OrderLines(OrderID, ProductID, Qty, UnitPrice) VALUES (1167,17,1,715);
INSERT INTO OrderLines(OrderID, ProductID, Qty, UnitPrice) VALUES (1167,25,2,420);
INSERT INTO OrderLines(OrderID, ProductID, Qty, UnitPrice) VALUES (1167,49,2,1309);
UPDATE [Order] SET TotalAmount=6729 WHERE OrderID=1167;
INSERT INTO Payment(OrderID, PaymentDate, Amount, PaymentMethod, TransactionRef) VALUES (1167,'2025-08-25',6729,'PayPal','TXN595327');
INSERT INTO [Order](CustomerID, OrderDate, Status, TotalAmount) VALUES (117,'2025-04-09','Processing',0);
INSERT INTO OrderLines(OrderID, ProductID, Qty, UnitPrice) VALUES (1168,1,2,1280);
INSERT INTO OrderLines(OrderID, ProductID, Qty, UnitPrice) VALUES (1168,27,3,501);
INSERT INTO OrderLines(OrderID, ProductID, Qty, UnitPrice) VALUES (1168,4,1,1474);
INSERT INTO OrderLines(OrderID, ProductID, Qty, UnitPrice) VALUES (1168,42,3,258);
UPDATE [Order] SET TotalAmount=6311 WHERE OrderID=1168;
INSERT INTO Payment(OrderID, PaymentDate, Amount, PaymentMethod, TransactionRef) VALUES (1168,'2025-04-13',6311,'Cash','TXN128792');
INSERT INTO [Order](CustomerID, OrderDate, Status, TotalAmount) VALUES (117,'2025-08-02','Cancelled',0);
INSERT INTO OrderLines(OrderID, ProductID, Qty, UnitPrice) VALUES (1169,40,3,761);
INSERT INTO OrderLines(OrderID, ProductID, Qty, UnitPrice) VALUES (1169,48,3,433);
INSERT INTO OrderLines(OrderID, ProductID, Qty, UnitPrice) VALUES (1169,20,2,439);
INSERT INTO OrderLines(OrderID, ProductID, Qty, UnitPrice) VALUES (1169,16,1,217);
UPDATE [Order] SET TotalAmount=4677 WHERE OrderID=1169;
INSERT INTO Payment(OrderID, PaymentDate, Amount, PaymentMethod, TransactionRef) VALUES (1169,'2025-08-02',4677,'PayPal','TXN694358');
INSERT INTO [Order](CustomerID, OrderDate, Status, TotalAmount) VALUES (117,'2025-10-30','Shipped',0);
INSERT INTO OrderLines(OrderID, ProductID, Qty, UnitPrice) VALUES (1170,36,3,701);
INSERT INTO OrderLines(OrderID, ProductID, Qty, UnitPrice) VALUES (1170,25,3,747);
INSERT INTO OrderLines(OrderID, ProductID, Qty, UnitPrice) VALUES (1170,43,2,1300);
INSERT INTO OrderLines(OrderID, ProductID, Qty, UnitPrice) VALUES (1170,27,3,680);
UPDATE [Order] SET TotalAmount=8984 WHERE OrderID=1170;
INSERT INTO Payment(OrderID, PaymentDate, Amount, PaymentMethod, TransactionRef) VALUES (1170,'2025-11-02',8984,'Cash','TXN640228');
INSERT INTO [Order](CustomerID, OrderDate, Status, TotalAmount) VALUES (118,'2025-01-16','Shipped',0);
INSERT INTO OrderLines(OrderID, ProductID, Qty, UnitPrice) VALUES (1171,18,3,466);
INSERT INTO OrderLines(OrderID, ProductID, Qty, UnitPrice) VALUES (1171,48,3,374);
INSERT INTO OrderLines(OrderID, ProductID, Qty, UnitPrice) VALUES (1171,27,1,556);
INSERT INTO OrderLines(OrderID, ProductID, Qty, UnitPrice) VALUES (1171,1,1,163);
UPDATE [Order] SET TotalAmount=3239 WHERE OrderID=1171;
INSERT INTO Payment(OrderID, PaymentDate, Amount, PaymentMethod, TransactionRef) VALUES (1171,'2025-01-16',3239,'PayPal','TXN880325');
INSERT INTO [Order](CustomerID, OrderDate, Status, TotalAmount) VALUES (118,'2025-07-08','Shipped',0);
INSERT INTO OrderLines(OrderID, ProductID, Qty, UnitPrice) VALUES (1172,27,2,1172);
INSERT INTO OrderLines(OrderID, ProductID, Qty, UnitPrice) VALUES (1172,22,3,136);
INSERT INTO OrderLines(OrderID, ProductID, Qty, UnitPrice) VALUES (1172,8,2,96);
INSERT INTO OrderLines(OrderID, ProductID, Qty, UnitPrice) VALUES (1172,19,2,834);
UPDATE [Order] SET TotalAmount=4612 WHERE OrderID=1172;
INSERT INTO Payment(OrderID, PaymentDate, Amount, PaymentMethod, TransactionRef) VALUES (1172,'2025-07-11',4612,'Card','TXN578632');
INSERT INTO [Order](CustomerID, OrderDate, Status, TotalAmount) VALUES (118,'2025-12-19','Processing',0);
INSERT INTO OrderLines(OrderID, ProductID, Qty, UnitPrice) VALUES (1173,30,2,1448);
INSERT INTO OrderLines(OrderID, ProductID, Qty, UnitPrice) VALUES (1173,29,3,380);
INSERT INTO OrderLines(OrderID, ProductID, Qty, UnitPrice) VALUES (1173,49,1,348);
INSERT INTO OrderLines(OrderID, ProductID, Qty, UnitPrice) VALUES (1173,7,1,465);
UPDATE [Order] SET TotalAmount=4849 WHERE OrderID=1173;
INSERT INTO Payment(OrderID, PaymentDate, Amount, PaymentMethod, TransactionRef) VALUES (1173,'2025-12-22',4849,'Cash','TXN648005');
INSERT INTO [Order](CustomerID, OrderDate, Status, TotalAmount) VALUES (118,'2025-12-26','Cancelled',0);
INSERT INTO OrderLines(OrderID, ProductID, Qty, UnitPrice) VALUES (1174,2,3,520);
INSERT INTO OrderLines(OrderID, ProductID, Qty, UnitPrice) VALUES (1174,15,2,1254);
INSERT INTO OrderLines(OrderID, ProductID, Qty, UnitPrice) VALUES (1174,29,2,1422);
INSERT INTO OrderLines(OrderID, ProductID, Qty, UnitPrice) VALUES (1174,25,2,1095);
UPDATE [Order] SET TotalAmount=9102 WHERE OrderID=1174;
INSERT INTO Payment(OrderID, PaymentDate, Amount, PaymentMethod, TransactionRef) VALUES (1174,'2025-12-27',9102,'Card','TXN696124');
INSERT INTO [Order](CustomerID, OrderDate, Status, TotalAmount) VALUES (118,'2025-11-12','Cancelled',0);
INSERT INTO OrderLines(OrderID, ProductID, Qty, UnitPrice) VALUES (1175,22,1,612);
INSERT INTO OrderLines(OrderID, ProductID, Qty, UnitPrice) VALUES (1175,12,3,420);
INSERT INTO OrderLines(OrderID, ProductID, Qty, UnitPrice) VALUES (1175,47,1,872);
INSERT INTO OrderLines(OrderID, ProductID, Qty, UnitPrice) VALUES (1175,37,2,830);
UPDATE [Order] SET TotalAmount=4404 WHERE OrderID=1175;
INSERT INTO Payment(OrderID, PaymentDate, Amount, PaymentMethod, TransactionRef) VALUES (1175,'2025-11-12',4404,'Cash','TXN504375');
INSERT INTO [Order](CustomerID, OrderDate, Status, TotalAmount) VALUES (118,'2025-11-14','Processing',0);
INSERT INTO OrderLines(OrderID, ProductID, Qty, UnitPrice) VALUES (1176,44,3,977);
INSERT INTO OrderLines(OrderID, ProductID, Qty, UnitPrice) VALUES (1176,35,1,118);
INSERT INTO OrderLines(OrderID, ProductID, Qty, UnitPrice) VALUES (1176,50,3,1112);
INSERT INTO OrderLines(OrderID, ProductID, Qty, UnitPrice) VALUES (1176,31,3,137);
UPDATE [Order] SET TotalAmount=6796 WHERE OrderID=1176;
INSERT INTO Payment(OrderID, PaymentDate, Amount, PaymentMethod, TransactionRef) VALUES (1176,'2025-11-19',6796,'Cash','TXN783524');
INSERT INTO [Order](CustomerID, OrderDate, Status, TotalAmount) VALUES (118,'2025-05-05','Shipped',0);
INSERT INTO OrderLines(OrderID, ProductID, Qty, UnitPrice) VALUES (1177,22,1,1261);
INSERT INTO OrderLines(OrderID, ProductID, Qty, UnitPrice) VALUES (1177,35,1,780);
INSERT INTO OrderLines(OrderID, ProductID, Qty, UnitPrice) VALUES (1177,34,2,108);
INSERT INTO OrderLines(OrderID, ProductID, Qty, UnitPrice) VALUES (1177,31,2,1336);
UPDATE [Order] SET TotalAmount=4929 WHERE OrderID=1177;
INSERT INTO Payment(OrderID, PaymentDate, Amount, PaymentMethod, TransactionRef) VALUES (1177,'2025-05-07',4929,'Card','TXN115635');
INSERT INTO [Order](CustomerID, OrderDate, Status, TotalAmount) VALUES (118,'2025-12-06','Processing',0);
INSERT INTO OrderLines(OrderID, ProductID, Qty, UnitPrice) VALUES (1178,18,2,1194);
INSERT INTO OrderLines(OrderID, ProductID, Qty, UnitPrice) VALUES (1178,7,1,178);
INSERT INTO OrderLines(OrderID, ProductID, Qty, UnitPrice) VALUES (1178,48,2,1388);
INSERT INTO OrderLines(OrderID, ProductID, Qty, UnitPrice) VALUES (1178,27,2,877);
UPDATE [Order] SET TotalAmount=7096 WHERE OrderID=1178;
INSERT INTO Payment(OrderID, PaymentDate, Amount, PaymentMethod, TransactionRef) VALUES (1178,'2025-12-06',7096,'PayPal','TXN222875');
INSERT INTO [Order](CustomerID, OrderDate, Status, TotalAmount) VALUES (118,'2025-08-17','Shipped',0);
INSERT INTO OrderLines(OrderID, ProductID, Qty, UnitPrice) VALUES (1179,49,2,554);
INSERT INTO OrderLines(OrderID, ProductID, Qty, UnitPrice) VALUES (1179,20,3,402);
INSERT INTO OrderLines(OrderID, ProductID, Qty, UnitPrice) VALUES (1179,20,3,898);
INSERT INTO OrderLines(OrderID, ProductID, Qty, UnitPrice) VALUES (1179,28,3,1035);
UPDATE [Order] SET TotalAmount=8113 WHERE OrderID=1179;
INSERT INTO Payment(OrderID, PaymentDate, Amount, PaymentMethod, TransactionRef) VALUES (1179,'2025-08-17',8113,'Card','TXN348004');
INSERT INTO [Order](CustomerID, OrderDate, Status, TotalAmount) VALUES (118,'2025-09-28','Cancelled',0);
INSERT INTO OrderLines(OrderID, ProductID, Qty, UnitPrice) VALUES (1180,42,1,1471);
INSERT INTO OrderLines(OrderID, ProductID, Qty, UnitPrice) VALUES (1180,28,1,802);
INSERT INTO OrderLines(OrderID, ProductID, Qty, UnitPrice) VALUES (1180,22,3,839);
INSERT INTO OrderLines(OrderID, ProductID, Qty, UnitPrice) VALUES (1180,31,3,77);
UPDATE [Order] SET TotalAmount=5021 WHERE OrderID=1180;
INSERT INTO Payment(OrderID, PaymentDate, Amount, PaymentMethod, TransactionRef) VALUES (1180,'2025-09-30',5021,'Card','TXN341518');
INSERT INTO [Order](CustomerID, OrderDate, Status, TotalAmount) VALUES (119,'2025-12-15','Cancelled',0);
INSERT INTO OrderLines(OrderID, ProductID, Qty, UnitPrice) VALUES (1181,23,3,1034);
INSERT INTO OrderLines(OrderID, ProductID, Qty, UnitPrice) VALUES (1181,42,2,1005);
INSERT INTO OrderLines(OrderID, ProductID, Qty, UnitPrice) VALUES (1181,18,1,370);
INSERT INTO OrderLines(OrderID, ProductID, Qty, UnitPrice) VALUES (1181,26,2,448);
UPDATE [Order] SET TotalAmount=6378 WHERE OrderID=1181;
INSERT INTO Payment(OrderID, PaymentDate, Amount, PaymentMethod, TransactionRef) VALUES (1181,'2025-12-15',6378,'Card','TXN677981');
INSERT INTO [Order](CustomerID, OrderDate, Status, TotalAmount) VALUES (119,'2025-02-05','Cancelled',0);
INSERT INTO OrderLines(OrderID, ProductID, Qty, UnitPrice) VALUES (1182,20,2,500);
INSERT INTO OrderLines(OrderID, ProductID, Qty, UnitPrice) VALUES (1182,36,1,42);
INSERT INTO OrderLines(OrderID, ProductID, Qty, UnitPrice) VALUES (1182,3,2,737);
INSERT INTO OrderLines(OrderID, ProductID, Qty, UnitPrice) VALUES (1182,16,3,520);
UPDATE [Order] SET TotalAmount=4076 WHERE OrderID=1182;
INSERT INTO Payment(OrderID, PaymentDate, Amount, PaymentMethod, TransactionRef) VALUES (1182,'2025-02-06',4076,'Cash','TXN428025');
INSERT INTO [Order](CustomerID, OrderDate, Status, TotalAmount) VALUES (119,'2025-11-15','Delivered',0);
INSERT INTO OrderLines(OrderID, ProductID, Qty, UnitPrice) VALUES (1183,42,2,200);
INSERT INTO OrderLines(OrderID, ProductID, Qty, UnitPrice) VALUES (1183,7,1,349);
INSERT INTO OrderLines(OrderID, ProductID, Qty, UnitPrice) VALUES (1183,24,2,287);
INSERT INTO OrderLines(OrderID, ProductID, Qty, UnitPrice) VALUES (1183,15,1,665);
UPDATE [Order] SET TotalAmount=1988 WHERE OrderID=1183;
INSERT INTO Payment(OrderID, PaymentDate, Amount, PaymentMethod, TransactionRef) VALUES (1183,'2025-11-16',1988,'Cash','TXN811260');
INSERT INTO [Order](CustomerID, OrderDate, Status, TotalAmount) VALUES (119,'2025-09-09','Processing',0);
INSERT INTO OrderLines(OrderID, ProductID, Qty, UnitPrice) VALUES (1184,25,2,316);
INSERT INTO OrderLines(OrderID, ProductID, Qty, UnitPrice) VALUES (1184,49,3,1498);
INSERT INTO OrderLines(OrderID, ProductID, Qty, UnitPrice) VALUES (1184,43,1,94);
INSERT INTO OrderLines(OrderID, ProductID, Qty, UnitPrice) VALUES (1184,15,2,29);
UPDATE [Order] SET TotalAmount=5278 WHERE OrderID=1184;
INSERT INTO Payment(OrderID, PaymentDate, Amount, PaymentMethod, TransactionRef) VALUES (1184,'2025-09-11',5278,'Cash','TXN265543');
INSERT INTO [Order](CustomerID, OrderDate, Status, TotalAmount) VALUES (119,'2025-09-11','Shipped',0);
INSERT INTO OrderLines(OrderID, ProductID, Qty, UnitPrice) VALUES (1185,17,3,1240);
INSERT INTO OrderLines(OrderID, ProductID, Qty, UnitPrice) VALUES (1185,16,3,203);
INSERT INTO OrderLines(OrderID, ProductID, Qty, UnitPrice) VALUES (1185,15,1,867);
INSERT INTO OrderLines(OrderID, ProductID, Qty, UnitPrice) VALUES (1185,47,3,580);
UPDATE [Order] SET TotalAmount=6936 WHERE OrderID=1185;
INSERT INTO Payment(OrderID, PaymentDate, Amount, PaymentMethod, TransactionRef) VALUES (1185,'2025-09-13',6936,'Cash','TXN408034');
INSERT INTO [Order](CustomerID, OrderDate, Status, TotalAmount) VALUES (119,'2025-09-14','Shipped',0);
INSERT INTO OrderLines(OrderID, ProductID, Qty, UnitPrice) VALUES (1186,4,1,1236);
INSERT INTO OrderLines(OrderID, ProductID, Qty, UnitPrice) VALUES (1186,4,3,444);
INSERT INTO OrderLines(OrderID, ProductID, Qty, UnitPrice) VALUES (1186,10,1,994);
INSERT INTO OrderLines(OrderID, ProductID, Qty, UnitPrice) VALUES (1186,11,1,571);
UPDATE [Order] SET TotalAmount=4133 WHERE OrderID=1186;
INSERT INTO Payment(OrderID, PaymentDate, Amount, PaymentMethod, TransactionRef) VALUES (1186,'2025-09-14',4133,'Cash','TXN869384');
INSERT INTO [Order](CustomerID, OrderDate, Status, TotalAmount) VALUES (119,'2025-03-29','Delivered',0);
INSERT INTO OrderLines(OrderID, ProductID, Qty, UnitPrice) VALUES (1187,47,2,1098);
INSERT INTO OrderLines(OrderID, ProductID, Qty, UnitPrice) VALUES (1187,46,3,184);
INSERT INTO OrderLines(OrderID, ProductID, Qty, UnitPrice) VALUES (1187,21,3,474);
INSERT INTO OrderLines(OrderID, ProductID, Qty, UnitPrice) VALUES (1187,10,3,554);
UPDATE [Order] SET TotalAmount=5832 WHERE OrderID=1187;
INSERT INTO Payment(OrderID, PaymentDate, Amount, PaymentMethod, TransactionRef) VALUES (1187,'2025-04-02',5832,'Cash','TXN541890');
INSERT INTO [Order](CustomerID, OrderDate, Status, TotalAmount) VALUES (119,'2025-01-25','Delivered',0);
INSERT INTO OrderLines(OrderID, ProductID, Qty, UnitPrice) VALUES (1188,20,2,720);
INSERT INTO OrderLines(OrderID, ProductID, Qty, UnitPrice) VALUES (1188,48,1,237);
INSERT INTO OrderLines(OrderID, ProductID, Qty, UnitPrice) VALUES (1188,5,3,774);
INSERT INTO OrderLines(OrderID, ProductID, Qty, UnitPrice) VALUES (1188,26,1,917);
UPDATE [Order] SET TotalAmount=4916 WHERE OrderID=1188;
INSERT INTO Payment(OrderID, PaymentDate, Amount, PaymentMethod, TransactionRef) VALUES (1188,'2025-01-29',4916,'PayPal','TXN834598');
INSERT INTO [Order](CustomerID, OrderDate, Status, TotalAmount) VALUES (119,'2025-08-25','Delivered',0);
INSERT INTO OrderLines(OrderID, ProductID, Qty, UnitPrice) VALUES (1189,29,3,1471);
INSERT INTO OrderLines(OrderID, ProductID, Qty, UnitPrice) VALUES (1189,21,1,904);
INSERT INTO OrderLines(OrderID, ProductID, Qty, UnitPrice) VALUES (1189,32,3,299);
INSERT INTO OrderLines(OrderID, ProductID, Qty, UnitPrice) VALUES (1189,20,3,1009);
UPDATE [Order] SET TotalAmount=9241 WHERE OrderID=1189;
INSERT INTO Payment(OrderID, PaymentDate, Amount, PaymentMethod, TransactionRef) VALUES (1189,'2025-08-30',9241,'PayPal','TXN749398');
INSERT INTO [Order](CustomerID, OrderDate, Status, TotalAmount) VALUES (119,'2025-03-15','Delivered',0);
INSERT INTO OrderLines(OrderID, ProductID, Qty, UnitPrice) VALUES (1190,18,3,614);
INSERT INTO OrderLines(OrderID, ProductID, Qty, UnitPrice) VALUES (1190,49,3,578);
INSERT INTO OrderLines(OrderID, ProductID, Qty, UnitPrice) VALUES (1190,40,3,331);
INSERT INTO OrderLines(OrderID, ProductID, Qty, UnitPrice) VALUES (1190,18,2,528);
UPDATE [Order] SET TotalAmount=5625 WHERE OrderID=1190;
INSERT INTO Payment(OrderID, PaymentDate, Amount, PaymentMethod, TransactionRef) VALUES (1190,'2025-03-20',5625,'PayPal','TXN935711');
INSERT INTO [Order](CustomerID, OrderDate, Status, TotalAmount) VALUES (120,'2025-07-02','Delivered',0);
INSERT INTO OrderLines(OrderID, ProductID, Qty, UnitPrice) VALUES (1191,26,3,880);
INSERT INTO OrderLines(OrderID, ProductID, Qty, UnitPrice) VALUES (1191,44,2,705);
INSERT INTO OrderLines(OrderID, ProductID, Qty, UnitPrice) VALUES (1191,47,1,734);
INSERT INTO OrderLines(OrderID, ProductID, Qty, UnitPrice) VALUES (1191,40,1,925);
UPDATE [Order] SET TotalAmount=5709 WHERE OrderID=1191;
INSERT INTO Payment(OrderID, PaymentDate, Amount, PaymentMethod, TransactionRef) VALUES (1191,'2025-07-04',5709,'Cash','TXN889875');
INSERT INTO [Order](CustomerID, OrderDate, Status, TotalAmount) VALUES (120,'2025-05-29','Delivered',0);
INSERT INTO OrderLines(OrderID, ProductID, Qty, UnitPrice) VALUES (1192,28,3,1166);
INSERT INTO OrderLines(OrderID, ProductID, Qty, UnitPrice) VALUES (1192,4,1,1483);
INSERT INTO OrderLines(OrderID, ProductID, Qty, UnitPrice) VALUES (1192,21,3,926);
INSERT INTO OrderLines(OrderID, ProductID, Qty, UnitPrice) VALUES (1192,33,1,1034);
UPDATE [Order] SET TotalAmount=8793 WHERE OrderID=1192;
INSERT INTO Payment(OrderID, PaymentDate, Amount, PaymentMethod, TransactionRef) VALUES (1192,'2025-06-01',8793,'PayPal','TXN682852');
INSERT INTO [Order](CustomerID, OrderDate, Status, TotalAmount) VALUES (120,'2025-10-01','Processing',0);
INSERT INTO OrderLines(OrderID, ProductID, Qty, UnitPrice) VALUES (1193,25,3,1099);
INSERT INTO OrderLines(OrderID, ProductID, Qty, UnitPrice) VALUES (1193,45,1,767);
INSERT INTO OrderLines(OrderID, ProductID, Qty, UnitPrice) VALUES (1193,21,2,125);
INSERT INTO OrderLines(OrderID, ProductID, Qty, UnitPrice) VALUES (1193,8,3,905);
UPDATE [Order] SET TotalAmount=7029 WHERE OrderID=1193;
INSERT INTO Payment(OrderID, PaymentDate, Amount, PaymentMethod, TransactionRef) VALUES (1193,'2025-10-02',7029,'Cash','TXN885296');
INSERT INTO [Order](CustomerID, OrderDate, Status, TotalAmount) VALUES (120,'2025-10-26','Cancelled',0);
INSERT INTO OrderLines(OrderID, ProductID, Qty, UnitPrice) VALUES (1194,18,1,898);
INSERT INTO OrderLines(OrderID, ProductID, Qty, UnitPrice) VALUES (1194,47,1,470);
INSERT INTO OrderLines(OrderID, ProductID, Qty, UnitPrice) VALUES (1194,14,1,199);
INSERT INTO OrderLines(OrderID, ProductID, Qty, UnitPrice) VALUES (1194,25,2,522);
UPDATE [Order] SET TotalAmount=2611 WHERE OrderID=1194;
INSERT INTO Payment(OrderID, PaymentDate, Amount, PaymentMethod, TransactionRef) VALUES (1194,'2025-10-27',2611,'PayPal','TXN905684');
INSERT INTO [Order](CustomerID, OrderDate, Status, TotalAmount) VALUES (120,'2025-11-01','Shipped',0);
INSERT INTO OrderLines(OrderID, ProductID, Qty, UnitPrice) VALUES (1195,22,3,1252);
INSERT INTO OrderLines(OrderID, ProductID, Qty, UnitPrice) VALUES (1195,50,2,1418);
INSERT INTO OrderLines(OrderID, ProductID, Qty, UnitPrice) VALUES (1195,16,2,393);
INSERT INTO OrderLines(OrderID, ProductID, Qty, UnitPrice) VALUES (1195,5,2,505);
UPDATE [Order] SET TotalAmount=8388 WHERE OrderID=1195;
INSERT INTO Payment(OrderID, PaymentDate, Amount, PaymentMethod, TransactionRef) VALUES (1195,'2025-11-04',8388,'Cash','TXN524159');
INSERT INTO [Order](CustomerID, OrderDate, Status, TotalAmount) VALUES (120,'2025-02-01','Shipped',0);
INSERT INTO OrderLines(OrderID, ProductID, Qty, UnitPrice) VALUES (1196,5,3,1085);
INSERT INTO OrderLines(OrderID, ProductID, Qty, UnitPrice) VALUES (1196,36,1,640);
INSERT INTO OrderLines(OrderID, ProductID, Qty, UnitPrice) VALUES (1196,20,3,710);
INSERT INTO OrderLines(OrderID, ProductID, Qty, UnitPrice) VALUES (1196,23,2,923);
UPDATE [Order] SET TotalAmount=7871 WHERE OrderID=1196;
INSERT INTO Payment(OrderID, PaymentDate, Amount, PaymentMethod, TransactionRef) VALUES (1196,'2025-02-05',7871,'Card','TXN951151');
INSERT INTO [Order](CustomerID, OrderDate, Status, TotalAmount) VALUES (120,'2025-07-21','Processing',0);
INSERT INTO OrderLines(OrderID, ProductID, Qty, UnitPrice) VALUES (1197,22,1,709);
INSERT INTO OrderLines(OrderID, ProductID, Qty, UnitPrice) VALUES (1197,37,2,486);
INSERT INTO OrderLines(OrderID, ProductID, Qty, UnitPrice) VALUES (1197,20,3,781);
INSERT INTO OrderLines(OrderID, ProductID, Qty, UnitPrice) VALUES (1197,42,3,888);
UPDATE [Order] SET TotalAmount=6688 WHERE OrderID=1197;
INSERT INTO Payment(OrderID, PaymentDate, Amount, PaymentMethod, TransactionRef) VALUES (1197,'2025-07-25',6688,'Card','TXN597431');
INSERT INTO [Order](CustomerID, OrderDate, Status, TotalAmount) VALUES (120,'2025-07-03','Delivered',0);
INSERT INTO OrderLines(OrderID, ProductID, Qty, UnitPrice) VALUES (1198,34,1,334);
INSERT INTO OrderLines(OrderID, ProductID, Qty, UnitPrice) VALUES (1198,9,2,840);
INSERT INTO OrderLines(OrderID, ProductID, Qty, UnitPrice) VALUES (1198,33,1,161);
INSERT INTO OrderLines(OrderID, ProductID, Qty, UnitPrice) VALUES (1198,44,3,1158);
UPDATE [Order] SET TotalAmount=5649 WHERE OrderID=1198;
INSERT INTO Payment(OrderID, PaymentDate, Amount, PaymentMethod, TransactionRef) VALUES (1198,'2025-07-05',5649,'Cash','TXN303029');
INSERT INTO [Order](CustomerID, OrderDate, Status, TotalAmount) VALUES (120,'2025-09-08','Cancelled',0);
INSERT INTO OrderLines(OrderID, ProductID, Qty, UnitPrice) VALUES (1199,44,2,1080);
INSERT INTO OrderLines(OrderID, ProductID, Qty, UnitPrice) VALUES (1199,10,3,477);
INSERT INTO OrderLines(OrderID, ProductID, Qty, UnitPrice) VALUES (1199,14,2,56);
INSERT INTO OrderLines(OrderID, ProductID, Qty, UnitPrice) VALUES (1199,46,2,1108);
UPDATE [Order] SET TotalAmount=5919 WHERE OrderID=1199;
INSERT INTO Payment(OrderID, PaymentDate, Amount, PaymentMethod, TransactionRef) VALUES (1199,'2025-09-09',5919,'Card','TXN140162');
INSERT INTO [Order](CustomerID, OrderDate, Status, TotalAmount) VALUES (120,'2025-01-02','Delivered',0);
INSERT INTO OrderLines(OrderID, ProductID, Qty, UnitPrice) VALUES (1200,15,3,557);
INSERT INTO OrderLines(OrderID, ProductID, Qty, UnitPrice) VALUES (1200,43,1,757);
INSERT INTO OrderLines(OrderID, ProductID, Qty, UnitPrice) VALUES (1200,20,1,244);
INSERT INTO OrderLines(OrderID, ProductID, Qty, UnitPrice) VALUES (1200,35,3,922);
UPDATE [Order] SET TotalAmount=5438 WHERE OrderID=1200;
INSERT INTO Payment(OrderID, PaymentDate, Amount, PaymentMethod, TransactionRef) VALUES (1200,'2025-01-07',5438,'PayPal','TXN407534');
INSERT INTO [Order](CustomerID, OrderDate, Status, TotalAmount) VALUES (121,'2025-08-16','Delivered',0);
INSERT INTO OrderLines(OrderID, ProductID, Qty, UnitPrice) VALUES (1201,26,1,425);
INSERT INTO OrderLines(OrderID, ProductID, Qty, UnitPrice) VALUES (1201,10,1,1187);
INSERT INTO OrderLines(OrderID, ProductID, Qty, UnitPrice) VALUES (1201,9,1,426);
INSERT INTO OrderLines(OrderID, ProductID, Qty, UnitPrice) VALUES (1201,4,3,726);
UPDATE [Order] SET TotalAmount=4216 WHERE OrderID=1201;
INSERT INTO Payment(OrderID, PaymentDate, Amount, PaymentMethod, TransactionRef) VALUES (1201,'2025-08-19',4216,'Card','TXN777669');
INSERT INTO [Order](CustomerID, OrderDate, Status, TotalAmount) VALUES (121,'2025-04-12','Processing',0);
INSERT INTO OrderLines(OrderID, ProductID, Qty, UnitPrice) VALUES (1202,38,3,950);
INSERT INTO OrderLines(OrderID, ProductID, Qty, UnitPrice) VALUES (1202,34,1,1151);
INSERT INTO OrderLines(OrderID, ProductID, Qty, UnitPrice) VALUES (1202,10,2,645);
INSERT INTO OrderLines(OrderID, ProductID, Qty, UnitPrice) VALUES (1202,46,2,443);
UPDATE [Order] SET TotalAmount=6177 WHERE OrderID=1202;
INSERT INTO Payment(OrderID, PaymentDate, Amount, PaymentMethod, TransactionRef) VALUES (1202,'2025-04-13',6177,'Cash','TXN224211');
INSERT INTO [Order](CustomerID, OrderDate, Status, TotalAmount) VALUES (121,'2025-01-19','Delivered',0);
INSERT INTO OrderLines(OrderID, ProductID, Qty, UnitPrice) VALUES (1203,15,3,1247);
INSERT INTO OrderLines(OrderID, ProductID, Qty, UnitPrice) VALUES (1203,12,3,1239);
INSERT INTO OrderLines(OrderID, ProductID, Qty, UnitPrice) VALUES (1203,44,1,593);
INSERT INTO OrderLines(OrderID, ProductID, Qty, UnitPrice) VALUES (1203,40,2,200);
UPDATE [Order] SET TotalAmount=8451 WHERE OrderID=1203;
INSERT INTO Payment(OrderID, PaymentDate, Amount, PaymentMethod, TransactionRef) VALUES (1203,'2025-01-22',8451,'Card','TXN447552');
INSERT INTO [Order](CustomerID, OrderDate, Status, TotalAmount) VALUES (121,'2025-04-19','Cancelled',0);
INSERT INTO OrderLines(OrderID, ProductID, Qty, UnitPrice) VALUES (1204,43,1,768);
INSERT INTO OrderLines(OrderID, ProductID, Qty, UnitPrice) VALUES (1204,31,2,876);
INSERT INTO OrderLines(OrderID, ProductID, Qty, UnitPrice) VALUES (1204,3,3,810);
INSERT INTO OrderLines(OrderID, ProductID, Qty, UnitPrice) VALUES (1204,7,2,537);
UPDATE [Order] SET TotalAmount=6024 WHERE OrderID=1204;
INSERT INTO Payment(OrderID, PaymentDate, Amount, PaymentMethod, TransactionRef) VALUES (1204,'2025-04-19',6024,'Card','TXN643077');
INSERT INTO [Order](CustomerID, OrderDate, Status, TotalAmount) VALUES (121,'2025-01-31','Shipped',0);
INSERT INTO OrderLines(OrderID, ProductID, Qty, UnitPrice) VALUES (1205,5,1,1005);
INSERT INTO OrderLines(OrderID, ProductID, Qty, UnitPrice) VALUES (1205,32,1,1215);
INSERT INTO OrderLines(OrderID, ProductID, Qty, UnitPrice) VALUES (1205,14,3,144);
INSERT INTO OrderLines(OrderID, ProductID, Qty, UnitPrice) VALUES (1205,26,2,1054);
UPDATE [Order] SET TotalAmount=4760 WHERE OrderID=1205;
INSERT INTO Payment(OrderID, PaymentDate, Amount, PaymentMethod, TransactionRef) VALUES (1205,'2025-02-04',4760,'Cash','TXN446629');
INSERT INTO [Order](CustomerID, OrderDate, Status, TotalAmount) VALUES (121,'2025-11-13','Delivered',0);
INSERT INTO OrderLines(OrderID, ProductID, Qty, UnitPrice) VALUES (1206,28,3,1321);
INSERT INTO OrderLines(OrderID, ProductID, Qty, UnitPrice) VALUES (1206,30,1,788);
INSERT INTO OrderLines(OrderID, ProductID, Qty, UnitPrice) VALUES (1206,5,2,263);
INSERT INTO OrderLines(OrderID, ProductID, Qty, UnitPrice) VALUES (1206,40,3,1412);
UPDATE [Order] SET TotalAmount=9513 WHERE OrderID=1206;
INSERT INTO Payment(OrderID, PaymentDate, Amount, PaymentMethod, TransactionRef) VALUES (1206,'2025-11-16',9513,'Card','TXN233018');
INSERT INTO [Order](CustomerID, OrderDate, Status, TotalAmount) VALUES (121,'2025-01-04','Processing',0);
INSERT INTO OrderLines(OrderID, ProductID, Qty, UnitPrice) VALUES (1207,18,1,346);
INSERT INTO OrderLines(OrderID, ProductID, Qty, UnitPrice) VALUES (1207,30,3,609);
INSERT INTO OrderLines(OrderID, ProductID, Qty, UnitPrice) VALUES (1207,39,1,365);
INSERT INTO OrderLines(OrderID, ProductID, Qty, UnitPrice) VALUES (1207,43,3,504);
UPDATE [Order] SET TotalAmount=4050 WHERE OrderID=1207;
INSERT INTO Payment(OrderID, PaymentDate, Amount, PaymentMethod, TransactionRef) VALUES (1207,'2025-01-06',4050,'Cash','TXN342774');
INSERT INTO [Order](CustomerID, OrderDate, Status, TotalAmount) VALUES (121,'2025-12-17','Processing',0);
INSERT INTO OrderLines(OrderID, ProductID, Qty, UnitPrice) VALUES (1208,13,1,412);
INSERT INTO OrderLines(OrderID, ProductID, Qty, UnitPrice) VALUES (1208,42,3,1160);
INSERT INTO OrderLines(OrderID, ProductID, Qty, UnitPrice) VALUES (1208,16,3,1129);
INSERT INTO OrderLines(OrderID, ProductID, Qty, UnitPrice) VALUES (1208,49,3,607);
UPDATE [Order] SET TotalAmount=9100 WHERE OrderID=1208;
INSERT INTO Payment(OrderID, PaymentDate, Amount, PaymentMethod, TransactionRef) VALUES (1208,'2025-12-21',9100,'Card','TXN148111');
INSERT INTO [Order](CustomerID, OrderDate, Status, TotalAmount) VALUES (121,'2025-04-04','Shipped',0);
INSERT INTO OrderLines(OrderID, ProductID, Qty, UnitPrice) VALUES (1209,32,3,680);
INSERT INTO OrderLines(OrderID, ProductID, Qty, UnitPrice) VALUES (1209,31,1,627);
INSERT INTO OrderLines(OrderID, ProductID, Qty, UnitPrice) VALUES (1209,37,2,1261);
INSERT INTO OrderLines(OrderID, ProductID, Qty, UnitPrice) VALUES (1209,37,3,898);
UPDATE [Order] SET TotalAmount=7883 WHERE OrderID=1209;
INSERT INTO Payment(OrderID, PaymentDate, Amount, PaymentMethod, TransactionRef) VALUES (1209,'2025-04-06',7883,'Card','TXN515330');
INSERT INTO [Order](CustomerID, OrderDate, Status, TotalAmount) VALUES (121,'2025-12-04','Processing',0);
INSERT INTO OrderLines(OrderID, ProductID, Qty, UnitPrice) VALUES (1210,31,2,879);
INSERT INTO OrderLines(OrderID, ProductID, Qty, UnitPrice) VALUES (1210,38,2,771);
INSERT INTO OrderLines(OrderID, ProductID, Qty, UnitPrice) VALUES (1210,25,1,565);
INSERT INTO OrderLines(OrderID, ProductID, Qty, UnitPrice) VALUES (1210,34,2,612);
UPDATE [Order] SET TotalAmount=5089 WHERE OrderID=1210;
INSERT INTO Payment(OrderID, PaymentDate, Amount, PaymentMethod, TransactionRef) VALUES (1210,'2025-12-09',5089,'Card','TXN680585');
INSERT INTO [Order](CustomerID, OrderDate, Status, TotalAmount) VALUES (122,'2025-03-02','Shipped',0);
INSERT INTO OrderLines(OrderID, ProductID, Qty, UnitPrice) VALUES (1211,44,1,1494);
INSERT INTO OrderLines(OrderID, ProductID, Qty, UnitPrice) VALUES (1211,45,3,1064);
INSERT INTO OrderLines(OrderID, ProductID, Qty, UnitPrice) VALUES (1211,10,3,778);
INSERT INTO OrderLines(OrderID, ProductID, Qty, UnitPrice) VALUES (1211,31,3,100);
UPDATE [Order] SET TotalAmount=7320 WHERE OrderID=1211;
INSERT INTO Payment(OrderID, PaymentDate, Amount, PaymentMethod, TransactionRef) VALUES (1211,'2025-03-06',7320,'Cash','TXN766190');
INSERT INTO [Order](CustomerID, OrderDate, Status, TotalAmount) VALUES (122,'2025-10-21','Processing',0);
INSERT INTO OrderLines(OrderID, ProductID, Qty, UnitPrice) VALUES (1212,16,3,898);
INSERT INTO OrderLines(OrderID, ProductID, Qty, UnitPrice) VALUES (1212,50,2,207);
INSERT INTO OrderLines(OrderID, ProductID, Qty, UnitPrice) VALUES (1212,27,1,359);
INSERT INTO OrderLines(OrderID, ProductID, Qty, UnitPrice) VALUES (1212,24,2,292);
UPDATE [Order] SET TotalAmount=4051 WHERE OrderID=1212;
INSERT INTO Payment(OrderID, PaymentDate, Amount, PaymentMethod, TransactionRef) VALUES (1212,'2025-10-25',4051,'Cash','TXN434179');
INSERT INTO [Order](CustomerID, OrderDate, Status, TotalAmount) VALUES (122,'2025-08-09','Cancelled',0);
INSERT INTO OrderLines(OrderID, ProductID, Qty, UnitPrice) VALUES (1213,49,2,558);
INSERT INTO OrderLines(OrderID, ProductID, Qty, UnitPrice) VALUES (1213,25,1,1483);
INSERT INTO OrderLines(OrderID, ProductID, Qty, UnitPrice) VALUES (1213,39,1,1250);
INSERT INTO OrderLines(OrderID, ProductID, Qty, UnitPrice) VALUES (1213,45,3,590);
UPDATE [Order] SET TotalAmount=5619 WHERE OrderID=1213;
INSERT INTO Payment(OrderID, PaymentDate, Amount, PaymentMethod, TransactionRef) VALUES (1213,'2025-08-12',5619,'Card','TXN792743');
INSERT INTO [Order](CustomerID, OrderDate, Status, TotalAmount) VALUES (122,'2025-04-15','Processing',0);
INSERT INTO OrderLines(OrderID, ProductID, Qty, UnitPrice) VALUES (1214,19,1,1433);
INSERT INTO OrderLines(OrderID, ProductID, Qty, UnitPrice) VALUES (1214,33,1,478);
INSERT INTO OrderLines(OrderID, ProductID, Qty, UnitPrice) VALUES (1214,25,1,657);
INSERT INTO OrderLines(OrderID, ProductID, Qty, UnitPrice) VALUES (1214,3,3,902);
UPDATE [Order] SET TotalAmount=5274 WHERE OrderID=1214;
INSERT INTO Payment(OrderID, PaymentDate, Amount, PaymentMethod, TransactionRef) VALUES (1214,'2025-04-20',5274,'PayPal','TXN464575');
INSERT INTO [Order](CustomerID, OrderDate, Status, TotalAmount) VALUES (122,'2025-02-21','Processing',0);
INSERT INTO OrderLines(OrderID, ProductID, Qty, UnitPrice) VALUES (1215,25,3,327);
INSERT INTO OrderLines(OrderID, ProductID, Qty, UnitPrice) VALUES (1215,30,1,503);
INSERT INTO OrderLines(OrderID, ProductID, Qty, UnitPrice) VALUES (1215,47,2,422);
INSERT INTO OrderLines(OrderID, ProductID, Qty, UnitPrice) VALUES (1215,3,1,628);
UPDATE [Order] SET TotalAmount=2956 WHERE OrderID=1215;
INSERT INTO Payment(OrderID, PaymentDate, Amount, PaymentMethod, TransactionRef) VALUES (1215,'2025-02-24',2956,'PayPal','TXN545843');
INSERT INTO [Order](CustomerID, OrderDate, Status, TotalAmount) VALUES (122,'2025-03-17','Delivered',0);
INSERT INTO OrderLines(OrderID, ProductID, Qty, UnitPrice) VALUES (1216,31,1,433);
INSERT INTO OrderLines(OrderID, ProductID, Qty, UnitPrice) VALUES (1216,27,1,713);
INSERT INTO OrderLines(OrderID, ProductID, Qty, UnitPrice) VALUES (1216,41,1,452);
INSERT INTO OrderLines(OrderID, ProductID, Qty, UnitPrice) VALUES (1216,20,1,152);
UPDATE [Order] SET TotalAmount=1750 WHERE OrderID=1216;
INSERT INTO Payment(OrderID, PaymentDate, Amount, PaymentMethod, TransactionRef) VALUES (1216,'2025-03-20',1750,'Card','TXN700502');
INSERT INTO [Order](CustomerID, OrderDate, Status, TotalAmount) VALUES (122,'2025-12-01','Shipped',0);
INSERT INTO OrderLines(OrderID, ProductID, Qty, UnitPrice) VALUES (1217,33,3,70);
INSERT INTO OrderLines(OrderID, ProductID, Qty, UnitPrice) VALUES (1217,7,3,88);
INSERT INTO OrderLines(OrderID, ProductID, Qty, UnitPrice) VALUES (1217,20,2,161);
INSERT INTO OrderLines(OrderID, ProductID, Qty, UnitPrice) VALUES (1217,18,3,970);
UPDATE [Order] SET TotalAmount=3706 WHERE OrderID=1217;
INSERT INTO Payment(OrderID, PaymentDate, Amount, PaymentMethod, TransactionRef) VALUES (1217,'2025-12-04',3706,'Cash','TXN772233');
INSERT INTO [Order](CustomerID, OrderDate, Status, TotalAmount) VALUES (122,'2025-03-29','Shipped',0);
INSERT INTO OrderLines(OrderID, ProductID, Qty, UnitPrice) VALUES (1218,6,3,469);
INSERT INTO OrderLines(OrderID, ProductID, Qty, UnitPrice) VALUES (1218,31,2,368);
INSERT INTO OrderLines(OrderID, ProductID, Qty, UnitPrice) VALUES (1218,6,2,85);
INSERT INTO OrderLines(OrderID, ProductID, Qty, UnitPrice) VALUES (1218,32,1,929);
UPDATE [Order] SET TotalAmount=3242 WHERE OrderID=1218;
INSERT INTO Payment(OrderID, PaymentDate, Amount, PaymentMethod, TransactionRef) VALUES (1218,'2025-04-01',3242,'Card','TXN472750');
INSERT INTO [Order](CustomerID, OrderDate, Status, TotalAmount) VALUES (122,'2025-01-03','Delivered',0);
INSERT INTO OrderLines(OrderID, ProductID, Qty, UnitPrice) VALUES (1219,9,3,68);
INSERT INTO OrderLines(OrderID, ProductID, Qty, UnitPrice) VALUES (1219,19,2,1094);
INSERT INTO OrderLines(OrderID, ProductID, Qty, UnitPrice) VALUES (1219,10,3,497);
INSERT INTO OrderLines(OrderID, ProductID, Qty, UnitPrice) VALUES (1219,28,2,950);
UPDATE [Order] SET TotalAmount=5783 WHERE OrderID=1219;
INSERT INTO Payment(OrderID, PaymentDate, Amount, PaymentMethod, TransactionRef) VALUES (1219,'2025-01-05',5783,'Cash','TXN788759');
INSERT INTO [Order](CustomerID, OrderDate, Status, TotalAmount) VALUES (122,'2025-12-09','Delivered',0);
INSERT INTO OrderLines(OrderID, ProductID, Qty, UnitPrice) VALUES (1220,12,3,137);
INSERT INTO OrderLines(OrderID, ProductID, Qty, UnitPrice) VALUES (1220,42,1,237);
INSERT INTO OrderLines(OrderID, ProductID, Qty, UnitPrice) VALUES (1220,20,3,209);
INSERT INTO OrderLines(OrderID, ProductID, Qty, UnitPrice) VALUES (1220,35,3,569);
UPDATE [Order] SET TotalAmount=2982 WHERE OrderID=1220;
INSERT INTO Payment(OrderID, PaymentDate, Amount, PaymentMethod, TransactionRef) VALUES (1220,'2025-12-12',2982,'Card','TXN716087');
INSERT INTO [Order](CustomerID, OrderDate, Status, TotalAmount) VALUES (123,'2025-10-08','Shipped',0);
INSERT INTO OrderLines(OrderID, ProductID, Qty, UnitPrice) VALUES (1221,46,3,1425);
INSERT INTO OrderLines(OrderID, ProductID, Qty, UnitPrice) VALUES (1221,10,2,376);
INSERT INTO OrderLines(OrderID, ProductID, Qty, UnitPrice) VALUES (1221,11,2,432);
INSERT INTO OrderLines(OrderID, ProductID, Qty, UnitPrice) VALUES (1221,6,3,902);
UPDATE [Order] SET TotalAmount=8597 WHERE OrderID=1221;
INSERT INTO Payment(OrderID, PaymentDate, Amount, PaymentMethod, TransactionRef) VALUES (1221,'2025-10-11',8597,'PayPal','TXN876296');
INSERT INTO [Order](CustomerID, OrderDate, Status, TotalAmount) VALUES (123,'2025-12-19','Cancelled',0);
INSERT INTO OrderLines(OrderID, ProductID, Qty, UnitPrice) VALUES (1222,25,2,725);
INSERT INTO OrderLines(OrderID, ProductID, Qty, UnitPrice) VALUES (1222,39,2,350);
INSERT INTO OrderLines(OrderID, ProductID, Qty, UnitPrice) VALUES (1222,9,1,905);
INSERT INTO OrderLines(OrderID, ProductID, Qty, UnitPrice) VALUES (1222,50,1,160);
UPDATE [Order] SET TotalAmount=3215 WHERE OrderID=1222;
INSERT INTO Payment(OrderID, PaymentDate, Amount, PaymentMethod, TransactionRef) VALUES (1222,'2025-12-23',3215,'PayPal','TXN175980');
INSERT INTO [Order](CustomerID, OrderDate, Status, TotalAmount) VALUES (123,'2025-02-11','Delivered',0);
INSERT INTO OrderLines(OrderID, ProductID, Qty, UnitPrice) VALUES (1223,13,2,1383);
INSERT INTO OrderLines(OrderID, ProductID, Qty, UnitPrice) VALUES (1223,42,1,692);
INSERT INTO OrderLines(OrderID, ProductID, Qty, UnitPrice) VALUES (1223,46,1,27);
INSERT INTO OrderLines(OrderID, ProductID, Qty, UnitPrice) VALUES (1223,46,3,643);
UPDATE [Order] SET TotalAmount=5414 WHERE OrderID=1223;
INSERT INTO Payment(OrderID, PaymentDate, Amount, PaymentMethod, TransactionRef) VALUES (1223,'2025-02-16',5414,'Cash','TXN840930');
INSERT INTO [Order](CustomerID, OrderDate, Status, TotalAmount) VALUES (123,'2025-11-23','Shipped',0);
INSERT INTO OrderLines(OrderID, ProductID, Qty, UnitPrice) VALUES (1224,20,3,1323);
INSERT INTO OrderLines(OrderID, ProductID, Qty, UnitPrice) VALUES (1224,16,2,772);
INSERT INTO OrderLines(OrderID, ProductID, Qty, UnitPrice) VALUES (1224,44,3,395);
INSERT INTO OrderLines(OrderID, ProductID, Qty, UnitPrice) VALUES (1224,30,1,1007);
UPDATE [Order] SET TotalAmount=7705 WHERE OrderID=1224;
INSERT INTO Payment(OrderID, PaymentDate, Amount, PaymentMethod, TransactionRef) VALUES (1224,'2025-11-24',7705,'PayPal','TXN786692');
INSERT INTO [Order](CustomerID, OrderDate, Status, TotalAmount) VALUES (123,'2025-08-05','Shipped',0);
INSERT INTO OrderLines(OrderID, ProductID, Qty, UnitPrice) VALUES (1225,32,3,797);
INSERT INTO OrderLines(OrderID, ProductID, Qty, UnitPrice) VALUES (1225,43,3,471);
INSERT INTO OrderLines(OrderID, ProductID, Qty, UnitPrice) VALUES (1225,43,1,480);
INSERT INTO OrderLines(OrderID, ProductID, Qty, UnitPrice) VALUES (1225,16,3,423);
UPDATE [Order] SET TotalAmount=5553 WHERE OrderID=1225;
INSERT INTO Payment(OrderID, PaymentDate, Amount, PaymentMethod, TransactionRef) VALUES (1225,'2025-08-06',5553,'Cash','TXN480568');
INSERT INTO [Order](CustomerID, OrderDate, Status, TotalAmount) VALUES (123,'2025-08-11','Cancelled',0);
INSERT INTO OrderLines(OrderID, ProductID, Qty, UnitPrice) VALUES (1226,20,3,402);
INSERT INTO OrderLines(OrderID, ProductID, Qty, UnitPrice) VALUES (1226,24,3,41);
INSERT INTO OrderLines(OrderID, ProductID, Qty, UnitPrice) VALUES (1226,31,1,347);
INSERT INTO OrderLines(OrderID, ProductID, Qty, UnitPrice) VALUES (1226,13,2,1094);
UPDATE [Order] SET TotalAmount=3864 WHERE OrderID=1226;
INSERT INTO Payment(OrderID, PaymentDate, Amount, PaymentMethod, TransactionRef) VALUES (1226,'2025-08-16',3864,'Cash','TXN955370');
INSERT INTO [Order](CustomerID, OrderDate, Status, TotalAmount) VALUES (123,'2025-02-25','Cancelled',0);
INSERT INTO OrderLines(OrderID, ProductID, Qty, UnitPrice) VALUES (1227,10,1,1169);
INSERT INTO OrderLines(OrderID, ProductID, Qty, UnitPrice) VALUES (1227,15,1,1412);
INSERT INTO OrderLines(OrderID, ProductID, Qty, UnitPrice) VALUES (1227,46,3,1020);
INSERT INTO OrderLines(OrderID, ProductID, Qty, UnitPrice) VALUES (1227,35,3,136);
UPDATE [Order] SET TotalAmount=6049 WHERE OrderID=1227;
INSERT INTO Payment(OrderID, PaymentDate, Amount, PaymentMethod, TransactionRef) VALUES (1227,'2025-02-27',6049,'Card','TXN873619');
INSERT INTO [Order](CustomerID, OrderDate, Status, TotalAmount) VALUES (123,'2025-03-30','Cancelled',0);
INSERT INTO OrderLines(OrderID, ProductID, Qty, UnitPrice) VALUES (1228,20,3,1483);
INSERT INTO OrderLines(OrderID, ProductID, Qty, UnitPrice) VALUES (1228,12,2,1499);
INSERT INTO OrderLines(OrderID, ProductID, Qty, UnitPrice) VALUES (1228,7,1,1424);
INSERT INTO OrderLines(OrderID, ProductID, Qty, UnitPrice) VALUES (1228,28,3,682);
UPDATE [Order] SET TotalAmount=10917 WHERE OrderID=1228;
INSERT INTO Payment(OrderID, PaymentDate, Amount, PaymentMethod, TransactionRef) VALUES (1228,'2025-03-31',10917,'Card','TXN973239');
INSERT INTO [Order](CustomerID, OrderDate, Status, TotalAmount) VALUES (123,'2025-08-26','Processing',0);
INSERT INTO OrderLines(OrderID, ProductID, Qty, UnitPrice) VALUES (1229,33,2,1279);
INSERT INTO OrderLines(OrderID, ProductID, Qty, UnitPrice) VALUES (1229,20,3,166);
INSERT INTO OrderLines(OrderID, ProductID, Qty, UnitPrice) VALUES (1229,38,1,1303);
INSERT INTO OrderLines(OrderID, ProductID, Qty, UnitPrice) VALUES (1229,9,3,843);
UPDATE [Order] SET TotalAmount=6888 WHERE OrderID=1229;
INSERT INTO Payment(OrderID, PaymentDate, Amount, PaymentMethod, TransactionRef) VALUES (1229,'2025-08-26',6888,'PayPal','TXN590695');
INSERT INTO [Order](CustomerID, OrderDate, Status, TotalAmount) VALUES (123,'2025-05-21','Processing',0);
INSERT INTO OrderLines(OrderID, ProductID, Qty, UnitPrice) VALUES (1230,39,1,1132);
INSERT INTO OrderLines(OrderID, ProductID, Qty, UnitPrice) VALUES (1230,19,2,307);
INSERT INTO OrderLines(OrderID, ProductID, Qty, UnitPrice) VALUES (1230,42,2,1205);
INSERT INTO OrderLines(OrderID, ProductID, Qty, UnitPrice) VALUES (1230,21,1,643);
UPDATE [Order] SET TotalAmount=4799 WHERE OrderID=1230;
INSERT INTO Payment(OrderID, PaymentDate, Amount, PaymentMethod, TransactionRef) VALUES (1230,'2025-05-25',4799,'Card','TXN536218');
INSERT INTO [Order](CustomerID, OrderDate, Status, TotalAmount) VALUES (124,'2025-03-11','Delivered',0);
INSERT INTO OrderLines(OrderID, ProductID, Qty, UnitPrice) VALUES (1231,1,1,1029);
INSERT INTO OrderLines(OrderID, ProductID, Qty, UnitPrice) VALUES (1231,17,1,1410);
INSERT INTO OrderLines(OrderID, ProductID, Qty, UnitPrice) VALUES (1231,34,1,1157);
INSERT INTO OrderLines(OrderID, ProductID, Qty, UnitPrice) VALUES (1231,19,1,1100);
UPDATE [Order] SET TotalAmount=4696 WHERE OrderID=1231;
INSERT INTO Payment(OrderID, PaymentDate, Amount, PaymentMethod, TransactionRef) VALUES (1231,'2025-03-15',4696,'Card','TXN735216');
INSERT INTO [Order](CustomerID, OrderDate, Status, TotalAmount) VALUES (124,'2025-09-21','Shipped',0);
INSERT INTO OrderLines(OrderID, ProductID, Qty, UnitPrice) VALUES (1232,22,1,461);
INSERT INTO OrderLines(OrderID, ProductID, Qty, UnitPrice) VALUES (1232,40,3,1330);
INSERT INTO OrderLines(OrderID, ProductID, Qty, UnitPrice) VALUES (1232,48,3,1462);
INSERT INTO OrderLines(OrderID, ProductID, Qty, UnitPrice) VALUES (1232,28,1,468);
UPDATE [Order] SET TotalAmount=9305 WHERE OrderID=1232;
INSERT INTO Payment(OrderID, PaymentDate, Amount, PaymentMethod, TransactionRef) VALUES (1232,'2025-09-25',9305,'Cash','TXN320127');
INSERT INTO [Order](CustomerID, OrderDate, Status, TotalAmount) VALUES (124,'2025-06-16','Processing',0);
INSERT INTO OrderLines(OrderID, ProductID, Qty, UnitPrice) VALUES (1233,2,1,1240);
INSERT INTO OrderLines(OrderID, ProductID, Qty, UnitPrice) VALUES (1233,8,3,1118);
INSERT INTO OrderLines(OrderID, ProductID, Qty, UnitPrice) VALUES (1233,6,2,683);
INSERT INTO OrderLines(OrderID, ProductID, Qty, UnitPrice) VALUES (1233,45,2,273);
UPDATE [Order] SET TotalAmount=6506 WHERE OrderID=1233;
INSERT INTO Payment(OrderID, PaymentDate, Amount, PaymentMethod, TransactionRef) VALUES (1233,'2025-06-18',6506,'PayPal','TXN680313');
INSERT INTO [Order](CustomerID, OrderDate, Status, TotalAmount) VALUES (124,'2025-06-13','Cancelled',0);
INSERT INTO OrderLines(OrderID, ProductID, Qty, UnitPrice) VALUES (1234,6,2,1023);
INSERT INTO OrderLines(OrderID, ProductID, Qty, UnitPrice) VALUES (1234,17,1,1030);
INSERT INTO OrderLines(OrderID, ProductID, Qty, UnitPrice) VALUES (1234,35,1,390);
INSERT INTO OrderLines(OrderID, ProductID, Qty, UnitPrice) VALUES (1234,25,2,470);
UPDATE [Order] SET TotalAmount=4406 WHERE OrderID=1234;
INSERT INTO Payment(OrderID, PaymentDate, Amount, PaymentMethod, TransactionRef) VALUES (1234,'2025-06-16',4406,'PayPal','TXN160024');
INSERT INTO [Order](CustomerID, OrderDate, Status, TotalAmount) VALUES (124,'2025-09-15','Delivered',0);
INSERT INTO OrderLines(OrderID, ProductID, Qty, UnitPrice) VALUES (1235,20,2,594);
INSERT INTO OrderLines(OrderID, ProductID, Qty, UnitPrice) VALUES (1235,45,3,579);
INSERT INTO OrderLines(OrderID, ProductID, Qty, UnitPrice) VALUES (1235,21,2,1477);
INSERT INTO OrderLines(OrderID, ProductID, Qty, UnitPrice) VALUES (1235,29,3,533);
UPDATE [Order] SET TotalAmount=7478 WHERE OrderID=1235;
INSERT INTO Payment(OrderID, PaymentDate, Amount, PaymentMethod, TransactionRef) VALUES (1235,'2025-09-18',7478,'PayPal','TXN368699');
INSERT INTO [Order](CustomerID, OrderDate, Status, TotalAmount) VALUES (124,'2025-11-07','Cancelled',0);
INSERT INTO OrderLines(OrderID, ProductID, Qty, UnitPrice) VALUES (1236,12,3,847);
INSERT INTO OrderLines(OrderID, ProductID, Qty, UnitPrice) VALUES (1236,3,2,1109);
INSERT INTO OrderLines(OrderID, ProductID, Qty, UnitPrice) VALUES (1236,24,2,77);
INSERT INTO OrderLines(OrderID, ProductID, Qty, UnitPrice) VALUES (1236,10,2,1343);
UPDATE [Order] SET TotalAmount=7599 WHERE OrderID=1236;
INSERT INTO Payment(OrderID, PaymentDate, Amount, PaymentMethod, TransactionRef) VALUES (1236,'2025-11-07',7599,'PayPal','TXN220697');
INSERT INTO [Order](CustomerID, OrderDate, Status, TotalAmount) VALUES (124,'2025-04-04','Delivered',0);
INSERT INTO OrderLines(OrderID, ProductID, Qty, UnitPrice) VALUES (1237,46,2,1219);
INSERT INTO OrderLines(OrderID, ProductID, Qty, UnitPrice) VALUES (1237,49,1,628);
INSERT INTO OrderLines(OrderID, ProductID, Qty, UnitPrice) VALUES (1237,16,2,1369);
INSERT INTO OrderLines(OrderID, ProductID, Qty, UnitPrice) VALUES (1237,20,1,530);
UPDATE [Order] SET TotalAmount=6334 WHERE OrderID=1237;
INSERT INTO Payment(OrderID, PaymentDate, Amount, PaymentMethod, TransactionRef) VALUES (1237,'2025-04-06',6334,'Card','TXN321929');
INSERT INTO [Order](CustomerID, OrderDate, Status, TotalAmount) VALUES (124,'2025-09-16','Delivered',0);
INSERT INTO OrderLines(OrderID, ProductID, Qty, UnitPrice) VALUES (1238,4,1,1226);
INSERT INTO OrderLines(OrderID, ProductID, Qty, UnitPrice) VALUES (1238,29,2,1469);
INSERT INTO OrderLines(OrderID, ProductID, Qty, UnitPrice) VALUES (1238,19,3,174);
INSERT INTO OrderLines(OrderID, ProductID, Qty, UnitPrice) VALUES (1238,45,2,913);
UPDATE [Order] SET TotalAmount=6512 WHERE OrderID=1238;
INSERT INTO Payment(OrderID, PaymentDate, Amount, PaymentMethod, TransactionRef) VALUES (1238,'2025-09-18',6512,'Cash','TXN928685');
INSERT INTO [Order](CustomerID, OrderDate, Status, TotalAmount) VALUES (124,'2025-09-16','Shipped',0);
INSERT INTO OrderLines(OrderID, ProductID, Qty, UnitPrice) VALUES (1239,10,1,1028);
INSERT INTO OrderLines(OrderID, ProductID, Qty, UnitPrice) VALUES (1239,36,3,797);
INSERT INTO OrderLines(OrderID, ProductID, Qty, UnitPrice) VALUES (1239,4,1,269);
INSERT INTO OrderLines(OrderID, ProductID, Qty, UnitPrice) VALUES (1239,33,2,1028);
UPDATE [Order] SET TotalAmount=5744 WHERE OrderID=1239;
INSERT INTO Payment(OrderID, PaymentDate, Amount, PaymentMethod, TransactionRef) VALUES (1239,'2025-09-16',5744,'Cash','TXN376188');
INSERT INTO [Order](CustomerID, OrderDate, Status, TotalAmount) VALUES (124,'2025-11-03','Cancelled',0);
INSERT INTO OrderLines(OrderID, ProductID, Qty, UnitPrice) VALUES (1240,16,3,284);
INSERT INTO OrderLines(OrderID, ProductID, Qty, UnitPrice) VALUES (1240,10,1,510);
INSERT INTO OrderLines(OrderID, ProductID, Qty, UnitPrice) VALUES (1240,12,1,372);
INSERT INTO OrderLines(OrderID, ProductID, Qty, UnitPrice) VALUES (1240,16,3,725);
UPDATE [Order] SET TotalAmount=3909 WHERE OrderID=1240;
INSERT INTO Payment(OrderID, PaymentDate, Amount, PaymentMethod, TransactionRef) VALUES (1240,'2025-11-03',3909,'PayPal','TXN222470');
INSERT INTO [Order](CustomerID, OrderDate, Status, TotalAmount) VALUES (125,'2025-01-17','Processing',0);
INSERT INTO OrderLines(OrderID, ProductID, Qty, UnitPrice) VALUES (1241,27,2,1206);
INSERT INTO OrderLines(OrderID, ProductID, Qty, UnitPrice) VALUES (1241,41,2,849);
INSERT INTO OrderLines(OrderID, ProductID, Qty, UnitPrice) VALUES (1241,16,1,1260);
INSERT INTO OrderLines(OrderID, ProductID, Qty, UnitPrice) VALUES (1241,36,1,122);
UPDATE [Order] SET TotalAmount=5492 WHERE OrderID=1241;
INSERT INTO Payment(OrderID, PaymentDate, Amount, PaymentMethod, TransactionRef) VALUES (1241,'2025-01-21',5492,'Card','TXN544778');
INSERT INTO [Order](CustomerID, OrderDate, Status, TotalAmount) VALUES (125,'2025-09-04','Processing',0);
INSERT INTO OrderLines(OrderID, ProductID, Qty, UnitPrice) VALUES (1242,31,3,1495);
INSERT INTO OrderLines(OrderID, ProductID, Qty, UnitPrice) VALUES (1242,2,1,135);
INSERT INTO OrderLines(OrderID, ProductID, Qty, UnitPrice) VALUES (1242,19,3,1065);
INSERT INTO OrderLines(OrderID, ProductID, Qty, UnitPrice) VALUES (1242,5,3,243);
UPDATE [Order] SET TotalAmount=8544 WHERE OrderID=1242;
INSERT INTO Payment(OrderID, PaymentDate, Amount, PaymentMethod, TransactionRef) VALUES (1242,'2025-09-06',8544,'Cash','TXN508179');
INSERT INTO [Order](CustomerID, OrderDate, Status, TotalAmount) VALUES (125,'2025-02-19','Shipped',0);
INSERT INTO OrderLines(OrderID, ProductID, Qty, UnitPrice) VALUES (1243,13,1,807);
INSERT INTO OrderLines(OrderID, ProductID, Qty, UnitPrice) VALUES (1243,9,2,1243);
INSERT INTO OrderLines(OrderID, ProductID, Qty, UnitPrice) VALUES (1243,26,2,984);
INSERT INTO OrderLines(OrderID, ProductID, Qty, UnitPrice) VALUES (1243,6,1,1328);
UPDATE [Order] SET TotalAmount=6589 WHERE OrderID=1243;
INSERT INTO Payment(OrderID, PaymentDate, Amount, PaymentMethod, TransactionRef) VALUES (1243,'2025-02-22',6589,'PayPal','TXN767738');
INSERT INTO [Order](CustomerID, OrderDate, Status, TotalAmount) VALUES (125,'2025-01-10','Delivered',0);
INSERT INTO OrderLines(OrderID, ProductID, Qty, UnitPrice) VALUES (1244,47,3,493);
INSERT INTO OrderLines(OrderID, ProductID, Qty, UnitPrice) VALUES (1244,15,1,1332);
INSERT INTO OrderLines(OrderID, ProductID, Qty, UnitPrice) VALUES (1244,8,2,984);
INSERT INTO OrderLines(OrderID, ProductID, Qty, UnitPrice) VALUES (1244,33,1,584);
UPDATE [Order] SET TotalAmount=5363 WHERE OrderID=1244;
INSERT INTO Payment(OrderID, PaymentDate, Amount, PaymentMethod, TransactionRef) VALUES (1244,'2025-01-12',5363,'Cash','TXN189933');
INSERT INTO [Order](CustomerID, OrderDate, Status, TotalAmount) VALUES (125,'2025-08-19','Cancelled',0);
INSERT INTO OrderLines(OrderID, ProductID, Qty, UnitPrice) VALUES (1245,3,2,631);
INSERT INTO OrderLines(OrderID, ProductID, Qty, UnitPrice) VALUES (1245,2,2,1114);
INSERT INTO OrderLines(OrderID, ProductID, Qty, UnitPrice) VALUES (1245,39,3,1177);
INSERT INTO OrderLines(OrderID, ProductID, Qty, UnitPrice) VALUES (1245,39,2,54);
UPDATE [Order] SET TotalAmount=7129 WHERE OrderID=1245;
INSERT INTO Payment(OrderID, PaymentDate, Amount, PaymentMethod, TransactionRef) VALUES (1245,'2025-08-19',7129,'Card','TXN210773');
INSERT INTO [Order](CustomerID, OrderDate, Status, TotalAmount) VALUES (125,'2025-04-16','Delivered',0);
INSERT INTO OrderLines(OrderID, ProductID, Qty, UnitPrice) VALUES (1246,15,2,1428);
INSERT INTO OrderLines(OrderID, ProductID, Qty, UnitPrice) VALUES (1246,5,3,225);
INSERT INTO OrderLines(OrderID, ProductID, Qty, UnitPrice) VALUES (1246,36,3,549);
INSERT INTO OrderLines(OrderID, ProductID, Qty, UnitPrice) VALUES (1246,38,2,590);
UPDATE [Order] SET TotalAmount=6358 WHERE OrderID=1246;
INSERT INTO Payment(OrderID, PaymentDate, Amount, PaymentMethod, TransactionRef) VALUES (1246,'2025-04-18',6358,'PayPal','TXN691138');
INSERT INTO [Order](CustomerID, OrderDate, Status, TotalAmount) VALUES (125,'2025-07-05','Cancelled',0);
INSERT INTO OrderLines(OrderID, ProductID, Qty, UnitPrice) VALUES (1247,49,3,1154);
INSERT INTO OrderLines(OrderID, ProductID, Qty, UnitPrice) VALUES (1247,9,2,147);
INSERT INTO OrderLines(OrderID, ProductID, Qty, UnitPrice) VALUES (1247,14,1,434);
INSERT INTO OrderLines(OrderID, ProductID, Qty, UnitPrice) VALUES (1247,41,1,619);
UPDATE [Order] SET TotalAmount=4809 WHERE OrderID=1247;
INSERT INTO Payment(OrderID, PaymentDate, Amount, PaymentMethod, TransactionRef) VALUES (1247,'2025-07-08',4809,'Cash','TXN579177');
INSERT INTO [Order](CustomerID, OrderDate, Status, TotalAmount) VALUES (125,'2025-08-23','Cancelled',0);
INSERT INTO OrderLines(OrderID, ProductID, Qty, UnitPrice) VALUES (1248,21,3,340);
INSERT INTO OrderLines(OrderID, ProductID, Qty, UnitPrice) VALUES (1248,40,2,777);
INSERT INTO OrderLines(OrderID, ProductID, Qty, UnitPrice) VALUES (1248,48,1,1198);
INSERT INTO OrderLines(OrderID, ProductID, Qty, UnitPrice) VALUES (1248,50,1,798);
UPDATE [Order] SET TotalAmount=4570 WHERE OrderID=1248;
INSERT INTO Payment(OrderID, PaymentDate, Amount, PaymentMethod, TransactionRef) VALUES (1248,'2025-08-25',4570,'Card','TXN636512');
INSERT INTO [Order](CustomerID, OrderDate, Status, TotalAmount) VALUES (125,'2025-12-04','Processing',0);
INSERT INTO OrderLines(OrderID, ProductID, Qty, UnitPrice) VALUES (1249,39,3,335);
INSERT INTO OrderLines(OrderID, ProductID, Qty, UnitPrice) VALUES (1249,24,1,643);
INSERT INTO OrderLines(OrderID, ProductID, Qty, UnitPrice) VALUES (1249,9,2,473);
INSERT INTO OrderLines(OrderID, ProductID, Qty, UnitPrice) VALUES (1249,16,1,1432);
UPDATE [Order] SET TotalAmount=4026 WHERE OrderID=1249;
INSERT INTO Payment(OrderID, PaymentDate, Amount, PaymentMethod, TransactionRef) VALUES (1249,'2025-12-05',4026,'Cash','TXN636007');
INSERT INTO [Order](CustomerID, OrderDate, Status, TotalAmount) VALUES (125,'2025-09-26','Shipped',0);
INSERT INTO OrderLines(OrderID, ProductID, Qty, UnitPrice) VALUES (1250,39,3,974);
INSERT INTO OrderLines(OrderID, ProductID, Qty, UnitPrice) VALUES (1250,44,3,26);
INSERT INTO OrderLines(OrderID, ProductID, Qty, UnitPrice) VALUES (1250,23,2,639);
INSERT INTO OrderLines(OrderID, ProductID, Qty, UnitPrice) VALUES (1250,26,3,931);
UPDATE [Order] SET TotalAmount=7071 WHERE OrderID=1250;
INSERT INTO Payment(OrderID, PaymentDate, Amount, PaymentMethod, TransactionRef) VALUES (1250,'2025-09-26',7071,'Cash','TXN779820');
INSERT INTO [Order](CustomerID, OrderDate, Status, TotalAmount) VALUES (126,'2025-12-03','Delivered',0);
INSERT INTO OrderLines(OrderID, ProductID, Qty, UnitPrice) VALUES (1251,8,3,1236);
INSERT INTO OrderLines(OrderID, ProductID, Qty, UnitPrice) VALUES (1251,32,2,816);
INSERT INTO OrderLines(OrderID, ProductID, Qty, UnitPrice) VALUES (1251,46,1,418);
INSERT INTO OrderLines(OrderID, ProductID, Qty, UnitPrice) VALUES (1251,13,1,878);
UPDATE [Order] SET TotalAmount=6636 WHERE OrderID=1251;
INSERT INTO Payment(OrderID, PaymentDate, Amount, PaymentMethod, TransactionRef) VALUES (1251,'2025-12-07',6636,'PayPal','TXN607990');
INSERT INTO [Order](CustomerID, OrderDate, Status, TotalAmount) VALUES (126,'2025-10-19','Cancelled',0);
INSERT INTO OrderLines(OrderID, ProductID, Qty, UnitPrice) VALUES (1252,44,1,1045);
INSERT INTO OrderLines(OrderID, ProductID, Qty, UnitPrice) VALUES (1252,22,2,1230);
INSERT INTO OrderLines(OrderID, ProductID, Qty, UnitPrice) VALUES (1252,13,3,514);
INSERT INTO OrderLines(OrderID, ProductID, Qty, UnitPrice) VALUES (1252,10,1,1256);
UPDATE [Order] SET TotalAmount=6303 WHERE OrderID=1252;
INSERT INTO Payment(OrderID, PaymentDate, Amount, PaymentMethod, TransactionRef) VALUES (1252,'2025-10-22',6303,'Cash','TXN170982');
INSERT INTO [Order](CustomerID, OrderDate, Status, TotalAmount) VALUES (126,'2025-07-03','Processing',0);
INSERT INTO OrderLines(OrderID, ProductID, Qty, UnitPrice) VALUES (1253,37,3,151);
INSERT INTO OrderLines(OrderID, ProductID, Qty, UnitPrice) VALUES (1253,5,3,921);
INSERT INTO OrderLines(OrderID, ProductID, Qty, UnitPrice) VALUES (1253,26,2,536);
INSERT INTO OrderLines(OrderID, ProductID, Qty, UnitPrice) VALUES (1253,24,2,690);
UPDATE [Order] SET TotalAmount=5668 WHERE OrderID=1253;
INSERT INTO Payment(OrderID, PaymentDate, Amount, PaymentMethod, TransactionRef) VALUES (1253,'2025-07-06',5668,'Card','TXN439348');
INSERT INTO [Order](CustomerID, OrderDate, Status, TotalAmount) VALUES (126,'2025-08-27','Shipped',0);
INSERT INTO OrderLines(OrderID, ProductID, Qty, UnitPrice) VALUES (1254,36,1,871);
INSERT INTO OrderLines(OrderID, ProductID, Qty, UnitPrice) VALUES (1254,34,1,38);
INSERT INTO OrderLines(OrderID, ProductID, Qty, UnitPrice) VALUES (1254,21,1,997);
INSERT INTO OrderLines(OrderID, ProductID, Qty, UnitPrice) VALUES (1254,18,1,820);
UPDATE [Order] SET TotalAmount=2726 WHERE OrderID=1254;
INSERT INTO Payment(OrderID, PaymentDate, Amount, PaymentMethod, TransactionRef) VALUES (1254,'2025-08-29',2726,'Card','TXN774081');
INSERT INTO [Order](CustomerID, OrderDate, Status, TotalAmount) VALUES (126,'2025-04-07','Cancelled',0);
INSERT INTO OrderLines(OrderID, ProductID, Qty, UnitPrice) VALUES (1255,50,3,1289);
INSERT INTO OrderLines(OrderID, ProductID, Qty, UnitPrice) VALUES (1255,47,1,1200);
INSERT INTO OrderLines(OrderID, ProductID, Qty, UnitPrice) VALUES (1255,38,2,1217);
INSERT INTO OrderLines(OrderID, ProductID, Qty, UnitPrice) VALUES (1255,47,1,472);
UPDATE [Order] SET TotalAmount=7973 WHERE OrderID=1255;
INSERT INTO Payment(OrderID, PaymentDate, Amount, PaymentMethod, TransactionRef) VALUES (1255,'2025-04-11',7973,'PayPal','TXN319687');
INSERT INTO [Order](CustomerID, OrderDate, Status, TotalAmount) VALUES (126,'2025-08-31','Processing',0);
INSERT INTO OrderLines(OrderID, ProductID, Qty, UnitPrice) VALUES (1256,3,3,1073);
INSERT INTO OrderLines(OrderID, ProductID, Qty, UnitPrice) VALUES (1256,43,3,935);
INSERT INTO OrderLines(OrderID, ProductID, Qty, UnitPrice) VALUES (1256,48,3,556);
INSERT INTO OrderLines(OrderID, ProductID, Qty, UnitPrice) VALUES (1256,13,1,835);
UPDATE [Order] SET TotalAmount=8527 WHERE OrderID=1256;
INSERT INTO Payment(OrderID, PaymentDate, Amount, PaymentMethod, TransactionRef) VALUES (1256,'2025-09-04',8527,'Cash','TXN831271');
INSERT INTO [Order](CustomerID, OrderDate, Status, TotalAmount) VALUES (126,'2025-03-08','Shipped',0);
INSERT INTO OrderLines(OrderID, ProductID, Qty, UnitPrice) VALUES (1257,7,3,670);
INSERT INTO OrderLines(OrderID, ProductID, Qty, UnitPrice) VALUES (1257,49,2,180);
INSERT INTO OrderLines(OrderID, ProductID, Qty, UnitPrice) VALUES (1257,27,2,979);
INSERT INTO OrderLines(OrderID, ProductID, Qty, UnitPrice) VALUES (1257,27,2,1152);
UPDATE [Order] SET TotalAmount=6632 WHERE OrderID=1257;
INSERT INTO Payment(OrderID, PaymentDate, Amount, PaymentMethod, TransactionRef) VALUES (1257,'2025-03-09',6632,'Cash','TXN709986');
INSERT INTO [Order](CustomerID, OrderDate, Status, TotalAmount) VALUES (126,'2025-02-02','Processing',0);
INSERT INTO OrderLines(OrderID, ProductID, Qty, UnitPrice) VALUES (1258,13,1,869);
INSERT INTO OrderLines(OrderID, ProductID, Qty, UnitPrice) VALUES (1258,23,1,1024);
INSERT INTO OrderLines(OrderID, ProductID, Qty, UnitPrice) VALUES (1258,36,3,346);
INSERT INTO OrderLines(OrderID, ProductID, Qty, UnitPrice) VALUES (1258,10,2,767);
UPDATE [Order] SET TotalAmount=4465 WHERE OrderID=1258;
INSERT INTO Payment(OrderID, PaymentDate, Amount, PaymentMethod, TransactionRef) VALUES (1258,'2025-02-06',4465,'Card','TXN701618');
INSERT INTO [Order](CustomerID, OrderDate, Status, TotalAmount) VALUES (126,'2025-05-26','Shipped',0);
INSERT INTO OrderLines(OrderID, ProductID, Qty, UnitPrice) VALUES (1259,31,3,1101);
INSERT INTO OrderLines(OrderID, ProductID, Qty, UnitPrice) VALUES (1259,1,3,1195);
INSERT INTO OrderLines(OrderID, ProductID, Qty, UnitPrice) VALUES (1259,26,2,1086);
INSERT INTO OrderLines(OrderID, ProductID, Qty, UnitPrice) VALUES (1259,18,3,353);
UPDATE [Order] SET TotalAmount=10119 WHERE OrderID=1259;
INSERT INTO Payment(OrderID, PaymentDate, Amount, PaymentMethod, TransactionRef) VALUES (1259,'2025-05-31',10119,'Cash','TXN668528');
INSERT INTO [Order](CustomerID, OrderDate, Status, TotalAmount) VALUES (126,'2025-09-05','Shipped',0);
INSERT INTO OrderLines(OrderID, ProductID, Qty, UnitPrice) VALUES (1260,15,1,488);
INSERT INTO OrderLines(OrderID, ProductID, Qty, UnitPrice) VALUES (1260,46,2,763);
INSERT INTO OrderLines(OrderID, ProductID, Qty, UnitPrice) VALUES (1260,30,1,609);
INSERT INTO OrderLines(OrderID, ProductID, Qty, UnitPrice) VALUES (1260,42,2,57);
UPDATE [Order] SET TotalAmount=2737 WHERE OrderID=1260;
INSERT INTO Payment(OrderID, PaymentDate, Amount, PaymentMethod, TransactionRef) VALUES (1260,'2025-09-06',2737,'Card','TXN216803');
INSERT INTO [Order](CustomerID, OrderDate, Status, TotalAmount) VALUES (127,'2025-10-05','Cancelled',0);
INSERT INTO OrderLines(OrderID, ProductID, Qty, UnitPrice) VALUES (1261,3,1,458);
INSERT INTO OrderLines(OrderID, ProductID, Qty, UnitPrice) VALUES (1261,21,1,290);
INSERT INTO OrderLines(OrderID, ProductID, Qty, UnitPrice) VALUES (1261,20,2,1102);
INSERT INTO OrderLines(OrderID, ProductID, Qty, UnitPrice) VALUES (1261,36,2,1015);
UPDATE [Order] SET TotalAmount=4982 WHERE OrderID=1261;
INSERT INTO Payment(OrderID, PaymentDate, Amount, PaymentMethod, TransactionRef) VALUES (1261,'2025-10-06',4982,'PayPal','TXN843687');
INSERT INTO [Order](CustomerID, OrderDate, Status, TotalAmount) VALUES (127,'2025-10-11','Delivered',0);
INSERT INTO OrderLines(OrderID, ProductID, Qty, UnitPrice) VALUES (1262,31,3,517);
INSERT INTO OrderLines(OrderID, ProductID, Qty, UnitPrice) VALUES (1262,40,3,1023);
INSERT INTO OrderLines(OrderID, ProductID, Qty, UnitPrice) VALUES (1262,40,1,394);
INSERT INTO OrderLines(OrderID, ProductID, Qty, UnitPrice) VALUES (1262,4,1,1291);
UPDATE [Order] SET TotalAmount=6305 WHERE OrderID=1262;
INSERT INTO Payment(OrderID, PaymentDate, Amount, PaymentMethod, TransactionRef) VALUES (1262,'2025-10-11',6305,'PayPal','TXN424447');
INSERT INTO [Order](CustomerID, OrderDate, Status, TotalAmount) VALUES (127,'2025-01-31','Cancelled',0);
INSERT INTO OrderLines(OrderID, ProductID, Qty, UnitPrice) VALUES (1263,36,1,819);
INSERT INTO OrderLines(OrderID, ProductID, Qty, UnitPrice) VALUES (1263,47,2,1308);
INSERT INTO OrderLines(OrderID, ProductID, Qty, UnitPrice) VALUES (1263,39,3,526);
INSERT INTO OrderLines(OrderID, ProductID, Qty, UnitPrice) VALUES (1263,43,2,447);
UPDATE [Order] SET TotalAmount=5907 WHERE OrderID=1263;
INSERT INTO Payment(OrderID, PaymentDate, Amount, PaymentMethod, TransactionRef) VALUES (1263,'2025-02-05',5907,'PayPal','TXN658709');
INSERT INTO [Order](CustomerID, OrderDate, Status, TotalAmount) VALUES (127,'2025-07-27','Cancelled',0);
INSERT INTO OrderLines(OrderID, ProductID, Qty, UnitPrice) VALUES (1264,28,1,813);
INSERT INTO OrderLines(OrderID, ProductID, Qty, UnitPrice) VALUES (1264,22,1,181);
INSERT INTO OrderLines(OrderID, ProductID, Qty, UnitPrice) VALUES (1264,39,2,1246);
INSERT INTO OrderLines(OrderID, ProductID, Qty, UnitPrice) VALUES (1264,24,1,337);
UPDATE [Order] SET TotalAmount=3823 WHERE OrderID=1264;
INSERT INTO Payment(OrderID, PaymentDate, Amount, PaymentMethod, TransactionRef) VALUES (1264,'2025-08-01',3823,'Card','TXN304392');
INSERT INTO [Order](CustomerID, OrderDate, Status, TotalAmount) VALUES (127,'2025-10-25','Cancelled',0);
INSERT INTO OrderLines(OrderID, ProductID, Qty, UnitPrice) VALUES (1265,20,1,600);
INSERT INTO OrderLines(OrderID, ProductID, Qty, UnitPrice) VALUES (1265,44,1,524);
INSERT INTO OrderLines(OrderID, ProductID, Qty, UnitPrice) VALUES (1265,25,2,1313);
INSERT INTO OrderLines(OrderID, ProductID, Qty, UnitPrice) VALUES (1265,19,1,151);
UPDATE [Order] SET TotalAmount=3901 WHERE OrderID=1265;
INSERT INTO Payment(OrderID, PaymentDate, Amount, PaymentMethod, TransactionRef) VALUES (1265,'2025-10-30',3901,'Cash','TXN193388');
INSERT INTO [Order](CustomerID, OrderDate, Status, TotalAmount) VALUES (127,'2025-11-01','Shipped',0);
INSERT INTO OrderLines(OrderID, ProductID, Qty, UnitPrice) VALUES (1266,35,1,28);
INSERT INTO OrderLines(OrderID, ProductID, Qty, UnitPrice) VALUES (1266,39,1,649);
INSERT INTO OrderLines(OrderID, ProductID, Qty, UnitPrice) VALUES (1266,49,1,1366);
INSERT INTO OrderLines(OrderID, ProductID, Qty, UnitPrice) VALUES (1266,15,2,539);
UPDATE [Order] SET TotalAmount=3121 WHERE OrderID=1266;
INSERT INTO Payment(OrderID, PaymentDate, Amount, PaymentMethod, TransactionRef) VALUES (1266,'2025-11-04',3121,'Cash','TXN450117');
INSERT INTO [Order](CustomerID, OrderDate, Status, TotalAmount) VALUES (127,'2025-04-06','Cancelled',0);
INSERT INTO OrderLines(OrderID, ProductID, Qty, UnitPrice) VALUES (1267,36,1,567);
INSERT INTO OrderLines(OrderID, ProductID, Qty, UnitPrice) VALUES (1267,18,1,1035);
INSERT INTO OrderLines(OrderID, ProductID, Qty, UnitPrice) VALUES (1267,37,1,219);
INSERT INTO OrderLines(OrderID, ProductID, Qty, UnitPrice) VALUES (1267,36,3,293);
UPDATE [Order] SET TotalAmount=2700 WHERE OrderID=1267;
INSERT INTO Payment(OrderID, PaymentDate, Amount, PaymentMethod, TransactionRef) VALUES (1267,'2025-04-11',2700,'Card','TXN192377');
INSERT INTO [Order](CustomerID, OrderDate, Status, TotalAmount) VALUES (127,'2025-06-09','Delivered',0);
INSERT INTO OrderLines(OrderID, ProductID, Qty, UnitPrice) VALUES (1268,28,3,1088);
INSERT INTO OrderLines(OrderID, ProductID, Qty, UnitPrice) VALUES (1268,8,1,929);
INSERT INTO OrderLines(OrderID, ProductID, Qty, UnitPrice) VALUES (1268,33,3,1195);
INSERT INTO OrderLines(OrderID, ProductID, Qty, UnitPrice) VALUES (1268,42,3,1114);
UPDATE [Order] SET TotalAmount=11120 WHERE OrderID=1268;
INSERT INTO Payment(OrderID, PaymentDate, Amount, PaymentMethod, TransactionRef) VALUES (1268,'2025-06-11',11120,'Card','TXN945563');
INSERT INTO [Order](CustomerID, OrderDate, Status, TotalAmount) VALUES (127,'2025-11-02','Cancelled',0);
INSERT INTO OrderLines(OrderID, ProductID, Qty, UnitPrice) VALUES (1269,1,3,1468);
INSERT INTO OrderLines(OrderID, ProductID, Qty, UnitPrice) VALUES (1269,37,1,1378);
INSERT INTO OrderLines(OrderID, ProductID, Qty, UnitPrice) VALUES (1269,22,1,1487);
INSERT INTO OrderLines(OrderID, ProductID, Qty, UnitPrice) VALUES (1269,5,2,1268);
UPDATE [Order] SET TotalAmount=9805 WHERE OrderID=1269;
INSERT INTO Payment(OrderID, PaymentDate, Amount, PaymentMethod, TransactionRef) VALUES (1269,'2025-11-07',9805,'PayPal','TXN399771');
INSERT INTO [Order](CustomerID, OrderDate, Status, TotalAmount) VALUES (127,'2025-12-03','Cancelled',0);
INSERT INTO OrderLines(OrderID, ProductID, Qty, UnitPrice) VALUES (1270,3,3,229);
INSERT INTO OrderLines(OrderID, ProductID, Qty, UnitPrice) VALUES (1270,2,1,759);
INSERT INTO OrderLines(OrderID, ProductID, Qty, UnitPrice) VALUES (1270,16,2,1016);
INSERT INTO OrderLines(OrderID, ProductID, Qty, UnitPrice) VALUES (1270,28,3,164);
UPDATE [Order] SET TotalAmount=3970 WHERE OrderID=1270;
INSERT INTO Payment(OrderID, PaymentDate, Amount, PaymentMethod, TransactionRef) VALUES (1270,'2025-12-03',3970,'Card','TXN851337');
INSERT INTO [Order](CustomerID, OrderDate, Status, TotalAmount) VALUES (128,'2025-04-23','Processing',0);
INSERT INTO OrderLines(OrderID, ProductID, Qty, UnitPrice) VALUES (1271,36,3,360);
INSERT INTO OrderLines(OrderID, ProductID, Qty, UnitPrice) VALUES (1271,7,3,128);
INSERT INTO OrderLines(OrderID, ProductID, Qty, UnitPrice) VALUES (1271,16,3,185);
INSERT INTO OrderLines(OrderID, ProductID, Qty, UnitPrice) VALUES (1271,21,3,431);
UPDATE [Order] SET TotalAmount=3312 WHERE OrderID=1271;
INSERT INTO Payment(OrderID, PaymentDate, Amount, PaymentMethod, TransactionRef) VALUES (1271,'2025-04-23',3312,'Card','TXN702903');
INSERT INTO [Order](CustomerID, OrderDate, Status, TotalAmount) VALUES (128,'2025-02-08','Cancelled',0);
INSERT INTO OrderLines(OrderID, ProductID, Qty, UnitPrice) VALUES (1272,25,3,1324);
INSERT INTO OrderLines(OrderID, ProductID, Qty, UnitPrice) VALUES (1272,40,2,1446);
INSERT INTO OrderLines(OrderID, ProductID, Qty, UnitPrice) VALUES (1272,7,2,1409);
INSERT INTO OrderLines(OrderID, ProductID, Qty, UnitPrice) VALUES (1272,44,1,150);
UPDATE [Order] SET TotalAmount=9832 WHERE OrderID=1272;
INSERT INTO Payment(OrderID, PaymentDate, Amount, PaymentMethod, TransactionRef) VALUES (1272,'2025-02-09',9832,'Cash','TXN980405');
INSERT INTO [Order](CustomerID, OrderDate, Status, TotalAmount) VALUES (128,'2025-10-26','Processing',0);
INSERT INTO OrderLines(OrderID, ProductID, Qty, UnitPrice) VALUES (1273,23,2,1483);
INSERT INTO OrderLines(OrderID, ProductID, Qty, UnitPrice) VALUES (1273,6,2,651);
INSERT INTO OrderLines(OrderID, ProductID, Qty, UnitPrice) VALUES (1273,38,1,409);
INSERT INTO OrderLines(OrderID, ProductID, Qty, UnitPrice) VALUES (1273,41,3,532);
UPDATE [Order] SET TotalAmount=6273 WHERE OrderID=1273;
INSERT INTO Payment(OrderID, PaymentDate, Amount, PaymentMethod, TransactionRef) VALUES (1273,'2025-10-30',6273,'Cash','TXN417680');
INSERT INTO [Order](CustomerID, OrderDate, Status, TotalAmount) VALUES (128,'2025-06-08','Delivered',0);
INSERT INTO OrderLines(OrderID, ProductID, Qty, UnitPrice) VALUES (1274,16,2,274);
INSERT INTO OrderLines(OrderID, ProductID, Qty, UnitPrice) VALUES (1274,29,2,480);
INSERT INTO OrderLines(OrderID, ProductID, Qty, UnitPrice) VALUES (1274,30,1,1077);
INSERT INTO OrderLines(OrderID, ProductID, Qty, UnitPrice) VALUES (1274,28,1,1471);
UPDATE [Order] SET TotalAmount=4056 WHERE OrderID=1274;
INSERT INTO Payment(OrderID, PaymentDate, Amount, PaymentMethod, TransactionRef) VALUES (1274,'2025-06-08',4056,'Cash','TXN174507');
INSERT INTO [Order](CustomerID, OrderDate, Status, TotalAmount) VALUES (128,'2025-09-11','Delivered',0);
INSERT INTO OrderLines(OrderID, ProductID, Qty, UnitPrice) VALUES (1275,21,1,696);
INSERT INTO OrderLines(OrderID, ProductID, Qty, UnitPrice) VALUES (1275,20,2,913);
INSERT INTO OrderLines(OrderID, ProductID, Qty, UnitPrice) VALUES (1275,26,3,1315);
INSERT INTO OrderLines(OrderID, ProductID, Qty, UnitPrice) VALUES (1275,29,2,714);
UPDATE [Order] SET TotalAmount=7895 WHERE OrderID=1275;
INSERT INTO Payment(OrderID, PaymentDate, Amount, PaymentMethod, TransactionRef) VALUES (1275,'2025-09-13',7895,'Card','TXN953508');
INSERT INTO [Order](CustomerID, OrderDate, Status, TotalAmount) VALUES (128,'2025-03-12','Cancelled',0);
INSERT INTO OrderLines(OrderID, ProductID, Qty, UnitPrice) VALUES (1276,24,2,242);
INSERT INTO OrderLines(OrderID, ProductID, Qty, UnitPrice) VALUES (1276,46,2,385);
INSERT INTO OrderLines(OrderID, ProductID, Qty, UnitPrice) VALUES (1276,19,1,619);
INSERT INTO OrderLines(OrderID, ProductID, Qty, UnitPrice) VALUES (1276,50,2,654);
UPDATE [Order] SET TotalAmount=3181 WHERE OrderID=1276;
INSERT INTO Payment(OrderID, PaymentDate, Amount, PaymentMethod, TransactionRef) VALUES (1276,'2025-03-14',3181,'PayPal','TXN534685');
INSERT INTO [Order](CustomerID, OrderDate, Status, TotalAmount) VALUES (128,'2025-06-02','Shipped',0);
INSERT INTO OrderLines(OrderID, ProductID, Qty, UnitPrice) VALUES (1277,28,1,1417);
INSERT INTO OrderLines(OrderID, ProductID, Qty, UnitPrice) VALUES (1277,45,2,1434);
INSERT INTO OrderLines(OrderID, ProductID, Qty, UnitPrice) VALUES (1277,9,1,221);
INSERT INTO OrderLines(OrderID, ProductID, Qty, UnitPrice) VALUES (1277,19,3,34);
UPDATE [Order] SET TotalAmount=4608 WHERE OrderID=1277;
INSERT INTO Payment(OrderID, PaymentDate, Amount, PaymentMethod, TransactionRef) VALUES (1277,'2025-06-04',4608,'PayPal','TXN822090');
INSERT INTO [Order](CustomerID, OrderDate, Status, TotalAmount) VALUES (128,'2025-12-23','Cancelled',0);
INSERT INTO OrderLines(OrderID, ProductID, Qty, UnitPrice) VALUES (1278,33,3,545);
INSERT INTO OrderLines(OrderID, ProductID, Qty, UnitPrice) VALUES (1278,39,2,267);
INSERT INTO OrderLines(OrderID, ProductID, Qty, UnitPrice) VALUES (1278,3,3,835);
INSERT INTO OrderLines(OrderID, ProductID, Qty, UnitPrice) VALUES (1278,27,2,543);
UPDATE [Order] SET TotalAmount=5760 WHERE OrderID=1278;
INSERT INTO Payment(OrderID, PaymentDate, Amount, PaymentMethod, TransactionRef) VALUES (1278,'2025-12-25',5760,'Card','TXN494291');
INSERT INTO [Order](CustomerID, OrderDate, Status, TotalAmount) VALUES (128,'2025-01-02','Delivered',0);
INSERT INTO OrderLines(OrderID, ProductID, Qty, UnitPrice) VALUES (1279,24,3,382);
INSERT INTO OrderLines(OrderID, ProductID, Qty, UnitPrice) VALUES (1279,38,1,1366);
INSERT INTO OrderLines(OrderID, ProductID, Qty, UnitPrice) VALUES (1279,19,1,1464);
INSERT INTO OrderLines(OrderID, ProductID, Qty, UnitPrice) VALUES (1279,40,3,1317);
UPDATE [Order] SET TotalAmount=7927 WHERE OrderID=1279;
INSERT INTO Payment(OrderID, PaymentDate, Amount, PaymentMethod, TransactionRef) VALUES (1279,'2025-01-03',7927,'Card','TXN674509');
INSERT INTO [Order](CustomerID, OrderDate, Status, TotalAmount) VALUES (128,'2025-11-07','Cancelled',0);
INSERT INTO OrderLines(OrderID, ProductID, Qty, UnitPrice) VALUES (1280,29,2,799);
INSERT INTO OrderLines(OrderID, ProductID, Qty, UnitPrice) VALUES (1280,11,2,1272);
INSERT INTO OrderLines(OrderID, ProductID, Qty, UnitPrice) VALUES (1280,40,2,343);
INSERT INTO OrderLines(OrderID, ProductID, Qty, UnitPrice) VALUES (1280,7,1,88);
UPDATE [Order] SET TotalAmount=4916 WHERE OrderID=1280;
INSERT INTO Payment(OrderID, PaymentDate, Amount, PaymentMethod, TransactionRef) VALUES (1280,'2025-11-11',4916,'Card','TXN988271');
INSERT INTO [Order](CustomerID, OrderDate, Status, TotalAmount) VALUES (129,'2025-03-15','Processing',0);
INSERT INTO OrderLines(OrderID, ProductID, Qty, UnitPrice) VALUES (1281,4,1,603);
INSERT INTO OrderLines(OrderID, ProductID, Qty, UnitPrice) VALUES (1281,12,1,142);
INSERT INTO OrderLines(OrderID, ProductID, Qty, UnitPrice) VALUES (1281,9,2,893);
INSERT INTO OrderLines(OrderID, ProductID, Qty, UnitPrice) VALUES (1281,24,3,532);
UPDATE [Order] SET TotalAmount=4127 WHERE OrderID=1281;
INSERT INTO Payment(OrderID, PaymentDate, Amount, PaymentMethod, TransactionRef) VALUES (1281,'2025-03-15',4127,'Cash','TXN623797');
INSERT INTO [Order](CustomerID, OrderDate, Status, TotalAmount) VALUES (129,'2025-05-17','Delivered',0);
INSERT INTO OrderLines(OrderID, ProductID, Qty, UnitPrice) VALUES (1282,8,1,84);
INSERT INTO OrderLines(OrderID, ProductID, Qty, UnitPrice) VALUES (1282,39,3,1226);
INSERT INTO OrderLines(OrderID, ProductID, Qty, UnitPrice) VALUES (1282,8,1,1459);
INSERT INTO OrderLines(OrderID, ProductID, Qty, UnitPrice) VALUES (1282,17,1,981);
UPDATE [Order] SET TotalAmount=6202 WHERE OrderID=1282;
INSERT INTO Payment(OrderID, PaymentDate, Amount, PaymentMethod, TransactionRef) VALUES (1282,'2025-05-22',6202,'PayPal','TXN868116');
INSERT INTO [Order](CustomerID, OrderDate, Status, TotalAmount) VALUES (129,'2025-03-26','Shipped',0);
INSERT INTO OrderLines(OrderID, ProductID, Qty, UnitPrice) VALUES (1283,9,3,1410);
INSERT INTO OrderLines(OrderID, ProductID, Qty, UnitPrice) VALUES (1283,47,3,201);
INSERT INTO OrderLines(OrderID, ProductID, Qty, UnitPrice) VALUES (1283,24,3,273);
INSERT INTO OrderLines(OrderID, ProductID, Qty, UnitPrice) VALUES (1283,13,3,1138);
UPDATE [Order] SET TotalAmount=9066 WHERE OrderID=1283;
INSERT INTO Payment(OrderID, PaymentDate, Amount, PaymentMethod, TransactionRef) VALUES (1283,'2025-03-28',9066,'PayPal','TXN610792');
INSERT INTO [Order](CustomerID, OrderDate, Status, TotalAmount) VALUES (129,'2025-05-14','Shipped',0);
INSERT INTO OrderLines(OrderID, ProductID, Qty, UnitPrice) VALUES (1284,32,1,1046);
INSERT INTO OrderLines(OrderID, ProductID, Qty, UnitPrice) VALUES (1284,34,3,590);
INSERT INTO OrderLines(OrderID, ProductID, Qty, UnitPrice) VALUES (1284,9,1,1206);
INSERT INTO OrderLines(OrderID, ProductID, Qty, UnitPrice) VALUES (1284,50,2,569);
UPDATE [Order] SET TotalAmount=5160 WHERE OrderID=1284;
INSERT INTO Payment(OrderID, PaymentDate, Amount, PaymentMethod, TransactionRef) VALUES (1284,'2025-05-15',5160,'PayPal','TXN972433');
INSERT INTO [Order](CustomerID, OrderDate, Status, TotalAmount) VALUES (129,'2025-03-02','Delivered',0);
INSERT INTO OrderLines(OrderID, ProductID, Qty, UnitPrice) VALUES (1285,38,2,985);
INSERT INTO OrderLines(OrderID, ProductID, Qty, UnitPrice) VALUES (1285,45,3,1247);
INSERT INTO OrderLines(OrderID, ProductID, Qty, UnitPrice) VALUES (1285,4,1,692);
INSERT INTO OrderLines(OrderID, ProductID, Qty, UnitPrice) VALUES (1285,45,3,469);
UPDATE [Order] SET TotalAmount=7810 WHERE OrderID=1285;
INSERT INTO Payment(OrderID, PaymentDate, Amount, PaymentMethod, TransactionRef) VALUES (1285,'2025-03-07',7810,'PayPal','TXN937280');
INSERT INTO [Order](CustomerID, OrderDate, Status, TotalAmount) VALUES (129,'2025-09-06','Shipped',0);
INSERT INTO OrderLines(OrderID, ProductID, Qty, UnitPrice) VALUES (1286,35,3,602);
INSERT INTO OrderLines(OrderID, ProductID, Qty, UnitPrice) VALUES (1286,38,1,1160);
INSERT INTO OrderLines(OrderID, ProductID, Qty, UnitPrice) VALUES (1286,46,3,1208);
INSERT INTO OrderLines(OrderID, ProductID, Qty, UnitPrice) VALUES (1286,1,2,1376);
UPDATE [Order] SET TotalAmount=9342 WHERE OrderID=1286;
INSERT INTO Payment(OrderID, PaymentDate, Amount, PaymentMethod, TransactionRef) VALUES (1286,'2025-09-11',9342,'PayPal','TXN898460');
INSERT INTO [Order](CustomerID, OrderDate, Status, TotalAmount) VALUES (129,'2025-05-11','Delivered',0);
INSERT INTO OrderLines(OrderID, ProductID, Qty, UnitPrice) VALUES (1287,47,1,1408);
INSERT INTO OrderLines(OrderID, ProductID, Qty, UnitPrice) VALUES (1287,19,2,447);
INSERT INTO OrderLines(OrderID, ProductID, Qty, UnitPrice) VALUES (1287,7,3,1365);
INSERT INTO OrderLines(OrderID, ProductID, Qty, UnitPrice) VALUES (1287,40,1,783);
UPDATE [Order] SET TotalAmount=7180 WHERE OrderID=1287;
INSERT INTO Payment(OrderID, PaymentDate, Amount, PaymentMethod, TransactionRef) VALUES (1287,'2025-05-14',7180,'Cash','TXN512043');
INSERT INTO [Order](CustomerID, OrderDate, Status, TotalAmount) VALUES (129,'2025-01-05','Cancelled',0);
INSERT INTO OrderLines(OrderID, ProductID, Qty, UnitPrice) VALUES (1288,43,3,475);
INSERT INTO OrderLines(OrderID, ProductID, Qty, UnitPrice) VALUES (1288,15,3,131);
INSERT INTO OrderLines(OrderID, ProductID, Qty, UnitPrice) VALUES (1288,36,3,1285);
INSERT INTO OrderLines(OrderID, ProductID, Qty, UnitPrice) VALUES (1288,22,1,1184);
UPDATE [Order] SET TotalAmount=6857 WHERE OrderID=1288;
INSERT INTO Payment(OrderID, PaymentDate, Amount, PaymentMethod, TransactionRef) VALUES (1288,'2025-01-07',6857,'Card','TXN812133');
INSERT INTO [Order](CustomerID, OrderDate, Status, TotalAmount) VALUES (129,'2025-09-27','Cancelled',0);
INSERT INTO OrderLines(OrderID, ProductID, Qty, UnitPrice) VALUES (1289,18,2,466);
INSERT INTO OrderLines(OrderID, ProductID, Qty, UnitPrice) VALUES (1289,11,1,1076);
INSERT INTO OrderLines(OrderID, ProductID, Qty, UnitPrice) VALUES (1289,11,2,1139);
INSERT INTO OrderLines(OrderID, ProductID, Qty, UnitPrice) VALUES (1289,19,2,494);
UPDATE [Order] SET TotalAmount=5274 WHERE OrderID=1289;
INSERT INTO Payment(OrderID, PaymentDate, Amount, PaymentMethod, TransactionRef) VALUES (1289,'2025-10-02',5274,'Cash','TXN648623');
INSERT INTO [Order](CustomerID, OrderDate, Status, TotalAmount) VALUES (129,'2025-01-06','Delivered',0);
INSERT INTO OrderLines(OrderID, ProductID, Qty, UnitPrice) VALUES (1290,45,2,1376);
INSERT INTO OrderLines(OrderID, ProductID, Qty, UnitPrice) VALUES (1290,38,3,1194);
INSERT INTO OrderLines(OrderID, ProductID, Qty, UnitPrice) VALUES (1290,44,2,27);
INSERT INTO OrderLines(OrderID, ProductID, Qty, UnitPrice) VALUES (1290,21,2,352);
UPDATE [Order] SET TotalAmount=7092 WHERE OrderID=1290;
INSERT INTO Payment(OrderID, PaymentDate, Amount, PaymentMethod, TransactionRef) VALUES (1290,'2025-01-10',7092,'Cash','TXN770128');
INSERT INTO [Order](CustomerID, OrderDate, Status, TotalAmount) VALUES (130,'2025-04-14','Cancelled',0);
INSERT INTO OrderLines(OrderID, ProductID, Qty, UnitPrice) VALUES (1291,48,2,1484);
INSERT INTO OrderLines(OrderID, ProductID, Qty, UnitPrice) VALUES (1291,34,3,540);
INSERT INTO OrderLines(OrderID, ProductID, Qty, UnitPrice) VALUES (1291,15,3,1071);
INSERT INTO OrderLines(OrderID, ProductID, Qty, UnitPrice) VALUES (1291,43,2,765);
UPDATE [Order] SET TotalAmount=9331 WHERE OrderID=1291;
INSERT INTO Payment(OrderID, PaymentDate, Amount, PaymentMethod, TransactionRef) VALUES (1291,'2025-04-19',9331,'Cash','TXN341183');
INSERT INTO [Order](CustomerID, OrderDate, Status, TotalAmount) VALUES (130,'2025-11-18','Cancelled',0);
INSERT INTO OrderLines(OrderID, ProductID, Qty, UnitPrice) VALUES (1292,18,2,1048);
INSERT INTO OrderLines(OrderID, ProductID, Qty, UnitPrice) VALUES (1292,19,1,817);
INSERT INTO OrderLines(OrderID, ProductID, Qty, UnitPrice) VALUES (1292,44,1,210);
INSERT INTO OrderLines(OrderID, ProductID, Qty, UnitPrice) VALUES (1292,19,1,1144);
UPDATE [Order] SET TotalAmount=4267 WHERE OrderID=1292;
INSERT INTO Payment(OrderID, PaymentDate, Amount, PaymentMethod, TransactionRef) VALUES (1292,'2025-11-21',4267,'PayPal','TXN641526');
INSERT INTO [Order](CustomerID, OrderDate, Status, TotalAmount) VALUES (130,'2025-11-13','Processing',0);
INSERT INTO OrderLines(OrderID, ProductID, Qty, UnitPrice) VALUES (1293,46,3,1362);
INSERT INTO OrderLines(OrderID, ProductID, Qty, UnitPrice) VALUES (1293,5,3,1042);
INSERT INTO OrderLines(OrderID, ProductID, Qty, UnitPrice) VALUES (1293,4,1,880);
INSERT INTO OrderLines(OrderID, ProductID, Qty, UnitPrice) VALUES (1293,36,1,421);
UPDATE [Order] SET TotalAmount=8513 WHERE OrderID=1293;
INSERT INTO Payment(OrderID, PaymentDate, Amount, PaymentMethod, TransactionRef) VALUES (1293,'2025-11-17',8513,'PayPal','TXN609330');
INSERT INTO [Order](CustomerID, OrderDate, Status, TotalAmount) VALUES (130,'2025-01-22','Delivered',0);
INSERT INTO OrderLines(OrderID, ProductID, Qty, UnitPrice) VALUES (1294,27,3,1002);
INSERT INTO OrderLines(OrderID, ProductID, Qty, UnitPrice) VALUES (1294,13,2,45);
INSERT INTO OrderLines(OrderID, ProductID, Qty, UnitPrice) VALUES (1294,8,3,1165);
INSERT INTO OrderLines(OrderID, ProductID, Qty, UnitPrice) VALUES (1294,18,3,43);
UPDATE [Order] SET TotalAmount=6720 WHERE OrderID=1294;
INSERT INTO Payment(OrderID, PaymentDate, Amount, PaymentMethod, TransactionRef) VALUES (1294,'2025-01-23',6720,'PayPal','TXN349490');
INSERT INTO [Order](CustomerID, OrderDate, Status, TotalAmount) VALUES (130,'2025-01-16','Processing',0);
INSERT INTO OrderLines(OrderID, ProductID, Qty, UnitPrice) VALUES (1295,21,2,48);
INSERT INTO OrderLines(OrderID, ProductID, Qty, UnitPrice) VALUES (1295,7,2,1419);
INSERT INTO OrderLines(OrderID, ProductID, Qty, UnitPrice) VALUES (1295,50,1,233);
INSERT INTO OrderLines(OrderID, ProductID, Qty, UnitPrice) VALUES (1295,26,1,900);
UPDATE [Order] SET TotalAmount=4067 WHERE OrderID=1295;
INSERT INTO Payment(OrderID, PaymentDate, Amount, PaymentMethod, TransactionRef) VALUES (1295,'2025-01-16',4067,'PayPal','TXN338445');
INSERT INTO [Order](CustomerID, OrderDate, Status, TotalAmount) VALUES (130,'2025-09-14','Cancelled',0);
INSERT INTO OrderLines(OrderID, ProductID, Qty, UnitPrice) VALUES (1296,14,1,1145);
INSERT INTO OrderLines(OrderID, ProductID, Qty, UnitPrice) VALUES (1296,42,2,1426);
INSERT INTO OrderLines(OrderID, ProductID, Qty, UnitPrice) VALUES (1296,8,2,513);
INSERT INTO OrderLines(OrderID, ProductID, Qty, UnitPrice) VALUES (1296,50,1,1269);
UPDATE [Order] SET TotalAmount=6292 WHERE OrderID=1296;
INSERT INTO Payment(OrderID, PaymentDate, Amount, PaymentMethod, TransactionRef) VALUES (1296,'2025-09-14',6292,'PayPal','TXN950149');
INSERT INTO [Order](CustomerID, OrderDate, Status, TotalAmount) VALUES (130,'2025-02-26','Cancelled',0);
INSERT INTO OrderLines(OrderID, ProductID, Qty, UnitPrice) VALUES (1297,33,3,123);
INSERT INTO OrderLines(OrderID, ProductID, Qty, UnitPrice) VALUES (1297,20,3,1001);
INSERT INTO OrderLines(OrderID, ProductID, Qty, UnitPrice) VALUES (1297,34,3,589);
INSERT INTO OrderLines(OrderID, ProductID, Qty, UnitPrice) VALUES (1297,21,3,763);
UPDATE [Order] SET TotalAmount=7428 WHERE OrderID=1297;
INSERT INTO Payment(OrderID, PaymentDate, Amount, PaymentMethod, TransactionRef) VALUES (1297,'2025-03-01',7428,'Card','TXN721915');
INSERT INTO [Order](CustomerID, OrderDate, Status, TotalAmount) VALUES (130,'2025-01-02','Cancelled',0);
INSERT INTO OrderLines(OrderID, ProductID, Qty, UnitPrice) VALUES (1298,17,1,1177);
INSERT INTO OrderLines(OrderID, ProductID, Qty, UnitPrice) VALUES (1298,2,2,1329);
INSERT INTO OrderLines(OrderID, ProductID, Qty, UnitPrice) VALUES (1298,6,3,651);
INSERT INTO OrderLines(OrderID, ProductID, Qty, UnitPrice) VALUES (1298,48,3,919);
UPDATE [Order] SET TotalAmount=8545 WHERE OrderID=1298;
INSERT INTO Payment(OrderID, PaymentDate, Amount, PaymentMethod, TransactionRef) VALUES (1298,'2025-01-04',8545,'Card','TXN719125');
INSERT INTO [Order](CustomerID, OrderDate, Status, TotalAmount) VALUES (130,'2025-08-22','Cancelled',0);
INSERT INTO OrderLines(OrderID, ProductID, Qty, UnitPrice) VALUES (1299,34,1,291);
INSERT INTO OrderLines(OrderID, ProductID, Qty, UnitPrice) VALUES (1299,23,1,1397);
INSERT INTO OrderLines(OrderID, ProductID, Qty, UnitPrice) VALUES (1299,33,1,134);
INSERT INTO OrderLines(OrderID, ProductID, Qty, UnitPrice) VALUES (1299,49,3,50);
UPDATE [Order] SET TotalAmount=1972 WHERE OrderID=1299;
INSERT INTO Payment(OrderID, PaymentDate, Amount, PaymentMethod, TransactionRef) VALUES (1299,'2025-08-26',1972,'PayPal','TXN695001');
INSERT INTO [Order](CustomerID, OrderDate, Status, TotalAmount) VALUES (130,'2025-03-17','Cancelled',0);
INSERT INTO OrderLines(OrderID, ProductID, Qty, UnitPrice) VALUES (1300,29,1,84);
INSERT INTO OrderLines(OrderID, ProductID, Qty, UnitPrice) VALUES (1300,38,3,164);
INSERT INTO OrderLines(OrderID, ProductID, Qty, UnitPrice) VALUES (1300,18,3,1391);
INSERT INTO OrderLines(OrderID, ProductID, Qty, UnitPrice) VALUES (1300,24,3,356);
UPDATE [Order] SET TotalAmount=5817 WHERE OrderID=1300;
INSERT INTO Payment(OrderID, PaymentDate, Amount, PaymentMethod, TransactionRef) VALUES (1300,'2025-03-17',5817,'PayPal','TXN664853');
INSERT INTO [Order](CustomerID, OrderDate, Status, TotalAmount) VALUES (131,'2025-01-21','Cancelled',0);
INSERT INTO OrderLines(OrderID, ProductID, Qty, UnitPrice) VALUES (1301,12,2,874);
INSERT INTO OrderLines(OrderID, ProductID, Qty, UnitPrice) VALUES (1301,48,1,819);
INSERT INTO OrderLines(OrderID, ProductID, Qty, UnitPrice) VALUES (1301,14,2,714);
INSERT INTO OrderLines(OrderID, ProductID, Qty, UnitPrice) VALUES (1301,31,2,873);
UPDATE [Order] SET TotalAmount=5741 WHERE OrderID=1301;
INSERT INTO Payment(OrderID, PaymentDate, Amount, PaymentMethod, TransactionRef) VALUES (1301,'2025-01-23',5741,'Cash','TXN988620');
INSERT INTO [Order](CustomerID, OrderDate, Status, TotalAmount) VALUES (131,'2025-05-21','Shipped',0);
INSERT INTO OrderLines(OrderID, ProductID, Qty, UnitPrice) VALUES (1302,19,1,157);
INSERT INTO OrderLines(OrderID, ProductID, Qty, UnitPrice) VALUES (1302,3,3,1136);
INSERT INTO OrderLines(OrderID, ProductID, Qty, UnitPrice) VALUES (1302,37,3,1451);
INSERT INTO OrderLines(OrderID, ProductID, Qty, UnitPrice) VALUES (1302,12,1,1131);
UPDATE [Order] SET TotalAmount=9049 WHERE OrderID=1302;
INSERT INTO Payment(OrderID, PaymentDate, Amount, PaymentMethod, TransactionRef) VALUES (1302,'2025-05-21',9049,'PayPal','TXN442521');
INSERT INTO [Order](CustomerID, OrderDate, Status, TotalAmount) VALUES (131,'2025-03-24','Cancelled',0);
INSERT INTO OrderLines(OrderID, ProductID, Qty, UnitPrice) VALUES (1303,40,3,352);
INSERT INTO OrderLines(OrderID, ProductID, Qty, UnitPrice) VALUES (1303,48,3,425);
INSERT INTO OrderLines(OrderID, ProductID, Qty, UnitPrice) VALUES (1303,39,2,884);
INSERT INTO OrderLines(OrderID, ProductID, Qty, UnitPrice) VALUES (1303,41,2,1113);
UPDATE [Order] SET TotalAmount=6325 WHERE OrderID=1303;
INSERT INTO Payment(OrderID, PaymentDate, Amount, PaymentMethod, TransactionRef) VALUES (1303,'2025-03-26',6325,'Card','TXN625804');
INSERT INTO [Order](CustomerID, OrderDate, Status, TotalAmount) VALUES (131,'2025-06-25','Processing',0);
INSERT INTO OrderLines(OrderID, ProductID, Qty, UnitPrice) VALUES (1304,35,3,877);
INSERT INTO OrderLines(OrderID, ProductID, Qty, UnitPrice) VALUES (1304,28,3,728);
INSERT INTO OrderLines(OrderID, ProductID, Qty, UnitPrice) VALUES (1304,29,3,897);
INSERT INTO OrderLines(OrderID, ProductID, Qty, UnitPrice) VALUES (1304,46,2,407);
UPDATE [Order] SET TotalAmount=8320 WHERE OrderID=1304;
INSERT INTO Payment(OrderID, PaymentDate, Amount, PaymentMethod, TransactionRef) VALUES (1304,'2025-06-28',8320,'Card','TXN670060');
INSERT INTO [Order](CustomerID, OrderDate, Status, TotalAmount) VALUES (131,'2025-08-10','Cancelled',0);
INSERT INTO OrderLines(OrderID, ProductID, Qty, UnitPrice) VALUES (1305,3,3,1362);
INSERT INTO OrderLines(OrderID, ProductID, Qty, UnitPrice) VALUES (1305,14,1,979);
INSERT INTO OrderLines(OrderID, ProductID, Qty, UnitPrice) VALUES (1305,9,2,1472);
INSERT INTO OrderLines(OrderID, ProductID, Qty, UnitPrice) VALUES (1305,19,1,613);
UPDATE [Order] SET TotalAmount=8622 WHERE OrderID=1305;
INSERT INTO Payment(OrderID, PaymentDate, Amount, PaymentMethod, TransactionRef) VALUES (1305,'2025-08-14',8622,'PayPal','TXN393336');
INSERT INTO [Order](CustomerID, OrderDate, Status, TotalAmount) VALUES (131,'2025-12-19','Cancelled',0);
INSERT INTO OrderLines(OrderID, ProductID, Qty, UnitPrice) VALUES (1306,36,2,787);
INSERT INTO OrderLines(OrderID, ProductID, Qty, UnitPrice) VALUES (1306,50,1,910);
INSERT INTO OrderLines(OrderID, ProductID, Qty, UnitPrice) VALUES (1306,40,2,966);
INSERT INTO OrderLines(OrderID, ProductID, Qty, UnitPrice) VALUES (1306,43,2,498);
UPDATE [Order] SET TotalAmount=5412 WHERE OrderID=1306;
INSERT INTO Payment(OrderID, PaymentDate, Amount, PaymentMethod, TransactionRef) VALUES (1306,'2025-12-22',5412,'PayPal','TXN491286');
INSERT INTO [Order](CustomerID, OrderDate, Status, TotalAmount) VALUES (131,'2025-10-03','Delivered',0);
INSERT INTO OrderLines(OrderID, ProductID, Qty, UnitPrice) VALUES (1307,47,1,790);
INSERT INTO OrderLines(OrderID, ProductID, Qty, UnitPrice) VALUES (1307,46,3,25);
INSERT INTO OrderLines(OrderID, ProductID, Qty, UnitPrice) VALUES (1307,48,2,752);
INSERT INTO OrderLines(OrderID, ProductID, Qty, UnitPrice) VALUES (1307,49,2,814);
UPDATE [Order] SET TotalAmount=3997 WHERE OrderID=1307;
INSERT INTO Payment(OrderID, PaymentDate, Amount, PaymentMethod, TransactionRef) VALUES (1307,'2025-10-04',3997,'PayPal','TXN289686');
INSERT INTO [Order](CustomerID, OrderDate, Status, TotalAmount) VALUES (131,'2025-05-22','Delivered',0);
INSERT INTO OrderLines(OrderID, ProductID, Qty, UnitPrice) VALUES (1308,45,2,1241);
INSERT INTO OrderLines(OrderID, ProductID, Qty, UnitPrice) VALUES (1308,18,3,851);
INSERT INTO OrderLines(OrderID, ProductID, Qty, UnitPrice) VALUES (1308,15,3,1266);
INSERT INTO OrderLines(OrderID, ProductID, Qty, UnitPrice) VALUES (1308,45,2,720);
UPDATE [Order] SET TotalAmount=10273 WHERE OrderID=1308;
INSERT INTO Payment(OrderID, PaymentDate, Amount, PaymentMethod, TransactionRef) VALUES (1308,'2025-05-22',10273,'PayPal','TXN387085');
INSERT INTO [Order](CustomerID, OrderDate, Status, TotalAmount) VALUES (131,'2025-10-07','Delivered',0);
INSERT INTO OrderLines(OrderID, ProductID, Qty, UnitPrice) VALUES (1309,28,1,137);
INSERT INTO OrderLines(OrderID, ProductID, Qty, UnitPrice) VALUES (1309,24,3,1135);
INSERT INTO OrderLines(OrderID, ProductID, Qty, UnitPrice) VALUES (1309,2,2,1300);
INSERT INTO OrderLines(OrderID, ProductID, Qty, UnitPrice) VALUES (1309,40,1,845);
UPDATE [Order] SET TotalAmount=6987 WHERE OrderID=1309;
INSERT INTO Payment(OrderID, PaymentDate, Amount, PaymentMethod, TransactionRef) VALUES (1309,'2025-10-11',6987,'Cash','TXN330472');
INSERT INTO [Order](CustomerID, OrderDate, Status, TotalAmount) VALUES (131,'2025-02-17','Cancelled',0);
INSERT INTO OrderLines(OrderID, ProductID, Qty, UnitPrice) VALUES (1310,21,1,1336);
INSERT INTO OrderLines(OrderID, ProductID, Qty, UnitPrice) VALUES (1310,9,1,989);
INSERT INTO OrderLines(OrderID, ProductID, Qty, UnitPrice) VALUES (1310,50,3,570);
INSERT INTO OrderLines(OrderID, ProductID, Qty, UnitPrice) VALUES (1310,22,3,815);
UPDATE [Order] SET TotalAmount=6480 WHERE OrderID=1310;
INSERT INTO Payment(OrderID, PaymentDate, Amount, PaymentMethod, TransactionRef) VALUES (1310,'2025-02-19',6480,'PayPal','TXN699528');
INSERT INTO [Order](CustomerID, OrderDate, Status, TotalAmount) VALUES (132,'2025-09-16','Delivered',0);
INSERT INTO OrderLines(OrderID, ProductID, Qty, UnitPrice) VALUES (1311,30,2,1219);
INSERT INTO OrderLines(OrderID, ProductID, Qty, UnitPrice) VALUES (1311,48,3,1307);
INSERT INTO OrderLines(OrderID, ProductID, Qty, UnitPrice) VALUES (1311,1,2,357);
INSERT INTO OrderLines(OrderID, ProductID, Qty, UnitPrice) VALUES (1311,33,2,422);
UPDATE [Order] SET TotalAmount=7917 WHERE OrderID=1311;
INSERT INTO Payment(OrderID, PaymentDate, Amount, PaymentMethod, TransactionRef) VALUES (1311,'2025-09-20',7917,'PayPal','TXN759823');
INSERT INTO [Order](CustomerID, OrderDate, Status, TotalAmount) VALUES (132,'2025-10-29','Processing',0);
INSERT INTO OrderLines(OrderID, ProductID, Qty, UnitPrice) VALUES (1312,23,1,455);
INSERT INTO OrderLines(OrderID, ProductID, Qty, UnitPrice) VALUES (1312,19,2,766);
INSERT INTO OrderLines(OrderID, ProductID, Qty, UnitPrice) VALUES (1312,38,2,1243);
INSERT INTO OrderLines(OrderID, ProductID, Qty, UnitPrice) VALUES (1312,4,3,1312);
UPDATE [Order] SET TotalAmount=8409 WHERE OrderID=1312;
INSERT INTO Payment(OrderID, PaymentDate, Amount, PaymentMethod, TransactionRef) VALUES (1312,'2025-11-01',8409,'Card','TXN557742');
INSERT INTO [Order](CustomerID, OrderDate, Status, TotalAmount) VALUES (132,'2025-04-10','Delivered',0);
INSERT INTO OrderLines(OrderID, ProductID, Qty, UnitPrice) VALUES (1313,44,3,1052);
INSERT INTO OrderLines(OrderID, ProductID, Qty, UnitPrice) VALUES (1313,34,1,1245);
INSERT INTO OrderLines(OrderID, ProductID, Qty, UnitPrice) VALUES (1313,48,2,1182);
INSERT INTO OrderLines(OrderID, ProductID, Qty, UnitPrice) VALUES (1313,6,1,1122);
UPDATE [Order] SET TotalAmount=7887 WHERE OrderID=1313;
INSERT INTO Payment(OrderID, PaymentDate, Amount, PaymentMethod, TransactionRef) VALUES (1313,'2025-04-14',7887,'PayPal','TXN390261');
INSERT INTO [Order](CustomerID, OrderDate, Status, TotalAmount) VALUES (132,'2025-05-25','Processing',0);
INSERT INTO OrderLines(OrderID, ProductID, Qty, UnitPrice) VALUES (1314,45,1,404);
INSERT INTO OrderLines(OrderID, ProductID, Qty, UnitPrice) VALUES (1314,23,1,892);
INSERT INTO OrderLines(OrderID, ProductID, Qty, UnitPrice) VALUES (1314,12,3,885);
INSERT INTO OrderLines(OrderID, ProductID, Qty, UnitPrice) VALUES (1314,21,2,525);
UPDATE [Order] SET TotalAmount=5001 WHERE OrderID=1314;
INSERT INTO Payment(OrderID, PaymentDate, Amount, PaymentMethod, TransactionRef) VALUES (1314,'2025-05-29',5001,'PayPal','TXN240354');
INSERT INTO [Order](CustomerID, OrderDate, Status, TotalAmount) VALUES (132,'2025-08-29','Delivered',0);
INSERT INTO OrderLines(OrderID, ProductID, Qty, UnitPrice) VALUES (1315,46,2,1272);
INSERT INTO OrderLines(OrderID, ProductID, Qty, UnitPrice) VALUES (1315,29,3,1413);
INSERT INTO OrderLines(OrderID, ProductID, Qty, UnitPrice) VALUES (1315,35,2,1093);
INSERT INTO OrderLines(OrderID, ProductID, Qty, UnitPrice) VALUES (1315,8,2,1156);
UPDATE [Order] SET TotalAmount=11281 WHERE OrderID=1315;
INSERT INTO Payment(OrderID, PaymentDate, Amount, PaymentMethod, TransactionRef) VALUES (1315,'2025-09-03',11281,'PayPal','TXN835819');
INSERT INTO [Order](CustomerID, OrderDate, Status, TotalAmount) VALUES (132,'2025-04-18','Delivered',0);
INSERT INTO OrderLines(OrderID, ProductID, Qty, UnitPrice) VALUES (1316,8,1,483);
INSERT INTO OrderLines(OrderID, ProductID, Qty, UnitPrice) VALUES (1316,34,1,766);
INSERT INTO OrderLines(OrderID, ProductID, Qty, UnitPrice) VALUES (1316,21,2,733);
INSERT INTO OrderLines(OrderID, ProductID, Qty, UnitPrice) VALUES (1316,4,1,865);
UPDATE [Order] SET TotalAmount=3580 WHERE OrderID=1316;
INSERT INTO Payment(OrderID, PaymentDate, Amount, PaymentMethod, TransactionRef) VALUES (1316,'2025-04-20',3580,'Cash','TXN319937');
INSERT INTO [Order](CustomerID, OrderDate, Status, TotalAmount) VALUES (132,'2025-05-17','Shipped',0);
INSERT INTO OrderLines(OrderID, ProductID, Qty, UnitPrice) VALUES (1317,40,2,166);
INSERT INTO OrderLines(OrderID, ProductID, Qty, UnitPrice) VALUES (1317,37,3,1230);
INSERT INTO OrderLines(OrderID, ProductID, Qty, UnitPrice) VALUES (1317,40,2,1247);
INSERT INTO OrderLines(OrderID, ProductID, Qty, UnitPrice) VALUES (1317,14,2,1370);
UPDATE [Order] SET TotalAmount=9256 WHERE OrderID=1317;
INSERT INTO Payment(OrderID, PaymentDate, Amount, PaymentMethod, TransactionRef) VALUES (1317,'2025-05-20',9256,'PayPal','TXN785144');
INSERT INTO [Order](CustomerID, OrderDate, Status, TotalAmount) VALUES (132,'2025-07-31','Delivered',0);
INSERT INTO OrderLines(OrderID, ProductID, Qty, UnitPrice) VALUES (1318,30,1,1345);
INSERT INTO OrderLines(OrderID, ProductID, Qty, UnitPrice) VALUES (1318,4,2,106);
INSERT INTO OrderLines(OrderID, ProductID, Qty, UnitPrice) VALUES (1318,29,1,1134);
INSERT INTO OrderLines(OrderID, ProductID, Qty, UnitPrice) VALUES (1318,20,3,363);
UPDATE [Order] SET TotalAmount=3780 WHERE OrderID=1318;
INSERT INTO Payment(OrderID, PaymentDate, Amount, PaymentMethod, TransactionRef) VALUES (1318,'2025-08-05',3780,'Cash','TXN626533');
INSERT INTO [Order](CustomerID, OrderDate, Status, TotalAmount) VALUES (132,'2025-02-02','Cancelled',0);
INSERT INTO OrderLines(OrderID, ProductID, Qty, UnitPrice) VALUES (1319,6,2,616);
INSERT INTO OrderLines(OrderID, ProductID, Qty, UnitPrice) VALUES (1319,50,1,92);
INSERT INTO OrderLines(OrderID, ProductID, Qty, UnitPrice) VALUES (1319,27,3,184);
INSERT INTO OrderLines(OrderID, ProductID, Qty, UnitPrice) VALUES (1319,27,2,1274);
UPDATE [Order] SET TotalAmount=4424 WHERE OrderID=1319;
INSERT INTO Payment(OrderID, PaymentDate, Amount, PaymentMethod, TransactionRef) VALUES (1319,'2025-02-06',4424,'PayPal','TXN751614');
INSERT INTO [Order](CustomerID, OrderDate, Status, TotalAmount) VALUES (132,'2025-08-10','Cancelled',0);
INSERT INTO OrderLines(OrderID, ProductID, Qty, UnitPrice) VALUES (1320,18,2,1308);
INSERT INTO OrderLines(OrderID, ProductID, Qty, UnitPrice) VALUES (1320,42,3,563);
INSERT INTO OrderLines(OrderID, ProductID, Qty, UnitPrice) VALUES (1320,19,2,1096);
INSERT INTO OrderLines(OrderID, ProductID, Qty, UnitPrice) VALUES (1320,37,3,792);
UPDATE [Order] SET TotalAmount=8873 WHERE OrderID=1320;
INSERT INTO Payment(OrderID, PaymentDate, Amount, PaymentMethod, TransactionRef) VALUES (1320,'2025-08-14',8873,'Cash','TXN403508');
INSERT INTO [Order](CustomerID, OrderDate, Status, TotalAmount) VALUES (133,'2025-07-28','Shipped',0);
INSERT INTO OrderLines(OrderID, ProductID, Qty, UnitPrice) VALUES (1321,45,1,248);
INSERT INTO OrderLines(OrderID, ProductID, Qty, UnitPrice) VALUES (1321,41,2,1285);
INSERT INTO OrderLines(OrderID, ProductID, Qty, UnitPrice) VALUES (1321,48,3,375);
INSERT INTO OrderLines(OrderID, ProductID, Qty, UnitPrice) VALUES (1321,18,2,432);
UPDATE [Order] SET TotalAmount=4807 WHERE OrderID=1321;
INSERT INTO Payment(OrderID, PaymentDate, Amount, PaymentMethod, TransactionRef) VALUES (1321,'2025-07-29',4807,'Card','TXN134085');
INSERT INTO [Order](CustomerID, OrderDate, Status, TotalAmount) VALUES (133,'2025-08-24','Shipped',0);
INSERT INTO OrderLines(OrderID, ProductID, Qty, UnitPrice) VALUES (1322,5,1,529);
INSERT INTO OrderLines(OrderID, ProductID, Qty, UnitPrice) VALUES (1322,41,2,751);
INSERT INTO OrderLines(OrderID, ProductID, Qty, UnitPrice) VALUES (1322,20,2,836);
INSERT INTO OrderLines(OrderID, ProductID, Qty, UnitPrice) VALUES (1322,6,1,43);
UPDATE [Order] SET TotalAmount=3746 WHERE OrderID=1322;
INSERT INTO Payment(OrderID, PaymentDate, Amount, PaymentMethod, TransactionRef) VALUES (1322,'2025-08-24',3746,'Cash','TXN545007');
INSERT INTO [Order](CustomerID, OrderDate, Status, TotalAmount) VALUES (133,'2025-05-08','Shipped',0);
INSERT INTO OrderLines(OrderID, ProductID, Qty, UnitPrice) VALUES (1323,23,1,1180);
INSERT INTO OrderLines(OrderID, ProductID, Qty, UnitPrice) VALUES (1323,24,1,1341);
INSERT INTO OrderLines(OrderID, ProductID, Qty, UnitPrice) VALUES (1323,36,3,1070);
INSERT INTO OrderLines(OrderID, ProductID, Qty, UnitPrice) VALUES (1323,40,1,136);
UPDATE [Order] SET TotalAmount=5867 WHERE OrderID=1323;
INSERT INTO Payment(OrderID, PaymentDate, Amount, PaymentMethod, TransactionRef) VALUES (1323,'2025-05-13',5867,'Cash','TXN937353');
INSERT INTO [Order](CustomerID, OrderDate, Status, TotalAmount) VALUES (133,'2025-04-07','Shipped',0);
INSERT INTO OrderLines(OrderID, ProductID, Qty, UnitPrice) VALUES (1324,21,2,53);
INSERT INTO OrderLines(OrderID, ProductID, Qty, UnitPrice) VALUES (1324,7,3,830);
INSERT INTO OrderLines(OrderID, ProductID, Qty, UnitPrice) VALUES (1324,10,1,1240);
INSERT INTO OrderLines(OrderID, ProductID, Qty, UnitPrice) VALUES (1324,46,2,1317);
UPDATE [Order] SET TotalAmount=6470 WHERE OrderID=1324;
INSERT INTO Payment(OrderID, PaymentDate, Amount, PaymentMethod, TransactionRef) VALUES (1324,'2025-04-07',6470,'Cash','TXN643640');
INSERT INTO [Order](CustomerID, OrderDate, Status, TotalAmount) VALUES (133,'2025-08-27','Cancelled',0);
INSERT INTO OrderLines(OrderID, ProductID, Qty, UnitPrice) VALUES (1325,33,1,1076);
INSERT INTO OrderLines(OrderID, ProductID, Qty, UnitPrice) VALUES (1325,15,3,1415);
INSERT INTO OrderLines(OrderID, ProductID, Qty, UnitPrice) VALUES (1325,23,3,708);
INSERT INTO OrderLines(OrderID, ProductID, Qty, UnitPrice) VALUES (1325,26,3,1385);
UPDATE [Order] SET TotalAmount=11600 WHERE OrderID=1325;
INSERT INTO Payment(OrderID, PaymentDate, Amount, PaymentMethod, TransactionRef) VALUES (1325,'2025-08-31',11600,'PayPal','TXN127560');
INSERT INTO [Order](CustomerID, OrderDate, Status, TotalAmount) VALUES (133,'2025-02-15','Cancelled',0);
INSERT INTO OrderLines(OrderID, ProductID, Qty, UnitPrice) VALUES (1326,16,3,552);
INSERT INTO OrderLines(OrderID, ProductID, Qty, UnitPrice) VALUES (1326,34,1,300);
INSERT INTO OrderLines(OrderID, ProductID, Qty, UnitPrice) VALUES (1326,50,1,1452);
INSERT INTO OrderLines(OrderID, ProductID, Qty, UnitPrice) VALUES (1326,25,2,395);
UPDATE [Order] SET TotalAmount=4198 WHERE OrderID=1326;
INSERT INTO Payment(OrderID, PaymentDate, Amount, PaymentMethod, TransactionRef) VALUES (1326,'2025-02-18',4198,'PayPal','TXN311154');
INSERT INTO [Order](CustomerID, OrderDate, Status, TotalAmount) VALUES (133,'2025-09-20','Shipped',0);
INSERT INTO OrderLines(OrderID, ProductID, Qty, UnitPrice) VALUES (1327,40,3,939);
INSERT INTO OrderLines(OrderID, ProductID, Qty, UnitPrice) VALUES (1327,43,3,381);
INSERT INTO OrderLines(OrderID, ProductID, Qty, UnitPrice) VALUES (1327,44,1,733);
INSERT INTO OrderLines(OrderID, ProductID, Qty, UnitPrice) VALUES (1327,43,2,931);
UPDATE [Order] SET TotalAmount=6555 WHERE OrderID=1327;
INSERT INTO Payment(OrderID, PaymentDate, Amount, PaymentMethod, TransactionRef) VALUES (1327,'2025-09-25',6555,'Card','TXN456415');
INSERT INTO [Order](CustomerID, OrderDate, Status, TotalAmount) VALUES (133,'2025-02-28','Shipped',0);
INSERT INTO OrderLines(OrderID, ProductID, Qty, UnitPrice) VALUES (1328,2,3,506);
INSERT INTO OrderLines(OrderID, ProductID, Qty, UnitPrice) VALUES (1328,50,3,1079);
INSERT INTO OrderLines(OrderID, ProductID, Qty, UnitPrice) VALUES (1328,49,1,1075);
INSERT INTO OrderLines(OrderID, ProductID, Qty, UnitPrice) VALUES (1328,33,3,376);
UPDATE [Order] SET TotalAmount=6958 WHERE OrderID=1328;
INSERT INTO Payment(OrderID, PaymentDate, Amount, PaymentMethod, TransactionRef) VALUES (1328,'2025-03-02',6958,'Cash','TXN421550');
INSERT INTO [Order](CustomerID, OrderDate, Status, TotalAmount) VALUES (133,'2025-11-08','Delivered',0);
INSERT INTO OrderLines(OrderID, ProductID, Qty, UnitPrice) VALUES (1329,14,2,156);
INSERT INTO OrderLines(OrderID, ProductID, Qty, UnitPrice) VALUES (1329,30,3,1305);
INSERT INTO OrderLines(OrderID, ProductID, Qty, UnitPrice) VALUES (1329,39,2,831);
INSERT INTO OrderLines(OrderID, ProductID, Qty, UnitPrice) VALUES (1329,2,3,664);
UPDATE [Order] SET TotalAmount=7881 WHERE OrderID=1329;
INSERT INTO Payment(OrderID, PaymentDate, Amount, PaymentMethod, TransactionRef) VALUES (1329,'2025-11-12',7881,'Card','TXN240521');
INSERT INTO [Order](CustomerID, OrderDate, Status, TotalAmount) VALUES (133,'2025-12-21','Cancelled',0);
INSERT INTO OrderLines(OrderID, ProductID, Qty, UnitPrice) VALUES (1330,9,1,954);
INSERT INTO OrderLines(OrderID, ProductID, Qty, UnitPrice) VALUES (1330,20,3,723);
INSERT INTO OrderLines(OrderID, ProductID, Qty, UnitPrice) VALUES (1330,42,3,25);
INSERT INTO OrderLines(OrderID, ProductID, Qty, UnitPrice) VALUES (1330,50,1,536);
UPDATE [Order] SET TotalAmount=3734 WHERE OrderID=1330;
INSERT INTO Payment(OrderID, PaymentDate, Amount, PaymentMethod, TransactionRef) VALUES (1330,'2025-12-23',3734,'PayPal','TXN372975');
INSERT INTO [Order](CustomerID, OrderDate, Status, TotalAmount) VALUES (134,'2025-03-27','Processing',0);
INSERT INTO OrderLines(OrderID, ProductID, Qty, UnitPrice) VALUES (1331,47,3,688);
INSERT INTO OrderLines(OrderID, ProductID, Qty, UnitPrice) VALUES (1331,22,3,978);
INSERT INTO OrderLines(OrderID, ProductID, Qty, UnitPrice) VALUES (1331,30,1,430);
INSERT INTO OrderLines(OrderID, ProductID, Qty, UnitPrice) VALUES (1331,34,1,1256);
UPDATE [Order] SET TotalAmount=6684 WHERE OrderID=1331;
INSERT INTO Payment(OrderID, PaymentDate, Amount, PaymentMethod, TransactionRef) VALUES (1331,'2025-03-27',6684,'Cash','TXN605931');
INSERT INTO [Order](CustomerID, OrderDate, Status, TotalAmount) VALUES (134,'2025-11-05','Delivered',0);
INSERT INTO OrderLines(OrderID, ProductID, Qty, UnitPrice) VALUES (1332,12,1,705);
INSERT INTO OrderLines(OrderID, ProductID, Qty, UnitPrice) VALUES (1332,12,3,1354);
INSERT INTO OrderLines(OrderID, ProductID, Qty, UnitPrice) VALUES (1332,40,2,362);
INSERT INTO OrderLines(OrderID, ProductID, Qty, UnitPrice) VALUES (1332,28,1,1447);
UPDATE [Order] SET TotalAmount=6938 WHERE OrderID=1332;
INSERT INTO Payment(OrderID, PaymentDate, Amount, PaymentMethod, TransactionRef) VALUES (1332,'2025-11-10',6938,'Card','TXN929546');
INSERT INTO [Order](CustomerID, OrderDate, Status, TotalAmount) VALUES (134,'2025-08-08','Delivered',0);
INSERT INTO OrderLines(OrderID, ProductID, Qty, UnitPrice) VALUES (1333,47,2,424);
INSERT INTO OrderLines(OrderID, ProductID, Qty, UnitPrice) VALUES (1333,12,1,1000);
INSERT INTO OrderLines(OrderID, ProductID, Qty, UnitPrice) VALUES (1333,6,1,303);
INSERT INTO OrderLines(OrderID, ProductID, Qty, UnitPrice) VALUES (1333,43,1,767);
UPDATE [Order] SET TotalAmount=2918 WHERE OrderID=1333;
INSERT INTO Payment(OrderID, PaymentDate, Amount, PaymentMethod, TransactionRef) VALUES (1333,'2025-08-09',2918,'PayPal','TXN274987');
INSERT INTO [Order](CustomerID, OrderDate, Status, TotalAmount) VALUES (134,'2025-10-04','Shipped',0);
INSERT INTO OrderLines(OrderID, ProductID, Qty, UnitPrice) VALUES (1334,42,1,967);
INSERT INTO OrderLines(OrderID, ProductID, Qty, UnitPrice) VALUES (1334,37,2,133);
INSERT INTO OrderLines(OrderID, ProductID, Qty, UnitPrice) VALUES (1334,45,3,337);
INSERT INTO OrderLines(OrderID, ProductID, Qty, UnitPrice) VALUES (1334,15,3,879);
UPDATE [Order] SET TotalAmount=4881 WHERE OrderID=1334;
INSERT INTO Payment(OrderID, PaymentDate, Amount, PaymentMethod, TransactionRef) VALUES (1334,'2025-10-06',4881,'Card','TXN469649');
INSERT INTO [Order](CustomerID, OrderDate, Status, TotalAmount) VALUES (134,'2025-02-12','Cancelled',0);
INSERT INTO OrderLines(OrderID, ProductID, Qty, UnitPrice) VALUES (1335,34,3,1194);
INSERT INTO OrderLines(OrderID, ProductID, Qty, UnitPrice) VALUES (1335,6,2,543);
INSERT INTO OrderLines(OrderID, ProductID, Qty, UnitPrice) VALUES (1335,34,1,1405);
INSERT INTO OrderLines(OrderID, ProductID, Qty, UnitPrice) VALUES (1335,40,2,1019);
UPDATE [Order] SET TotalAmount=8111 WHERE OrderID=1335;
INSERT INTO Payment(OrderID, PaymentDate, Amount, PaymentMethod, TransactionRef) VALUES (1335,'2025-02-14',8111,'PayPal','TXN900407');
INSERT INTO [Order](CustomerID, OrderDate, Status, TotalAmount) VALUES (134,'2025-03-13','Cancelled',0);
INSERT INTO OrderLines(OrderID, ProductID, Qty, UnitPrice) VALUES (1336,1,1,170);
INSERT INTO OrderLines(OrderID, ProductID, Qty, UnitPrice) VALUES (1336,11,2,202);
INSERT INTO OrderLines(OrderID, ProductID, Qty, UnitPrice) VALUES (1336,1,3,188);
INSERT INTO OrderLines(OrderID, ProductID, Qty, UnitPrice) VALUES (1336,45,1,1450);
UPDATE [Order] SET TotalAmount=2588 WHERE OrderID=1336;
INSERT INTO Payment(OrderID, PaymentDate, Amount, PaymentMethod, TransactionRef) VALUES (1336,'2025-03-15',2588,'Cash','TXN989682');
INSERT INTO [Order](CustomerID, OrderDate, Status, TotalAmount) VALUES (134,'2025-10-11','Processing',0);
INSERT INTO OrderLines(OrderID, ProductID, Qty, UnitPrice) VALUES (1337,33,1,1034);
INSERT INTO OrderLines(OrderID, ProductID, Qty, UnitPrice) VALUES (1337,29,2,1053);
INSERT INTO OrderLines(OrderID, ProductID, Qty, UnitPrice) VALUES (1337,28,2,71);
INSERT INTO OrderLines(OrderID, ProductID, Qty, UnitPrice) VALUES (1337,29,3,1271);
UPDATE [Order] SET TotalAmount=7095 WHERE OrderID=1337;
INSERT INTO Payment(OrderID, PaymentDate, Amount, PaymentMethod, TransactionRef) VALUES (1337,'2025-10-15',7095,'PayPal','TXN808363');
INSERT INTO [Order](CustomerID, OrderDate, Status, TotalAmount) VALUES (134,'2025-08-26','Processing',0);
INSERT INTO OrderLines(OrderID, ProductID, Qty, UnitPrice) VALUES (1338,30,3,711);
INSERT INTO OrderLines(OrderID, ProductID, Qty, UnitPrice) VALUES (1338,41,3,858);
INSERT INTO OrderLines(OrderID, ProductID, Qty, UnitPrice) VALUES (1338,20,2,711);
INSERT INTO OrderLines(OrderID, ProductID, Qty, UnitPrice) VALUES (1338,49,3,1019);
UPDATE [Order] SET TotalAmount=9186 WHERE OrderID=1338;
INSERT INTO Payment(OrderID, PaymentDate, Amount, PaymentMethod, TransactionRef) VALUES (1338,'2025-08-27',9186,'PayPal','TXN742709');
INSERT INTO [Order](CustomerID, OrderDate, Status, TotalAmount) VALUES (134,'2025-03-14','Cancelled',0);
INSERT INTO OrderLines(OrderID, ProductID, Qty, UnitPrice) VALUES (1339,35,1,1002);
INSERT INTO OrderLines(OrderID, ProductID, Qty, UnitPrice) VALUES (1339,26,2,1136);
INSERT INTO OrderLines(OrderID, ProductID, Qty, UnitPrice) VALUES (1339,17,2,1370);
INSERT INTO OrderLines(OrderID, ProductID, Qty, UnitPrice) VALUES (1339,19,1,315);
UPDATE [Order] SET TotalAmount=6329 WHERE OrderID=1339;
INSERT INTO Payment(OrderID, PaymentDate, Amount, PaymentMethod, TransactionRef) VALUES (1339,'2025-03-18',6329,'PayPal','TXN413574');
INSERT INTO [Order](CustomerID, OrderDate, Status, TotalAmount) VALUES (134,'2025-05-13','Shipped',0);
INSERT INTO OrderLines(OrderID, ProductID, Qty, UnitPrice) VALUES (1340,42,1,420);
INSERT INTO OrderLines(OrderID, ProductID, Qty, UnitPrice) VALUES (1340,15,2,108);
INSERT INTO OrderLines(OrderID, ProductID, Qty, UnitPrice) VALUES (1340,9,1,290);
INSERT INTO OrderLines(OrderID, ProductID, Qty, UnitPrice) VALUES (1340,7,2,430);
UPDATE [Order] SET TotalAmount=1786 WHERE OrderID=1340;
INSERT INTO Payment(OrderID, PaymentDate, Amount, PaymentMethod, TransactionRef) VALUES (1340,'2025-05-14',1786,'Card','TXN564469');
INSERT INTO [Order](CustomerID, OrderDate, Status, TotalAmount) VALUES (135,'2025-06-28','Shipped',0);
INSERT INTO OrderLines(OrderID, ProductID, Qty, UnitPrice) VALUES (1341,30,3,913);
INSERT INTO OrderLines(OrderID, ProductID, Qty, UnitPrice) VALUES (1341,2,2,467);
INSERT INTO OrderLines(OrderID, ProductID, Qty, UnitPrice) VALUES (1341,40,2,536);
INSERT INTO OrderLines(OrderID, ProductID, Qty, UnitPrice) VALUES (1341,26,2,587);
UPDATE [Order] SET TotalAmount=5919 WHERE OrderID=1341;
INSERT INTO Payment(OrderID, PaymentDate, Amount, PaymentMethod, TransactionRef) VALUES (1341,'2025-06-28',5919,'Card','TXN196096');
INSERT INTO [Order](CustomerID, OrderDate, Status, TotalAmount) VALUES (135,'2025-01-25','Processing',0);
INSERT INTO OrderLines(OrderID, ProductID, Qty, UnitPrice) VALUES (1342,23,2,1162);
INSERT INTO OrderLines(OrderID, ProductID, Qty, UnitPrice) VALUES (1342,34,2,820);
INSERT INTO OrderLines(OrderID, ProductID, Qty, UnitPrice) VALUES (1342,3,3,930);
INSERT INTO OrderLines(OrderID, ProductID, Qty, UnitPrice) VALUES (1342,31,1,1475);
UPDATE [Order] SET TotalAmount=8229 WHERE OrderID=1342;
INSERT INTO Payment(OrderID, PaymentDate, Amount, PaymentMethod, TransactionRef) VALUES (1342,'2025-01-25',8229,'PayPal','TXN324472');
INSERT INTO [Order](CustomerID, OrderDate, Status, TotalAmount) VALUES (135,'2025-08-20','Processing',0);
INSERT INTO OrderLines(OrderID, ProductID, Qty, UnitPrice) VALUES (1343,43,2,1042);
INSERT INTO OrderLines(OrderID, ProductID, Qty, UnitPrice) VALUES (1343,37,1,625);
INSERT INTO OrderLines(OrderID, ProductID, Qty, UnitPrice) VALUES (1343,32,3,1409);
INSERT INTO OrderLines(OrderID, ProductID, Qty, UnitPrice) VALUES (1343,45,3,691);
UPDATE [Order] SET TotalAmount=9009 WHERE OrderID=1343;
INSERT INTO Payment(OrderID, PaymentDate, Amount, PaymentMethod, TransactionRef) VALUES (1343,'2025-08-25',9009,'PayPal','TXN725489');
INSERT INTO [Order](CustomerID, OrderDate, Status, TotalAmount) VALUES (135,'2025-03-18','Cancelled',0);
INSERT INTO OrderLines(OrderID, ProductID, Qty, UnitPrice) VALUES (1344,10,3,1343);
INSERT INTO OrderLines(OrderID, ProductID, Qty, UnitPrice) VALUES (1344,49,2,243);
INSERT INTO OrderLines(OrderID, ProductID, Qty, UnitPrice) VALUES (1344,8,1,148);
INSERT INTO OrderLines(OrderID, ProductID, Qty, UnitPrice) VALUES (1344,50,3,425);
UPDATE [Order] SET TotalAmount=5938 WHERE OrderID=1344;
INSERT INTO Payment(OrderID, PaymentDate, Amount, PaymentMethod, TransactionRef) VALUES (1344,'2025-03-22',5938,'Cash','TXN795221');
INSERT INTO [Order](CustomerID, OrderDate, Status, TotalAmount) VALUES (135,'2025-12-13','Shipped',0);
INSERT INTO OrderLines(OrderID, ProductID, Qty, UnitPrice) VALUES (1345,14,3,180);
INSERT INTO OrderLines(OrderID, ProductID, Qty, UnitPrice) VALUES (1345,48,2,1044);
INSERT INTO OrderLines(OrderID, ProductID, Qty, UnitPrice) VALUES (1345,48,2,812);
INSERT INTO OrderLines(OrderID, ProductID, Qty, UnitPrice) VALUES (1345,12,2,912);
UPDATE [Order] SET TotalAmount=6076 WHERE OrderID=1345;
INSERT INTO Payment(OrderID, PaymentDate, Amount, PaymentMethod, TransactionRef) VALUES (1345,'2025-12-13',6076,'Cash','TXN359569');
INSERT INTO [Order](CustomerID, OrderDate, Status, TotalAmount) VALUES (135,'2025-02-23','Processing',0);
INSERT INTO OrderLines(OrderID, ProductID, Qty, UnitPrice) VALUES (1346,36,1,101);
INSERT INTO OrderLines(OrderID, ProductID, Qty, UnitPrice) VALUES (1346,49,1,320);
INSERT INTO OrderLines(OrderID, ProductID, Qty, UnitPrice) VALUES (1346,50,1,1427);
INSERT INTO OrderLines(OrderID, ProductID, Qty, UnitPrice) VALUES (1346,30,2,166);
UPDATE [Order] SET TotalAmount=2180 WHERE OrderID=1346;
INSERT INTO Payment(OrderID, PaymentDate, Amount, PaymentMethod, TransactionRef) VALUES (1346,'2025-02-28',2180,'PayPal','TXN315690');
INSERT INTO [Order](CustomerID, OrderDate, Status, TotalAmount) VALUES (135,'2025-06-03','Processing',0);
INSERT INTO OrderLines(OrderID, ProductID, Qty, UnitPrice) VALUES (1347,47,3,1270);
INSERT INTO OrderLines(OrderID, ProductID, Qty, UnitPrice) VALUES (1347,29,2,1059);
INSERT INTO OrderLines(OrderID, ProductID, Qty, UnitPrice) VALUES (1347,30,2,1239);
INSERT INTO OrderLines(OrderID, ProductID, Qty, UnitPrice) VALUES (1347,38,3,1217);
UPDATE [Order] SET TotalAmount=12057 WHERE OrderID=1347;
INSERT INTO Payment(OrderID, PaymentDate, Amount, PaymentMethod, TransactionRef) VALUES (1347,'2025-06-08',12057,'Cash','TXN700431');
INSERT INTO [Order](CustomerID, OrderDate, Status, TotalAmount) VALUES (135,'2025-07-27','Delivered',0);
INSERT INTO OrderLines(OrderID, ProductID, Qty, UnitPrice) VALUES (1348,22,1,222);
INSERT INTO OrderLines(OrderID, ProductID, Qty, UnitPrice) VALUES (1348,41,1,733);
INSERT INTO OrderLines(OrderID, ProductID, Qty, UnitPrice) VALUES (1348,34,1,1225);
INSERT INTO OrderLines(OrderID, ProductID, Qty, UnitPrice) VALUES (1348,27,1,1251);
UPDATE [Order] SET TotalAmount=3431 WHERE OrderID=1348;
INSERT INTO Payment(OrderID, PaymentDate, Amount, PaymentMethod, TransactionRef) VALUES (1348,'2025-07-27',3431,'Card','TXN785440');
INSERT INTO [Order](CustomerID, OrderDate, Status, TotalAmount) VALUES (135,'2025-11-14','Processing',0);
INSERT INTO OrderLines(OrderID, ProductID, Qty, UnitPrice) VALUES (1349,50,2,769);
INSERT INTO OrderLines(OrderID, ProductID, Qty, UnitPrice) VALUES (1349,16,2,764);
INSERT INTO OrderLines(OrderID, ProductID, Qty, UnitPrice) VALUES (1349,46,1,556);
INSERT INTO OrderLines(OrderID, ProductID, Qty, UnitPrice) VALUES (1349,30,1,575);
UPDATE [Order] SET TotalAmount=4197 WHERE OrderID=1349;
INSERT INTO Payment(OrderID, PaymentDate, Amount, PaymentMethod, TransactionRef) VALUES (1349,'2025-11-14',4197,'Cash','TXN770338');
INSERT INTO [Order](CustomerID, OrderDate, Status, TotalAmount) VALUES (135,'2025-01-29','Processing',0);
INSERT INTO OrderLines(OrderID, ProductID, Qty, UnitPrice) VALUES (1350,4,1,390);
INSERT INTO OrderLines(OrderID, ProductID, Qty, UnitPrice) VALUES (1350,7,1,1269);
INSERT INTO OrderLines(OrderID, ProductID, Qty, UnitPrice) VALUES (1350,35,3,1036);
INSERT INTO OrderLines(OrderID, ProductID, Qty, UnitPrice) VALUES (1350,37,3,729);
UPDATE [Order] SET TotalAmount=6954 WHERE OrderID=1350;
INSERT INTO Payment(OrderID, PaymentDate, Amount, PaymentMethod, TransactionRef) VALUES (1350,'2025-02-03',6954,'PayPal','TXN744883');
INSERT INTO [Order](CustomerID, OrderDate, Status, TotalAmount) VALUES (136,'2025-07-22','Delivered',0);
INSERT INTO OrderLines(OrderID, ProductID, Qty, UnitPrice) VALUES (1351,5,2,1222);
INSERT INTO OrderLines(OrderID, ProductID, Qty, UnitPrice) VALUES (1351,15,3,785);
INSERT INTO OrderLines(OrderID, ProductID, Qty, UnitPrice) VALUES (1351,31,2,1228);
INSERT INTO OrderLines(OrderID, ProductID, Qty, UnitPrice) VALUES (1351,33,2,1339);
UPDATE [Order] SET TotalAmount=9933 WHERE OrderID=1351;
INSERT INTO Payment(OrderID, PaymentDate, Amount, PaymentMethod, TransactionRef) VALUES (1351,'2025-07-27',9933,'Card','TXN126778');
INSERT INTO [Order](CustomerID, OrderDate, Status, TotalAmount) VALUES (136,'2025-10-05','Processing',0);
INSERT INTO OrderLines(OrderID, ProductID, Qty, UnitPrice) VALUES (1352,32,2,1319);
INSERT INTO OrderLines(OrderID, ProductID, Qty, UnitPrice) VALUES (1352,27,3,486);
INSERT INTO OrderLines(OrderID, ProductID, Qty, UnitPrice) VALUES (1352,18,3,102);
INSERT INTO OrderLines(OrderID, ProductID, Qty, UnitPrice) VALUES (1352,6,2,843);
UPDATE [Order] SET TotalAmount=6088 WHERE OrderID=1352;
INSERT INTO Payment(OrderID, PaymentDate, Amount, PaymentMethod, TransactionRef) VALUES (1352,'2025-10-07',6088,'Cash','TXN154884');
INSERT INTO [Order](CustomerID, OrderDate, Status, TotalAmount) VALUES (136,'2025-04-07','Delivered',0);
INSERT INTO OrderLines(OrderID, ProductID, Qty, UnitPrice) VALUES (1353,31,1,375);
INSERT INTO OrderLines(OrderID, ProductID, Qty, UnitPrice) VALUES (1353,46,1,1032);
INSERT INTO OrderLines(OrderID, ProductID, Qty, UnitPrice) VALUES (1353,47,2,780);
INSERT INTO OrderLines(OrderID, ProductID, Qty, UnitPrice) VALUES (1353,19,1,230);
UPDATE [Order] SET TotalAmount=3197 WHERE OrderID=1353;
INSERT INTO Payment(OrderID, PaymentDate, Amount, PaymentMethod, TransactionRef) VALUES (1353,'2025-04-08',3197,'PayPal','TXN487562');
INSERT INTO [Order](CustomerID, OrderDate, Status, TotalAmount) VALUES (136,'2025-07-15','Processing',0);
INSERT INTO OrderLines(OrderID, ProductID, Qty, UnitPrice) VALUES (1354,38,3,359);
INSERT INTO OrderLines(OrderID, ProductID, Qty, UnitPrice) VALUES (1354,16,1,449);
INSERT INTO OrderLines(OrderID, ProductID, Qty, UnitPrice) VALUES (1354,38,1,1425);
INSERT INTO OrderLines(OrderID, ProductID, Qty, UnitPrice) VALUES (1354,16,3,1245);
UPDATE [Order] SET TotalAmount=6686 WHERE OrderID=1354;
INSERT INTO Payment(OrderID, PaymentDate, Amount, PaymentMethod, TransactionRef) VALUES (1354,'2025-07-19',6686,'Card','TXN835853');
INSERT INTO [Order](CustomerID, OrderDate, Status, TotalAmount) VALUES (136,'2025-03-24','Shipped',0);
INSERT INTO OrderLines(OrderID, ProductID, Qty, UnitPrice) VALUES (1355,41,1,927);
INSERT INTO OrderLines(OrderID, ProductID, Qty, UnitPrice) VALUES (1355,42,2,1057);
INSERT INTO OrderLines(OrderID, ProductID, Qty, UnitPrice) VALUES (1355,10,3,1194);
INSERT INTO OrderLines(OrderID, ProductID, Qty, UnitPrice) VALUES (1355,1,2,92);
UPDATE [Order] SET TotalAmount=6807 WHERE OrderID=1355;
INSERT INTO Payment(OrderID, PaymentDate, Amount, PaymentMethod, TransactionRef) VALUES (1355,'2025-03-27',6807,'Card','TXN723252');
INSERT INTO [Order](CustomerID, OrderDate, Status, TotalAmount) VALUES (136,'2025-10-15','Cancelled',0);
INSERT INTO OrderLines(OrderID, ProductID, Qty, UnitPrice) VALUES (1356,16,2,286);
INSERT INTO OrderLines(OrderID, ProductID, Qty, UnitPrice) VALUES (1356,18,1,557);
INSERT INTO OrderLines(OrderID, ProductID, Qty, UnitPrice) VALUES (1356,25,1,991);
INSERT INTO OrderLines(OrderID, ProductID, Qty, UnitPrice) VALUES (1356,22,1,521);
UPDATE [Order] SET TotalAmount=2641 WHERE OrderID=1356;
INSERT INTO Payment(OrderID, PaymentDate, Amount, PaymentMethod, TransactionRef) VALUES (1356,'2025-10-16',2641,'Cash','TXN353055');
INSERT INTO [Order](CustomerID, OrderDate, Status, TotalAmount) VALUES (136,'2025-09-17','Delivered',0);
INSERT INTO OrderLines(OrderID, ProductID, Qty, UnitPrice) VALUES (1357,29,1,886);
INSERT INTO OrderLines(OrderID, ProductID, Qty, UnitPrice) VALUES (1357,14,1,1307);
INSERT INTO OrderLines(OrderID, ProductID, Qty, UnitPrice) VALUES (1357,15,2,1229);
INSERT INTO OrderLines(OrderID, ProductID, Qty, UnitPrice) VALUES (1357,48,1,1317);
UPDATE [Order] SET TotalAmount=5968 WHERE OrderID=1357;
INSERT INTO Payment(OrderID, PaymentDate, Amount, PaymentMethod, TransactionRef) VALUES (1357,'2025-09-22',5968,'Card','TXN929685');
INSERT INTO [Order](CustomerID, OrderDate, Status, TotalAmount) VALUES (136,'2025-10-02','Delivered',0);
INSERT INTO OrderLines(OrderID, ProductID, Qty, UnitPrice) VALUES (1358,14,2,857);
INSERT INTO OrderLines(OrderID, ProductID, Qty, UnitPrice) VALUES (1358,6,3,202);
INSERT INTO OrderLines(OrderID, ProductID, Qty, UnitPrice) VALUES (1358,36,2,665);
INSERT INTO OrderLines(OrderID, ProductID, Qty, UnitPrice) VALUES (1358,43,3,1027);
UPDATE [Order] SET TotalAmount=6731 WHERE OrderID=1358;
INSERT INTO Payment(OrderID, PaymentDate, Amount, PaymentMethod, TransactionRef) VALUES (1358,'2025-10-02',6731,'Card','TXN507211');
INSERT INTO [Order](CustomerID, OrderDate, Status, TotalAmount) VALUES (136,'2025-07-06','Shipped',0);
INSERT INTO OrderLines(OrderID, ProductID, Qty, UnitPrice) VALUES (1359,44,1,770);
INSERT INTO OrderLines(OrderID, ProductID, Qty, UnitPrice) VALUES (1359,5,3,652);
INSERT INTO OrderLines(OrderID, ProductID, Qty, UnitPrice) VALUES (1359,50,1,899);
INSERT INTO OrderLines(OrderID, ProductID, Qty, UnitPrice) VALUES (1359,39,1,379);
UPDATE [Order] SET TotalAmount=4004 WHERE OrderID=1359;
INSERT INTO Payment(OrderID, PaymentDate, Amount, PaymentMethod, TransactionRef) VALUES (1359,'2025-07-11',4004,'Cash','TXN969109');
INSERT INTO [Order](CustomerID, OrderDate, Status, TotalAmount) VALUES (136,'2025-04-30','Processing',0);
INSERT INTO OrderLines(OrderID, ProductID, Qty, UnitPrice) VALUES (1360,2,3,738);
INSERT INTO OrderLines(OrderID, ProductID, Qty, UnitPrice) VALUES (1360,19,2,529);
INSERT INTO OrderLines(OrderID, ProductID, Qty, UnitPrice) VALUES (1360,27,1,394);
INSERT INTO OrderLines(OrderID, ProductID, Qty, UnitPrice) VALUES (1360,19,1,403);
UPDATE [Order] SET TotalAmount=4069 WHERE OrderID=1360;
INSERT INTO Payment(OrderID, PaymentDate, Amount, PaymentMethod, TransactionRef) VALUES (1360,'2025-05-04',4069,'Cash','TXN785808');
INSERT INTO [Order](CustomerID, OrderDate, Status, TotalAmount) VALUES (137,'2025-04-09','Processing',0);
INSERT INTO OrderLines(OrderID, ProductID, Qty, UnitPrice) VALUES (1361,23,1,508);
INSERT INTO OrderLines(OrderID, ProductID, Qty, UnitPrice) VALUES (1361,41,2,1339);
INSERT INTO OrderLines(OrderID, ProductID, Qty, UnitPrice) VALUES (1361,46,2,229);
INSERT INTO OrderLines(OrderID, ProductID, Qty, UnitPrice) VALUES (1361,11,1,591);
UPDATE [Order] SET TotalAmount=4235 WHERE OrderID=1361;
INSERT INTO Payment(OrderID, PaymentDate, Amount, PaymentMethod, TransactionRef) VALUES (1361,'2025-04-09',4235,'Card','TXN868483');
INSERT INTO [Order](CustomerID, OrderDate, Status, TotalAmount) VALUES (137,'2025-07-04','Cancelled',0);
INSERT INTO OrderLines(OrderID, ProductID, Qty, UnitPrice) VALUES (1362,32,1,433);
INSERT INTO OrderLines(OrderID, ProductID, Qty, UnitPrice) VALUES (1362,1,1,70);
INSERT INTO OrderLines(OrderID, ProductID, Qty, UnitPrice) VALUES (1362,33,1,799);
INSERT INTO OrderLines(OrderID, ProductID, Qty, UnitPrice) VALUES (1362,40,1,247);
UPDATE [Order] SET TotalAmount=1549 WHERE OrderID=1362;
INSERT INTO Payment(OrderID, PaymentDate, Amount, PaymentMethod, TransactionRef) VALUES (1362,'2025-07-06',1549,'PayPal','TXN875391');
INSERT INTO [Order](CustomerID, OrderDate, Status, TotalAmount) VALUES (137,'2025-06-02','Shipped',0);
INSERT INTO OrderLines(OrderID, ProductID, Qty, UnitPrice) VALUES (1363,36,1,1386);
INSERT INTO OrderLines(OrderID, ProductID, Qty, UnitPrice) VALUES (1363,13,2,854);
INSERT INTO OrderLines(OrderID, ProductID, Qty, UnitPrice) VALUES (1363,41,2,305);
INSERT INTO OrderLines(OrderID, ProductID, Qty, UnitPrice) VALUES (1363,28,3,116);
UPDATE [Order] SET TotalAmount=4052 WHERE OrderID=1363;
INSERT INTO Payment(OrderID, PaymentDate, Amount, PaymentMethod, TransactionRef) VALUES (1363,'2025-06-07',4052,'Cash','TXN983136');
INSERT INTO [Order](CustomerID, OrderDate, Status, TotalAmount) VALUES (137,'2025-08-15','Processing',0);
INSERT INTO OrderLines(OrderID, ProductID, Qty, UnitPrice) VALUES (1364,13,2,271);
INSERT INTO OrderLines(OrderID, ProductID, Qty, UnitPrice) VALUES (1364,21,1,418);
INSERT INTO OrderLines(OrderID, ProductID, Qty, UnitPrice) VALUES (1364,30,1,1415);
INSERT INTO OrderLines(OrderID, ProductID, Qty, UnitPrice) VALUES (1364,12,3,1222);
UPDATE [Order] SET TotalAmount=6041 WHERE OrderID=1364;
INSERT INTO Payment(OrderID, PaymentDate, Amount, PaymentMethod, TransactionRef) VALUES (1364,'2025-08-15',6041,'PayPal','TXN716080');
INSERT INTO [Order](CustomerID, OrderDate, Status, TotalAmount) VALUES (137,'2025-10-19','Processing',0);
INSERT INTO OrderLines(OrderID, ProductID, Qty, UnitPrice) VALUES (1365,13,1,821);
INSERT INTO OrderLines(OrderID, ProductID, Qty, UnitPrice) VALUES (1365,40,2,1084);
INSERT INTO OrderLines(OrderID, ProductID, Qty, UnitPrice) VALUES (1365,17,1,825);
INSERT INTO OrderLines(OrderID, ProductID, Qty, UnitPrice) VALUES (1365,30,3,476);
UPDATE [Order] SET TotalAmount=5242 WHERE OrderID=1365;
INSERT INTO Payment(OrderID, PaymentDate, Amount, PaymentMethod, TransactionRef) VALUES (1365,'2025-10-20',5242,'Card','TXN967939');
INSERT INTO [Order](CustomerID, OrderDate, Status, TotalAmount) VALUES (137,'2025-11-02','Shipped',0);
INSERT INTO OrderLines(OrderID, ProductID, Qty, UnitPrice) VALUES (1366,20,1,1177);
INSERT INTO OrderLines(OrderID, ProductID, Qty, UnitPrice) VALUES (1366,15,3,689);
INSERT INTO OrderLines(OrderID, ProductID, Qty, UnitPrice) VALUES (1366,32,2,726);
INSERT INTO OrderLines(OrderID, ProductID, Qty, UnitPrice) VALUES (1366,6,3,909);
UPDATE [Order] SET TotalAmount=7423 WHERE OrderID=1366;
INSERT INTO Payment(OrderID, PaymentDate, Amount, PaymentMethod, TransactionRef) VALUES (1366,'2025-11-07',7423,'PayPal','TXN290517');
INSERT INTO [Order](CustomerID, OrderDate, Status, TotalAmount) VALUES (137,'2025-03-15','Cancelled',0);
INSERT INTO OrderLines(OrderID, ProductID, Qty, UnitPrice) VALUES (1367,31,1,1226);
INSERT INTO OrderLines(OrderID, ProductID, Qty, UnitPrice) VALUES (1367,38,1,1236);
INSERT INTO OrderLines(OrderID, ProductID, Qty, UnitPrice) VALUES (1367,45,1,527);
INSERT INTO OrderLines(OrderID, ProductID, Qty, UnitPrice) VALUES (1367,17,3,770);
UPDATE [Order] SET TotalAmount=5299 WHERE OrderID=1367;
INSERT INTO Payment(OrderID, PaymentDate, Amount, PaymentMethod, TransactionRef) VALUES (1367,'2025-03-19',5299,'PayPal','TXN544181');
INSERT INTO [Order](CustomerID, OrderDate, Status, TotalAmount) VALUES (137,'2025-05-27','Processing',0);
INSERT INTO OrderLines(OrderID, ProductID, Qty, UnitPrice) VALUES (1368,3,1,830);
INSERT INTO OrderLines(OrderID, ProductID, Qty, UnitPrice) VALUES (1368,40,3,814);
INSERT INTO OrderLines(OrderID, ProductID, Qty, UnitPrice) VALUES (1368,27,2,936);
INSERT INTO OrderLines(OrderID, ProductID, Qty, UnitPrice) VALUES (1368,50,1,1013);
UPDATE [Order] SET TotalAmount=6157 WHERE OrderID=1368;
INSERT INTO Payment(OrderID, PaymentDate, Amount, PaymentMethod, TransactionRef) VALUES (1368,'2025-05-30',6157,'PayPal','TXN798219');
INSERT INTO [Order](CustomerID, OrderDate, Status, TotalAmount) VALUES (137,'2025-01-05','Cancelled',0);
INSERT INTO OrderLines(OrderID, ProductID, Qty, UnitPrice) VALUES (1369,4,1,647);
INSERT INTO OrderLines(OrderID, ProductID, Qty, UnitPrice) VALUES (1369,36,2,75);
INSERT INTO OrderLines(OrderID, ProductID, Qty, UnitPrice) VALUES (1369,24,1,1303);
INSERT INTO OrderLines(OrderID, ProductID, Qty, UnitPrice) VALUES (1369,9,3,796);
UPDATE [Order] SET TotalAmount=4488 WHERE OrderID=1369;
INSERT INTO Payment(OrderID, PaymentDate, Amount, PaymentMethod, TransactionRef) VALUES (1369,'2025-01-08',4488,'Cash','TXN405430');
INSERT INTO [Order](CustomerID, OrderDate, Status, TotalAmount) VALUES (137,'2025-06-08','Processing',0);
INSERT INTO OrderLines(OrderID, ProductID, Qty, UnitPrice) VALUES (1370,8,1,1057);
INSERT INTO OrderLines(OrderID, ProductID, Qty, UnitPrice) VALUES (1370,40,3,1103);
INSERT INTO OrderLines(OrderID, ProductID, Qty, UnitPrice) VALUES (1370,34,3,1435);
INSERT INTO OrderLines(OrderID, ProductID, Qty, UnitPrice) VALUES (1370,32,1,869);
UPDATE [Order] SET TotalAmount=9540 WHERE OrderID=1370;
INSERT INTO Payment(OrderID, PaymentDate, Amount, PaymentMethod, TransactionRef) VALUES (1370,'2025-06-09',9540,'Cash','TXN432533');
INSERT INTO [Order](CustomerID, OrderDate, Status, TotalAmount) VALUES (138,'2025-04-18','Processing',0);
INSERT INTO OrderLines(OrderID, ProductID, Qty, UnitPrice) VALUES (1371,45,2,1377);
INSERT INTO OrderLines(OrderID, ProductID, Qty, UnitPrice) VALUES (1371,25,2,458);
INSERT INTO OrderLines(OrderID, ProductID, Qty, UnitPrice) VALUES (1371,18,3,754);
INSERT INTO OrderLines(OrderID, ProductID, Qty, UnitPrice) VALUES (1371,30,1,192);
UPDATE [Order] SET TotalAmount=6124 WHERE OrderID=1371;
INSERT INTO Payment(OrderID, PaymentDate, Amount, PaymentMethod, TransactionRef) VALUES (1371,'2025-04-20',6124,'Cash','TXN669427');
INSERT INTO [Order](CustomerID, OrderDate, Status, TotalAmount) VALUES (138,'2025-04-17','Processing',0);
INSERT INTO OrderLines(OrderID, ProductID, Qty, UnitPrice) VALUES (1372,10,2,197);
INSERT INTO OrderLines(OrderID, ProductID, Qty, UnitPrice) VALUES (1372,7,2,980);
INSERT INTO OrderLines(OrderID, ProductID, Qty, UnitPrice) VALUES (1372,50,3,705);
INSERT INTO OrderLines(OrderID, ProductID, Qty, UnitPrice) VALUES (1372,34,2,345);
UPDATE [Order] SET TotalAmount=5159 WHERE OrderID=1372;
INSERT INTO Payment(OrderID, PaymentDate, Amount, PaymentMethod, TransactionRef) VALUES (1372,'2025-04-20',5159,'Card','TXN284610');
INSERT INTO [Order](CustomerID, OrderDate, Status, TotalAmount) VALUES (138,'2025-02-02','Processing',0);
INSERT INTO OrderLines(OrderID, ProductID, Qty, UnitPrice) VALUES (1373,50,1,1461);
INSERT INTO OrderLines(OrderID, ProductID, Qty, UnitPrice) VALUES (1373,48,3,490);
INSERT INTO OrderLines(OrderID, ProductID, Qty, UnitPrice) VALUES (1373,3,2,1348);
INSERT INTO OrderLines(OrderID, ProductID, Qty, UnitPrice) VALUES (1373,32,1,1366);
UPDATE [Order] SET TotalAmount=6993 WHERE OrderID=1373;
INSERT INTO Payment(OrderID, PaymentDate, Amount, PaymentMethod, TransactionRef) VALUES (1373,'2025-02-07',6993,'PayPal','TXN106008');
INSERT INTO [Order](CustomerID, OrderDate, Status, TotalAmount) VALUES (138,'2025-06-15','Processing',0);
INSERT INTO OrderLines(OrderID, ProductID, Qty, UnitPrice) VALUES (1374,17,2,56);
INSERT INTO OrderLines(OrderID, ProductID, Qty, UnitPrice) VALUES (1374,29,3,772);
INSERT INTO OrderLines(OrderID, ProductID, Qty, UnitPrice) VALUES (1374,31,3,845);
INSERT INTO OrderLines(OrderID, ProductID, Qty, UnitPrice) VALUES (1374,23,2,1269);
UPDATE [Order] SET TotalAmount=7501 WHERE OrderID=1374;
INSERT INTO Payment(OrderID, PaymentDate, Amount, PaymentMethod, TransactionRef) VALUES (1374,'2025-06-15',7501,'Card','TXN332343');
INSERT INTO [Order](CustomerID, OrderDate, Status, TotalAmount) VALUES (138,'2025-12-22','Cancelled',0);
INSERT INTO OrderLines(OrderID, ProductID, Qty, UnitPrice) VALUES (1375,33,2,1313);
INSERT INTO OrderLines(OrderID, ProductID, Qty, UnitPrice) VALUES (1375,7,3,102);
INSERT INTO OrderLines(OrderID, ProductID, Qty, UnitPrice) VALUES (1375,20,2,259);
INSERT INTO OrderLines(OrderID, ProductID, Qty, UnitPrice) VALUES (1375,13,3,545);
UPDATE [Order] SET TotalAmount=5085 WHERE OrderID=1375;
INSERT INTO Payment(OrderID, PaymentDate, Amount, PaymentMethod, TransactionRef) VALUES (1375,'2025-12-22',5085,'Cash','TXN525003');
INSERT INTO [Order](CustomerID, OrderDate, Status, TotalAmount) VALUES (138,'2025-05-09','Cancelled',0);
INSERT INTO OrderLines(OrderID, ProductID, Qty, UnitPrice) VALUES (1376,21,2,879);
INSERT INTO OrderLines(OrderID, ProductID, Qty, UnitPrice) VALUES (1376,9,3,715);
INSERT INTO OrderLines(OrderID, ProductID, Qty, UnitPrice) VALUES (1376,36,1,585);
INSERT INTO OrderLines(OrderID, ProductID, Qty, UnitPrice) VALUES (1376,50,1,296);
UPDATE [Order] SET TotalAmount=4784 WHERE OrderID=1376;
INSERT INTO Payment(OrderID, PaymentDate, Amount, PaymentMethod, TransactionRef) VALUES (1376,'2025-05-14',4784,'Cash','TXN635552');
INSERT INTO [Order](CustomerID, OrderDate, Status, TotalAmount) VALUES (138,'2025-04-26','Shipped',0);
INSERT INTO OrderLines(OrderID, ProductID, Qty, UnitPrice) VALUES (1377,33,3,1386);
INSERT INTO OrderLines(OrderID, ProductID, Qty, UnitPrice) VALUES (1377,15,1,250);
INSERT INTO OrderLines(OrderID, ProductID, Qty, UnitPrice) VALUES (1377,12,3,685);
INSERT INTO OrderLines(OrderID, ProductID, Qty, UnitPrice) VALUES (1377,49,1,1039);
UPDATE [Order] SET TotalAmount=7502 WHERE OrderID=1377;
INSERT INTO Payment(OrderID, PaymentDate, Amount, PaymentMethod, TransactionRef) VALUES (1377,'2025-04-28',7502,'Card','TXN370852');
INSERT INTO [Order](CustomerID, OrderDate, Status, TotalAmount) VALUES (138,'2025-12-12','Shipped',0);
INSERT INTO OrderLines(OrderID, ProductID, Qty, UnitPrice) VALUES (1378,34,3,133);
INSERT INTO OrderLines(OrderID, ProductID, Qty, UnitPrice) VALUES (1378,48,2,1281);
INSERT INTO OrderLines(OrderID, ProductID, Qty, UnitPrice) VALUES (1378,49,3,962);
INSERT INTO OrderLines(OrderID, ProductID, Qty, UnitPrice) VALUES (1378,39,1,944);
UPDATE [Order] SET TotalAmount=6791 WHERE OrderID=1378;
INSERT INTO Payment(OrderID, PaymentDate, Amount, PaymentMethod, TransactionRef) VALUES (1378,'2025-12-16',6791,'Card','TXN601882');
INSERT INTO [Order](CustomerID, OrderDate, Status, TotalAmount) VALUES (138,'2025-09-15','Cancelled',0);
INSERT INTO OrderLines(OrderID, ProductID, Qty, UnitPrice) VALUES (1379,42,2,817);
INSERT INTO OrderLines(OrderID, ProductID, Qty, UnitPrice) VALUES (1379,25,2,552);
INSERT INTO OrderLines(OrderID, ProductID, Qty, UnitPrice) VALUES (1379,2,3,859);
INSERT INTO OrderLines(OrderID, ProductID, Qty, UnitPrice) VALUES (1379,39,2,655);
UPDATE [Order] SET TotalAmount=6625 WHERE OrderID=1379;
INSERT INTO Payment(OrderID, PaymentDate, Amount, PaymentMethod, TransactionRef) VALUES (1379,'2025-09-19',6625,'Cash','TXN518401');
INSERT INTO [Order](CustomerID, OrderDate, Status, TotalAmount) VALUES (138,'2025-01-28','Delivered',0);
INSERT INTO OrderLines(OrderID, ProductID, Qty, UnitPrice) VALUES (1380,13,3,211);
INSERT INTO OrderLines(OrderID, ProductID, Qty, UnitPrice) VALUES (1380,3,2,74);
INSERT INTO OrderLines(OrderID, ProductID, Qty, UnitPrice) VALUES (1380,44,1,1317);
INSERT INTO OrderLines(OrderID, ProductID, Qty, UnitPrice) VALUES (1380,41,1,574);
UPDATE [Order] SET TotalAmount=2672 WHERE OrderID=1380;
INSERT INTO Payment(OrderID, PaymentDate, Amount, PaymentMethod, TransactionRef) VALUES (1380,'2025-01-28',2672,'Cash','TXN963179');
INSERT INTO [Order](CustomerID, OrderDate, Status, TotalAmount) VALUES (139,'2025-03-19','Cancelled',0);
INSERT INTO OrderLines(OrderID, ProductID, Qty, UnitPrice) VALUES (1381,50,3,1424);
INSERT INTO OrderLines(OrderID, ProductID, Qty, UnitPrice) VALUES (1381,21,3,1477);
INSERT INTO OrderLines(OrderID, ProductID, Qty, UnitPrice) VALUES (1381,12,3,253);
INSERT INTO OrderLines(OrderID, ProductID, Qty, UnitPrice) VALUES (1381,8,3,263);
UPDATE [Order] SET TotalAmount=10251 WHERE OrderID=1381;
INSERT INTO Payment(OrderID, PaymentDate, Amount, PaymentMethod, TransactionRef) VALUES (1381,'2025-03-21',10251,'Cash','TXN815394');
INSERT INTO [Order](CustomerID, OrderDate, Status, TotalAmount) VALUES (139,'2025-07-09','Delivered',0);
INSERT INTO OrderLines(OrderID, ProductID, Qty, UnitPrice) VALUES (1382,28,1,557);
INSERT INTO OrderLines(OrderID, ProductID, Qty, UnitPrice) VALUES (1382,16,2,454);
INSERT INTO OrderLines(OrderID, ProductID, Qty, UnitPrice) VALUES (1382,35,1,797);
INSERT INTO OrderLines(OrderID, ProductID, Qty, UnitPrice) VALUES (1382,16,3,593);
UPDATE [Order] SET TotalAmount=4041 WHERE OrderID=1382;
INSERT INTO Payment(OrderID, PaymentDate, Amount, PaymentMethod, TransactionRef) VALUES (1382,'2025-07-13',4041,'Card','TXN595157');
INSERT INTO [Order](CustomerID, OrderDate, Status, TotalAmount) VALUES (139,'2025-07-31','Cancelled',0);
INSERT INTO OrderLines(OrderID, ProductID, Qty, UnitPrice) VALUES (1383,9,3,108);
INSERT INTO OrderLines(OrderID, ProductID, Qty, UnitPrice) VALUES (1383,10,1,1384);
INSERT INTO OrderLines(OrderID, ProductID, Qty, UnitPrice) VALUES (1383,24,2,550);
INSERT INTO OrderLines(OrderID, ProductID, Qty, UnitPrice) VALUES (1383,33,2,1437);
UPDATE [Order] SET TotalAmount=5682 WHERE OrderID=1383;
INSERT INTO Payment(OrderID, PaymentDate, Amount, PaymentMethod, TransactionRef) VALUES (1383,'2025-07-31',5682,'Card','TXN855794');
INSERT INTO [Order](CustomerID, OrderDate, Status, TotalAmount) VALUES (139,'2025-04-24','Shipped',0);
INSERT INTO OrderLines(OrderID, ProductID, Qty, UnitPrice) VALUES (1384,39,3,120);
INSERT INTO OrderLines(OrderID, ProductID, Qty, UnitPrice) VALUES (1384,24,3,1170);
INSERT INTO OrderLines(OrderID, ProductID, Qty, UnitPrice) VALUES (1384,7,1,254);
INSERT INTO OrderLines(OrderID, ProductID, Qty, UnitPrice) VALUES (1384,38,1,291);
UPDATE [Order] SET TotalAmount=4415 WHERE OrderID=1384;
INSERT INTO Payment(OrderID, PaymentDate, Amount, PaymentMethod, TransactionRef) VALUES (1384,'2025-04-29',4415,'Cash','TXN726538');
INSERT INTO [Order](CustomerID, OrderDate, Status, TotalAmount) VALUES (139,'2025-06-10','Delivered',0);
INSERT INTO OrderLines(OrderID, ProductID, Qty, UnitPrice) VALUES (1385,9,1,991);
INSERT INTO OrderLines(OrderID, ProductID, Qty, UnitPrice) VALUES (1385,5,1,534);
INSERT INTO OrderLines(OrderID, ProductID, Qty, UnitPrice) VALUES (1385,21,3,385);
INSERT INTO OrderLines(OrderID, ProductID, Qty, UnitPrice) VALUES (1385,6,3,1150);
UPDATE [Order] SET TotalAmount=6130 WHERE OrderID=1385;
INSERT INTO Payment(OrderID, PaymentDate, Amount, PaymentMethod, TransactionRef) VALUES (1385,'2025-06-10',6130,'PayPal','TXN803558');
INSERT INTO [Order](CustomerID, OrderDate, Status, TotalAmount) VALUES (139,'2025-04-20','Cancelled',0);
INSERT INTO OrderLines(OrderID, ProductID, Qty, UnitPrice) VALUES (1386,13,3,54);
INSERT INTO OrderLines(OrderID, ProductID, Qty, UnitPrice) VALUES (1386,13,2,541);
INSERT INTO OrderLines(OrderID, ProductID, Qty, UnitPrice) VALUES (1386,21,1,428);
INSERT INTO OrderLines(OrderID, ProductID, Qty, UnitPrice) VALUES (1386,31,3,920);
UPDATE [Order] SET TotalAmount=4432 WHERE OrderID=1386;
INSERT INTO Payment(OrderID, PaymentDate, Amount, PaymentMethod, TransactionRef) VALUES (1386,'2025-04-20',4432,'Cash','TXN389727');
INSERT INTO [Order](CustomerID, OrderDate, Status, TotalAmount) VALUES (139,'2025-08-10','Processing',0);
INSERT INTO OrderLines(OrderID, ProductID, Qty, UnitPrice) VALUES (1387,43,3,1388);
INSERT INTO OrderLines(OrderID, ProductID, Qty, UnitPrice) VALUES (1387,8,3,822);
INSERT INTO OrderLines(OrderID, ProductID, Qty, UnitPrice) VALUES (1387,14,2,1445);
INSERT INTO OrderLines(OrderID, ProductID, Qty, UnitPrice) VALUES (1387,11,2,954);
UPDATE [Order] SET TotalAmount=11428 WHERE OrderID=1387;
INSERT INTO Payment(OrderID, PaymentDate, Amount, PaymentMethod, TransactionRef) VALUES (1387,'2025-08-13',11428,'Cash','TXN379830');
INSERT INTO [Order](CustomerID, OrderDate, Status, TotalAmount) VALUES (139,'2025-04-28','Delivered',0);
INSERT INTO OrderLines(OrderID, ProductID, Qty, UnitPrice) VALUES (1388,27,1,690);
INSERT INTO OrderLines(OrderID, ProductID, Qty, UnitPrice) VALUES (1388,17,2,1489);
INSERT INTO OrderLines(OrderID, ProductID, Qty, UnitPrice) VALUES (1388,9,2,657);
INSERT INTO OrderLines(OrderID, ProductID, Qty, UnitPrice) VALUES (1388,28,1,1225);
UPDATE [Order] SET TotalAmount=6207 WHERE OrderID=1388;
INSERT INTO Payment(OrderID, PaymentDate, Amount, PaymentMethod, TransactionRef) VALUES (1388,'2025-05-03',6207,'Cash','TXN370962');
INSERT INTO [Order](CustomerID, OrderDate, Status, TotalAmount) VALUES (139,'2025-07-11','Cancelled',0);
INSERT INTO OrderLines(OrderID, ProductID, Qty, UnitPrice) VALUES (1389,26,2,126);
INSERT INTO OrderLines(OrderID, ProductID, Qty, UnitPrice) VALUES (1389,20,3,1459);
INSERT INTO OrderLines(OrderID, ProductID, Qty, UnitPrice) VALUES (1389,30,1,1037);
INSERT INTO OrderLines(OrderID, ProductID, Qty, UnitPrice) VALUES (1389,40,1,796);
UPDATE [Order] SET TotalAmount=6462 WHERE OrderID=1389;
INSERT INTO Payment(OrderID, PaymentDate, Amount, PaymentMethod, TransactionRef) VALUES (1389,'2025-07-12',6462,'PayPal','TXN444937');
INSERT INTO [Order](CustomerID, OrderDate, Status, TotalAmount) VALUES (139,'2025-03-29','Processing',0);
INSERT INTO OrderLines(OrderID, ProductID, Qty, UnitPrice) VALUES (1390,4,1,1007);
INSERT INTO OrderLines(OrderID, ProductID, Qty, UnitPrice) VALUES (1390,37,1,1284);
INSERT INTO OrderLines(OrderID, ProductID, Qty, UnitPrice) VALUES (1390,47,2,1096);
INSERT INTO OrderLines(OrderID, ProductID, Qty, UnitPrice) VALUES (1390,28,2,739);
UPDATE [Order] SET TotalAmount=5961 WHERE OrderID=1390;
INSERT INTO Payment(OrderID, PaymentDate, Amount, PaymentMethod, TransactionRef) VALUES (1390,'2025-03-29',5961,'Cash','TXN785324');
INSERT INTO [Order](CustomerID, OrderDate, Status, TotalAmount) VALUES (140,'2025-10-08','Delivered',0);
INSERT INTO OrderLines(OrderID, ProductID, Qty, UnitPrice) VALUES (1391,40,2,1394);
INSERT INTO OrderLines(OrderID, ProductID, Qty, UnitPrice) VALUES (1391,11,2,554);
INSERT INTO OrderLines(OrderID, ProductID, Qty, UnitPrice) VALUES (1391,12,1,457);
INSERT INTO OrderLines(OrderID, ProductID, Qty, UnitPrice) VALUES (1391,45,3,1044);
UPDATE [Order] SET TotalAmount=7485 WHERE OrderID=1391;
INSERT INTO Payment(OrderID, PaymentDate, Amount, PaymentMethod, TransactionRef) VALUES (1391,'2025-10-08',7485,'Card','TXN352495');
INSERT INTO [Order](CustomerID, OrderDate, Status, TotalAmount) VALUES (140,'2025-07-06','Delivered',0);
INSERT INTO OrderLines(OrderID, ProductID, Qty, UnitPrice) VALUES (1392,32,2,743);
INSERT INTO OrderLines(OrderID, ProductID, Qty, UnitPrice) VALUES (1392,48,3,829);
INSERT INTO OrderLines(OrderID, ProductID, Qty, UnitPrice) VALUES (1392,26,3,506);
INSERT INTO OrderLines(OrderID, ProductID, Qty, UnitPrice) VALUES (1392,40,2,548);
UPDATE [Order] SET TotalAmount=6587 WHERE OrderID=1392;
INSERT INTO Payment(OrderID, PaymentDate, Amount, PaymentMethod, TransactionRef) VALUES (1392,'2025-07-09',6587,'PayPal','TXN943949');
INSERT INTO [Order](CustomerID, OrderDate, Status, TotalAmount) VALUES (140,'2025-07-26','Processing',0);
INSERT INTO OrderLines(OrderID, ProductID, Qty, UnitPrice) VALUES (1393,21,2,1253);
INSERT INTO OrderLines(OrderID, ProductID, Qty, UnitPrice) VALUES (1393,12,3,444);
INSERT INTO OrderLines(OrderID, ProductID, Qty, UnitPrice) VALUES (1393,18,3,852);
INSERT INTO OrderLines(OrderID, ProductID, Qty, UnitPrice) VALUES (1393,16,2,1106);
UPDATE [Order] SET TotalAmount=8606 WHERE OrderID=1393;
INSERT INTO Payment(OrderID, PaymentDate, Amount, PaymentMethod, TransactionRef) VALUES (1393,'2025-07-31',8606,'Card','TXN990218');
INSERT INTO [Order](CustomerID, OrderDate, Status, TotalAmount) VALUES (140,'2025-01-28','Delivered',0);
INSERT INTO OrderLines(OrderID, ProductID, Qty, UnitPrice) VALUES (1394,12,3,867);
INSERT INTO OrderLines(OrderID, ProductID, Qty, UnitPrice) VALUES (1394,8,2,1184);
INSERT INTO OrderLines(OrderID, ProductID, Qty, UnitPrice) VALUES (1394,47,3,1209);
INSERT INTO OrderLines(OrderID, ProductID, Qty, UnitPrice) VALUES (1394,21,1,385);
UPDATE [Order] SET TotalAmount=8981 WHERE OrderID=1394;
INSERT INTO Payment(OrderID, PaymentDate, Amount, PaymentMethod, TransactionRef) VALUES (1394,'2025-02-01',8981,'Card','TXN575465');
INSERT INTO [Order](CustomerID, OrderDate, Status, TotalAmount) VALUES (140,'2025-04-22','Shipped',0);
INSERT INTO OrderLines(OrderID, ProductID, Qty, UnitPrice) VALUES (1395,44,3,1221);
INSERT INTO OrderLines(OrderID, ProductID, Qty, UnitPrice) VALUES (1395,35,2,357);
INSERT INTO OrderLines(OrderID, ProductID, Qty, UnitPrice) VALUES (1395,15,3,983);
INSERT INTO OrderLines(OrderID, ProductID, Qty, UnitPrice) VALUES (1395,48,3,960);
UPDATE [Order] SET TotalAmount=10206 WHERE OrderID=1395;
INSERT INTO Payment(OrderID, PaymentDate, Amount, PaymentMethod, TransactionRef) VALUES (1395,'2025-04-24',10206,'Card','TXN381601');
INSERT INTO [Order](CustomerID, OrderDate, Status, TotalAmount) VALUES (140,'2025-11-25','Processing',0);
INSERT INTO OrderLines(OrderID, ProductID, Qty, UnitPrice) VALUES (1396,40,2,350);
INSERT INTO OrderLines(OrderID, ProductID, Qty, UnitPrice) VALUES (1396,3,3,1352);
INSERT INTO OrderLines(OrderID, ProductID, Qty, UnitPrice) VALUES (1396,25,2,663);
INSERT INTO OrderLines(OrderID, ProductID, Qty, UnitPrice) VALUES (1396,44,2,1352);
UPDATE [Order] SET TotalAmount=8786 WHERE OrderID=1396;
INSERT INTO Payment(OrderID, PaymentDate, Amount, PaymentMethod, TransactionRef) VALUES (1396,'2025-11-28',8786,'Card','TXN499718');
INSERT INTO [Order](CustomerID, OrderDate, Status, TotalAmount) VALUES (140,'2025-02-02','Cancelled',0);
INSERT INTO OrderLines(OrderID, ProductID, Qty, UnitPrice) VALUES (1397,39,3,561);
INSERT INTO OrderLines(OrderID, ProductID, Qty, UnitPrice) VALUES (1397,12,3,581);
INSERT INTO OrderLines(OrderID, ProductID, Qty, UnitPrice) VALUES (1397,42,1,778);
INSERT INTO OrderLines(OrderID, ProductID, Qty, UnitPrice) VALUES (1397,33,2,830);
UPDATE [Order] SET TotalAmount=5864 WHERE OrderID=1397;
INSERT INTO Payment(OrderID, PaymentDate, Amount, PaymentMethod, TransactionRef) VALUES (1397,'2025-02-07',5864,'PayPal','TXN187192');
INSERT INTO [Order](CustomerID, OrderDate, Status, TotalAmount) VALUES (140,'2025-08-13','Shipped',0);
INSERT INTO OrderLines(OrderID, ProductID, Qty, UnitPrice) VALUES (1398,44,3,1272);
INSERT INTO OrderLines(OrderID, ProductID, Qty, UnitPrice) VALUES (1398,42,3,833);
INSERT INTO OrderLines(OrderID, ProductID, Qty, UnitPrice) VALUES (1398,27,1,1001);
INSERT INTO OrderLines(OrderID, ProductID, Qty, UnitPrice) VALUES (1398,1,3,1268);
UPDATE [Order] SET TotalAmount=11120 WHERE OrderID=1398;
INSERT INTO Payment(OrderID, PaymentDate, Amount, PaymentMethod, TransactionRef) VALUES (1398,'2025-08-17',11120,'Card','TXN172639');
INSERT INTO [Order](CustomerID, OrderDate, Status, TotalAmount) VALUES (140,'2025-04-18','Cancelled',0);
INSERT INTO OrderLines(OrderID, ProductID, Qty, UnitPrice) VALUES (1399,27,3,723);
INSERT INTO OrderLines(OrderID, ProductID, Qty, UnitPrice) VALUES (1399,13,3,1334);
INSERT INTO OrderLines(OrderID, ProductID, Qty, UnitPrice) VALUES (1399,25,2,571);
INSERT INTO OrderLines(OrderID, ProductID, Qty, UnitPrice) VALUES (1399,36,1,890);
UPDATE [Order] SET TotalAmount=8203 WHERE OrderID=1399;
INSERT INTO Payment(OrderID, PaymentDate, Amount, PaymentMethod, TransactionRef) VALUES (1399,'2025-04-21',8203,'Cash','TXN111518');
INSERT INTO [Order](CustomerID, OrderDate, Status, TotalAmount) VALUES (140,'2025-04-17','Delivered',0);
INSERT INTO OrderLines(OrderID, ProductID, Qty, UnitPrice) VALUES (1400,45,2,1381);
INSERT INTO OrderLines(OrderID, ProductID, Qty, UnitPrice) VALUES (1400,5,2,626);
INSERT INTO OrderLines(OrderID, ProductID, Qty, UnitPrice) VALUES (1400,13,1,866);
INSERT INTO OrderLines(OrderID, ProductID, Qty, UnitPrice) VALUES (1400,25,2,442);
UPDATE [Order] SET TotalAmount=5764 WHERE OrderID=1400;
INSERT INTO Payment(OrderID, PaymentDate, Amount, PaymentMethod, TransactionRef) VALUES (1400,'2025-04-17',5764,'Cash','TXN442157');
INSERT INTO [Order](CustomerID, OrderDate, Status, TotalAmount) VALUES (141,'2025-04-11','Processing',0);
INSERT INTO OrderLines(OrderID, ProductID, Qty, UnitPrice) VALUES (1401,35,2,712);
INSERT INTO OrderLines(OrderID, ProductID, Qty, UnitPrice) VALUES (1401,19,1,241);
INSERT INTO OrderLines(OrderID, ProductID, Qty, UnitPrice) VALUES (1401,20,2,1276);
INSERT INTO OrderLines(OrderID, ProductID, Qty, UnitPrice) VALUES (1401,36,1,165);
UPDATE [Order] SET TotalAmount=4382 WHERE OrderID=1401;
INSERT INTO Payment(OrderID, PaymentDate, Amount, PaymentMethod, TransactionRef) VALUES (1401,'2025-04-15',4382,'Card','TXN635481');
INSERT INTO [Order](CustomerID, OrderDate, Status, TotalAmount) VALUES (141,'2025-09-04','Delivered',0);
INSERT INTO OrderLines(OrderID, ProductID, Qty, UnitPrice) VALUES (1402,35,2,492);
INSERT INTO OrderLines(OrderID, ProductID, Qty, UnitPrice) VALUES (1402,14,1,117);
INSERT INTO OrderLines(OrderID, ProductID, Qty, UnitPrice) VALUES (1402,12,1,1310);
INSERT INTO OrderLines(OrderID, ProductID, Qty, UnitPrice) VALUES (1402,29,2,401);
UPDATE [Order] SET TotalAmount=3213 WHERE OrderID=1402;
INSERT INTO Payment(OrderID, PaymentDate, Amount, PaymentMethod, TransactionRef) VALUES (1402,'2025-09-07',3213,'PayPal','TXN648664');
INSERT INTO [Order](CustomerID, OrderDate, Status, TotalAmount) VALUES (141,'2025-01-20','Processing',0);
INSERT INTO OrderLines(OrderID, ProductID, Qty, UnitPrice) VALUES (1403,5,3,475);
INSERT INTO OrderLines(OrderID, ProductID, Qty, UnitPrice) VALUES (1403,5,3,772);
INSERT INTO OrderLines(OrderID, ProductID, Qty, UnitPrice) VALUES (1403,38,2,1091);
INSERT INTO OrderLines(OrderID, ProductID, Qty, UnitPrice) VALUES (1403,4,1,139);
UPDATE [Order] SET TotalAmount=6062 WHERE OrderID=1403;
INSERT INTO Payment(OrderID, PaymentDate, Amount, PaymentMethod, TransactionRef) VALUES (1403,'2025-01-24',6062,'Card','TXN585789');
INSERT INTO [Order](CustomerID, OrderDate, Status, TotalAmount) VALUES (141,'2025-08-25','Cancelled',0);
INSERT INTO OrderLines(OrderID, ProductID, Qty, UnitPrice) VALUES (1404,15,3,1029);
INSERT INTO OrderLines(OrderID, ProductID, Qty, UnitPrice) VALUES (1404,14,3,770);
INSERT INTO OrderLines(OrderID, ProductID, Qty, UnitPrice) VALUES (1404,48,1,1486);
INSERT INTO OrderLines(OrderID, ProductID, Qty, UnitPrice) VALUES (1404,43,1,1451);
UPDATE [Order] SET TotalAmount=8334 WHERE OrderID=1404;
INSERT INTO Payment(OrderID, PaymentDate, Amount, PaymentMethod, TransactionRef) VALUES (1404,'2025-08-30',8334,'Cash','TXN643266');
INSERT INTO [Order](CustomerID, OrderDate, Status, TotalAmount) VALUES (141,'2025-01-13','Processing',0);
INSERT INTO OrderLines(OrderID, ProductID, Qty, UnitPrice) VALUES (1405,44,1,1468);
INSERT INTO OrderLines(OrderID, ProductID, Qty, UnitPrice) VALUES (1405,33,3,1216);
INSERT INTO OrderLines(OrderID, ProductID, Qty, UnitPrice) VALUES (1405,35,1,20);
INSERT INTO OrderLines(OrderID, ProductID, Qty, UnitPrice) VALUES (1405,5,2,467);
UPDATE [Order] SET TotalAmount=6070 WHERE OrderID=1405;
INSERT INTO Payment(OrderID, PaymentDate, Amount, PaymentMethod, TransactionRef) VALUES (1405,'2025-01-18',6070,'PayPal','TXN341678');
INSERT INTO [Order](CustomerID, OrderDate, Status, TotalAmount) VALUES (141,'2025-08-25','Cancelled',0);
INSERT INTO OrderLines(OrderID, ProductID, Qty, UnitPrice) VALUES (1406,26,2,917);
INSERT INTO OrderLines(OrderID, ProductID, Qty, UnitPrice) VALUES (1406,31,3,848);
INSERT INTO OrderLines(OrderID, ProductID, Qty, UnitPrice) VALUES (1406,43,3,910);
INSERT INTO OrderLines(OrderID, ProductID, Qty, UnitPrice) VALUES (1406,38,1,1056);
UPDATE [Order] SET TotalAmount=8164 WHERE OrderID=1406;
INSERT INTO Payment(OrderID, PaymentDate, Amount, PaymentMethod, TransactionRef) VALUES (1406,'2025-08-30',8164,'Card','TXN738907');
INSERT INTO [Order](CustomerID, OrderDate, Status, TotalAmount) VALUES (141,'2025-04-27','Shipped',0);
INSERT INTO OrderLines(OrderID, ProductID, Qty, UnitPrice) VALUES (1407,5,1,480);
INSERT INTO OrderLines(OrderID, ProductID, Qty, UnitPrice) VALUES (1407,26,3,636);
INSERT INTO OrderLines(OrderID, ProductID, Qty, UnitPrice) VALUES (1407,37,1,789);
INSERT INTO OrderLines(OrderID, ProductID, Qty, UnitPrice) VALUES (1407,50,3,252);
UPDATE [Order] SET TotalAmount=3933 WHERE OrderID=1407;
INSERT INTO Payment(OrderID, PaymentDate, Amount, PaymentMethod, TransactionRef) VALUES (1407,'2025-05-02',3933,'Card','TXN196691');
INSERT INTO [Order](CustomerID, OrderDate, Status, TotalAmount) VALUES (141,'2025-09-26','Cancelled',0);
INSERT INTO OrderLines(OrderID, ProductID, Qty, UnitPrice) VALUES (1408,25,1,114);
INSERT INTO OrderLines(OrderID, ProductID, Qty, UnitPrice) VALUES (1408,1,1,1045);
INSERT INTO OrderLines(OrderID, ProductID, Qty, UnitPrice) VALUES (1408,34,1,404);
INSERT INTO OrderLines(OrderID, ProductID, Qty, UnitPrice) VALUES (1408,23,3,415);
UPDATE [Order] SET TotalAmount=2808 WHERE OrderID=1408;
INSERT INTO Payment(OrderID, PaymentDate, Amount, PaymentMethod, TransactionRef) VALUES (1408,'2025-09-30',2808,'Card','TXN997065');
INSERT INTO [Order](CustomerID, OrderDate, Status, TotalAmount) VALUES (141,'2025-11-04','Processing',0);
INSERT INTO OrderLines(OrderID, ProductID, Qty, UnitPrice) VALUES (1409,46,3,180);
INSERT INTO OrderLines(OrderID, ProductID, Qty, UnitPrice) VALUES (1409,43,1,830);
INSERT INTO OrderLines(OrderID, ProductID, Qty, UnitPrice) VALUES (1409,34,3,1194);
INSERT INTO OrderLines(OrderID, ProductID, Qty, UnitPrice) VALUES (1409,44,1,317);
UPDATE [Order] SET TotalAmount=5269 WHERE OrderID=1409;
INSERT INTO Payment(OrderID, PaymentDate, Amount, PaymentMethod, TransactionRef) VALUES (1409,'2025-11-06',5269,'Cash','TXN458049');
INSERT INTO [Order](CustomerID, OrderDate, Status, TotalAmount) VALUES (141,'2025-05-27','Processing',0);
INSERT INTO OrderLines(OrderID, ProductID, Qty, UnitPrice) VALUES (1410,25,2,1280);
INSERT INTO OrderLines(OrderID, ProductID, Qty, UnitPrice) VALUES (1410,22,3,87);
INSERT INTO OrderLines(OrderID, ProductID, Qty, UnitPrice) VALUES (1410,40,3,268);
INSERT INTO OrderLines(OrderID, ProductID, Qty, UnitPrice) VALUES (1410,5,2,841);
UPDATE [Order] SET TotalAmount=5307 WHERE OrderID=1410;
INSERT INTO Payment(OrderID, PaymentDate, Amount, PaymentMethod, TransactionRef) VALUES (1410,'2025-05-28',5307,'Cash','TXN862974');
INSERT INTO [Order](CustomerID, OrderDate, Status, TotalAmount) VALUES (142,'2025-08-18','Delivered',0);
INSERT INTO OrderLines(OrderID, ProductID, Qty, UnitPrice) VALUES (1411,44,3,503);
INSERT INTO OrderLines(OrderID, ProductID, Qty, UnitPrice) VALUES (1411,45,1,715);
INSERT INTO OrderLines(OrderID, ProductID, Qty, UnitPrice) VALUES (1411,27,1,1001);
INSERT INTO OrderLines(OrderID, ProductID, Qty, UnitPrice) VALUES (1411,39,1,149);
UPDATE [Order] SET TotalAmount=3374 WHERE OrderID=1411;
INSERT INTO Payment(OrderID, PaymentDate, Amount, PaymentMethod, TransactionRef) VALUES (1411,'2025-08-22',3374,'Cash','TXN257590');
INSERT INTO [Order](CustomerID, OrderDate, Status, TotalAmount) VALUES (142,'2025-05-06','Cancelled',0);
INSERT INTO OrderLines(OrderID, ProductID, Qty, UnitPrice) VALUES (1412,21,2,1153);
INSERT INTO OrderLines(OrderID, ProductID, Qty, UnitPrice) VALUES (1412,6,1,189);
INSERT INTO OrderLines(OrderID, ProductID, Qty, UnitPrice) VALUES (1412,8,1,911);
INSERT INTO OrderLines(OrderID, ProductID, Qty, UnitPrice) VALUES (1412,43,3,617);
UPDATE [Order] SET TotalAmount=5257 WHERE OrderID=1412;
INSERT INTO Payment(OrderID, PaymentDate, Amount, PaymentMethod, TransactionRef) VALUES (1412,'2025-05-06',5257,'Cash','TXN251470');
INSERT INTO [Order](CustomerID, OrderDate, Status, TotalAmount) VALUES (142,'2025-06-29','Processing',0);
INSERT INTO OrderLines(OrderID, ProductID, Qty, UnitPrice) VALUES (1413,47,2,1002);
INSERT INTO OrderLines(OrderID, ProductID, Qty, UnitPrice) VALUES (1413,40,2,136);
INSERT INTO OrderLines(OrderID, ProductID, Qty, UnitPrice) VALUES (1413,37,3,1234);
INSERT INTO OrderLines(OrderID, ProductID, Qty, UnitPrice) VALUES (1413,27,1,417);
UPDATE [Order] SET TotalAmount=6395 WHERE OrderID=1413;
INSERT INTO Payment(OrderID, PaymentDate, Amount, PaymentMethod, TransactionRef) VALUES (1413,'2025-07-04',6395,'Cash','TXN230996');
INSERT INTO [Order](CustomerID, OrderDate, Status, TotalAmount) VALUES (142,'2025-05-05','Cancelled',0);
INSERT INTO OrderLines(OrderID, ProductID, Qty, UnitPrice) VALUES (1414,45,2,480);
INSERT INTO OrderLines(OrderID, ProductID, Qty, UnitPrice) VALUES (1414,4,2,1042);
INSERT INTO OrderLines(OrderID, ProductID, Qty, UnitPrice) VALUES (1414,26,1,1494);
INSERT INTO OrderLines(OrderID, ProductID, Qty, UnitPrice) VALUES (1414,5,2,546);
UPDATE [Order] SET TotalAmount=5630 WHERE OrderID=1414;
INSERT INTO Payment(OrderID, PaymentDate, Amount, PaymentMethod, TransactionRef) VALUES (1414,'2025-05-08',5630,'Cash','TXN464655');
INSERT INTO [Order](CustomerID, OrderDate, Status, TotalAmount) VALUES (142,'2025-03-06','Shipped',0);
INSERT INTO OrderLines(OrderID, ProductID, Qty, UnitPrice) VALUES (1415,31,2,1258);
INSERT INTO OrderLines(OrderID, ProductID, Qty, UnitPrice) VALUES (1415,40,3,168);
INSERT INTO OrderLines(OrderID, ProductID, Qty, UnitPrice) VALUES (1415,27,3,1292);
INSERT INTO OrderLines(OrderID, ProductID, Qty, UnitPrice) VALUES (1415,26,3,944);
UPDATE [Order] SET TotalAmount=9728 WHERE OrderID=1415;
INSERT INTO Payment(OrderID, PaymentDate, Amount, PaymentMethod, TransactionRef) VALUES (1415,'2025-03-08',9728,'PayPal','TXN122173');
INSERT INTO [Order](CustomerID, OrderDate, Status, TotalAmount) VALUES (142,'2025-12-05','Processing',0);
INSERT INTO OrderLines(OrderID, ProductID, Qty, UnitPrice) VALUES (1416,21,1,349);
INSERT INTO OrderLines(OrderID, ProductID, Qty, UnitPrice) VALUES (1416,45,3,714);
INSERT INTO OrderLines(OrderID, ProductID, Qty, UnitPrice) VALUES (1416,3,3,1490);
INSERT INTO OrderLines(OrderID, ProductID, Qty, UnitPrice) VALUES (1416,4,2,1060);
UPDATE [Order] SET TotalAmount=9081 WHERE OrderID=1416;
INSERT INTO Payment(OrderID, PaymentDate, Amount, PaymentMethod, TransactionRef) VALUES (1416,'2025-12-10',9081,'Cash','TXN206375');
INSERT INTO [Order](CustomerID, OrderDate, Status, TotalAmount) VALUES (142,'2025-05-19','Delivered',0);
INSERT INTO OrderLines(OrderID, ProductID, Qty, UnitPrice) VALUES (1417,16,3,1203);
INSERT INTO OrderLines(OrderID, ProductID, Qty, UnitPrice) VALUES (1417,15,3,164);
INSERT INTO OrderLines(OrderID, ProductID, Qty, UnitPrice) VALUES (1417,7,1,656);
INSERT INTO OrderLines(OrderID, ProductID, Qty, UnitPrice) VALUES (1417,22,2,705);
UPDATE [Order] SET TotalAmount=6167 WHERE OrderID=1417;
INSERT INTO Payment(OrderID, PaymentDate, Amount, PaymentMethod, TransactionRef) VALUES (1417,'2025-05-22',6167,'PayPal','TXN115592');
INSERT INTO [Order](CustomerID, OrderDate, Status, TotalAmount) VALUES (142,'2025-04-20','Processing',0);
INSERT INTO OrderLines(OrderID, ProductID, Qty, UnitPrice) VALUES (1418,16,2,481);
INSERT INTO OrderLines(OrderID, ProductID, Qty, UnitPrice) VALUES (1418,41,3,572);
INSERT INTO OrderLines(OrderID, ProductID, Qty, UnitPrice) VALUES (1418,26,1,490);
INSERT INTO OrderLines(OrderID, ProductID, Qty, UnitPrice) VALUES (1418,28,3,729);
UPDATE [Order] SET TotalAmount=5355 WHERE OrderID=1418;
INSERT INTO Payment(OrderID, PaymentDate, Amount, PaymentMethod, TransactionRef) VALUES (1418,'2025-04-22',5355,'Cash','TXN313271');
INSERT INTO [Order](CustomerID, OrderDate, Status, TotalAmount) VALUES (142,'2025-03-31','Delivered',0);
INSERT INTO OrderLines(OrderID, ProductID, Qty, UnitPrice) VALUES (1419,49,3,264);
INSERT INTO OrderLines(OrderID, ProductID, Qty, UnitPrice) VALUES (1419,20,2,77);
INSERT INTO OrderLines(OrderID, ProductID, Qty, UnitPrice) VALUES (1419,20,3,1314);
INSERT INTO OrderLines(OrderID, ProductID, Qty, UnitPrice) VALUES (1419,44,2,624);
UPDATE [Order] SET TotalAmount=6136 WHERE OrderID=1419;
INSERT INTO Payment(OrderID, PaymentDate, Amount, PaymentMethod, TransactionRef) VALUES (1419,'2025-04-03',6136,'Card','TXN676808');
INSERT INTO [Order](CustomerID, OrderDate, Status, TotalAmount) VALUES (142,'2025-03-10','Cancelled',0);
INSERT INTO OrderLines(OrderID, ProductID, Qty, UnitPrice) VALUES (1420,34,1,211);
INSERT INTO OrderLines(OrderID, ProductID, Qty, UnitPrice) VALUES (1420,34,3,176);
INSERT INTO OrderLines(OrderID, ProductID, Qty, UnitPrice) VALUES (1420,28,2,274);
INSERT INTO OrderLines(OrderID, ProductID, Qty, UnitPrice) VALUES (1420,38,1,52);
UPDATE [Order] SET TotalAmount=1339 WHERE OrderID=1420;
INSERT INTO Payment(OrderID, PaymentDate, Amount, PaymentMethod, TransactionRef) VALUES (1420,'2025-03-13',1339,'PayPal','TXN693431');
INSERT INTO [Order](CustomerID, OrderDate, Status, TotalAmount) VALUES (143,'2025-03-15','Processing',0);
INSERT INTO OrderLines(OrderID, ProductID, Qty, UnitPrice) VALUES (1421,46,3,927);
INSERT INTO OrderLines(OrderID, ProductID, Qty, UnitPrice) VALUES (1421,21,3,341);
INSERT INTO OrderLines(OrderID, ProductID, Qty, UnitPrice) VALUES (1421,41,1,974);
INSERT INTO OrderLines(OrderID, ProductID, Qty, UnitPrice) VALUES (1421,32,1,973);
UPDATE [Order] SET TotalAmount=5751 WHERE OrderID=1421;
INSERT INTO Payment(OrderID, PaymentDate, Amount, PaymentMethod, TransactionRef) VALUES (1421,'2025-03-19',5751,'PayPal','TXN326236');
INSERT INTO [Order](CustomerID, OrderDate, Status, TotalAmount) VALUES (143,'2025-09-26','Processing',0);
INSERT INTO OrderLines(OrderID, ProductID, Qty, UnitPrice) VALUES (1422,8,3,1103);
INSERT INTO OrderLines(OrderID, ProductID, Qty, UnitPrice) VALUES (1422,18,3,1260);
INSERT INTO OrderLines(OrderID, ProductID, Qty, UnitPrice) VALUES (1422,13,1,108);
INSERT INTO OrderLines(OrderID, ProductID, Qty, UnitPrice) VALUES (1422,47,2,373);
UPDATE [Order] SET TotalAmount=7943 WHERE OrderID=1422;
INSERT INTO Payment(OrderID, PaymentDate, Amount, PaymentMethod, TransactionRef) VALUES (1422,'2025-09-30',7943,'PayPal','TXN705945');
INSERT INTO [Order](CustomerID, OrderDate, Status, TotalAmount) VALUES (143,'2025-03-11','Delivered',0);
INSERT INTO OrderLines(OrderID, ProductID, Qty, UnitPrice) VALUES (1423,17,3,1166);
INSERT INTO OrderLines(OrderID, ProductID, Qty, UnitPrice) VALUES (1423,13,2,748);
INSERT INTO OrderLines(OrderID, ProductID, Qty, UnitPrice) VALUES (1423,34,1,1244);
INSERT INTO OrderLines(OrderID, ProductID, Qty, UnitPrice) VALUES (1423,43,1,464);
UPDATE [Order] SET TotalAmount=6702 WHERE OrderID=1423;
INSERT INTO Payment(OrderID, PaymentDate, Amount, PaymentMethod, TransactionRef) VALUES (1423,'2025-03-11',6702,'Cash','TXN614638');
INSERT INTO [Order](CustomerID, OrderDate, Status, TotalAmount) VALUES (143,'2025-03-15','Shipped',0);
INSERT INTO OrderLines(OrderID, ProductID, Qty, UnitPrice) VALUES (1424,1,3,657);
INSERT INTO OrderLines(OrderID, ProductID, Qty, UnitPrice) VALUES (1424,47,1,1320);
INSERT INTO OrderLines(OrderID, ProductID, Qty, UnitPrice) VALUES (1424,34,3,1278);
INSERT INTO OrderLines(OrderID, ProductID, Qty, UnitPrice) VALUES (1424,44,2,917);
UPDATE [Order] SET TotalAmount=8959 WHERE OrderID=1424;
INSERT INTO Payment(OrderID, PaymentDate, Amount, PaymentMethod, TransactionRef) VALUES (1424,'2025-03-20',8959,'Cash','TXN381701');
INSERT INTO [Order](CustomerID, OrderDate, Status, TotalAmount) VALUES (143,'2025-12-03','Delivered',0);
INSERT INTO OrderLines(OrderID, ProductID, Qty, UnitPrice) VALUES (1425,30,3,863);
INSERT INTO OrderLines(OrderID, ProductID, Qty, UnitPrice) VALUES (1425,33,1,830);
INSERT INTO OrderLines(OrderID, ProductID, Qty, UnitPrice) VALUES (1425,16,3,264);
INSERT INTO OrderLines(OrderID, ProductID, Qty, UnitPrice) VALUES (1425,16,1,554);
UPDATE [Order] SET TotalAmount=4765 WHERE OrderID=1425;
INSERT INTO Payment(OrderID, PaymentDate, Amount, PaymentMethod, TransactionRef) VALUES (1425,'2025-12-08',4765,'Cash','TXN463110');
INSERT INTO [Order](CustomerID, OrderDate, Status, TotalAmount) VALUES (143,'2025-08-16','Cancelled',0);
INSERT INTO OrderLines(OrderID, ProductID, Qty, UnitPrice) VALUES (1426,14,1,848);
INSERT INTO OrderLines(OrderID, ProductID, Qty, UnitPrice) VALUES (1426,10,2,931);
INSERT INTO OrderLines(OrderID, ProductID, Qty, UnitPrice) VALUES (1426,35,3,1119);
INSERT INTO OrderLines(OrderID, ProductID, Qty, UnitPrice) VALUES (1426,39,2,636);
UPDATE [Order] SET TotalAmount=7339 WHERE OrderID=1426;
INSERT INTO Payment(OrderID, PaymentDate, Amount, PaymentMethod, TransactionRef) VALUES (1426,'2025-08-17',7339,'PayPal','TXN357480');
INSERT INTO [Order](CustomerID, OrderDate, Status, TotalAmount) VALUES (143,'2025-01-14','Delivered',0);
INSERT INTO OrderLines(OrderID, ProductID, Qty, UnitPrice) VALUES (1427,34,1,509);
INSERT INTO OrderLines(OrderID, ProductID, Qty, UnitPrice) VALUES (1427,27,1,1496);
INSERT INTO OrderLines(OrderID, ProductID, Qty, UnitPrice) VALUES (1427,1,1,408);
INSERT INTO OrderLines(OrderID, ProductID, Qty, UnitPrice) VALUES (1427,19,3,1336);
UPDATE [Order] SET TotalAmount=6421 WHERE OrderID=1427;
INSERT INTO Payment(OrderID, PaymentDate, Amount, PaymentMethod, TransactionRef) VALUES (1427,'2025-01-15',6421,'Cash','TXN824882');
INSERT INTO [Order](CustomerID, OrderDate, Status, TotalAmount) VALUES (143,'2025-12-21','Cancelled',0);
INSERT INTO OrderLines(OrderID, ProductID, Qty, UnitPrice) VALUES (1428,3,2,160);
INSERT INTO OrderLines(OrderID, ProductID, Qty, UnitPrice) VALUES (1428,17,1,23);
INSERT INTO OrderLines(OrderID, ProductID, Qty, UnitPrice) VALUES (1428,39,1,1352);
INSERT INTO OrderLines(OrderID, ProductID, Qty, UnitPrice) VALUES (1428,21,1,74);
UPDATE [Order] SET TotalAmount=1769 WHERE OrderID=1428;
INSERT INTO Payment(OrderID, PaymentDate, Amount, PaymentMethod, TransactionRef) VALUES (1428,'2025-12-23',1769,'Cash','TXN793350');
INSERT INTO [Order](CustomerID, OrderDate, Status, TotalAmount) VALUES (143,'2025-05-14','Processing',0);
INSERT INTO OrderLines(OrderID, ProductID, Qty, UnitPrice) VALUES (1429,16,2,571);
INSERT INTO OrderLines(OrderID, ProductID, Qty, UnitPrice) VALUES (1429,26,1,44);
INSERT INTO OrderLines(OrderID, ProductID, Qty, UnitPrice) VALUES (1429,18,3,193);
INSERT INTO OrderLines(OrderID, ProductID, Qty, UnitPrice) VALUES (1429,20,1,209);
UPDATE [Order] SET TotalAmount=1974 WHERE OrderID=1429;
INSERT INTO Payment(OrderID, PaymentDate, Amount, PaymentMethod, TransactionRef) VALUES (1429,'2025-05-19',1974,'PayPal','TXN911772');
INSERT INTO [Order](CustomerID, OrderDate, Status, TotalAmount) VALUES (143,'2025-10-14','Delivered',0);
INSERT INTO OrderLines(OrderID, ProductID, Qty, UnitPrice) VALUES (1430,37,3,541);
INSERT INTO OrderLines(OrderID, ProductID, Qty, UnitPrice) VALUES (1430,14,2,350);
INSERT INTO OrderLines(OrderID, ProductID, Qty, UnitPrice) VALUES (1430,3,1,498);
INSERT INTO OrderLines(OrderID, ProductID, Qty, UnitPrice) VALUES (1430,5,2,766);
UPDATE [Order] SET TotalAmount=4353 WHERE OrderID=1430;
INSERT INTO Payment(OrderID, PaymentDate, Amount, PaymentMethod, TransactionRef) VALUES (1430,'2025-10-16',4353,'Card','TXN472691');
INSERT INTO [Order](CustomerID, OrderDate, Status, TotalAmount) VALUES (144,'2025-01-03','Delivered',0);
INSERT INTO OrderLines(OrderID, ProductID, Qty, UnitPrice) VALUES (1431,48,1,1001);
INSERT INTO OrderLines(OrderID, ProductID, Qty, UnitPrice) VALUES (1431,32,1,652);
INSERT INTO OrderLines(OrderID, ProductID, Qty, UnitPrice) VALUES (1431,2,3,643);
INSERT INTO OrderLines(OrderID, ProductID, Qty, UnitPrice) VALUES (1431,13,2,1409);
UPDATE [Order] SET TotalAmount=6400 WHERE OrderID=1431;
INSERT INTO Payment(OrderID, PaymentDate, Amount, PaymentMethod, TransactionRef) VALUES (1431,'2025-01-06',6400,'Cash','TXN574835');
INSERT INTO [Order](CustomerID, OrderDate, Status, TotalAmount) VALUES (144,'2025-01-22','Processing',0);
INSERT INTO OrderLines(OrderID, ProductID, Qty, UnitPrice) VALUES (1432,19,2,1182);
INSERT INTO OrderLines(OrderID, ProductID, Qty, UnitPrice) VALUES (1432,5,1,1000);
INSERT INTO OrderLines(OrderID, ProductID, Qty, UnitPrice) VALUES (1432,27,3,1231);
INSERT INTO OrderLines(OrderID, ProductID, Qty, UnitPrice) VALUES (1432,22,3,524);
UPDATE [Order] SET TotalAmount=8629 WHERE OrderID=1432;
INSERT INTO Payment(OrderID, PaymentDate, Amount, PaymentMethod, TransactionRef) VALUES (1432,'2025-01-22',8629,'Cash','TXN812693');
INSERT INTO [Order](CustomerID, OrderDate, Status, TotalAmount) VALUES (144,'2025-04-01','Shipped',0);
INSERT INTO OrderLines(OrderID, ProductID, Qty, UnitPrice) VALUES (1433,12,1,1246);
INSERT INTO OrderLines(OrderID, ProductID, Qty, UnitPrice) VALUES (1433,6,2,681);
INSERT INTO OrderLines(OrderID, ProductID, Qty, UnitPrice) VALUES (1433,16,2,210);
INSERT INTO OrderLines(OrderID, ProductID, Qty, UnitPrice) VALUES (1433,26,2,1006);
UPDATE [Order] SET TotalAmount=5040 WHERE OrderID=1433;
INSERT INTO Payment(OrderID, PaymentDate, Amount, PaymentMethod, TransactionRef) VALUES (1433,'2025-04-05',5040,'PayPal','TXN650676');
INSERT INTO [Order](CustomerID, OrderDate, Status, TotalAmount) VALUES (144,'2025-08-16','Shipped',0);
INSERT INTO OrderLines(OrderID, ProductID, Qty, UnitPrice) VALUES (1434,40,3,1224);
INSERT INTO OrderLines(OrderID, ProductID, Qty, UnitPrice) VALUES (1434,34,3,625);
INSERT INTO OrderLines(OrderID, ProductID, Qty, UnitPrice) VALUES (1434,22,3,578);
INSERT INTO OrderLines(OrderID, ProductID, Qty, UnitPrice) VALUES (1434,36,3,350);
UPDATE [Order] SET TotalAmount=8331 WHERE OrderID=1434;
INSERT INTO Payment(OrderID, PaymentDate, Amount, PaymentMethod, TransactionRef) VALUES (1434,'2025-08-21',8331,'Card','TXN360598');
INSERT INTO [Order](CustomerID, OrderDate, Status, TotalAmount) VALUES (144,'2025-12-13','Cancelled',0);
INSERT INTO OrderLines(OrderID, ProductID, Qty, UnitPrice) VALUES (1435,21,2,1420);
INSERT INTO OrderLines(OrderID, ProductID, Qty, UnitPrice) VALUES (1435,32,2,250);
INSERT INTO OrderLines(OrderID, ProductID, Qty, UnitPrice) VALUES (1435,47,3,649);
INSERT INTO OrderLines(OrderID, ProductID, Qty, UnitPrice) VALUES (1435,37,3,730);
UPDATE [Order] SET TotalAmount=7477 WHERE OrderID=1435;
INSERT INTO Payment(OrderID, PaymentDate, Amount, PaymentMethod, TransactionRef) VALUES (1435,'2025-12-13',7477,'Card','TXN134105');
INSERT INTO [Order](CustomerID, OrderDate, Status, TotalAmount) VALUES (144,'2025-02-26','Processing',0);
INSERT INTO OrderLines(OrderID, ProductID, Qty, UnitPrice) VALUES (1436,9,3,156);
INSERT INTO OrderLines(OrderID, ProductID, Qty, UnitPrice) VALUES (1436,3,3,990);
INSERT INTO OrderLines(OrderID, ProductID, Qty, UnitPrice) VALUES (1436,11,3,296);
INSERT INTO OrderLines(OrderID, ProductID, Qty, UnitPrice) VALUES (1436,45,1,439);
UPDATE [Order] SET TotalAmount=4765 WHERE OrderID=1436;
INSERT INTO Payment(OrderID, PaymentDate, Amount, PaymentMethod, TransactionRef) VALUES (1436,'2025-02-27',4765,'PayPal','TXN549015');
INSERT INTO [Order](CustomerID, OrderDate, Status, TotalAmount) VALUES (144,'2025-07-20','Delivered',0);
INSERT INTO OrderLines(OrderID, ProductID, Qty, UnitPrice) VALUES (1437,30,1,988);
INSERT INTO OrderLines(OrderID, ProductID, Qty, UnitPrice) VALUES (1437,14,2,1316);
INSERT INTO OrderLines(OrderID, ProductID, Qty, UnitPrice) VALUES (1437,6,1,1435);
INSERT INTO OrderLines(OrderID, ProductID, Qty, UnitPrice) VALUES (1437,1,3,281);
UPDATE [Order] SET TotalAmount=5898 WHERE OrderID=1437;
INSERT INTO Payment(OrderID, PaymentDate, Amount, PaymentMethod, TransactionRef) VALUES (1437,'2025-07-21',5898,'Cash','TXN824274');
INSERT INTO [Order](CustomerID, OrderDate, Status, TotalAmount) VALUES (144,'2025-03-24','Processing',0);
INSERT INTO OrderLines(OrderID, ProductID, Qty, UnitPrice) VALUES (1438,34,3,468);
INSERT INTO OrderLines(OrderID, ProductID, Qty, UnitPrice) VALUES (1438,33,2,1214);
INSERT INTO OrderLines(OrderID, ProductID, Qty, UnitPrice) VALUES (1438,25,1,1208);
INSERT INTO OrderLines(OrderID, ProductID, Qty, UnitPrice) VALUES (1438,40,3,122);
UPDATE [Order] SET TotalAmount=5406 WHERE OrderID=1438;
INSERT INTO Payment(OrderID, PaymentDate, Amount, PaymentMethod, TransactionRef) VALUES (1438,'2025-03-28',5406,'Cash','TXN255712');
INSERT INTO [Order](CustomerID, OrderDate, Status, TotalAmount) VALUES (144,'2025-02-23','Processing',0);
INSERT INTO OrderLines(OrderID, ProductID, Qty, UnitPrice) VALUES (1439,2,2,1465);
INSERT INTO OrderLines(OrderID, ProductID, Qty, UnitPrice) VALUES (1439,3,3,889);
INSERT INTO OrderLines(OrderID, ProductID, Qty, UnitPrice) VALUES (1439,39,1,1057);
INSERT INTO OrderLines(OrderID, ProductID, Qty, UnitPrice) VALUES (1439,5,1,639);
UPDATE [Order] SET TotalAmount=7293 WHERE OrderID=1439;
INSERT INTO Payment(OrderID, PaymentDate, Amount, PaymentMethod, TransactionRef) VALUES (1439,'2025-02-26',7293,'Cash','TXN369144');
INSERT INTO [Order](CustomerID, OrderDate, Status, TotalAmount) VALUES (144,'2025-07-10','Delivered',0);
INSERT INTO OrderLines(OrderID, ProductID, Qty, UnitPrice) VALUES (1440,50,3,836);
INSERT INTO OrderLines(OrderID, ProductID, Qty, UnitPrice) VALUES (1440,23,3,497);
INSERT INTO OrderLines(OrderID, ProductID, Qty, UnitPrice) VALUES (1440,20,2,1386);
INSERT INTO OrderLines(OrderID, ProductID, Qty, UnitPrice) VALUES (1440,13,3,909);
UPDATE [Order] SET TotalAmount=9498 WHERE OrderID=1440;
INSERT INTO Payment(OrderID, PaymentDate, Amount, PaymentMethod, TransactionRef) VALUES (1440,'2025-07-11',9498,'Cash','TXN152971');
INSERT INTO [Order](CustomerID, OrderDate, Status, TotalAmount) VALUES (145,'2025-06-09','Delivered',0);
INSERT INTO OrderLines(OrderID, ProductID, Qty, UnitPrice) VALUES (1441,23,1,890);
INSERT INTO OrderLines(OrderID, ProductID, Qty, UnitPrice) VALUES (1441,6,2,967);
INSERT INTO OrderLines(OrderID, ProductID, Qty, UnitPrice) VALUES (1441,7,2,1216);
INSERT INTO OrderLines(OrderID, ProductID, Qty, UnitPrice) VALUES (1441,31,3,1434);
UPDATE [Order] SET TotalAmount=9558 WHERE OrderID=1441;
INSERT INTO Payment(OrderID, PaymentDate, Amount, PaymentMethod, TransactionRef) VALUES (1441,'2025-06-12',9558,'PayPal','TXN586645');
INSERT INTO [Order](CustomerID, OrderDate, Status, TotalAmount) VALUES (145,'2025-12-10','Shipped',0);
INSERT INTO OrderLines(OrderID, ProductID, Qty, UnitPrice) VALUES (1442,43,1,174);
INSERT INTO OrderLines(OrderID, ProductID, Qty, UnitPrice) VALUES (1442,25,1,500);
INSERT INTO OrderLines(OrderID, ProductID, Qty, UnitPrice) VALUES (1442,45,1,1289);
INSERT INTO OrderLines(OrderID, ProductID, Qty, UnitPrice) VALUES (1442,47,2,1233);
UPDATE [Order] SET TotalAmount=4429 WHERE OrderID=1442;
INSERT INTO Payment(OrderID, PaymentDate, Amount, PaymentMethod, TransactionRef) VALUES (1442,'2025-12-12',4429,'Cash','TXN791269');
INSERT INTO [Order](CustomerID, OrderDate, Status, TotalAmount) VALUES (145,'2025-08-07','Processing',0);
INSERT INTO OrderLines(OrderID, ProductID, Qty, UnitPrice) VALUES (1443,33,1,891);
INSERT INTO OrderLines(OrderID, ProductID, Qty, UnitPrice) VALUES (1443,40,2,114);
INSERT INTO OrderLines(OrderID, ProductID, Qty, UnitPrice) VALUES (1443,40,3,1157);
INSERT INTO OrderLines(OrderID, ProductID, Qty, UnitPrice) VALUES (1443,8,1,1453);
UPDATE [Order] SET TotalAmount=6043 WHERE OrderID=1443;
INSERT INTO Payment(OrderID, PaymentDate, Amount, PaymentMethod, TransactionRef) VALUES (1443,'2025-08-12',6043,'Card','TXN788640');
INSERT INTO [Order](CustomerID, OrderDate, Status, TotalAmount) VALUES (145,'2025-11-10','Shipped',0);
INSERT INTO OrderLines(OrderID, ProductID, Qty, UnitPrice) VALUES (1444,29,2,1152);
INSERT INTO OrderLines(OrderID, ProductID, Qty, UnitPrice) VALUES (1444,34,1,1434);
INSERT INTO OrderLines(OrderID, ProductID, Qty, UnitPrice) VALUES (1444,30,1,936);
INSERT INTO OrderLines(OrderID, ProductID, Qty, UnitPrice) VALUES (1444,3,1,1481);
UPDATE [Order] SET TotalAmount=6155 WHERE OrderID=1444;
INSERT INTO Payment(OrderID, PaymentDate, Amount, PaymentMethod, TransactionRef) VALUES (1444,'2025-11-12',6155,'PayPal','TXN846174');
INSERT INTO [Order](CustomerID, OrderDate, Status, TotalAmount) VALUES (145,'2025-11-24','Shipped',0);
INSERT INTO OrderLines(OrderID, ProductID, Qty, UnitPrice) VALUES (1445,24,3,658);
INSERT INTO OrderLines(OrderID, ProductID, Qty, UnitPrice) VALUES (1445,49,2,738);
INSERT INTO OrderLines(OrderID, ProductID, Qty, UnitPrice) VALUES (1445,16,3,716);
INSERT INTO OrderLines(OrderID, ProductID, Qty, UnitPrice) VALUES (1445,27,1,111);
UPDATE [Order] SET TotalAmount=5709 WHERE OrderID=1445;
INSERT INTO Payment(OrderID, PaymentDate, Amount, PaymentMethod, TransactionRef) VALUES (1445,'2025-11-27',5709,'PayPal','TXN395505');
INSERT INTO [Order](CustomerID, OrderDate, Status, TotalAmount) VALUES (145,'2025-08-06','Delivered',0);
INSERT INTO OrderLines(OrderID, ProductID, Qty, UnitPrice) VALUES (1446,24,2,157);
INSERT INTO OrderLines(OrderID, ProductID, Qty, UnitPrice) VALUES (1446,45,2,1370);
INSERT INTO OrderLines(OrderID, ProductID, Qty, UnitPrice) VALUES (1446,44,2,1144);
INSERT INTO OrderLines(OrderID, ProductID, Qty, UnitPrice) VALUES (1446,40,2,914);
UPDATE [Order] SET TotalAmount=7170 WHERE OrderID=1446;
INSERT INTO Payment(OrderID, PaymentDate, Amount, PaymentMethod, TransactionRef) VALUES (1446,'2025-08-11',7170,'PayPal','TXN886598');
INSERT INTO [Order](CustomerID, OrderDate, Status, TotalAmount) VALUES (145,'2025-07-09','Processing',0);
INSERT INTO OrderLines(OrderID, ProductID, Qty, UnitPrice) VALUES (1447,32,2,564);
INSERT INTO OrderLines(OrderID, ProductID, Qty, UnitPrice) VALUES (1447,19,3,576);
INSERT INTO OrderLines(OrderID, ProductID, Qty, UnitPrice) VALUES (1447,39,1,314);
INSERT INTO OrderLines(OrderID, ProductID, Qty, UnitPrice) VALUES (1447,10,1,1128);
UPDATE [Order] SET TotalAmount=4298 WHERE OrderID=1447;
INSERT INTO Payment(OrderID, PaymentDate, Amount, PaymentMethod, TransactionRef) VALUES (1447,'2025-07-10',4298,'Card','TXN385714');
INSERT INTO [Order](CustomerID, OrderDate, Status, TotalAmount) VALUES (145,'2025-09-03','Processing',0);
INSERT INTO OrderLines(OrderID, ProductID, Qty, UnitPrice) VALUES (1448,22,1,246);
INSERT INTO OrderLines(OrderID, ProductID, Qty, UnitPrice) VALUES (1448,40,3,595);
INSERT INTO OrderLines(OrderID, ProductID, Qty, UnitPrice) VALUES (1448,38,2,1456);
INSERT INTO OrderLines(OrderID, ProductID, Qty, UnitPrice) VALUES (1448,49,1,634);
UPDATE [Order] SET TotalAmount=5577 WHERE OrderID=1448;
INSERT INTO Payment(OrderID, PaymentDate, Amount, PaymentMethod, TransactionRef) VALUES (1448,'2025-09-03',5577,'Card','TXN865152');
INSERT INTO [Order](CustomerID, OrderDate, Status, TotalAmount) VALUES (145,'2025-08-28','Delivered',0);
INSERT INTO OrderLines(OrderID, ProductID, Qty, UnitPrice) VALUES (1449,40,2,26);
INSERT INTO OrderLines(OrderID, ProductID, Qty, UnitPrice) VALUES (1449,30,1,607);
INSERT INTO OrderLines(OrderID, ProductID, Qty, UnitPrice) VALUES (1449,6,3,506);
INSERT INTO OrderLines(OrderID, ProductID, Qty, UnitPrice) VALUES (1449,36,3,1347);
UPDATE [Order] SET TotalAmount=6218 WHERE OrderID=1449;
INSERT INTO Payment(OrderID, PaymentDate, Amount, PaymentMethod, TransactionRef) VALUES (1449,'2025-08-28',6218,'PayPal','TXN935944');
INSERT INTO [Order](CustomerID, OrderDate, Status, TotalAmount) VALUES (145,'2025-10-09','Cancelled',0);
INSERT INTO OrderLines(OrderID, ProductID, Qty, UnitPrice) VALUES (1450,29,2,1165);
INSERT INTO OrderLines(OrderID, ProductID, Qty, UnitPrice) VALUES (1450,6,3,826);
INSERT INTO OrderLines(OrderID, ProductID, Qty, UnitPrice) VALUES (1450,3,1,1268);
INSERT INTO OrderLines(OrderID, ProductID, Qty, UnitPrice) VALUES (1450,45,2,855);
UPDATE [Order] SET TotalAmount=7786 WHERE OrderID=1450;
INSERT INTO Payment(OrderID, PaymentDate, Amount, PaymentMethod, TransactionRef) VALUES (1450,'2025-10-11',7786,'PayPal','TXN328591');
INSERT INTO [Order](CustomerID, OrderDate, Status, TotalAmount) VALUES (146,'2025-06-03','Cancelled',0);
INSERT INTO OrderLines(OrderID, ProductID, Qty, UnitPrice) VALUES (1451,40,2,323);
INSERT INTO OrderLines(OrderID, ProductID, Qty, UnitPrice) VALUES (1451,40,3,972);
INSERT INTO OrderLines(OrderID, ProductID, Qty, UnitPrice) VALUES (1451,49,3,42);
INSERT INTO OrderLines(OrderID, ProductID, Qty, UnitPrice) VALUES (1451,47,2,151);
UPDATE [Order] SET TotalAmount=3990 WHERE OrderID=1451;
INSERT INTO Payment(OrderID, PaymentDate, Amount, PaymentMethod, TransactionRef) VALUES (1451,'2025-06-04',3990,'PayPal','TXN377777');
INSERT INTO [Order](CustomerID, OrderDate, Status, TotalAmount) VALUES (146,'2025-04-25','Delivered',0);
INSERT INTO OrderLines(OrderID, ProductID, Qty, UnitPrice) VALUES (1452,43,3,1346);
INSERT INTO OrderLines(OrderID, ProductID, Qty, UnitPrice) VALUES (1452,18,3,85);
INSERT INTO OrderLines(OrderID, ProductID, Qty, UnitPrice) VALUES (1452,14,3,652);
INSERT INTO OrderLines(OrderID, ProductID, Qty, UnitPrice) VALUES (1452,1,1,1397);
UPDATE [Order] SET TotalAmount=7646 WHERE OrderID=1452;
INSERT INTO Payment(OrderID, PaymentDate, Amount, PaymentMethod, TransactionRef) VALUES (1452,'2025-04-28',7646,'Cash','TXN631805');
INSERT INTO [Order](CustomerID, OrderDate, Status, TotalAmount) VALUES (146,'2025-07-11','Delivered',0);
INSERT INTO OrderLines(OrderID, ProductID, Qty, UnitPrice) VALUES (1453,20,1,541);
INSERT INTO OrderLines(OrderID, ProductID, Qty, UnitPrice) VALUES (1453,14,1,1009);
INSERT INTO OrderLines(OrderID, ProductID, Qty, UnitPrice) VALUES (1453,42,1,923);
INSERT INTO OrderLines(OrderID, ProductID, Qty, UnitPrice) VALUES (1453,43,1,663);
UPDATE [Order] SET TotalAmount=3136 WHERE OrderID=1453;
INSERT INTO Payment(OrderID, PaymentDate, Amount, PaymentMethod, TransactionRef) VALUES (1453,'2025-07-14',3136,'PayPal','TXN567779');
INSERT INTO [Order](CustomerID, OrderDate, Status, TotalAmount) VALUES (146,'2025-12-12','Shipped',0);
INSERT INTO OrderLines(OrderID, ProductID, Qty, UnitPrice) VALUES (1454,40,3,619);
INSERT INTO OrderLines(OrderID, ProductID, Qty, UnitPrice) VALUES (1454,29,2,240);
INSERT INTO OrderLines(OrderID, ProductID, Qty, UnitPrice) VALUES (1454,30,2,512);
INSERT INTO OrderLines(OrderID, ProductID, Qty, UnitPrice) VALUES (1454,16,1,538);
UPDATE [Order] SET TotalAmount=3899 WHERE OrderID=1454;
INSERT INTO Payment(OrderID, PaymentDate, Amount, PaymentMethod, TransactionRef) VALUES (1454,'2025-12-14',3899,'PayPal','TXN527843');
INSERT INTO [Order](CustomerID, OrderDate, Status, TotalAmount) VALUES (146,'2025-05-25','Processing',0);
INSERT INTO OrderLines(OrderID, ProductID, Qty, UnitPrice) VALUES (1455,3,3,164);
INSERT INTO OrderLines(OrderID, ProductID, Qty, UnitPrice) VALUES (1455,33,3,703);
INSERT INTO OrderLines(OrderID, ProductID, Qty, UnitPrice) VALUES (1455,33,1,1068);
INSERT INTO OrderLines(OrderID, ProductID, Qty, UnitPrice) VALUES (1455,26,2,25);
UPDATE [Order] SET TotalAmount=3719 WHERE OrderID=1455;
INSERT INTO Payment(OrderID, PaymentDate, Amount, PaymentMethod, TransactionRef) VALUES (1455,'2025-05-29',3719,'Card','TXN148181');
INSERT INTO [Order](CustomerID, OrderDate, Status, TotalAmount) VALUES (146,'2025-05-02','Delivered',0);
INSERT INTO OrderLines(OrderID, ProductID, Qty, UnitPrice) VALUES (1456,20,2,217);
INSERT INTO OrderLines(OrderID, ProductID, Qty, UnitPrice) VALUES (1456,6,1,1416);
INSERT INTO OrderLines(OrderID, ProductID, Qty, UnitPrice) VALUES (1456,16,1,245);
INSERT INTO OrderLines(OrderID, ProductID, Qty, UnitPrice) VALUES (1456,41,2,798);
UPDATE [Order] SET TotalAmount=3691 WHERE OrderID=1456;
INSERT INTO Payment(OrderID, PaymentDate, Amount, PaymentMethod, TransactionRef) VALUES (1456,'2025-05-04',3691,'Cash','TXN964590');
INSERT INTO [Order](CustomerID, OrderDate, Status, TotalAmount) VALUES (146,'2025-02-05','Cancelled',0);
INSERT INTO OrderLines(OrderID, ProductID, Qty, UnitPrice) VALUES (1457,20,1,858);
INSERT INTO OrderLines(OrderID, ProductID, Qty, UnitPrice) VALUES (1457,47,2,1391);
INSERT INTO OrderLines(OrderID, ProductID, Qty, UnitPrice) VALUES (1457,37,3,753);
INSERT INTO OrderLines(OrderID, ProductID, Qty, UnitPrice) VALUES (1457,11,3,1403);
UPDATE [Order] SET TotalAmount=10108 WHERE OrderID=1457;
INSERT INTO Payment(OrderID, PaymentDate, Amount, PaymentMethod, TransactionRef) VALUES (1457,'2025-02-09',10108,'PayPal','TXN773221');
INSERT INTO [Order](CustomerID, OrderDate, Status, TotalAmount) VALUES (146,'2025-03-27','Processing',0);
INSERT INTO OrderLines(OrderID, ProductID, Qty, UnitPrice) VALUES (1458,6,2,1245);
INSERT INTO OrderLines(OrderID, ProductID, Qty, UnitPrice) VALUES (1458,15,3,955);
INSERT INTO OrderLines(OrderID, ProductID, Qty, UnitPrice) VALUES (1458,20,2,632);
INSERT INTO OrderLines(OrderID, ProductID, Qty, UnitPrice) VALUES (1458,49,2,129);
UPDATE [Order] SET TotalAmount=6877 WHERE OrderID=1458;
INSERT INTO Payment(OrderID, PaymentDate, Amount, PaymentMethod, TransactionRef) VALUES (1458,'2025-04-01',6877,'PayPal','TXN574033');
INSERT INTO [Order](CustomerID, OrderDate, Status, TotalAmount) VALUES (146,'2025-09-26','Processing',0);
INSERT INTO OrderLines(OrderID, ProductID, Qty, UnitPrice) VALUES (1459,46,2,765);
INSERT INTO OrderLines(OrderID, ProductID, Qty, UnitPrice) VALUES (1459,44,3,453);
INSERT INTO OrderLines(OrderID, ProductID, Qty, UnitPrice) VALUES (1459,10,2,1478);
INSERT INTO OrderLines(OrderID, ProductID, Qty, UnitPrice) VALUES (1459,29,1,1237);
UPDATE [Order] SET TotalAmount=7082 WHERE OrderID=1459;
INSERT INTO Payment(OrderID, PaymentDate, Amount, PaymentMethod, TransactionRef) VALUES (1459,'2025-09-26',7082,'Card','TXN163022');
INSERT INTO [Order](CustomerID, OrderDate, Status, TotalAmount) VALUES (146,'2025-07-29','Processing',0);
INSERT INTO OrderLines(OrderID, ProductID, Qty, UnitPrice) VALUES (1460,30,2,1343);
INSERT INTO OrderLines(OrderID, ProductID, Qty, UnitPrice) VALUES (1460,24,1,894);
INSERT INTO OrderLines(OrderID, ProductID, Qty, UnitPrice) VALUES (1460,18,3,477);
INSERT INTO OrderLines(OrderID, ProductID, Qty, UnitPrice) VALUES (1460,20,2,1483);
UPDATE [Order] SET TotalAmount=7977 WHERE OrderID=1460;
INSERT INTO Payment(OrderID, PaymentDate, Amount, PaymentMethod, TransactionRef) VALUES (1460,'2025-07-31',7977,'Cash','TXN840201');
INSERT INTO [Order](CustomerID, OrderDate, Status, TotalAmount) VALUES (147,'2025-08-11','Shipped',0);
INSERT INTO OrderLines(OrderID, ProductID, Qty, UnitPrice) VALUES (1461,44,3,38);
INSERT INTO OrderLines(OrderID, ProductID, Qty, UnitPrice) VALUES (1461,15,3,396);
INSERT INTO OrderLines(OrderID, ProductID, Qty, UnitPrice) VALUES (1461,50,3,1034);
INSERT INTO OrderLines(OrderID, ProductID, Qty, UnitPrice) VALUES (1461,47,3,679);
UPDATE [Order] SET TotalAmount=6441 WHERE OrderID=1461;
INSERT INTO Payment(OrderID, PaymentDate, Amount, PaymentMethod, TransactionRef) VALUES (1461,'2025-08-14',6441,'PayPal','TXN183096');
INSERT INTO [Order](CustomerID, OrderDate, Status, TotalAmount) VALUES (147,'2025-01-17','Processing',0);
INSERT INTO OrderLines(OrderID, ProductID, Qty, UnitPrice) VALUES (1462,26,3,417);
INSERT INTO OrderLines(OrderID, ProductID, Qty, UnitPrice) VALUES (1462,29,1,597);
INSERT INTO OrderLines(OrderID, ProductID, Qty, UnitPrice) VALUES (1462,42,3,899);
INSERT INTO OrderLines(OrderID, ProductID, Qty, UnitPrice) VALUES (1462,8,2,984);
UPDATE [Order] SET TotalAmount=6513 WHERE OrderID=1462;
INSERT INTO Payment(OrderID, PaymentDate, Amount, PaymentMethod, TransactionRef) VALUES (1462,'2025-01-20',6513,'Card','TXN543012');
INSERT INTO [Order](CustomerID, OrderDate, Status, TotalAmount) VALUES (147,'2025-04-14','Processing',0);
INSERT INTO OrderLines(OrderID, ProductID, Qty, UnitPrice) VALUES (1463,36,3,1450);
INSERT INTO OrderLines(OrderID, ProductID, Qty, UnitPrice) VALUES (1463,49,3,419);
INSERT INTO OrderLines(OrderID, ProductID, Qty, UnitPrice) VALUES (1463,38,3,1086);
INSERT INTO OrderLines(OrderID, ProductID, Qty, UnitPrice) VALUES (1463,14,2,1420);
UPDATE [Order] SET TotalAmount=11705 WHERE OrderID=1463;
INSERT INTO Payment(OrderID, PaymentDate, Amount, PaymentMethod, TransactionRef) VALUES (1463,'2025-04-15',11705,'PayPal','TXN803293');
INSERT INTO [Order](CustomerID, OrderDate, Status, TotalAmount) VALUES (147,'2025-09-18','Processing',0);
INSERT INTO OrderLines(OrderID, ProductID, Qty, UnitPrice) VALUES (1464,11,3,683);
INSERT INTO OrderLines(OrderID, ProductID, Qty, UnitPrice) VALUES (1464,21,3,459);
INSERT INTO OrderLines(OrderID, ProductID, Qty, UnitPrice) VALUES (1464,48,3,498);
INSERT INTO OrderLines(OrderID, ProductID, Qty, UnitPrice) VALUES (1464,15,3,728);
UPDATE [Order] SET TotalAmount=7104 WHERE OrderID=1464;
INSERT INTO Payment(OrderID, PaymentDate, Amount, PaymentMethod, TransactionRef) VALUES (1464,'2025-09-20',7104,'PayPal','TXN760448');
INSERT INTO [Order](CustomerID, OrderDate, Status, TotalAmount) VALUES (147,'2025-12-09','Cancelled',0);
INSERT INTO OrderLines(OrderID, ProductID, Qty, UnitPrice) VALUES (1465,37,1,238);
INSERT INTO OrderLines(OrderID, ProductID, Qty, UnitPrice) VALUES (1465,20,3,485);
INSERT INTO OrderLines(OrderID, ProductID, Qty, UnitPrice) VALUES (1465,36,2,614);
INSERT INTO OrderLines(OrderID, ProductID, Qty, UnitPrice) VALUES (1465,35,3,580);
UPDATE [Order] SET TotalAmount=4661 WHERE OrderID=1465;
INSERT INTO Payment(OrderID, PaymentDate, Amount, PaymentMethod, TransactionRef) VALUES (1465,'2025-12-13',4661,'Card','TXN447372');
INSERT INTO [Order](CustomerID, OrderDate, Status, TotalAmount) VALUES (147,'2025-02-02','Delivered',0);
INSERT INTO OrderLines(OrderID, ProductID, Qty, UnitPrice) VALUES (1466,17,2,203);
INSERT INTO OrderLines(OrderID, ProductID, Qty, UnitPrice) VALUES (1466,4,1,1193);
INSERT INTO OrderLines(OrderID, ProductID, Qty, UnitPrice) VALUES (1466,30,2,542);
INSERT INTO OrderLines(OrderID, ProductID, Qty, UnitPrice) VALUES (1466,7,1,469);
UPDATE [Order] SET TotalAmount=3152 WHERE OrderID=1466;
INSERT INTO Payment(OrderID, PaymentDate, Amount, PaymentMethod, TransactionRef) VALUES (1466,'2025-02-03',3152,'Cash','TXN378754');
INSERT INTO [Order](CustomerID, OrderDate, Status, TotalAmount) VALUES (147,'2025-10-20','Cancelled',0);
INSERT INTO OrderLines(OrderID, ProductID, Qty, UnitPrice) VALUES (1467,1,2,1214);
INSERT INTO OrderLines(OrderID, ProductID, Qty, UnitPrice) VALUES (1467,32,2,209);
INSERT INTO OrderLines(OrderID, ProductID, Qty, UnitPrice) VALUES (1467,49,3,128);
INSERT INTO OrderLines(OrderID, ProductID, Qty, UnitPrice) VALUES (1467,14,3,1331);
UPDATE [Order] SET TotalAmount=7223 WHERE OrderID=1467;
INSERT INTO Payment(OrderID, PaymentDate, Amount, PaymentMethod, TransactionRef) VALUES (1467,'2025-10-24',7223,'PayPal','TXN106920');
INSERT INTO [Order](CustomerID, OrderDate, Status, TotalAmount) VALUES (147,'2025-05-20','Delivered',0);
INSERT INTO OrderLines(OrderID, ProductID, Qty, UnitPrice) VALUES (1468,24,2,579);
INSERT INTO OrderLines(OrderID, ProductID, Qty, UnitPrice) VALUES (1468,27,3,554);
INSERT INTO OrderLines(OrderID, ProductID, Qty, UnitPrice) VALUES (1468,19,3,1424);
INSERT INTO OrderLines(OrderID, ProductID, Qty, UnitPrice) VALUES (1468,27,3,862);
UPDATE [Order] SET TotalAmount=9678 WHERE OrderID=1468;
INSERT INTO Payment(OrderID, PaymentDate, Amount, PaymentMethod, TransactionRef) VALUES (1468,'2025-05-22',9678,'Card','TXN225635');
INSERT INTO [Order](CustomerID, OrderDate, Status, TotalAmount) VALUES (147,'2025-10-17','Cancelled',0);
INSERT INTO OrderLines(OrderID, ProductID, Qty, UnitPrice) VALUES (1469,17,3,415);
INSERT INTO OrderLines(OrderID, ProductID, Qty, UnitPrice) VALUES (1469,38,1,333);
INSERT INTO OrderLines(OrderID, ProductID, Qty, UnitPrice) VALUES (1469,5,2,386);
INSERT INTO OrderLines(OrderID, ProductID, Qty, UnitPrice) VALUES (1469,17,1,536);
UPDATE [Order] SET TotalAmount=2886 WHERE OrderID=1469;
INSERT INTO Payment(OrderID, PaymentDate, Amount, PaymentMethod, TransactionRef) VALUES (1469,'2025-10-20',2886,'Cash','TXN190930');
INSERT INTO [Order](CustomerID, OrderDate, Status, TotalAmount) VALUES (147,'2025-05-10','Cancelled',0);
INSERT INTO OrderLines(OrderID, ProductID, Qty, UnitPrice) VALUES (1470,44,3,692);
INSERT INTO OrderLines(OrderID, ProductID, Qty, UnitPrice) VALUES (1470,31,2,930);
INSERT INTO OrderLines(OrderID, ProductID, Qty, UnitPrice) VALUES (1470,14,2,220);
INSERT INTO OrderLines(OrderID, ProductID, Qty, UnitPrice) VALUES (1470,35,3,358);
UPDATE [Order] SET TotalAmount=5450 WHERE OrderID=1470;
INSERT INTO Payment(OrderID, PaymentDate, Amount, PaymentMethod, TransactionRef) VALUES (1470,'2025-05-11',5450,'PayPal','TXN529074');
INSERT INTO [Order](CustomerID, OrderDate, Status, TotalAmount) VALUES (148,'2025-01-24','Processing',0);
INSERT INTO OrderLines(OrderID, ProductID, Qty, UnitPrice) VALUES (1471,37,3,1460);
INSERT INTO OrderLines(OrderID, ProductID, Qty, UnitPrice) VALUES (1471,12,1,81);
INSERT INTO OrderLines(OrderID, ProductID, Qty, UnitPrice) VALUES (1471,18,3,419);
INSERT INTO OrderLines(OrderID, ProductID, Qty, UnitPrice) VALUES (1471,18,1,1191);
UPDATE [Order] SET TotalAmount=6909 WHERE OrderID=1471;
INSERT INTO Payment(OrderID, PaymentDate, Amount, PaymentMethod, TransactionRef) VALUES (1471,'2025-01-24',6909,'Cash','TXN511749');
INSERT INTO [Order](CustomerID, OrderDate, Status, TotalAmount) VALUES (148,'2025-12-16','Shipped',0);
INSERT INTO OrderLines(OrderID, ProductID, Qty, UnitPrice) VALUES (1472,28,2,468);
INSERT INTO OrderLines(OrderID, ProductID, Qty, UnitPrice) VALUES (1472,43,2,88);
INSERT INTO OrderLines(OrderID, ProductID, Qty, UnitPrice) VALUES (1472,21,2,573);
INSERT INTO OrderLines(OrderID, ProductID, Qty, UnitPrice) VALUES (1472,34,1,931);
UPDATE [Order] SET TotalAmount=3189 WHERE OrderID=1472;
INSERT INTO Payment(OrderID, PaymentDate, Amount, PaymentMethod, TransactionRef) VALUES (1472,'2025-12-19',3189,'Cash','TXN101380');
INSERT INTO [Order](CustomerID, OrderDate, Status, TotalAmount) VALUES (148,'2025-10-11','Cancelled',0);
INSERT INTO OrderLines(OrderID, ProductID, Qty, UnitPrice) VALUES (1473,9,3,1446);
INSERT INTO OrderLines(OrderID, ProductID, Qty, UnitPrice) VALUES (1473,12,2,619);
INSERT INTO OrderLines(OrderID, ProductID, Qty, UnitPrice) VALUES (1473,48,1,890);
INSERT INTO OrderLines(OrderID, ProductID, Qty, UnitPrice) VALUES (1473,15,1,370);
UPDATE [Order] SET TotalAmount=6836 WHERE OrderID=1473;
INSERT INTO Payment(OrderID, PaymentDate, Amount, PaymentMethod, TransactionRef) VALUES (1473,'2025-10-11',6836,'Card','TXN664060');
INSERT INTO [Order](CustomerID, OrderDate, Status, TotalAmount) VALUES (148,'2025-03-10','Processing',0);
INSERT INTO OrderLines(OrderID, ProductID, Qty, UnitPrice) VALUES (1474,14,1,270);
INSERT INTO OrderLines(OrderID, ProductID, Qty, UnitPrice) VALUES (1474,22,3,1394);
INSERT INTO OrderLines(OrderID, ProductID, Qty, UnitPrice) VALUES (1474,50,1,900);
INSERT INTO OrderLines(OrderID, ProductID, Qty, UnitPrice) VALUES (1474,3,2,64);
UPDATE [Order] SET TotalAmount=5480 WHERE OrderID=1474;
INSERT INTO Payment(OrderID, PaymentDate, Amount, PaymentMethod, TransactionRef) VALUES (1474,'2025-03-12',5480,'PayPal','TXN135918');
INSERT INTO [Order](CustomerID, OrderDate, Status, TotalAmount) VALUES (148,'2025-04-08','Cancelled',0);
INSERT INTO OrderLines(OrderID, ProductID, Qty, UnitPrice) VALUES (1475,30,2,595);
INSERT INTO OrderLines(OrderID, ProductID, Qty, UnitPrice) VALUES (1475,2,1,55);
INSERT INTO OrderLines(OrderID, ProductID, Qty, UnitPrice) VALUES (1475,32,3,348);
INSERT INTO OrderLines(OrderID, ProductID, Qty, UnitPrice) VALUES (1475,43,3,1192);
UPDATE [Order] SET TotalAmount=5865 WHERE OrderID=1475;
INSERT INTO Payment(OrderID, PaymentDate, Amount, PaymentMethod, TransactionRef) VALUES (1475,'2025-04-11',5865,'Cash','TXN129667');
INSERT INTO [Order](CustomerID, OrderDate, Status, TotalAmount) VALUES (148,'2025-09-04','Shipped',0);
INSERT INTO OrderLines(OrderID, ProductID, Qty, UnitPrice) VALUES (1476,36,1,134);
INSERT INTO OrderLines(OrderID, ProductID, Qty, UnitPrice) VALUES (1476,6,1,1413);
INSERT INTO OrderLines(OrderID, ProductID, Qty, UnitPrice) VALUES (1476,36,3,181);
INSERT INTO OrderLines(OrderID, ProductID, Qty, UnitPrice) VALUES (1476,23,3,1498);
UPDATE [Order] SET TotalAmount=6584 WHERE OrderID=1476;
INSERT INTO Payment(OrderID, PaymentDate, Amount, PaymentMethod, TransactionRef) VALUES (1476,'2025-09-09',6584,'PayPal','TXN962176');
INSERT INTO [Order](CustomerID, OrderDate, Status, TotalAmount) VALUES (148,'2025-11-06','Processing',0);
INSERT INTO OrderLines(OrderID, ProductID, Qty, UnitPrice) VALUES (1477,22,1,241);
INSERT INTO OrderLines(OrderID, ProductID, Qty, UnitPrice) VALUES (1477,8,2,1082);
INSERT INTO OrderLines(OrderID, ProductID, Qty, UnitPrice) VALUES (1477,11,1,481);
INSERT INTO OrderLines(OrderID, ProductID, Qty, UnitPrice) VALUES (1477,34,2,770);
UPDATE [Order] SET TotalAmount=4426 WHERE OrderID=1477;
INSERT INTO Payment(OrderID, PaymentDate, Amount, PaymentMethod, TransactionRef) VALUES (1477,'2025-11-06',4426,'Cash','TXN228627');
INSERT INTO [Order](CustomerID, OrderDate, Status, TotalAmount) VALUES (148,'2025-05-22','Delivered',0);
INSERT INTO OrderLines(OrderID, ProductID, Qty, UnitPrice) VALUES (1478,26,1,1319);
INSERT INTO OrderLines(OrderID, ProductID, Qty, UnitPrice) VALUES (1478,35,2,802);
INSERT INTO OrderLines(OrderID, ProductID, Qty, UnitPrice) VALUES (1478,47,2,1111);
INSERT INTO OrderLines(OrderID, ProductID, Qty, UnitPrice) VALUES (1478,5,2,565);
UPDATE [Order] SET TotalAmount=6275 WHERE OrderID=1478;
INSERT INTO Payment(OrderID, PaymentDate, Amount, PaymentMethod, TransactionRef) VALUES (1478,'2025-05-24',6275,'PayPal','TXN428483');
INSERT INTO [Order](CustomerID, OrderDate, Status, TotalAmount) VALUES (148,'2025-03-29','Cancelled',0);
INSERT INTO OrderLines(OrderID, ProductID, Qty, UnitPrice) VALUES (1479,12,3,1227);
INSERT INTO OrderLines(OrderID, ProductID, Qty, UnitPrice) VALUES (1479,23,1,695);
INSERT INTO OrderLines(OrderID, ProductID, Qty, UnitPrice) VALUES (1479,24,1,414);
INSERT INTO OrderLines(OrderID, ProductID, Qty, UnitPrice) VALUES (1479,11,3,1302);
UPDATE [Order] SET TotalAmount=8696 WHERE OrderID=1479;
INSERT INTO Payment(OrderID, PaymentDate, Amount, PaymentMethod, TransactionRef) VALUES (1479,'2025-04-02',8696,'PayPal','TXN212043');
INSERT INTO [Order](CustomerID, OrderDate, Status, TotalAmount) VALUES (148,'2025-02-18','Shipped',0);
INSERT INTO OrderLines(OrderID, ProductID, Qty, UnitPrice) VALUES (1480,31,3,474);
INSERT INTO OrderLines(OrderID, ProductID, Qty, UnitPrice) VALUES (1480,32,1,198);
INSERT INTO OrderLines(OrderID, ProductID, Qty, UnitPrice) VALUES (1480,7,1,1267);
INSERT INTO OrderLines(OrderID, ProductID, Qty, UnitPrice) VALUES (1480,45,2,274);
UPDATE [Order] SET TotalAmount=3435 WHERE OrderID=1480;
INSERT INTO Payment(OrderID, PaymentDate, Amount, PaymentMethod, TransactionRef) VALUES (1480,'2025-02-19',3435,'Cash','TXN992500');
INSERT INTO [Order](CustomerID, OrderDate, Status, TotalAmount) VALUES (149,'2025-04-24','Cancelled',0);
INSERT INTO OrderLines(OrderID, ProductID, Qty, UnitPrice) VALUES (1481,12,3,1220);
INSERT INTO OrderLines(OrderID, ProductID, Qty, UnitPrice) VALUES (1481,3,1,629);
INSERT INTO OrderLines(OrderID, ProductID, Qty, UnitPrice) VALUES (1481,40,3,131);
INSERT INTO OrderLines(OrderID, ProductID, Qty, UnitPrice) VALUES (1481,10,1,387);
UPDATE [Order] SET TotalAmount=5069 WHERE OrderID=1481;
INSERT INTO Payment(OrderID, PaymentDate, Amount, PaymentMethod, TransactionRef) VALUES (1481,'2025-04-28',5069,'PayPal','TXN931277');
INSERT INTO [Order](CustomerID, OrderDate, Status, TotalAmount) VALUES (149,'2025-10-22','Delivered',0);
INSERT INTO OrderLines(OrderID, ProductID, Qty, UnitPrice) VALUES (1482,6,2,762);
INSERT INTO OrderLines(OrderID, ProductID, Qty, UnitPrice) VALUES (1482,21,3,153);
INSERT INTO OrderLines(OrderID, ProductID, Qty, UnitPrice) VALUES (1482,11,3,165);
INSERT INTO OrderLines(OrderID, ProductID, Qty, UnitPrice) VALUES (1482,1,1,920);
UPDATE [Order] SET TotalAmount=3398 WHERE OrderID=1482;
INSERT INTO Payment(OrderID, PaymentDate, Amount, PaymentMethod, TransactionRef) VALUES (1482,'2025-10-25',3398,'Cash','TXN609630');
INSERT INTO [Order](CustomerID, OrderDate, Status, TotalAmount) VALUES (149,'2025-01-11','Shipped',0);
INSERT INTO OrderLines(OrderID, ProductID, Qty, UnitPrice) VALUES (1483,12,3,22);
INSERT INTO OrderLines(OrderID, ProductID, Qty, UnitPrice) VALUES (1483,12,2,195);
INSERT INTO OrderLines(OrderID, ProductID, Qty, UnitPrice) VALUES (1483,13,1,23);
INSERT INTO OrderLines(OrderID, ProductID, Qty, UnitPrice) VALUES (1483,13,2,51);
UPDATE [Order] SET TotalAmount=581 WHERE OrderID=1483;
INSERT INTO Payment(OrderID, PaymentDate, Amount, PaymentMethod, TransactionRef) VALUES (1483,'2025-01-12',581,'PayPal','TXN605204');
INSERT INTO [Order](CustomerID, OrderDate, Status, TotalAmount) VALUES (149,'2025-08-11','Processing',0);
INSERT INTO OrderLines(OrderID, ProductID, Qty, UnitPrice) VALUES (1484,30,2,771);
INSERT INTO OrderLines(OrderID, ProductID, Qty, UnitPrice) VALUES (1484,42,3,1204);
INSERT INTO OrderLines(OrderID, ProductID, Qty, UnitPrice) VALUES (1484,9,2,275);
INSERT INTO OrderLines(OrderID, ProductID, Qty, UnitPrice) VALUES (1484,4,3,297);
UPDATE [Order] SET TotalAmount=6595 WHERE OrderID=1484;
INSERT INTO Payment(OrderID, PaymentDate, Amount, PaymentMethod, TransactionRef) VALUES (1484,'2025-08-14',6595,'PayPal','TXN141547');
INSERT INTO [Order](CustomerID, OrderDate, Status, TotalAmount) VALUES (149,'2025-08-02','Processing',0);
INSERT INTO OrderLines(OrderID, ProductID, Qty, UnitPrice) VALUES (1485,43,2,1258);
INSERT INTO OrderLines(OrderID, ProductID, Qty, UnitPrice) VALUES (1485,19,3,1419);
INSERT INTO OrderLines(OrderID, ProductID, Qty, UnitPrice) VALUES (1485,36,3,521);
INSERT INTO OrderLines(OrderID, ProductID, Qty, UnitPrice) VALUES (1485,30,1,1296);
UPDATE [Order] SET TotalAmount=9632 WHERE OrderID=1485;
INSERT INTO Payment(OrderID, PaymentDate, Amount, PaymentMethod, TransactionRef) VALUES (1485,'2025-08-07',9632,'Card','TXN172941');
INSERT INTO [Order](CustomerID, OrderDate, Status, TotalAmount) VALUES (149,'2025-04-29','Processing',0);
INSERT INTO OrderLines(OrderID, ProductID, Qty, UnitPrice) VALUES (1486,46,2,1269);
INSERT INTO OrderLines(OrderID, ProductID, Qty, UnitPrice) VALUES (1486,8,1,1297);
INSERT INTO OrderLines(OrderID, ProductID, Qty, UnitPrice) VALUES (1486,15,2,460);
INSERT INTO OrderLines(OrderID, ProductID, Qty, UnitPrice) VALUES (1486,30,1,817);
UPDATE [Order] SET TotalAmount=5572 WHERE OrderID=1486;
INSERT INTO Payment(OrderID, PaymentDate, Amount, PaymentMethod, TransactionRef) VALUES (1486,'2025-05-01',5572,'Cash','TXN413650');
INSERT INTO [Order](CustomerID, OrderDate, Status, TotalAmount) VALUES (149,'2025-07-04','Processing',0);
INSERT INTO OrderLines(OrderID, ProductID, Qty, UnitPrice) VALUES (1487,6,2,1120);
INSERT INTO OrderLines(OrderID, ProductID, Qty, UnitPrice) VALUES (1487,10,1,689);
INSERT INTO OrderLines(OrderID, ProductID, Qty, UnitPrice) VALUES (1487,37,1,425);
INSERT INTO OrderLines(OrderID, ProductID, Qty, UnitPrice) VALUES (1487,30,1,1004);
UPDATE [Order] SET TotalAmount=4358 WHERE OrderID=1487;
INSERT INTO Payment(OrderID, PaymentDate, Amount, PaymentMethod, TransactionRef) VALUES (1487,'2025-07-07',4358,'PayPal','TXN988917');
INSERT INTO [Order](CustomerID, OrderDate, Status, TotalAmount) VALUES (149,'2025-01-02','Cancelled',0);
INSERT INTO OrderLines(OrderID, ProductID, Qty, UnitPrice) VALUES (1488,16,1,1307);
INSERT INTO OrderLines(OrderID, ProductID, Qty, UnitPrice) VALUES (1488,34,3,595);
INSERT INTO OrderLines(OrderID, ProductID, Qty, UnitPrice) VALUES (1488,13,1,1449);
INSERT INTO OrderLines(OrderID, ProductID, Qty, UnitPrice) VALUES (1488,6,1,494);
UPDATE [Order] SET TotalAmount=5035 WHERE OrderID=1488;
INSERT INTO Payment(OrderID, PaymentDate, Amount, PaymentMethod, TransactionRef) VALUES (1488,'2025-01-05',5035,'Cash','TXN830919');
INSERT INTO [Order](CustomerID, OrderDate, Status, TotalAmount) VALUES (149,'2025-10-17','Cancelled',0);
INSERT INTO OrderLines(OrderID, ProductID, Qty, UnitPrice) VALUES (1489,50,3,81);
INSERT INTO OrderLines(OrderID, ProductID, Qty, UnitPrice) VALUES (1489,27,1,499);
INSERT INTO OrderLines(OrderID, ProductID, Qty, UnitPrice) VALUES (1489,8,2,58);
INSERT INTO OrderLines(OrderID, ProductID, Qty, UnitPrice) VALUES (1489,41,3,157);
UPDATE [Order] SET TotalAmount=1329 WHERE OrderID=1489;
INSERT INTO Payment(OrderID, PaymentDate, Amount, PaymentMethod, TransactionRef) VALUES (1489,'2025-10-18',1329,'Card','TXN575792');
INSERT INTO [Order](CustomerID, OrderDate, Status, TotalAmount) VALUES (149,'2025-10-14','Delivered',0);
INSERT INTO OrderLines(OrderID, ProductID, Qty, UnitPrice) VALUES (1490,36,2,681);
INSERT INTO OrderLines(OrderID, ProductID, Qty, UnitPrice) VALUES (1490,17,1,1196);
INSERT INTO OrderLines(OrderID, ProductID, Qty, UnitPrice) VALUES (1490,15,3,618);
INSERT INTO OrderLines(OrderID, ProductID, Qty, UnitPrice) VALUES (1490,13,3,269);
UPDATE [Order] SET TotalAmount=5219 WHERE OrderID=1490;
INSERT INTO Payment(OrderID, PaymentDate, Amount, PaymentMethod, TransactionRef) VALUES (1490,'2025-10-15',5219,'PayPal','TXN362235');
INSERT INTO [Order](CustomerID, OrderDate, Status, TotalAmount) VALUES (150,'2025-06-25','Processing',0);
INSERT INTO OrderLines(OrderID, ProductID, Qty, UnitPrice) VALUES (1491,5,3,960);
INSERT INTO OrderLines(OrderID, ProductID, Qty, UnitPrice) VALUES (1491,21,1,574);
INSERT INTO OrderLines(OrderID, ProductID, Qty, UnitPrice) VALUES (1491,21,2,1353);
INSERT INTO OrderLines(OrderID, ProductID, Qty, UnitPrice) VALUES (1491,11,3,962);
UPDATE [Order] SET TotalAmount=9046 WHERE OrderID=1491;
INSERT INTO Payment(OrderID, PaymentDate, Amount, PaymentMethod, TransactionRef) VALUES (1491,'2025-06-25',9046,'Card','TXN718373');
INSERT INTO [Order](CustomerID, OrderDate, Status, TotalAmount) VALUES (150,'2025-02-24','Shipped',0);
INSERT INTO OrderLines(OrderID, ProductID, Qty, UnitPrice) VALUES (1492,10,1,947);
INSERT INTO OrderLines(OrderID, ProductID, Qty, UnitPrice) VALUES (1492,18,1,204);
INSERT INTO OrderLines(OrderID, ProductID, Qty, UnitPrice) VALUES (1492,28,3,436);
INSERT INTO OrderLines(OrderID, ProductID, Qty, UnitPrice) VALUES (1492,31,2,1346);
UPDATE [Order] SET TotalAmount=5151 WHERE OrderID=1492;
INSERT INTO Payment(OrderID, PaymentDate, Amount, PaymentMethod, TransactionRef) VALUES (1492,'2025-02-24',5151,'Card','TXN902163');
INSERT INTO [Order](CustomerID, OrderDate, Status, TotalAmount) VALUES (150,'2025-04-22','Shipped',0);
INSERT INTO OrderLines(OrderID, ProductID, Qty, UnitPrice) VALUES (1493,31,1,148);
INSERT INTO OrderLines(OrderID, ProductID, Qty, UnitPrice) VALUES (1493,14,1,83);
INSERT INTO OrderLines(OrderID, ProductID, Qty, UnitPrice) VALUES (1493,9,1,752);
INSERT INTO OrderLines(OrderID, ProductID, Qty, UnitPrice) VALUES (1493,45,1,579);
UPDATE [Order] SET TotalAmount=1562 WHERE OrderID=1493;
INSERT INTO Payment(OrderID, PaymentDate, Amount, PaymentMethod, TransactionRef) VALUES (1493,'2025-04-23',1562,'Cash','TXN878969');
INSERT INTO [Order](CustomerID, OrderDate, Status, TotalAmount) VALUES (150,'2025-01-23','Cancelled',0);
INSERT INTO OrderLines(OrderID, ProductID, Qty, UnitPrice) VALUES (1494,22,3,814);
INSERT INTO OrderLines(OrderID, ProductID, Qty, UnitPrice) VALUES (1494,15,3,942);
INSERT INTO OrderLines(OrderID, ProductID, Qty, UnitPrice) VALUES (1494,39,2,745);
INSERT INTO OrderLines(OrderID, ProductID, Qty, UnitPrice) VALUES (1494,15,2,1422);
UPDATE [Order] SET TotalAmount=9602 WHERE OrderID=1494;
INSERT INTO Payment(OrderID, PaymentDate, Amount, PaymentMethod, TransactionRef) VALUES (1494,'2025-01-23',9602,'Card','TXN120771');
INSERT INTO [Order](CustomerID, OrderDate, Status, TotalAmount) VALUES (150,'2025-12-20','Shipped',0);
INSERT INTO OrderLines(OrderID, ProductID, Qty, UnitPrice) VALUES (1495,16,1,220);
INSERT INTO OrderLines(OrderID, ProductID, Qty, UnitPrice) VALUES (1495,31,1,1353);
INSERT INTO OrderLines(OrderID, ProductID, Qty, UnitPrice) VALUES (1495,10,1,1017);
INSERT INTO OrderLines(OrderID, ProductID, Qty, UnitPrice) VALUES (1495,16,2,1070);
UPDATE [Order] SET TotalAmount=4730 WHERE OrderID=1495;
INSERT INTO Payment(OrderID, PaymentDate, Amount, PaymentMethod, TransactionRef) VALUES (1495,'2025-12-20',4730,'PayPal','TXN532420');
INSERT INTO [Order](CustomerID, OrderDate, Status, TotalAmount) VALUES (150,'2025-01-08','Delivered',0);
INSERT INTO OrderLines(OrderID, ProductID, Qty, UnitPrice) VALUES (1496,38,2,1136);
INSERT INTO OrderLines(OrderID, ProductID, Qty, UnitPrice) VALUES (1496,6,2,1311);
INSERT INTO OrderLines(OrderID, ProductID, Qty, UnitPrice) VALUES (1496,17,2,621);
INSERT INTO OrderLines(OrderID, ProductID, Qty, UnitPrice) VALUES (1496,46,1,344);
UPDATE [Order] SET TotalAmount=6480 WHERE OrderID=1496;
INSERT INTO Payment(OrderID, PaymentDate, Amount, PaymentMethod, TransactionRef) VALUES (1496,'2025-01-13',6480,'Cash','TXN942025');
INSERT INTO [Order](CustomerID, OrderDate, Status, TotalAmount) VALUES (150,'2025-01-21','Processing',0);
INSERT INTO OrderLines(OrderID, ProductID, Qty, UnitPrice) VALUES (1497,3,2,868);
INSERT INTO OrderLines(OrderID, ProductID, Qty, UnitPrice) VALUES (1497,43,3,47);
INSERT INTO OrderLines(OrderID, ProductID, Qty, UnitPrice) VALUES (1497,14,1,194);
INSERT INTO OrderLines(OrderID, ProductID, Qty, UnitPrice) VALUES (1497,24,1,526);
UPDATE [Order] SET TotalAmount=2597 WHERE OrderID=1497;
INSERT INTO Payment(OrderID, PaymentDate, Amount, PaymentMethod, TransactionRef) VALUES (1497,'2025-01-23',2597,'Card','TXN220151');
INSERT INTO [Order](CustomerID, OrderDate, Status, TotalAmount) VALUES (150,'2025-02-22','Shipped',0);
INSERT INTO OrderLines(OrderID, ProductID, Qty, UnitPrice) VALUES (1498,32,2,1427);
INSERT INTO OrderLines(OrderID, ProductID, Qty, UnitPrice) VALUES (1498,41,2,677);
INSERT INTO OrderLines(OrderID, ProductID, Qty, UnitPrice) VALUES (1498,48,3,922);
INSERT INTO OrderLines(OrderID, ProductID, Qty, UnitPrice) VALUES (1498,16,1,1234);
UPDATE [Order] SET TotalAmount=8208 WHERE OrderID=1498;
INSERT INTO Payment(OrderID, PaymentDate, Amount, PaymentMethod, TransactionRef) VALUES (1498,'2025-02-26',8208,'PayPal','TXN692085');
INSERT INTO [Order](CustomerID, OrderDate, Status, TotalAmount) VALUES (150,'2025-04-02','Processing',0);
INSERT INTO OrderLines(OrderID, ProductID, Qty, UnitPrice) VALUES (1499,29,2,1388);
INSERT INTO OrderLines(OrderID, ProductID, Qty, UnitPrice) VALUES (1499,1,1,612);
INSERT INTO OrderLines(OrderID, ProductID, Qty, UnitPrice) VALUES (1499,28,3,324);
INSERT INTO OrderLines(OrderID, ProductID, Qty, UnitPrice) VALUES (1499,31,3,714);
UPDATE [Order] SET TotalAmount=6502 WHERE OrderID=1499;
INSERT INTO Payment(OrderID, PaymentDate, Amount, PaymentMethod, TransactionRef) VALUES (1499,'2025-04-07',6502,'PayPal','TXN238137');
INSERT INTO [Order](CustomerID, OrderDate, Status, TotalAmount) VALUES (150,'2025-01-25','Delivered',0);
INSERT INTO OrderLines(OrderID, ProductID, Qty, UnitPrice) VALUES (1500,16,3,492);
INSERT INTO OrderLines(OrderID, ProductID, Qty, UnitPrice) VALUES (1500,49,3,1064);
INSERT INTO OrderLines(OrderID, ProductID, Qty, UnitPrice) VALUES (1500,16,2,292);
INSERT INTO OrderLines(OrderID, ProductID, Qty, UnitPrice) VALUES (1500,49,3,1490);
UPDATE [Order] SET TotalAmount=9722 WHERE OrderID=1500;
INSERT INTO Payment(OrderID, PaymentDate, Amount, PaymentMethod, TransactionRef) VALUES (1500,'2025-01-28',9722,'PayPal','TXN282231');
INSERT INTO [Order](CustomerID, OrderDate, Status, TotalAmount) VALUES (151,'2025-02-17','Shipped',0);
INSERT INTO OrderLines(OrderID, ProductID, Qty, UnitPrice) VALUES (1501,29,1,705);
INSERT INTO OrderLines(OrderID, ProductID, Qty, UnitPrice) VALUES (1501,50,1,856);
INSERT INTO OrderLines(OrderID, ProductID, Qty, UnitPrice) VALUES (1501,11,1,954);
INSERT INTO OrderLines(OrderID, ProductID, Qty, UnitPrice) VALUES (1501,35,2,373);
UPDATE [Order] SET TotalAmount=3261 WHERE OrderID=1501;
INSERT INTO Payment(OrderID, PaymentDate, Amount, PaymentMethod, TransactionRef) VALUES (1501,'2025-02-17',3261,'Cash','TXN661782');
INSERT INTO [Order](CustomerID, OrderDate, Status, TotalAmount) VALUES (151,'2025-06-22','Delivered',0);
INSERT INTO OrderLines(OrderID, ProductID, Qty, UnitPrice) VALUES (1502,22,3,307);
INSERT INTO OrderLines(OrderID, ProductID, Qty, UnitPrice) VALUES (1502,32,3,888);
INSERT INTO OrderLines(OrderID, ProductID, Qty, UnitPrice) VALUES (1502,39,1,1369);
INSERT INTO OrderLines(OrderID, ProductID, Qty, UnitPrice) VALUES (1502,23,2,55);
UPDATE [Order] SET TotalAmount=5064 WHERE OrderID=1502;
INSERT INTO Payment(OrderID, PaymentDate, Amount, PaymentMethod, TransactionRef) VALUES (1502,'2025-06-23',5064,'Card','TXN915918');
INSERT INTO [Order](CustomerID, OrderDate, Status, TotalAmount) VALUES (151,'2025-05-14','Processing',0);
INSERT INTO OrderLines(OrderID, ProductID, Qty, UnitPrice) VALUES (1503,12,2,409);
INSERT INTO OrderLines(OrderID, ProductID, Qty, UnitPrice) VALUES (1503,23,3,348);
INSERT INTO OrderLines(OrderID, ProductID, Qty, UnitPrice) VALUES (1503,48,1,768);
INSERT INTO OrderLines(OrderID, ProductID, Qty, UnitPrice) VALUES (1503,31,2,1427);
UPDATE [Order] SET TotalAmount=5484 WHERE OrderID=1503;
INSERT INTO Payment(OrderID, PaymentDate, Amount, PaymentMethod, TransactionRef) VALUES (1503,'2025-05-15',5484,'Cash','TXN617169');
INSERT INTO [Order](CustomerID, OrderDate, Status, TotalAmount) VALUES (151,'2025-08-02','Delivered',0);
INSERT INTO OrderLines(OrderID, ProductID, Qty, UnitPrice) VALUES (1504,30,2,1158);
INSERT INTO OrderLines(OrderID, ProductID, Qty, UnitPrice) VALUES (1504,10,3,600);
INSERT INTO OrderLines(OrderID, ProductID, Qty, UnitPrice) VALUES (1504,7,1,198);
INSERT INTO OrderLines(OrderID, ProductID, Qty, UnitPrice) VALUES (1504,11,3,951);
UPDATE [Order] SET TotalAmount=7167 WHERE OrderID=1504;
INSERT INTO Payment(OrderID, PaymentDate, Amount, PaymentMethod, TransactionRef) VALUES (1504,'2025-08-03',7167,'Cash','TXN462005');
INSERT INTO [Order](CustomerID, OrderDate, Status, TotalAmount) VALUES (151,'2025-11-16','Delivered',0);
INSERT INTO OrderLines(OrderID, ProductID, Qty, UnitPrice) VALUES (1505,17,2,955);
INSERT INTO OrderLines(OrderID, ProductID, Qty, UnitPrice) VALUES (1505,25,1,1223);
INSERT INTO OrderLines(OrderID, ProductID, Qty, UnitPrice) VALUES (1505,50,3,411);
INSERT INTO OrderLines(OrderID, ProductID, Qty, UnitPrice) VALUES (1505,23,2,1301);
UPDATE [Order] SET TotalAmount=6968 WHERE OrderID=1505;
INSERT INTO Payment(OrderID, PaymentDate, Amount, PaymentMethod, TransactionRef) VALUES (1505,'2025-11-20',6968,'Cash','TXN676475');
INSERT INTO [Order](CustomerID, OrderDate, Status, TotalAmount) VALUES (151,'2025-07-23','Processing',0);
INSERT INTO OrderLines(OrderID, ProductID, Qty, UnitPrice) VALUES (1506,31,3,1320);
INSERT INTO OrderLines(OrderID, ProductID, Qty, UnitPrice) VALUES (1506,25,1,934);
INSERT INTO OrderLines(OrderID, ProductID, Qty, UnitPrice) VALUES (1506,27,2,66);
INSERT INTO OrderLines(OrderID, ProductID, Qty, UnitPrice) VALUES (1506,38,3,1452);
UPDATE [Order] SET TotalAmount=9382 WHERE OrderID=1506;
INSERT INTO Payment(OrderID, PaymentDate, Amount, PaymentMethod, TransactionRef) VALUES (1506,'2025-07-26',9382,'Card','TXN621655');
INSERT INTO [Order](CustomerID, OrderDate, Status, TotalAmount) VALUES (151,'2025-02-03','Processing',0);
INSERT INTO OrderLines(OrderID, ProductID, Qty, UnitPrice) VALUES (1507,28,2,765);
INSERT INTO OrderLines(OrderID, ProductID, Qty, UnitPrice) VALUES (1507,34,1,835);
INSERT INTO OrderLines(OrderID, ProductID, Qty, UnitPrice) VALUES (1507,17,2,105);
INSERT INTO OrderLines(OrderID, ProductID, Qty, UnitPrice) VALUES (1507,20,3,1099);
UPDATE [Order] SET TotalAmount=5872 WHERE OrderID=1507;
INSERT INTO Payment(OrderID, PaymentDate, Amount, PaymentMethod, TransactionRef) VALUES (1507,'2025-02-03',5872,'PayPal','TXN355028');
INSERT INTO [Order](CustomerID, OrderDate, Status, TotalAmount) VALUES (151,'2025-04-25','Cancelled',0);
INSERT INTO OrderLines(OrderID, ProductID, Qty, UnitPrice) VALUES (1508,8,2,978);
INSERT INTO OrderLines(OrderID, ProductID, Qty, UnitPrice) VALUES (1508,25,2,699);
INSERT INTO OrderLines(OrderID, ProductID, Qty, UnitPrice) VALUES (1508,27,3,467);
INSERT INTO OrderLines(OrderID, ProductID, Qty, UnitPrice) VALUES (1508,5,2,861);
UPDATE [Order] SET TotalAmount=6477 WHERE OrderID=1508;
INSERT INTO Payment(OrderID, PaymentDate, Amount, PaymentMethod, TransactionRef) VALUES (1508,'2025-04-26',6477,'Cash','TXN429602');
INSERT INTO [Order](CustomerID, OrderDate, Status, TotalAmount) VALUES (151,'2025-03-15','Cancelled',0);
INSERT INTO OrderLines(OrderID, ProductID, Qty, UnitPrice) VALUES (1509,24,1,80);
INSERT INTO OrderLines(OrderID, ProductID, Qty, UnitPrice) VALUES (1509,40,1,1215);
INSERT INTO OrderLines(OrderID, ProductID, Qty, UnitPrice) VALUES (1509,45,1,1171);
INSERT INTO OrderLines(OrderID, ProductID, Qty, UnitPrice) VALUES (1509,14,3,558);
UPDATE [Order] SET TotalAmount=4140 WHERE OrderID=1509;
INSERT INTO Payment(OrderID, PaymentDate, Amount, PaymentMethod, TransactionRef) VALUES (1509,'2025-03-16',4140,'Cash','TXN673046');
INSERT INTO [Order](CustomerID, OrderDate, Status, TotalAmount) VALUES (151,'2025-06-06','Cancelled',0);
INSERT INTO OrderLines(OrderID, ProductID, Qty, UnitPrice) VALUES (1510,23,1,1475);
INSERT INTO OrderLines(OrderID, ProductID, Qty, UnitPrice) VALUES (1510,33,1,737);
INSERT INTO OrderLines(OrderID, ProductID, Qty, UnitPrice) VALUES (1510,24,3,418);
INSERT INTO OrderLines(OrderID, ProductID, Qty, UnitPrice) VALUES (1510,35,3,273);
UPDATE [Order] SET TotalAmount=4285 WHERE OrderID=1510;
INSERT INTO Payment(OrderID, PaymentDate, Amount, PaymentMethod, TransactionRef) VALUES (1510,'2025-06-09',4285,'PayPal','TXN347612');
INSERT INTO [Order](CustomerID, OrderDate, Status, TotalAmount) VALUES (152,'2025-04-28','Cancelled',0);
INSERT INTO OrderLines(OrderID, ProductID, Qty, UnitPrice) VALUES (1511,19,2,469);
INSERT INTO OrderLines(OrderID, ProductID, Qty, UnitPrice) VALUES (1511,40,1,1299);
INSERT INTO OrderLines(OrderID, ProductID, Qty, UnitPrice) VALUES (1511,40,1,928);
INSERT INTO OrderLines(OrderID, ProductID, Qty, UnitPrice) VALUES (1511,31,3,743);
UPDATE [Order] SET TotalAmount=5394 WHERE OrderID=1511;
INSERT INTO Payment(OrderID, PaymentDate, Amount, PaymentMethod, TransactionRef) VALUES (1511,'2025-05-01',5394,'Cash','TXN190655');
INSERT INTO [Order](CustomerID, OrderDate, Status, TotalAmount) VALUES (152,'2025-12-06','Processing',0);
INSERT INTO OrderLines(OrderID, ProductID, Qty, UnitPrice) VALUES (1512,13,3,89);
INSERT INTO OrderLines(OrderID, ProductID, Qty, UnitPrice) VALUES (1512,12,2,384);
INSERT INTO OrderLines(OrderID, ProductID, Qty, UnitPrice) VALUES (1512,43,3,1193);
INSERT INTO OrderLines(OrderID, ProductID, Qty, UnitPrice) VALUES (1512,46,3,1418);
UPDATE [Order] SET TotalAmount=8868 WHERE OrderID=1512;
INSERT INTO Payment(OrderID, PaymentDate, Amount, PaymentMethod, TransactionRef) VALUES (1512,'2025-12-10',8868,'PayPal','TXN512241');
INSERT INTO [Order](CustomerID, OrderDate, Status, TotalAmount) VALUES (152,'2025-09-01','Processing',0);
INSERT INTO OrderLines(OrderID, ProductID, Qty, UnitPrice) VALUES (1513,13,3,1397);
INSERT INTO OrderLines(OrderID, ProductID, Qty, UnitPrice) VALUES (1513,35,1,126);
INSERT INTO OrderLines(OrderID, ProductID, Qty, UnitPrice) VALUES (1513,49,2,1145);
INSERT INTO OrderLines(OrderID, ProductID, Qty, UnitPrice) VALUES (1513,17,3,1277);
UPDATE [Order] SET TotalAmount=10438 WHERE OrderID=1513;
INSERT INTO Payment(OrderID, PaymentDate, Amount, PaymentMethod, TransactionRef) VALUES (1513,'2025-09-05',10438,'Cash','TXN788125');
INSERT INTO [Order](CustomerID, OrderDate, Status, TotalAmount) VALUES (152,'2025-05-25','Delivered',0);
INSERT INTO OrderLines(OrderID, ProductID, Qty, UnitPrice) VALUES (1514,45,1,547);
INSERT INTO OrderLines(OrderID, ProductID, Qty, UnitPrice) VALUES (1514,4,3,415);
INSERT INTO OrderLines(OrderID, ProductID, Qty, UnitPrice) VALUES (1514,16,1,827);
INSERT INTO OrderLines(OrderID, ProductID, Qty, UnitPrice) VALUES (1514,4,2,412);
UPDATE [Order] SET TotalAmount=3443 WHERE OrderID=1514;
INSERT INTO Payment(OrderID, PaymentDate, Amount, PaymentMethod, TransactionRef) VALUES (1514,'2025-05-28',3443,'PayPal','TXN411918');
INSERT INTO [Order](CustomerID, OrderDate, Status, TotalAmount) VALUES (152,'2025-06-29','Shipped',0);
INSERT INTO OrderLines(OrderID, ProductID, Qty, UnitPrice) VALUES (1515,27,2,555);
INSERT INTO OrderLines(OrderID, ProductID, Qty, UnitPrice) VALUES (1515,21,1,1484);
INSERT INTO OrderLines(OrderID, ProductID, Qty, UnitPrice) VALUES (1515,49,3,869);
INSERT INTO OrderLines(OrderID, ProductID, Qty, UnitPrice) VALUES (1515,18,2,573);
UPDATE [Order] SET TotalAmount=6347 WHERE OrderID=1515;
INSERT INTO Payment(OrderID, PaymentDate, Amount, PaymentMethod, TransactionRef) VALUES (1515,'2025-07-01',6347,'PayPal','TXN108122');
INSERT INTO [Order](CustomerID, OrderDate, Status, TotalAmount) VALUES (152,'2025-11-18','Processing',0);
INSERT INTO OrderLines(OrderID, ProductID, Qty, UnitPrice) VALUES (1516,9,2,1446);
INSERT INTO OrderLines(OrderID, ProductID, Qty, UnitPrice) VALUES (1516,30,2,595);
INSERT INTO OrderLines(OrderID, ProductID, Qty, UnitPrice) VALUES (1516,25,3,921);
INSERT INTO OrderLines(OrderID, ProductID, Qty, UnitPrice) VALUES (1516,24,1,934);
UPDATE [Order] SET TotalAmount=7779 WHERE OrderID=1516;
INSERT INTO Payment(OrderID, PaymentDate, Amount, PaymentMethod, TransactionRef) VALUES (1516,'2025-11-23',7779,'Card','TXN679829');
INSERT INTO [Order](CustomerID, OrderDate, Status, TotalAmount) VALUES (152,'2025-10-22','Shipped',0);
INSERT INTO OrderLines(OrderID, ProductID, Qty, UnitPrice) VALUES (1517,49,1,416);
INSERT INTO OrderLines(OrderID, ProductID, Qty, UnitPrice) VALUES (1517,31,1,258);
INSERT INTO OrderLines(OrderID, ProductID, Qty, UnitPrice) VALUES (1517,16,1,793);
INSERT INTO OrderLines(OrderID, ProductID, Qty, UnitPrice) VALUES (1517,8,3,1245);
UPDATE [Order] SET TotalAmount=5202 WHERE OrderID=1517;
INSERT INTO Payment(OrderID, PaymentDate, Amount, PaymentMethod, TransactionRef) VALUES (1517,'2025-10-23',5202,'Card','TXN295840');
INSERT INTO [Order](CustomerID, OrderDate, Status, TotalAmount) VALUES (152,'2025-03-11','Processing',0);
INSERT INTO OrderLines(OrderID, ProductID, Qty, UnitPrice) VALUES (1518,6,1,1102);
INSERT INTO OrderLines(OrderID, ProductID, Qty, UnitPrice) VALUES (1518,30,2,341);
INSERT INTO OrderLines(OrderID, ProductID, Qty, UnitPrice) VALUES (1518,13,1,506);
INSERT INTO OrderLines(OrderID, ProductID, Qty, UnitPrice) VALUES (1518,6,3,867);
UPDATE [Order] SET TotalAmount=4891 WHERE OrderID=1518;
INSERT INTO Payment(OrderID, PaymentDate, Amount, PaymentMethod, TransactionRef) VALUES (1518,'2025-03-13',4891,'Card','TXN177128');
INSERT INTO [Order](CustomerID, OrderDate, Status, TotalAmount) VALUES (152,'2025-05-14','Cancelled',0);
INSERT INTO OrderLines(OrderID, ProductID, Qty, UnitPrice) VALUES (1519,22,2,1179);
INSERT INTO OrderLines(OrderID, ProductID, Qty, UnitPrice) VALUES (1519,43,1,805);
INSERT INTO OrderLines(OrderID, ProductID, Qty, UnitPrice) VALUES (1519,17,2,504);
INSERT INTO OrderLines(OrderID, ProductID, Qty, UnitPrice) VALUES (1519,35,1,1236);
UPDATE [Order] SET TotalAmount=5407 WHERE OrderID=1519;
INSERT INTO Payment(OrderID, PaymentDate, Amount, PaymentMethod, TransactionRef) VALUES (1519,'2025-05-16',5407,'Cash','TXN468804');
INSERT INTO [Order](CustomerID, OrderDate, Status, TotalAmount) VALUES (152,'2025-11-09','Processing',0);
INSERT INTO OrderLines(OrderID, ProductID, Qty, UnitPrice) VALUES (1520,26,2,1420);
INSERT INTO OrderLines(OrderID, ProductID, Qty, UnitPrice) VALUES (1520,46,1,837);
INSERT INTO OrderLines(OrderID, ProductID, Qty, UnitPrice) VALUES (1520,16,1,807);
INSERT INTO OrderLines(OrderID, ProductID, Qty, UnitPrice) VALUES (1520,18,1,1140);
UPDATE [Order] SET TotalAmount=5624 WHERE OrderID=1520;
INSERT INTO Payment(OrderID, PaymentDate, Amount, PaymentMethod, TransactionRef) VALUES (1520,'2025-11-11',5624,'Cash','TXN715364');
INSERT INTO [Order](CustomerID, OrderDate, Status, TotalAmount) VALUES (153,'2025-06-27','Delivered',0);
INSERT INTO OrderLines(OrderID, ProductID, Qty, UnitPrice) VALUES (1521,32,1,797);
INSERT INTO OrderLines(OrderID, ProductID, Qty, UnitPrice) VALUES (1521,35,2,1238);
INSERT INTO OrderLines(OrderID, ProductID, Qty, UnitPrice) VALUES (1521,4,1,1056);
INSERT INTO OrderLines(OrderID, ProductID, Qty, UnitPrice) VALUES (1521,12,2,1194);
UPDATE [Order] SET TotalAmount=6717 WHERE OrderID=1521;
INSERT INTO Payment(OrderID, PaymentDate, Amount, PaymentMethod, TransactionRef) VALUES (1521,'2025-07-02',6717,'Cash','TXN365345');
INSERT INTO [Order](CustomerID, OrderDate, Status, TotalAmount) VALUES (153,'2025-03-31','Cancelled',0);
INSERT INTO OrderLines(OrderID, ProductID, Qty, UnitPrice) VALUES (1522,9,3,1286);
INSERT INTO OrderLines(OrderID, ProductID, Qty, UnitPrice) VALUES (1522,5,3,1148);
INSERT INTO OrderLines(OrderID, ProductID, Qty, UnitPrice) VALUES (1522,23,2,877);
INSERT INTO OrderLines(OrderID, ProductID, Qty, UnitPrice) VALUES (1522,23,1,940);
UPDATE [Order] SET TotalAmount=9996 WHERE OrderID=1522;
INSERT INTO Payment(OrderID, PaymentDate, Amount, PaymentMethod, TransactionRef) VALUES (1522,'2025-04-04',9996,'Card','TXN817635');
INSERT INTO [Order](CustomerID, OrderDate, Status, TotalAmount) VALUES (153,'2025-09-26','Shipped',0);
INSERT INTO OrderLines(OrderID, ProductID, Qty, UnitPrice) VALUES (1523,30,1,954);
INSERT INTO OrderLines(OrderID, ProductID, Qty, UnitPrice) VALUES (1523,40,1,1184);
INSERT INTO OrderLines(OrderID, ProductID, Qty, UnitPrice) VALUES (1523,36,3,805);
INSERT INTO OrderLines(OrderID, ProductID, Qty, UnitPrice) VALUES (1523,24,1,984);
UPDATE [Order] SET TotalAmount=5537 WHERE OrderID=1523;
INSERT INTO Payment(OrderID, PaymentDate, Amount, PaymentMethod, TransactionRef) VALUES (1523,'2025-10-01',5537,'PayPal','TXN178174');
INSERT INTO [Order](CustomerID, OrderDate, Status, TotalAmount) VALUES (153,'2025-10-09','Shipped',0);
INSERT INTO OrderLines(OrderID, ProductID, Qty, UnitPrice) VALUES (1524,33,2,527);
INSERT INTO OrderLines(OrderID, ProductID, Qty, UnitPrice) VALUES (1524,1,2,867);
INSERT INTO OrderLines(OrderID, ProductID, Qty, UnitPrice) VALUES (1524,24,3,438);
INSERT INTO OrderLines(OrderID, ProductID, Qty, UnitPrice) VALUES (1524,24,1,110);
UPDATE [Order] SET TotalAmount=4212 WHERE OrderID=1524;
INSERT INTO Payment(OrderID, PaymentDate, Amount, PaymentMethod, TransactionRef) VALUES (1524,'2025-10-09',4212,'Card','TXN188204');
INSERT INTO [Order](CustomerID, OrderDate, Status, TotalAmount) VALUES (153,'2025-06-16','Shipped',0);
INSERT INTO OrderLines(OrderID, ProductID, Qty, UnitPrice) VALUES (1525,43,2,67);
INSERT INTO OrderLines(OrderID, ProductID, Qty, UnitPrice) VALUES (1525,42,2,605);
INSERT INTO OrderLines(OrderID, ProductID, Qty, UnitPrice) VALUES (1525,12,2,920);
INSERT INTO OrderLines(OrderID, ProductID, Qty, UnitPrice) VALUES (1525,30,1,579);
UPDATE [Order] SET TotalAmount=3763 WHERE OrderID=1525;
INSERT INTO Payment(OrderID, PaymentDate, Amount, PaymentMethod, TransactionRef) VALUES (1525,'2025-06-20',3763,'Cash','TXN328400');
INSERT INTO [Order](CustomerID, OrderDate, Status, TotalAmount) VALUES (153,'2025-10-30','Delivered',0);
INSERT INTO OrderLines(OrderID, ProductID, Qty, UnitPrice) VALUES (1526,36,3,941);
INSERT INTO OrderLines(OrderID, ProductID, Qty, UnitPrice) VALUES (1526,10,2,1059);
INSERT INTO OrderLines(OrderID, ProductID, Qty, UnitPrice) VALUES (1526,25,2,580);
INSERT INTO OrderLines(OrderID, ProductID, Qty, UnitPrice) VALUES (1526,7,1,394);
UPDATE [Order] SET TotalAmount=6495 WHERE OrderID=1526;
INSERT INTO Payment(OrderID, PaymentDate, Amount, PaymentMethod, TransactionRef) VALUES (1526,'2025-10-30',6495,'Cash','TXN149595');
INSERT INTO [Order](CustomerID, OrderDate, Status, TotalAmount) VALUES (153,'2025-03-05','Cancelled',0);
INSERT INTO OrderLines(OrderID, ProductID, Qty, UnitPrice) VALUES (1527,29,1,715);
INSERT INTO OrderLines(OrderID, ProductID, Qty, UnitPrice) VALUES (1527,31,1,1188);
INSERT INTO OrderLines(OrderID, ProductID, Qty, UnitPrice) VALUES (1527,44,2,468);
INSERT INTO OrderLines(OrderID, ProductID, Qty, UnitPrice) VALUES (1527,47,2,118);
UPDATE [Order] SET TotalAmount=3075 WHERE OrderID=1527;
INSERT INTO Payment(OrderID, PaymentDate, Amount, PaymentMethod, TransactionRef) VALUES (1527,'2025-03-07',3075,'PayPal','TXN209096');
INSERT INTO [Order](CustomerID, OrderDate, Status, TotalAmount) VALUES (153,'2025-12-08','Processing',0);
INSERT INTO OrderLines(OrderID, ProductID, Qty, UnitPrice) VALUES (1528,25,1,824);
INSERT INTO OrderLines(OrderID, ProductID, Qty, UnitPrice) VALUES (1528,50,1,1395);
INSERT INTO OrderLines(OrderID, ProductID, Qty, UnitPrice) VALUES (1528,49,2,183);
INSERT INTO OrderLines(OrderID, ProductID, Qty, UnitPrice) VALUES (1528,38,2,191);
UPDATE [Order] SET TotalAmount=2967 WHERE OrderID=1528;
INSERT INTO Payment(OrderID, PaymentDate, Amount, PaymentMethod, TransactionRef) VALUES (1528,'2025-12-08',2967,'Cash','TXN347127');
INSERT INTO [Order](CustomerID, OrderDate, Status, TotalAmount) VALUES (153,'2025-11-04','Cancelled',0);
INSERT INTO OrderLines(OrderID, ProductID, Qty, UnitPrice) VALUES (1529,10,2,681);
INSERT INTO OrderLines(OrderID, ProductID, Qty, UnitPrice) VALUES (1529,27,2,868);
INSERT INTO OrderLines(OrderID, ProductID, Qty, UnitPrice) VALUES (1529,39,1,596);
INSERT INTO OrderLines(OrderID, ProductID, Qty, UnitPrice) VALUES (1529,37,1,199);
UPDATE [Order] SET TotalAmount=3893 WHERE OrderID=1529;
INSERT INTO Payment(OrderID, PaymentDate, Amount, PaymentMethod, TransactionRef) VALUES (1529,'2025-11-08',3893,'PayPal','TXN303940');
INSERT INTO [Order](CustomerID, OrderDate, Status, TotalAmount) VALUES (153,'2025-04-23','Processing',0);
INSERT INTO OrderLines(OrderID, ProductID, Qty, UnitPrice) VALUES (1530,29,3,643);
INSERT INTO OrderLines(OrderID, ProductID, Qty, UnitPrice) VALUES (1530,43,3,1131);
INSERT INTO OrderLines(OrderID, ProductID, Qty, UnitPrice) VALUES (1530,31,3,298);
INSERT INTO OrderLines(OrderID, ProductID, Qty, UnitPrice) VALUES (1530,7,2,1104);
UPDATE [Order] SET TotalAmount=8424 WHERE OrderID=1530;
INSERT INTO Payment(OrderID, PaymentDate, Amount, PaymentMethod, TransactionRef) VALUES (1530,'2025-04-24',8424,'PayPal','TXN202607');
INSERT INTO [Order](CustomerID, OrderDate, Status, TotalAmount) VALUES (154,'2025-02-26','Delivered',0);
INSERT INTO OrderLines(OrderID, ProductID, Qty, UnitPrice) VALUES (1531,1,3,958);
INSERT INTO OrderLines(OrderID, ProductID, Qty, UnitPrice) VALUES (1531,8,3,1375);
INSERT INTO OrderLines(OrderID, ProductID, Qty, UnitPrice) VALUES (1531,34,3,795);
INSERT INTO OrderLines(OrderID, ProductID, Qty, UnitPrice) VALUES (1531,23,3,1097);
UPDATE [Order] SET TotalAmount=12675 WHERE OrderID=1531;
INSERT INTO Payment(OrderID, PaymentDate, Amount, PaymentMethod, TransactionRef) VALUES (1531,'2025-03-02',12675,'Card','TXN301620');
INSERT INTO [Order](CustomerID, OrderDate, Status, TotalAmount) VALUES (154,'2025-12-13','Cancelled',0);
INSERT INTO OrderLines(OrderID, ProductID, Qty, UnitPrice) VALUES (1532,10,2,1130);
INSERT INTO OrderLines(OrderID, ProductID, Qty, UnitPrice) VALUES (1532,47,2,905);
INSERT INTO OrderLines(OrderID, ProductID, Qty, UnitPrice) VALUES (1532,47,3,632);
INSERT INTO OrderLines(OrderID, ProductID, Qty, UnitPrice) VALUES (1532,38,3,282);
UPDATE [Order] SET TotalAmount=6812 WHERE OrderID=1532;
INSERT INTO Payment(OrderID, PaymentDate, Amount, PaymentMethod, TransactionRef) VALUES (1532,'2025-12-17',6812,'Cash','TXN982939');
INSERT INTO [Order](CustomerID, OrderDate, Status, TotalAmount) VALUES (154,'2025-12-24','Shipped',0);
INSERT INTO OrderLines(OrderID, ProductID, Qty, UnitPrice) VALUES (1533,50,1,1269);
INSERT INTO OrderLines(OrderID, ProductID, Qty, UnitPrice) VALUES (1533,3,1,945);
INSERT INTO OrderLines(OrderID, ProductID, Qty, UnitPrice) VALUES (1533,37,3,774);
INSERT INTO OrderLines(OrderID, ProductID, Qty, UnitPrice) VALUES (1533,2,3,198);
UPDATE [Order] SET TotalAmount=5130 WHERE OrderID=1533;
INSERT INTO Payment(OrderID, PaymentDate, Amount, PaymentMethod, TransactionRef) VALUES (1533,'2025-12-28',5130,'Card','TXN669744');
INSERT INTO [Order](CustomerID, OrderDate, Status, TotalAmount) VALUES (154,'2025-11-30','Processing',0);
INSERT INTO OrderLines(OrderID, ProductID, Qty, UnitPrice) VALUES (1534,3,1,637);
INSERT INTO OrderLines(OrderID, ProductID, Qty, UnitPrice) VALUES (1534,19,3,1053);
INSERT INTO OrderLines(OrderID, ProductID, Qty, UnitPrice) VALUES (1534,31,2,774);
INSERT INTO OrderLines(OrderID, ProductID, Qty, UnitPrice) VALUES (1534,21,2,68);
UPDATE [Order] SET TotalAmount=5480 WHERE OrderID=1534;
INSERT INTO Payment(OrderID, PaymentDate, Amount, PaymentMethod, TransactionRef) VALUES (1534,'2025-11-30',5480,'Cash','TXN619201');
INSERT INTO [Order](CustomerID, OrderDate, Status, TotalAmount) VALUES (154,'2025-12-10','Delivered',0);
INSERT INTO OrderLines(OrderID, ProductID, Qty, UnitPrice) VALUES (1535,11,3,1157);
INSERT INTO OrderLines(OrderID, ProductID, Qty, UnitPrice) VALUES (1535,35,1,1495);
INSERT INTO OrderLines(OrderID, ProductID, Qty, UnitPrice) VALUES (1535,47,3,478);
INSERT INTO OrderLines(OrderID, ProductID, Qty, UnitPrice) VALUES (1535,1,2,769);
UPDATE [Order] SET TotalAmount=7938 WHERE OrderID=1535;
INSERT INTO Payment(OrderID, PaymentDate, Amount, PaymentMethod, TransactionRef) VALUES (1535,'2025-12-14',7938,'PayPal','TXN290545');
INSERT INTO [Order](CustomerID, OrderDate, Status, TotalAmount) VALUES (154,'2025-02-23','Cancelled',0);
INSERT INTO OrderLines(OrderID, ProductID, Qty, UnitPrice) VALUES (1536,38,2,1179);
INSERT INTO OrderLines(OrderID, ProductID, Qty, UnitPrice) VALUES (1536,13,2,597);
INSERT INTO OrderLines(OrderID, ProductID, Qty, UnitPrice) VALUES (1536,24,2,40);
INSERT INTO OrderLines(OrderID, ProductID, Qty, UnitPrice) VALUES (1536,26,1,902);
UPDATE [Order] SET TotalAmount=4534 WHERE OrderID=1536;
INSERT INTO Payment(OrderID, PaymentDate, Amount, PaymentMethod, TransactionRef) VALUES (1536,'2025-02-24',4534,'Cash','TXN798588');
INSERT INTO [Order](CustomerID, OrderDate, Status, TotalAmount) VALUES (154,'2025-09-14','Cancelled',0);
INSERT INTO OrderLines(OrderID, ProductID, Qty, UnitPrice) VALUES (1537,40,3,584);
INSERT INTO OrderLines(OrderID, ProductID, Qty, UnitPrice) VALUES (1537,7,2,845);
INSERT INTO OrderLines(OrderID, ProductID, Qty, UnitPrice) VALUES (1537,41,2,488);
INSERT INTO OrderLines(OrderID, ProductID, Qty, UnitPrice) VALUES (1537,2,2,866);
UPDATE [Order] SET TotalAmount=6150 WHERE OrderID=1537;
INSERT INTO Payment(OrderID, PaymentDate, Amount, PaymentMethod, TransactionRef) VALUES (1537,'2025-09-14',6150,'Cash','TXN487623');
INSERT INTO [Order](CustomerID, OrderDate, Status, TotalAmount) VALUES (154,'2025-11-27','Cancelled',0);
INSERT INTO OrderLines(OrderID, ProductID, Qty, UnitPrice) VALUES (1538,35,2,101);
INSERT INTO OrderLines(OrderID, ProductID, Qty, UnitPrice) VALUES (1538,24,2,869);
INSERT INTO OrderLines(OrderID, ProductID, Qty, UnitPrice) VALUES (1538,26,2,1434);
INSERT INTO OrderLines(OrderID, ProductID, Qty, UnitPrice) VALUES (1538,12,2,1444);
UPDATE [Order] SET TotalAmount=7696 WHERE OrderID=1538;
INSERT INTO Payment(OrderID, PaymentDate, Amount, PaymentMethod, TransactionRef) VALUES (1538,'2025-12-02',7696,'PayPal','TXN418110');
INSERT INTO [Order](CustomerID, OrderDate, Status, TotalAmount) VALUES (154,'2025-07-09','Delivered',0);
INSERT INTO OrderLines(OrderID, ProductID, Qty, UnitPrice) VALUES (1539,31,2,423);
INSERT INTO OrderLines(OrderID, ProductID, Qty, UnitPrice) VALUES (1539,15,3,626);
INSERT INTO OrderLines(OrderID, ProductID, Qty, UnitPrice) VALUES (1539,8,2,1038);
INSERT INTO OrderLines(OrderID, ProductID, Qty, UnitPrice) VALUES (1539,43,1,1160);
UPDATE [Order] SET TotalAmount=5960 WHERE OrderID=1539;
INSERT INTO Payment(OrderID, PaymentDate, Amount, PaymentMethod, TransactionRef) VALUES (1539,'2025-07-11',5960,'Card','TXN216567');
INSERT INTO [Order](CustomerID, OrderDate, Status, TotalAmount) VALUES (154,'2025-04-30','Delivered',0);
INSERT INTO OrderLines(OrderID, ProductID, Qty, UnitPrice) VALUES (1540,35,3,1275);
INSERT INTO OrderLines(OrderID, ProductID, Qty, UnitPrice) VALUES (1540,43,3,1179);
INSERT INTO OrderLines(OrderID, ProductID, Qty, UnitPrice) VALUES (1540,50,1,987);
INSERT INTO OrderLines(OrderID, ProductID, Qty, UnitPrice) VALUES (1540,19,2,880);
UPDATE [Order] SET TotalAmount=10109 WHERE OrderID=1540;
INSERT INTO Payment(OrderID, PaymentDate, Amount, PaymentMethod, TransactionRef) VALUES (1540,'2025-05-01',10109,'Card','TXN174795');
INSERT INTO [Order](CustomerID, OrderDate, Status, TotalAmount) VALUES (155,'2025-02-21','Processing',0);
INSERT INTO OrderLines(OrderID, ProductID, Qty, UnitPrice) VALUES (1541,44,3,571);
INSERT INTO OrderLines(OrderID, ProductID, Qty, UnitPrice) VALUES (1541,33,1,526);
INSERT INTO OrderLines(OrderID, ProductID, Qty, UnitPrice) VALUES (1541,31,3,1451);
INSERT INTO OrderLines(OrderID, ProductID, Qty, UnitPrice) VALUES (1541,26,3,223);
UPDATE [Order] SET TotalAmount=7261 WHERE OrderID=1541;
INSERT INTO Payment(OrderID, PaymentDate, Amount, PaymentMethod, TransactionRef) VALUES (1541,'2025-02-23',7261,'Card','TXN808080');
INSERT INTO [Order](CustomerID, OrderDate, Status, TotalAmount) VALUES (155,'2025-03-12','Cancelled',0);
INSERT INTO OrderLines(OrderID, ProductID, Qty, UnitPrice) VALUES (1542,3,3,247);
INSERT INTO OrderLines(OrderID, ProductID, Qty, UnitPrice) VALUES (1542,39,2,599);
INSERT INTO OrderLines(OrderID, ProductID, Qty, UnitPrice) VALUES (1542,36,1,312);
INSERT INTO OrderLines(OrderID, ProductID, Qty, UnitPrice) VALUES (1542,38,3,709);
UPDATE [Order] SET TotalAmount=4378 WHERE OrderID=1542;
INSERT INTO Payment(OrderID, PaymentDate, Amount, PaymentMethod, TransactionRef) VALUES (1542,'2025-03-13',4378,'Cash','TXN762132');
INSERT INTO [Order](CustomerID, OrderDate, Status, TotalAmount) VALUES (155,'2025-06-21','Cancelled',0);
INSERT INTO OrderLines(OrderID, ProductID, Qty, UnitPrice) VALUES (1543,37,3,1373);
INSERT INTO OrderLines(OrderID, ProductID, Qty, UnitPrice) VALUES (1543,11,1,1182);
INSERT INTO OrderLines(OrderID, ProductID, Qty, UnitPrice) VALUES (1543,5,2,609);
INSERT INTO OrderLines(OrderID, ProductID, Qty, UnitPrice) VALUES (1543,50,3,569);
UPDATE [Order] SET TotalAmount=8226 WHERE OrderID=1543;
INSERT INTO Payment(OrderID, PaymentDate, Amount, PaymentMethod, TransactionRef) VALUES (1543,'2025-06-26',8226,'Cash','TXN252019');
INSERT INTO [Order](CustomerID, OrderDate, Status, TotalAmount) VALUES (155,'2025-03-10','Cancelled',0);
INSERT INTO OrderLines(OrderID, ProductID, Qty, UnitPrice) VALUES (1544,28,1,1209);
INSERT INTO OrderLines(OrderID, ProductID, Qty, UnitPrice) VALUES (1544,9,1,207);
INSERT INTO OrderLines(OrderID, ProductID, Qty, UnitPrice) VALUES (1544,47,3,362);
INSERT INTO OrderLines(OrderID, ProductID, Qty, UnitPrice) VALUES (1544,23,1,739);
UPDATE [Order] SET TotalAmount=3241 WHERE OrderID=1544;
INSERT INTO Payment(OrderID, PaymentDate, Amount, PaymentMethod, TransactionRef) VALUES (1544,'2025-03-12',3241,'PayPal','TXN104432');
INSERT INTO [Order](CustomerID, OrderDate, Status, TotalAmount) VALUES (155,'2025-07-18','Processing',0);
INSERT INTO OrderLines(OrderID, ProductID, Qty, UnitPrice) VALUES (1545,21,1,785);
INSERT INTO OrderLines(OrderID, ProductID, Qty, UnitPrice) VALUES (1545,24,3,1318);
INSERT INTO OrderLines(OrderID, ProductID, Qty, UnitPrice) VALUES (1545,5,2,478);
INSERT INTO OrderLines(OrderID, ProductID, Qty, UnitPrice) VALUES (1545,24,1,825);
UPDATE [Order] SET TotalAmount=6520 WHERE OrderID=1545;
INSERT INTO Payment(OrderID, PaymentDate, Amount, PaymentMethod, TransactionRef) VALUES (1545,'2025-07-18',6520,'PayPal','TXN169433');
INSERT INTO [Order](CustomerID, OrderDate, Status, TotalAmount) VALUES (155,'2025-02-16','Delivered',0);
INSERT INTO OrderLines(OrderID, ProductID, Qty, UnitPrice) VALUES (1546,26,1,633);
INSERT INTO OrderLines(OrderID, ProductID, Qty, UnitPrice) VALUES (1546,27,1,851);
INSERT INTO OrderLines(OrderID, ProductID, Qty, UnitPrice) VALUES (1546,13,1,1422);
INSERT INTO OrderLines(OrderID, ProductID, Qty, UnitPrice) VALUES (1546,29,1,499);
UPDATE [Order] SET TotalAmount=3405 WHERE OrderID=1546;
INSERT INTO Payment(OrderID, PaymentDate, Amount, PaymentMethod, TransactionRef) VALUES (1546,'2025-02-20',3405,'PayPal','TXN534523');
INSERT INTO [Order](CustomerID, OrderDate, Status, TotalAmount) VALUES (155,'2025-10-30','Shipped',0);
INSERT INTO OrderLines(OrderID, ProductID, Qty, UnitPrice) VALUES (1547,25,2,1218);
INSERT INTO OrderLines(OrderID, ProductID, Qty, UnitPrice) VALUES (1547,46,3,217);
INSERT INTO OrderLines(OrderID, ProductID, Qty, UnitPrice) VALUES (1547,28,2,1141);
INSERT INTO OrderLines(OrderID, ProductID, Qty, UnitPrice) VALUES (1547,45,1,845);
UPDATE [Order] SET TotalAmount=6214 WHERE OrderID=1547;
INSERT INTO Payment(OrderID, PaymentDate, Amount, PaymentMethod, TransactionRef) VALUES (1547,'2025-11-04',6214,'PayPal','TXN785801');
INSERT INTO [Order](CustomerID, OrderDate, Status, TotalAmount) VALUES (155,'2025-09-28','Delivered',0);
INSERT INTO OrderLines(OrderID, ProductID, Qty, UnitPrice) VALUES (1548,3,1,306);
INSERT INTO OrderLines(OrderID, ProductID, Qty, UnitPrice) VALUES (1548,12,3,362);
INSERT INTO OrderLines(OrderID, ProductID, Qty, UnitPrice) VALUES (1548,34,3,111);
INSERT INTO OrderLines(OrderID, ProductID, Qty, UnitPrice) VALUES (1548,17,1,809);
UPDATE [Order] SET TotalAmount=2534 WHERE OrderID=1548;
INSERT INTO Payment(OrderID, PaymentDate, Amount, PaymentMethod, TransactionRef) VALUES (1548,'2025-09-30',2534,'Cash','TXN199178');
INSERT INTO [Order](CustomerID, OrderDate, Status, TotalAmount) VALUES (155,'2025-03-27','Shipped',0);
INSERT INTO OrderLines(OrderID, ProductID, Qty, UnitPrice) VALUES (1549,28,1,197);
INSERT INTO OrderLines(OrderID, ProductID, Qty, UnitPrice) VALUES (1549,8,1,423);
INSERT INTO OrderLines(OrderID, ProductID, Qty, UnitPrice) VALUES (1549,25,1,948);
INSERT INTO OrderLines(OrderID, ProductID, Qty, UnitPrice) VALUES (1549,43,1,559);
UPDATE [Order] SET TotalAmount=2127 WHERE OrderID=1549;
INSERT INTO Payment(OrderID, PaymentDate, Amount, PaymentMethod, TransactionRef) VALUES (1549,'2025-04-01',2127,'PayPal','TXN909247');
INSERT INTO [Order](CustomerID, OrderDate, Status, TotalAmount) VALUES (155,'2025-07-02','Cancelled',0);
INSERT INTO OrderLines(OrderID, ProductID, Qty, UnitPrice) VALUES (1550,44,2,546);
INSERT INTO OrderLines(OrderID, ProductID, Qty, UnitPrice) VALUES (1550,21,3,73);
INSERT INTO OrderLines(OrderID, ProductID, Qty, UnitPrice) VALUES (1550,18,3,659);
INSERT INTO OrderLines(OrderID, ProductID, Qty, UnitPrice) VALUES (1550,34,1,439);
UPDATE [Order] SET TotalAmount=3727 WHERE OrderID=1550;
INSERT INTO Payment(OrderID, PaymentDate, Amount, PaymentMethod, TransactionRef) VALUES (1550,'2025-07-03',3727,'Card','TXN528821');
INSERT INTO [Order](CustomerID, OrderDate, Status, TotalAmount) VALUES (156,'2025-10-24','Delivered',0);
INSERT INTO OrderLines(OrderID, ProductID, Qty, UnitPrice) VALUES (1551,48,2,1388);
INSERT INTO OrderLines(OrderID, ProductID, Qty, UnitPrice) VALUES (1551,25,2,642);
INSERT INTO OrderLines(OrderID, ProductID, Qty, UnitPrice) VALUES (1551,39,1,1442);
INSERT INTO OrderLines(OrderID, ProductID, Qty, UnitPrice) VALUES (1551,20,3,225);
UPDATE [Order] SET TotalAmount=6177 WHERE OrderID=1551;
INSERT INTO Payment(OrderID, PaymentDate, Amount, PaymentMethod, TransactionRef) VALUES (1551,'2025-10-27',6177,'Card','TXN243504');
INSERT INTO [Order](CustomerID, OrderDate, Status, TotalAmount) VALUES (156,'2025-10-29','Delivered',0);
INSERT INTO OrderLines(OrderID, ProductID, Qty, UnitPrice) VALUES (1552,42,3,961);
INSERT INTO OrderLines(OrderID, ProductID, Qty, UnitPrice) VALUES (1552,2,2,357);
INSERT INTO OrderLines(OrderID, ProductID, Qty, UnitPrice) VALUES (1552,9,1,406);
INSERT INTO OrderLines(OrderID, ProductID, Qty, UnitPrice) VALUES (1552,26,2,720);
UPDATE [Order] SET TotalAmount=5443 WHERE OrderID=1552;
INSERT INTO Payment(OrderID, PaymentDate, Amount, PaymentMethod, TransactionRef) VALUES (1552,'2025-11-01',5443,'Cash','TXN480144');
INSERT INTO [Order](CustomerID, OrderDate, Status, TotalAmount) VALUES (156,'2025-07-02','Delivered',0);
INSERT INTO OrderLines(OrderID, ProductID, Qty, UnitPrice) VALUES (1553,42,1,1023);
INSERT INTO OrderLines(OrderID, ProductID, Qty, UnitPrice) VALUES (1553,25,1,1024);
INSERT INTO OrderLines(OrderID, ProductID, Qty, UnitPrice) VALUES (1553,43,2,186);
INSERT INTO OrderLines(OrderID, ProductID, Qty, UnitPrice) VALUES (1553,5,3,1418);
UPDATE [Order] SET TotalAmount=6673 WHERE OrderID=1553;
INSERT INTO Payment(OrderID, PaymentDate, Amount, PaymentMethod, TransactionRef) VALUES (1553,'2025-07-06',6673,'Cash','TXN530840');
INSERT INTO [Order](CustomerID, OrderDate, Status, TotalAmount) VALUES (156,'2025-02-23','Shipped',0);
INSERT INTO OrderLines(OrderID, ProductID, Qty, UnitPrice) VALUES (1554,28,1,1319);
INSERT INTO OrderLines(OrderID, ProductID, Qty, UnitPrice) VALUES (1554,24,1,639);
INSERT INTO OrderLines(OrderID, ProductID, Qty, UnitPrice) VALUES (1554,28,2,397);
INSERT INTO OrderLines(OrderID, ProductID, Qty, UnitPrice) VALUES (1554,18,3,324);
UPDATE [Order] SET TotalAmount=3724 WHERE OrderID=1554;
INSERT INTO Payment(OrderID, PaymentDate, Amount, PaymentMethod, TransactionRef) VALUES (1554,'2025-02-25',3724,'Card','TXN494682');
INSERT INTO [Order](CustomerID, OrderDate, Status, TotalAmount) VALUES (156,'2025-04-04','Shipped',0);
INSERT INTO OrderLines(OrderID, ProductID, Qty, UnitPrice) VALUES (1555,50,1,751);
INSERT INTO OrderLines(OrderID, ProductID, Qty, UnitPrice) VALUES (1555,17,1,349);
INSERT INTO OrderLines(OrderID, ProductID, Qty, UnitPrice) VALUES (1555,22,2,1289);
INSERT INTO OrderLines(OrderID, ProductID, Qty, UnitPrice) VALUES (1555,19,3,51);
UPDATE [Order] SET TotalAmount=3831 WHERE OrderID=1555;
INSERT INTO Payment(OrderID, PaymentDate, Amount, PaymentMethod, TransactionRef) VALUES (1555,'2025-04-09',3831,'PayPal','TXN629984');
INSERT INTO [Order](CustomerID, OrderDate, Status, TotalAmount) VALUES (156,'2025-01-08','Shipped',0);
INSERT INTO OrderLines(OrderID, ProductID, Qty, UnitPrice) VALUES (1556,44,2,921);
INSERT INTO OrderLines(OrderID, ProductID, Qty, UnitPrice) VALUES (1556,19,3,363);
INSERT INTO OrderLines(OrderID, ProductID, Qty, UnitPrice) VALUES (1556,19,1,281);
INSERT INTO OrderLines(OrderID, ProductID, Qty, UnitPrice) VALUES (1556,28,1,517);
UPDATE [Order] SET TotalAmount=3729 WHERE OrderID=1556;
INSERT INTO Payment(OrderID, PaymentDate, Amount, PaymentMethod, TransactionRef) VALUES (1556,'2025-01-08',3729,'Cash','TXN186985');
INSERT INTO [Order](CustomerID, OrderDate, Status, TotalAmount) VALUES (156,'2025-03-01','Processing',0);
INSERT INTO OrderLines(OrderID, ProductID, Qty, UnitPrice) VALUES (1557,33,3,1023);
INSERT INTO OrderLines(OrderID, ProductID, Qty, UnitPrice) VALUES (1557,20,2,179);
INSERT INTO OrderLines(OrderID, ProductID, Qty, UnitPrice) VALUES (1557,13,3,222);
INSERT INTO OrderLines(OrderID, ProductID, Qty, UnitPrice) VALUES (1557,38,1,1129);
UPDATE [Order] SET TotalAmount=5222 WHERE OrderID=1557;
INSERT INTO Payment(OrderID, PaymentDate, Amount, PaymentMethod, TransactionRef) VALUES (1557,'2025-03-03',5222,'PayPal','TXN822462');
INSERT INTO [Order](CustomerID, OrderDate, Status, TotalAmount) VALUES (156,'2025-08-15','Delivered',0);
INSERT INTO OrderLines(OrderID, ProductID, Qty, UnitPrice) VALUES (1558,3,1,1460);
INSERT INTO OrderLines(OrderID, ProductID, Qty, UnitPrice) VALUES (1558,19,2,850);
INSERT INTO OrderLines(OrderID, ProductID, Qty, UnitPrice) VALUES (1558,15,1,524);
INSERT INTO OrderLines(OrderID, ProductID, Qty, UnitPrice) VALUES (1558,20,2,913);
UPDATE [Order] SET TotalAmount=5510 WHERE OrderID=1558;
INSERT INTO Payment(OrderID, PaymentDate, Amount, PaymentMethod, TransactionRef) VALUES (1558,'2025-08-15',5510,'Cash','TXN934751');
INSERT INTO [Order](CustomerID, OrderDate, Status, TotalAmount) VALUES (156,'2025-05-29','Cancelled',0);
INSERT INTO OrderLines(OrderID, ProductID, Qty, UnitPrice) VALUES (1559,1,2,805);
INSERT INTO OrderLines(OrderID, ProductID, Qty, UnitPrice) VALUES (1559,50,2,1168);
INSERT INTO OrderLines(OrderID, ProductID, Qty, UnitPrice) VALUES (1559,2,3,669);
INSERT INTO OrderLines(OrderID, ProductID, Qty, UnitPrice) VALUES (1559,33,2,760);
UPDATE [Order] SET TotalAmount=7473 WHERE OrderID=1559;
INSERT INTO Payment(OrderID, PaymentDate, Amount, PaymentMethod, TransactionRef) VALUES (1559,'2025-06-01',7473,'Cash','TXN312178');
INSERT INTO [Order](CustomerID, OrderDate, Status, TotalAmount) VALUES (156,'2025-12-19','Cancelled',0);
INSERT INTO OrderLines(OrderID, ProductID, Qty, UnitPrice) VALUES (1560,32,3,131);
INSERT INTO OrderLines(OrderID, ProductID, Qty, UnitPrice) VALUES (1560,7,2,1085);
INSERT INTO OrderLines(OrderID, ProductID, Qty, UnitPrice) VALUES (1560,33,3,1430);
INSERT INTO OrderLines(OrderID, ProductID, Qty, UnitPrice) VALUES (1560,45,1,268);
UPDATE [Order] SET TotalAmount=7121 WHERE OrderID=1560;
INSERT INTO Payment(OrderID, PaymentDate, Amount, PaymentMethod, TransactionRef) VALUES (1560,'2025-12-22',7121,'PayPal','TXN365701');
INSERT INTO [Order](CustomerID, OrderDate, Status, TotalAmount) VALUES (157,'2025-12-20','Shipped',0);
INSERT INTO OrderLines(OrderID, ProductID, Qty, UnitPrice) VALUES (1561,11,1,1317);
INSERT INTO OrderLines(OrderID, ProductID, Qty, UnitPrice) VALUES (1561,1,2,358);
INSERT INTO OrderLines(OrderID, ProductID, Qty, UnitPrice) VALUES (1561,16,1,1039);
INSERT INTO OrderLines(OrderID, ProductID, Qty, UnitPrice) VALUES (1561,7,2,256);
UPDATE [Order] SET TotalAmount=3584 WHERE OrderID=1561;
INSERT INTO Payment(OrderID, PaymentDate, Amount, PaymentMethod, TransactionRef) VALUES (1561,'2025-12-25',3584,'PayPal','TXN748605');
INSERT INTO [Order](CustomerID, OrderDate, Status, TotalAmount) VALUES (157,'2025-09-05','Cancelled',0);
INSERT INTO OrderLines(OrderID, ProductID, Qty, UnitPrice) VALUES (1562,45,1,333);
INSERT INTO OrderLines(OrderID, ProductID, Qty, UnitPrice) VALUES (1562,13,2,1440);
INSERT INTO OrderLines(OrderID, ProductID, Qty, UnitPrice) VALUES (1562,30,2,163);
INSERT INTO OrderLines(OrderID, ProductID, Qty, UnitPrice) VALUES (1562,21,1,1260);
UPDATE [Order] SET TotalAmount=4799 WHERE OrderID=1562;
INSERT INTO Payment(OrderID, PaymentDate, Amount, PaymentMethod, TransactionRef) VALUES (1562,'2025-09-08',4799,'PayPal','TXN291256');
INSERT INTO [Order](CustomerID, OrderDate, Status, TotalAmount) VALUES (157,'2025-01-15','Cancelled',0);
INSERT INTO OrderLines(OrderID, ProductID, Qty, UnitPrice) VALUES (1563,11,1,1011);
INSERT INTO OrderLines(OrderID, ProductID, Qty, UnitPrice) VALUES (1563,10,2,897);
INSERT INTO OrderLines(OrderID, ProductID, Qty, UnitPrice) VALUES (1563,1,3,666);
INSERT INTO OrderLines(OrderID, ProductID, Qty, UnitPrice) VALUES (1563,44,3,953);
UPDATE [Order] SET TotalAmount=7662 WHERE OrderID=1563;
INSERT INTO Payment(OrderID, PaymentDate, Amount, PaymentMethod, TransactionRef) VALUES (1563,'2025-01-20',7662,'Card','TXN674407');
INSERT INTO [Order](CustomerID, OrderDate, Status, TotalAmount) VALUES (157,'2025-02-18','Processing',0);
INSERT INTO OrderLines(OrderID, ProductID, Qty, UnitPrice) VALUES (1564,36,1,1311);
INSERT INTO OrderLines(OrderID, ProductID, Qty, UnitPrice) VALUES (1564,43,3,1047);
INSERT INTO OrderLines(OrderID, ProductID, Qty, UnitPrice) VALUES (1564,31,2,641);
INSERT INTO OrderLines(OrderID, ProductID, Qty, UnitPrice) VALUES (1564,3,1,798);
UPDATE [Order] SET TotalAmount=6532 WHERE OrderID=1564;
INSERT INTO Payment(OrderID, PaymentDate, Amount, PaymentMethod, TransactionRef) VALUES (1564,'2025-02-22',6532,'Cash','TXN405013');
INSERT INTO [Order](CustomerID, OrderDate, Status, TotalAmount) VALUES (157,'2025-07-22','Shipped',0);
INSERT INTO OrderLines(OrderID, ProductID, Qty, UnitPrice) VALUES (1565,1,2,1399);
INSERT INTO OrderLines(OrderID, ProductID, Qty, UnitPrice) VALUES (1565,30,1,906);
INSERT INTO OrderLines(OrderID, ProductID, Qty, UnitPrice) VALUES (1565,39,2,979);
INSERT INTO OrderLines(OrderID, ProductID, Qty, UnitPrice) VALUES (1565,35,2,704);
UPDATE [Order] SET TotalAmount=7070 WHERE OrderID=1565;
INSERT INTO Payment(OrderID, PaymentDate, Amount, PaymentMethod, TransactionRef) VALUES (1565,'2025-07-27',7070,'Card','TXN380582');
INSERT INTO [Order](CustomerID, OrderDate, Status, TotalAmount) VALUES (157,'2025-03-20','Delivered',0);
INSERT INTO OrderLines(OrderID, ProductID, Qty, UnitPrice) VALUES (1566,16,1,1151);
INSERT INTO OrderLines(OrderID, ProductID, Qty, UnitPrice) VALUES (1566,36,1,57);
INSERT INTO OrderLines(OrderID, ProductID, Qty, UnitPrice) VALUES (1566,9,2,254);
INSERT INTO OrderLines(OrderID, ProductID, Qty, UnitPrice) VALUES (1566,25,1,1406);
UPDATE [Order] SET TotalAmount=3122 WHERE OrderID=1566;
INSERT INTO Payment(OrderID, PaymentDate, Amount, PaymentMethod, TransactionRef) VALUES (1566,'2025-03-25',3122,'Card','TXN341657');
INSERT INTO [Order](CustomerID, OrderDate, Status, TotalAmount) VALUES (157,'2025-10-13','Processing',0);
INSERT INTO OrderLines(OrderID, ProductID, Qty, UnitPrice) VALUES (1567,35,3,1242);
INSERT INTO OrderLines(OrderID, ProductID, Qty, UnitPrice) VALUES (1567,42,3,264);
INSERT INTO OrderLines(OrderID, ProductID, Qty, UnitPrice) VALUES (1567,42,3,1463);
INSERT INTO OrderLines(OrderID, ProductID, Qty, UnitPrice) VALUES (1567,8,3,1460);
UPDATE [Order] SET TotalAmount=13287 WHERE OrderID=1567;
INSERT INTO Payment(OrderID, PaymentDate, Amount, PaymentMethod, TransactionRef) VALUES (1567,'2025-10-16',13287,'Card','TXN444121');
INSERT INTO [Order](CustomerID, OrderDate, Status, TotalAmount) VALUES (157,'2025-06-29','Delivered',0);
INSERT INTO OrderLines(OrderID, ProductID, Qty, UnitPrice) VALUES (1568,17,3,271);
INSERT INTO OrderLines(OrderID, ProductID, Qty, UnitPrice) VALUES (1568,16,2,993);
INSERT INTO OrderLines(OrderID, ProductID, Qty, UnitPrice) VALUES (1568,49,1,1125);
INSERT INTO OrderLines(OrderID, ProductID, Qty, UnitPrice) VALUES (1568,37,2,709);
UPDATE [Order] SET TotalAmount=5342 WHERE OrderID=1568;
INSERT INTO Payment(OrderID, PaymentDate, Amount, PaymentMethod, TransactionRef) VALUES (1568,'2025-06-30',5342,'Cash','TXN595488');
INSERT INTO [Order](CustomerID, OrderDate, Status, TotalAmount) VALUES (157,'2025-04-06','Shipped',0);
INSERT INTO OrderLines(OrderID, ProductID, Qty, UnitPrice) VALUES (1569,29,3,1287);
INSERT INTO OrderLines(OrderID, ProductID, Qty, UnitPrice) VALUES (1569,11,3,820);
INSERT INTO OrderLines(OrderID, ProductID, Qty, UnitPrice) VALUES (1569,8,3,953);
INSERT INTO OrderLines(OrderID, ProductID, Qty, UnitPrice) VALUES (1569,34,1,556);
UPDATE [Order] SET TotalAmount=9736 WHERE OrderID=1569;
INSERT INTO Payment(OrderID, PaymentDate, Amount, PaymentMethod, TransactionRef) VALUES (1569,'2025-04-11',9736,'PayPal','TXN474758');
INSERT INTO [Order](CustomerID, OrderDate, Status, TotalAmount) VALUES (157,'2025-05-10','Processing',0);
INSERT INTO OrderLines(OrderID, ProductID, Qty, UnitPrice) VALUES (1570,40,3,583);
INSERT INTO OrderLines(OrderID, ProductID, Qty, UnitPrice) VALUES (1570,37,3,1317);
INSERT INTO OrderLines(OrderID, ProductID, Qty, UnitPrice) VALUES (1570,10,3,1107);
INSERT INTO OrderLines(OrderID, ProductID, Qty, UnitPrice) VALUES (1570,43,3,524);
UPDATE [Order] SET TotalAmount=10593 WHERE OrderID=1570;
INSERT INTO Payment(OrderID, PaymentDate, Amount, PaymentMethod, TransactionRef) VALUES (1570,'2025-05-15',10593,'Cash','TXN412111');
INSERT INTO [Order](CustomerID, OrderDate, Status, TotalAmount) VALUES (158,'2025-10-28','Delivered',0);
INSERT INTO OrderLines(OrderID, ProductID, Qty, UnitPrice) VALUES (1571,37,2,150);
INSERT INTO OrderLines(OrderID, ProductID, Qty, UnitPrice) VALUES (1571,9,1,890);
INSERT INTO OrderLines(OrderID, ProductID, Qty, UnitPrice) VALUES (1571,19,3,461);
INSERT INTO OrderLines(OrderID, ProductID, Qty, UnitPrice) VALUES (1571,13,3,1448);
UPDATE [Order] SET TotalAmount=6917 WHERE OrderID=1571;
INSERT INTO Payment(OrderID, PaymentDate, Amount, PaymentMethod, TransactionRef) VALUES (1571,'2025-11-02',6917,'PayPal','TXN741080');
INSERT INTO [Order](CustomerID, OrderDate, Status, TotalAmount) VALUES (158,'2025-11-05','Shipped',0);
INSERT INTO OrderLines(OrderID, ProductID, Qty, UnitPrice) VALUES (1572,28,1,229);
INSERT INTO OrderLines(OrderID, ProductID, Qty, UnitPrice) VALUES (1572,19,2,266);
INSERT INTO OrderLines(OrderID, ProductID, Qty, UnitPrice) VALUES (1572,34,1,1181);
INSERT INTO OrderLines(OrderID, ProductID, Qty, UnitPrice) VALUES (1572,46,3,738);
UPDATE [Order] SET TotalAmount=4156 WHERE OrderID=1572;
INSERT INTO Payment(OrderID, PaymentDate, Amount, PaymentMethod, TransactionRef) VALUES (1572,'2025-11-10',4156,'Cash','TXN222832');
INSERT INTO [Order](CustomerID, OrderDate, Status, TotalAmount) VALUES (158,'2025-02-04','Processing',0);
INSERT INTO OrderLines(OrderID, ProductID, Qty, UnitPrice) VALUES (1573,4,3,466);
INSERT INTO OrderLines(OrderID, ProductID, Qty, UnitPrice) VALUES (1573,42,1,431);
INSERT INTO OrderLines(OrderID, ProductID, Qty, UnitPrice) VALUES (1573,36,2,1059);
INSERT INTO OrderLines(OrderID, ProductID, Qty, UnitPrice) VALUES (1573,36,3,219);
UPDATE [Order] SET TotalAmount=4604 WHERE OrderID=1573;
INSERT INTO Payment(OrderID, PaymentDate, Amount, PaymentMethod, TransactionRef) VALUES (1573,'2025-02-05',4604,'Card','TXN385187');
INSERT INTO [Order](CustomerID, OrderDate, Status, TotalAmount) VALUES (158,'2025-01-10','Delivered',0);
INSERT INTO OrderLines(OrderID, ProductID, Qty, UnitPrice) VALUES (1574,44,1,761);
INSERT INTO OrderLines(OrderID, ProductID, Qty, UnitPrice) VALUES (1574,42,3,747);
INSERT INTO OrderLines(OrderID, ProductID, Qty, UnitPrice) VALUES (1574,31,3,1095);
INSERT INTO OrderLines(OrderID, ProductID, Qty, UnitPrice) VALUES (1574,27,3,394);
UPDATE [Order] SET TotalAmount=7469 WHERE OrderID=1574;
INSERT INTO Payment(OrderID, PaymentDate, Amount, PaymentMethod, TransactionRef) VALUES (1574,'2025-01-12',7469,'Card','TXN709264');
INSERT INTO [Order](CustomerID, OrderDate, Status, TotalAmount) VALUES (158,'2025-03-27','Cancelled',0);
INSERT INTO OrderLines(OrderID, ProductID, Qty, UnitPrice) VALUES (1575,11,3,814);
INSERT INTO OrderLines(OrderID, ProductID, Qty, UnitPrice) VALUES (1575,38,2,552);
INSERT INTO OrderLines(OrderID, ProductID, Qty, UnitPrice) VALUES (1575,48,3,1132);
INSERT INTO OrderLines(OrderID, ProductID, Qty, UnitPrice) VALUES (1575,24,2,974);
UPDATE [Order] SET TotalAmount=8890 WHERE OrderID=1575;
INSERT INTO Payment(OrderID, PaymentDate, Amount, PaymentMethod, TransactionRef) VALUES (1575,'2025-03-29',8890,'Cash','TXN523528');
INSERT INTO [Order](CustomerID, OrderDate, Status, TotalAmount) VALUES (158,'2025-09-07','Processing',0);
INSERT INTO OrderLines(OrderID, ProductID, Qty, UnitPrice) VALUES (1576,8,1,1301);
INSERT INTO OrderLines(OrderID, ProductID, Qty, UnitPrice) VALUES (1576,27,2,775);
INSERT INTO OrderLines(OrderID, ProductID, Qty, UnitPrice) VALUES (1576,39,3,410);
INSERT INTO OrderLines(OrderID, ProductID, Qty, UnitPrice) VALUES (1576,47,1,880);
UPDATE [Order] SET TotalAmount=4961 WHERE OrderID=1576;
INSERT INTO Payment(OrderID, PaymentDate, Amount, PaymentMethod, TransactionRef) VALUES (1576,'2025-09-12',4961,'Cash','TXN470347');
INSERT INTO [Order](CustomerID, OrderDate, Status, TotalAmount) VALUES (158,'2025-04-08','Shipped',0);
INSERT INTO OrderLines(OrderID, ProductID, Qty, UnitPrice) VALUES (1577,18,1,988);
INSERT INTO OrderLines(OrderID, ProductID, Qty, UnitPrice) VALUES (1577,18,3,1274);
INSERT INTO OrderLines(OrderID, ProductID, Qty, UnitPrice) VALUES (1577,39,3,1271);
INSERT INTO OrderLines(OrderID, ProductID, Qty, UnitPrice) VALUES (1577,18,2,742);
UPDATE [Order] SET TotalAmount=10107 WHERE OrderID=1577;
INSERT INTO Payment(OrderID, PaymentDate, Amount, PaymentMethod, TransactionRef) VALUES (1577,'2025-04-12',10107,'Card','TXN780289');
INSERT INTO [Order](CustomerID, OrderDate, Status, TotalAmount) VALUES (158,'2025-07-31','Processing',0);
INSERT INTO OrderLines(OrderID, ProductID, Qty, UnitPrice) VALUES (1578,43,3,494);
INSERT INTO OrderLines(OrderID, ProductID, Qty, UnitPrice) VALUES (1578,8,1,685);
INSERT INTO OrderLines(OrderID, ProductID, Qty, UnitPrice) VALUES (1578,40,3,702);
INSERT INTO OrderLines(OrderID, ProductID, Qty, UnitPrice) VALUES (1578,11,1,906);
UPDATE [Order] SET TotalAmount=5179 WHERE OrderID=1578;
INSERT INTO Payment(OrderID, PaymentDate, Amount, PaymentMethod, TransactionRef) VALUES (1578,'2025-08-05',5179,'Cash','TXN298440');
INSERT INTO [Order](CustomerID, OrderDate, Status, TotalAmount) VALUES (158,'2025-12-10','Shipped',0);
INSERT INTO OrderLines(OrderID, ProductID, Qty, UnitPrice) VALUES (1579,12,2,329);
INSERT INTO OrderLines(OrderID, ProductID, Qty, UnitPrice) VALUES (1579,44,3,1152);
INSERT INTO OrderLines(OrderID, ProductID, Qty, UnitPrice) VALUES (1579,16,1,107);
INSERT INTO OrderLines(OrderID, ProductID, Qty, UnitPrice) VALUES (1579,30,3,770);
UPDATE [Order] SET TotalAmount=6531 WHERE OrderID=1579;
INSERT INTO Payment(OrderID, PaymentDate, Amount, PaymentMethod, TransactionRef) VALUES (1579,'2025-12-11',6531,'PayPal','TXN609799');
INSERT INTO [Order](CustomerID, OrderDate, Status, TotalAmount) VALUES (158,'2025-12-03','Processing',0);
INSERT INTO OrderLines(OrderID, ProductID, Qty, UnitPrice) VALUES (1580,33,2,214);
INSERT INTO OrderLines(OrderID, ProductID, Qty, UnitPrice) VALUES (1580,5,3,965);
INSERT INTO OrderLines(OrderID, ProductID, Qty, UnitPrice) VALUES (1580,15,3,1491);
INSERT INTO OrderLines(OrderID, ProductID, Qty, UnitPrice) VALUES (1580,15,3,1386);
UPDATE [Order] SET TotalAmount=11954 WHERE OrderID=1580;
INSERT INTO Payment(OrderID, PaymentDate, Amount, PaymentMethod, TransactionRef) VALUES (1580,'2025-12-06',11954,'PayPal','TXN740512');
INSERT INTO [Order](CustomerID, OrderDate, Status, TotalAmount) VALUES (159,'2025-12-23','Processing',0);
INSERT INTO OrderLines(OrderID, ProductID, Qty, UnitPrice) VALUES (1581,40,2,998);
INSERT INTO OrderLines(OrderID, ProductID, Qty, UnitPrice) VALUES (1581,19,1,709);
INSERT INTO OrderLines(OrderID, ProductID, Qty, UnitPrice) VALUES (1581,18,1,1157);
INSERT INTO OrderLines(OrderID, ProductID, Qty, UnitPrice) VALUES (1581,31,3,242);
UPDATE [Order] SET TotalAmount=4588 WHERE OrderID=1581;
INSERT INTO Payment(OrderID, PaymentDate, Amount, PaymentMethod, TransactionRef) VALUES (1581,'2025-12-23',4588,'Cash','TXN814331');
INSERT INTO [Order](CustomerID, OrderDate, Status, TotalAmount) VALUES (159,'2025-08-31','Processing',0);
INSERT INTO OrderLines(OrderID, ProductID, Qty, UnitPrice) VALUES (1582,36,2,258);
INSERT INTO OrderLines(OrderID, ProductID, Qty, UnitPrice) VALUES (1582,8,1,859);
INSERT INTO OrderLines(OrderID, ProductID, Qty, UnitPrice) VALUES (1582,42,3,909);
INSERT INTO OrderLines(OrderID, ProductID, Qty, UnitPrice) VALUES (1582,49,2,1442);
UPDATE [Order] SET TotalAmount=6986 WHERE OrderID=1582;
INSERT INTO Payment(OrderID, PaymentDate, Amount, PaymentMethod, TransactionRef) VALUES (1582,'2025-09-05',6986,'Cash','TXN735382');
INSERT INTO [Order](CustomerID, OrderDate, Status, TotalAmount) VALUES (159,'2025-06-28','Cancelled',0);
INSERT INTO OrderLines(OrderID, ProductID, Qty, UnitPrice) VALUES (1583,13,3,1302);
INSERT INTO OrderLines(OrderID, ProductID, Qty, UnitPrice) VALUES (1583,21,2,740);
INSERT INTO OrderLines(OrderID, ProductID, Qty, UnitPrice) VALUES (1583,32,3,1246);
INSERT INTO OrderLines(OrderID, ProductID, Qty, UnitPrice) VALUES (1583,39,3,888);
UPDATE [Order] SET TotalAmount=11788 WHERE OrderID=1583;
INSERT INTO Payment(OrderID, PaymentDate, Amount, PaymentMethod, TransactionRef) VALUES (1583,'2025-07-03',11788,'Cash','TXN998528');
INSERT INTO [Order](CustomerID, OrderDate, Status, TotalAmount) VALUES (159,'2025-07-29','Delivered',0);
INSERT INTO OrderLines(OrderID, ProductID, Qty, UnitPrice) VALUES (1584,40,2,222);
INSERT INTO OrderLines(OrderID, ProductID, Qty, UnitPrice) VALUES (1584,37,3,165);
INSERT INTO OrderLines(OrderID, ProductID, Qty, UnitPrice) VALUES (1584,26,1,1150);
INSERT INTO OrderLines(OrderID, ProductID, Qty, UnitPrice) VALUES (1584,50,1,714);
UPDATE [Order] SET TotalAmount=2803 WHERE OrderID=1584;
INSERT INTO Payment(OrderID, PaymentDate, Amount, PaymentMethod, TransactionRef) VALUES (1584,'2025-08-02',2803,'Card','TXN570266');
INSERT INTO [Order](CustomerID, OrderDate, Status, TotalAmount) VALUES (159,'2025-11-02','Cancelled',0);
INSERT INTO OrderLines(OrderID, ProductID, Qty, UnitPrice) VALUES (1585,47,3,1101);
INSERT INTO OrderLines(OrderID, ProductID, Qty, UnitPrice) VALUES (1585,25,3,255);
INSERT INTO OrderLines(OrderID, ProductID, Qty, UnitPrice) VALUES (1585,31,3,1130);
INSERT INTO OrderLines(OrderID, ProductID, Qty, UnitPrice) VALUES (1585,32,1,266);
UPDATE [Order] SET TotalAmount=7724 WHERE OrderID=1585;
INSERT INTO Payment(OrderID, PaymentDate, Amount, PaymentMethod, TransactionRef) VALUES (1585,'2025-11-07',7724,'Card','TXN524966');
INSERT INTO [Order](CustomerID, OrderDate, Status, TotalAmount) VALUES (159,'2025-07-02','Cancelled',0);
INSERT INTO OrderLines(OrderID, ProductID, Qty, UnitPrice) VALUES (1586,10,2,354);
INSERT INTO OrderLines(OrderID, ProductID, Qty, UnitPrice) VALUES (1586,49,3,1409);
INSERT INTO OrderLines(OrderID, ProductID, Qty, UnitPrice) VALUES (1586,3,2,33);
INSERT INTO OrderLines(OrderID, ProductID, Qty, UnitPrice) VALUES (1586,34,1,953);
UPDATE [Order] SET TotalAmount=5954 WHERE OrderID=1586;
INSERT INTO Payment(OrderID, PaymentDate, Amount, PaymentMethod, TransactionRef) VALUES (1586,'2025-07-04',5954,'Card','TXN553022');
INSERT INTO [Order](CustomerID, OrderDate, Status, TotalAmount) VALUES (159,'2025-02-17','Shipped',0);
INSERT INTO OrderLines(OrderID, ProductID, Qty, UnitPrice) VALUES (1587,35,3,328);
INSERT INTO OrderLines(OrderID, ProductID, Qty, UnitPrice) VALUES (1587,24,1,917);
INSERT INTO OrderLines(OrderID, ProductID, Qty, UnitPrice) VALUES (1587,37,2,1247);
INSERT INTO OrderLines(OrderID, ProductID, Qty, UnitPrice) VALUES (1587,33,2,121);
UPDATE [Order] SET TotalAmount=4637 WHERE OrderID=1587;
INSERT INTO Payment(OrderID, PaymentDate, Amount, PaymentMethod, TransactionRef) VALUES (1587,'2025-02-18',4637,'Card','TXN405045');
INSERT INTO [Order](CustomerID, OrderDate, Status, TotalAmount) VALUES (159,'2025-08-25','Delivered',0);
INSERT INTO OrderLines(OrderID, ProductID, Qty, UnitPrice) VALUES (1588,50,3,364);
INSERT INTO OrderLines(OrderID, ProductID, Qty, UnitPrice) VALUES (1588,15,2,1241);
INSERT INTO OrderLines(OrderID, ProductID, Qty, UnitPrice) VALUES (1588,15,1,761);
INSERT INTO OrderLines(OrderID, ProductID, Qty, UnitPrice) VALUES (1588,29,3,243);
UPDATE [Order] SET TotalAmount=5064 WHERE OrderID=1588;
INSERT INTO Payment(OrderID, PaymentDate, Amount, PaymentMethod, TransactionRef) VALUES (1588,'2025-08-26',5064,'Card','TXN665730');
INSERT INTO [Order](CustomerID, OrderDate, Status, TotalAmount) VALUES (159,'2025-07-05','Processing',0);
INSERT INTO OrderLines(OrderID, ProductID, Qty, UnitPrice) VALUES (1589,2,3,773);
INSERT INTO OrderLines(OrderID, ProductID, Qty, UnitPrice) VALUES (1589,18,1,893);
INSERT INTO OrderLines(OrderID, ProductID, Qty, UnitPrice) VALUES (1589,48,2,532);
INSERT INTO OrderLines(OrderID, ProductID, Qty, UnitPrice) VALUES (1589,48,2,509);
UPDATE [Order] SET TotalAmount=5294 WHERE OrderID=1589;
INSERT INTO Payment(OrderID, PaymentDate, Amount, PaymentMethod, TransactionRef) VALUES (1589,'2025-07-06',5294,'PayPal','TXN902846');
INSERT INTO [Order](CustomerID, OrderDate, Status, TotalAmount) VALUES (159,'2025-08-17','Cancelled',0);
INSERT INTO OrderLines(OrderID, ProductID, Qty, UnitPrice) VALUES (1590,13,2,545);
INSERT INTO OrderLines(OrderID, ProductID, Qty, UnitPrice) VALUES (1590,50,2,1338);
INSERT INTO OrderLines(OrderID, ProductID, Qty, UnitPrice) VALUES (1590,15,1,311);
INSERT INTO OrderLines(OrderID, ProductID, Qty, UnitPrice) VALUES (1590,21,2,1175);
UPDATE [Order] SET TotalAmount=6427 WHERE OrderID=1590;
INSERT INTO Payment(OrderID, PaymentDate, Amount, PaymentMethod, TransactionRef) VALUES (1590,'2025-08-22',6427,'PayPal','TXN333594');
INSERT INTO [Order](CustomerID, OrderDate, Status, TotalAmount) VALUES (160,'2025-07-13','Shipped',0);
INSERT INTO OrderLines(OrderID, ProductID, Qty, UnitPrice) VALUES (1591,45,2,665);
INSERT INTO OrderLines(OrderID, ProductID, Qty, UnitPrice) VALUES (1591,48,3,598);
INSERT INTO OrderLines(OrderID, ProductID, Qty, UnitPrice) VALUES (1591,17,1,1132);
INSERT INTO OrderLines(OrderID, ProductID, Qty, UnitPrice) VALUES (1591,13,3,619);
UPDATE [Order] SET TotalAmount=6113 WHERE OrderID=1591;
INSERT INTO Payment(OrderID, PaymentDate, Amount, PaymentMethod, TransactionRef) VALUES (1591,'2025-07-14',6113,'PayPal','TXN868265');
INSERT INTO [Order](CustomerID, OrderDate, Status, TotalAmount) VALUES (160,'2025-03-13','Cancelled',0);
INSERT INTO OrderLines(OrderID, ProductID, Qty, UnitPrice) VALUES (1592,32,3,1180);
INSERT INTO OrderLines(OrderID, ProductID, Qty, UnitPrice) VALUES (1592,18,3,153);
INSERT INTO OrderLines(OrderID, ProductID, Qty, UnitPrice) VALUES (1592,46,2,950);
INSERT INTO OrderLines(OrderID, ProductID, Qty, UnitPrice) VALUES (1592,46,2,124);
UPDATE [Order] SET TotalAmount=6147 WHERE OrderID=1592;
INSERT INTO Payment(OrderID, PaymentDate, Amount, PaymentMethod, TransactionRef) VALUES (1592,'2025-03-17',6147,'Card','TXN187763');
INSERT INTO [Order](CustomerID, OrderDate, Status, TotalAmount) VALUES (160,'2025-10-31','Shipped',0);
INSERT INTO OrderLines(OrderID, ProductID, Qty, UnitPrice) VALUES (1593,22,1,895);
INSERT INTO OrderLines(OrderID, ProductID, Qty, UnitPrice) VALUES (1593,41,1,852);
INSERT INTO OrderLines(OrderID, ProductID, Qty, UnitPrice) VALUES (1593,17,2,668);
INSERT INTO OrderLines(OrderID, ProductID, Qty, UnitPrice) VALUES (1593,24,3,861);
UPDATE [Order] SET TotalAmount=5666 WHERE OrderID=1593;
INSERT INTO Payment(OrderID, PaymentDate, Amount, PaymentMethod, TransactionRef) VALUES (1593,'2025-11-02',5666,'PayPal','TXN244693');
INSERT INTO [Order](CustomerID, OrderDate, Status, TotalAmount) VALUES (160,'2025-07-16','Cancelled',0);
INSERT INTO OrderLines(OrderID, ProductID, Qty, UnitPrice) VALUES (1594,36,1,1297);
INSERT INTO OrderLines(OrderID, ProductID, Qty, UnitPrice) VALUES (1594,16,1,1031);
INSERT INTO OrderLines(OrderID, ProductID, Qty, UnitPrice) VALUES (1594,14,2,367);
INSERT INTO OrderLines(OrderID, ProductID, Qty, UnitPrice) VALUES (1594,23,1,1051);
UPDATE [Order] SET TotalAmount=4113 WHERE OrderID=1594;
INSERT INTO Payment(OrderID, PaymentDate, Amount, PaymentMethod, TransactionRef) VALUES (1594,'2025-07-19',4113,'Cash','TXN455384');
INSERT INTO [Order](CustomerID, OrderDate, Status, TotalAmount) VALUES (160,'2025-08-29','Processing',0);
INSERT INTO OrderLines(OrderID, ProductID, Qty, UnitPrice) VALUES (1595,32,2,588);
INSERT INTO OrderLines(OrderID, ProductID, Qty, UnitPrice) VALUES (1595,24,2,172);
INSERT INTO OrderLines(OrderID, ProductID, Qty, UnitPrice) VALUES (1595,18,2,200);
INSERT INTO OrderLines(OrderID, ProductID, Qty, UnitPrice) VALUES (1595,38,3,1497);
UPDATE [Order] SET TotalAmount=6411 WHERE OrderID=1595;
INSERT INTO Payment(OrderID, PaymentDate, Amount, PaymentMethod, TransactionRef) VALUES (1595,'2025-09-02',6411,'PayPal','TXN855600');
INSERT INTO [Order](CustomerID, OrderDate, Status, TotalAmount) VALUES (160,'2025-12-10','Delivered',0);
INSERT INTO OrderLines(OrderID, ProductID, Qty, UnitPrice) VALUES (1596,24,1,827);
INSERT INTO OrderLines(OrderID, ProductID, Qty, UnitPrice) VALUES (1596,25,1,1182);
INSERT INTO OrderLines(OrderID, ProductID, Qty, UnitPrice) VALUES (1596,30,1,381);
INSERT INTO OrderLines(OrderID, ProductID, Qty, UnitPrice) VALUES (1596,38,1,838);
UPDATE [Order] SET TotalAmount=3228 WHERE OrderID=1596;
INSERT INTO Payment(OrderID, PaymentDate, Amount, PaymentMethod, TransactionRef) VALUES (1596,'2025-12-15',3228,'PayPal','TXN302466');
INSERT INTO [Order](CustomerID, OrderDate, Status, TotalAmount) VALUES (160,'2025-11-17','Shipped',0);
INSERT INTO OrderLines(OrderID, ProductID, Qty, UnitPrice) VALUES (1597,1,2,29);
INSERT INTO OrderLines(OrderID, ProductID, Qty, UnitPrice) VALUES (1597,39,3,1205);
INSERT INTO OrderLines(OrderID, ProductID, Qty, UnitPrice) VALUES (1597,31,2,1134);
INSERT INTO OrderLines(OrderID, ProductID, Qty, UnitPrice) VALUES (1597,44,2,160);
UPDATE [Order] SET TotalAmount=6261 WHERE OrderID=1597;
INSERT INTO Payment(OrderID, PaymentDate, Amount, PaymentMethod, TransactionRef) VALUES (1597,'2025-11-20',6261,'PayPal','TXN831989');
INSERT INTO [Order](CustomerID, OrderDate, Status, TotalAmount) VALUES (160,'2025-09-17','Cancelled',0);
INSERT INTO OrderLines(OrderID, ProductID, Qty, UnitPrice) VALUES (1598,42,1,491);
INSERT INTO OrderLines(OrderID, ProductID, Qty, UnitPrice) VALUES (1598,1,1,991);
INSERT INTO OrderLines(OrderID, ProductID, Qty, UnitPrice) VALUES (1598,31,1,1094);
INSERT INTO OrderLines(OrderID, ProductID, Qty, UnitPrice) VALUES (1598,46,2,387);
UPDATE [Order] SET TotalAmount=3350 WHERE OrderID=1598;
INSERT INTO Payment(OrderID, PaymentDate, Amount, PaymentMethod, TransactionRef) VALUES (1598,'2025-09-22',3350,'PayPal','TXN261602');
INSERT INTO [Order](CustomerID, OrderDate, Status, TotalAmount) VALUES (160,'2025-10-25','Cancelled',0);
INSERT INTO OrderLines(OrderID, ProductID, Qty, UnitPrice) VALUES (1599,45,1,657);
INSERT INTO OrderLines(OrderID, ProductID, Qty, UnitPrice) VALUES (1599,14,2,798);
INSERT INTO OrderLines(OrderID, ProductID, Qty, UnitPrice) VALUES (1599,43,2,1223);
INSERT INTO OrderLines(OrderID, ProductID, Qty, UnitPrice) VALUES (1599,30,2,782);
UPDATE [Order] SET TotalAmount=6263 WHERE OrderID=1599;
INSERT INTO Payment(OrderID, PaymentDate, Amount, PaymentMethod, TransactionRef) VALUES (1599,'2025-10-30',6263,'Card','TXN990120');
INSERT INTO [Order](CustomerID, OrderDate, Status, TotalAmount) VALUES (160,'2025-04-17','Shipped',0);
INSERT INTO OrderLines(OrderID, ProductID, Qty, UnitPrice) VALUES (1600,20,2,1377);
INSERT INTO OrderLines(OrderID, ProductID, Qty, UnitPrice) VALUES (1600,12,2,1429);
INSERT INTO OrderLines(OrderID, ProductID, Qty, UnitPrice) VALUES (1600,30,2,36);
INSERT INTO OrderLines(OrderID, ProductID, Qty, UnitPrice) VALUES (1600,29,3,236);
UPDATE [Order] SET TotalAmount=6392 WHERE OrderID=1600;
INSERT INTO Payment(OrderID, PaymentDate, Amount, PaymentMethod, TransactionRef) VALUES (1600,'2025-04-17',6392,'Card','TXN324086');
INSERT INTO [Order](CustomerID, OrderDate, Status, TotalAmount) VALUES (161,'2025-10-16','Delivered',0);
INSERT INTO OrderLines(OrderID, ProductID, Qty, UnitPrice) VALUES (1601,27,3,689);
INSERT INTO OrderLines(OrderID, ProductID, Qty, UnitPrice) VALUES (1601,31,1,1422);
INSERT INTO OrderLines(OrderID, ProductID, Qty, UnitPrice) VALUES (1601,42,3,174);
INSERT INTO OrderLines(OrderID, ProductID, Qty, UnitPrice) VALUES (1601,19,3,321);
UPDATE [Order] SET TotalAmount=4974 WHERE OrderID=1601;
INSERT INTO Payment(OrderID, PaymentDate, Amount, PaymentMethod, TransactionRef) VALUES (1601,'2025-10-17',4974,'PayPal','TXN289766');
INSERT INTO [Order](CustomerID, OrderDate, Status, TotalAmount) VALUES (161,'2025-02-20','Processing',0);
INSERT INTO OrderLines(OrderID, ProductID, Qty, UnitPrice) VALUES (1602,44,2,167);
INSERT INTO OrderLines(OrderID, ProductID, Qty, UnitPrice) VALUES (1602,30,3,865);
INSERT INTO OrderLines(OrderID, ProductID, Qty, UnitPrice) VALUES (1602,46,3,234);
INSERT INTO OrderLines(OrderID, ProductID, Qty, UnitPrice) VALUES (1602,39,2,1208);
UPDATE [Order] SET TotalAmount=6047 WHERE OrderID=1602;
INSERT INTO Payment(OrderID, PaymentDate, Amount, PaymentMethod, TransactionRef) VALUES (1602,'2025-02-21',6047,'Card','TXN896607');
INSERT INTO [Order](CustomerID, OrderDate, Status, TotalAmount) VALUES (161,'2025-11-17','Shipped',0);
INSERT INTO OrderLines(OrderID, ProductID, Qty, UnitPrice) VALUES (1603,12,1,360);
INSERT INTO OrderLines(OrderID, ProductID, Qty, UnitPrice) VALUES (1603,29,2,640);
INSERT INTO OrderLines(OrderID, ProductID, Qty, UnitPrice) VALUES (1603,41,2,1402);
INSERT INTO OrderLines(OrderID, ProductID, Qty, UnitPrice) VALUES (1603,28,1,986);
UPDATE [Order] SET TotalAmount=5430 WHERE OrderID=1603;
INSERT INTO Payment(OrderID, PaymentDate, Amount, PaymentMethod, TransactionRef) VALUES (1603,'2025-11-22',5430,'Card','TXN749526');
INSERT INTO [Order](CustomerID, OrderDate, Status, TotalAmount) VALUES (161,'2025-11-27','Shipped',0);
INSERT INTO OrderLines(OrderID, ProductID, Qty, UnitPrice) VALUES (1604,31,2,1140);
INSERT INTO OrderLines(OrderID, ProductID, Qty, UnitPrice) VALUES (1604,45,2,157);
INSERT INTO OrderLines(OrderID, ProductID, Qty, UnitPrice) VALUES (1604,6,1,711);
INSERT INTO OrderLines(OrderID, ProductID, Qty, UnitPrice) VALUES (1604,17,1,891);
UPDATE [Order] SET TotalAmount=4196 WHERE OrderID=1604;
INSERT INTO Payment(OrderID, PaymentDate, Amount, PaymentMethod, TransactionRef) VALUES (1604,'2025-11-29',4196,'Cash','TXN160652');
INSERT INTO [Order](CustomerID, OrderDate, Status, TotalAmount) VALUES (161,'2025-03-04','Shipped',0);
INSERT INTO OrderLines(OrderID, ProductID, Qty, UnitPrice) VALUES (1605,12,1,599);
INSERT INTO OrderLines(OrderID, ProductID, Qty, UnitPrice) VALUES (1605,41,3,1236);
INSERT INTO OrderLines(OrderID, ProductID, Qty, UnitPrice) VALUES (1605,11,1,683);
INSERT INTO OrderLines(OrderID, ProductID, Qty, UnitPrice) VALUES (1605,14,3,807);
UPDATE [Order] SET TotalAmount=7411 WHERE OrderID=1605;
INSERT INTO Payment(OrderID, PaymentDate, Amount, PaymentMethod, TransactionRef) VALUES (1605,'2025-03-06',7411,'Card','TXN499824');
INSERT INTO [Order](CustomerID, OrderDate, Status, TotalAmount) VALUES (161,'2025-01-17','Cancelled',0);
INSERT INTO OrderLines(OrderID, ProductID, Qty, UnitPrice) VALUES (1606,23,2,334);
INSERT INTO OrderLines(OrderID, ProductID, Qty, UnitPrice) VALUES (1606,6,2,324);
INSERT INTO OrderLines(OrderID, ProductID, Qty, UnitPrice) VALUES (1606,23,2,585);
INSERT INTO OrderLines(OrderID, ProductID, Qty, UnitPrice) VALUES (1606,33,1,568);
UPDATE [Order] SET TotalAmount=3054 WHERE OrderID=1606;
INSERT INTO Payment(OrderID, PaymentDate, Amount, PaymentMethod, TransactionRef) VALUES (1606,'2025-01-19',3054,'PayPal','TXN842050');
INSERT INTO [Order](CustomerID, OrderDate, Status, TotalAmount) VALUES (161,'2025-08-19','Cancelled',0);
INSERT INTO OrderLines(OrderID, ProductID, Qty, UnitPrice) VALUES (1607,42,1,495);
INSERT INTO OrderLines(OrderID, ProductID, Qty, UnitPrice) VALUES (1607,36,3,1132);
INSERT INTO OrderLines(OrderID, ProductID, Qty, UnitPrice) VALUES (1607,8,1,787);
INSERT INTO OrderLines(OrderID, ProductID, Qty, UnitPrice) VALUES (1607,11,1,870);
UPDATE [Order] SET TotalAmount=5548 WHERE OrderID=1607;
INSERT INTO Payment(OrderID, PaymentDate, Amount, PaymentMethod, TransactionRef) VALUES (1607,'2025-08-20',5548,'PayPal','TXN208217');
INSERT INTO [Order](CustomerID, OrderDate, Status, TotalAmount) VALUES (161,'2025-10-04','Cancelled',0);
INSERT INTO OrderLines(OrderID, ProductID, Qty, UnitPrice) VALUES (1608,3,2,1231);
INSERT INTO OrderLines(OrderID, ProductID, Qty, UnitPrice) VALUES (1608,37,2,701);
INSERT INTO OrderLines(OrderID, ProductID, Qty, UnitPrice) VALUES (1608,8,1,982);
INSERT INTO OrderLines(OrderID, ProductID, Qty, UnitPrice) VALUES (1608,43,1,964);
UPDATE [Order] SET TotalAmount=5810 WHERE OrderID=1608;
INSERT INTO Payment(OrderID, PaymentDate, Amount, PaymentMethod, TransactionRef) VALUES (1608,'2025-10-07',5810,'PayPal','TXN101715');
INSERT INTO [Order](CustomerID, OrderDate, Status, TotalAmount) VALUES (161,'2025-09-27','Cancelled',0);
INSERT INTO OrderLines(OrderID, ProductID, Qty, UnitPrice) VALUES (1609,2,3,952);
INSERT INTO OrderLines(OrderID, ProductID, Qty, UnitPrice) VALUES (1609,40,1,1359);
INSERT INTO OrderLines(OrderID, ProductID, Qty, UnitPrice) VALUES (1609,48,2,674);
INSERT INTO OrderLines(OrderID, ProductID, Qty, UnitPrice) VALUES (1609,28,1,692);
UPDATE [Order] SET TotalAmount=6255 WHERE OrderID=1609;
INSERT INTO Payment(OrderID, PaymentDate, Amount, PaymentMethod, TransactionRef) VALUES (1609,'2025-09-28',6255,'Card','TXN558465');
INSERT INTO [Order](CustomerID, OrderDate, Status, TotalAmount) VALUES (161,'2025-11-01','Cancelled',0);
INSERT INTO OrderLines(OrderID, ProductID, Qty, UnitPrice) VALUES (1610,7,1,374);
INSERT INTO OrderLines(OrderID, ProductID, Qty, UnitPrice) VALUES (1610,12,2,716);
INSERT INTO OrderLines(OrderID, ProductID, Qty, UnitPrice) VALUES (1610,18,2,558);
INSERT INTO OrderLines(OrderID, ProductID, Qty, UnitPrice) VALUES (1610,26,1,564);
UPDATE [Order] SET TotalAmount=3486 WHERE OrderID=1610;
INSERT INTO Payment(OrderID, PaymentDate, Amount, PaymentMethod, TransactionRef) VALUES (1610,'2025-11-04',3486,'Card','TXN701971');
INSERT INTO [Order](CustomerID, OrderDate, Status, TotalAmount) VALUES (162,'2025-02-17','Processing',0);
INSERT INTO OrderLines(OrderID, ProductID, Qty, UnitPrice) VALUES (1611,47,2,1037);
INSERT INTO OrderLines(OrderID, ProductID, Qty, UnitPrice) VALUES (1611,24,2,823);
INSERT INTO OrderLines(OrderID, ProductID, Qty, UnitPrice) VALUES (1611,27,1,1185);
INSERT INTO OrderLines(OrderID, ProductID, Qty, UnitPrice) VALUES (1611,42,2,583);
UPDATE [Order] SET TotalAmount=6071 WHERE OrderID=1611;
INSERT INTO Payment(OrderID, PaymentDate, Amount, PaymentMethod, TransactionRef) VALUES (1611,'2025-02-20',6071,'Card','TXN340064');
INSERT INTO [Order](CustomerID, OrderDate, Status, TotalAmount) VALUES (162,'2025-05-25','Delivered',0);
INSERT INTO OrderLines(OrderID, ProductID, Qty, UnitPrice) VALUES (1612,42,2,220);
INSERT INTO OrderLines(OrderID, ProductID, Qty, UnitPrice) VALUES (1612,47,3,176);
INSERT INTO OrderLines(OrderID, ProductID, Qty, UnitPrice) VALUES (1612,4,1,480);
INSERT INTO OrderLines(OrderID, ProductID, Qty, UnitPrice) VALUES (1612,48,2,1483);
UPDATE [Order] SET TotalAmount=4414 WHERE OrderID=1612;
INSERT INTO Payment(OrderID, PaymentDate, Amount, PaymentMethod, TransactionRef) VALUES (1612,'2025-05-25',4414,'Cash','TXN728689');
INSERT INTO [Order](CustomerID, OrderDate, Status, TotalAmount) VALUES (162,'2025-09-12','Cancelled',0);
INSERT INTO OrderLines(OrderID, ProductID, Qty, UnitPrice) VALUES (1613,50,3,749);
INSERT INTO OrderLines(OrderID, ProductID, Qty, UnitPrice) VALUES (1613,18,2,682);
INSERT INTO OrderLines(OrderID, ProductID, Qty, UnitPrice) VALUES (1613,11,1,1418);
INSERT INTO OrderLines(OrderID, ProductID, Qty, UnitPrice) VALUES (1613,15,3,1337);
UPDATE [Order] SET TotalAmount=9040 WHERE OrderID=1613;
INSERT INTO Payment(OrderID, PaymentDate, Amount, PaymentMethod, TransactionRef) VALUES (1613,'2025-09-17',9040,'Card','TXN152201');
INSERT INTO [Order](CustomerID, OrderDate, Status, TotalAmount) VALUES (162,'2025-01-06','Shipped',0);
INSERT INTO OrderLines(OrderID, ProductID, Qty, UnitPrice) VALUES (1614,38,1,1286);
INSERT INTO OrderLines(OrderID, ProductID, Qty, UnitPrice) VALUES (1614,7,2,928);
INSERT INTO OrderLines(OrderID, ProductID, Qty, UnitPrice) VALUES (1614,21,3,1224);
INSERT INTO OrderLines(OrderID, ProductID, Qty, UnitPrice) VALUES (1614,35,1,686);
UPDATE [Order] SET TotalAmount=7500 WHERE OrderID=1614;
INSERT INTO Payment(OrderID, PaymentDate, Amount, PaymentMethod, TransactionRef) VALUES (1614,'2025-01-11',7500,'Cash','TXN537744');
INSERT INTO [Order](CustomerID, OrderDate, Status, TotalAmount) VALUES (162,'2025-04-27','Shipped',0);
INSERT INTO OrderLines(OrderID, ProductID, Qty, UnitPrice) VALUES (1615,40,3,910);
INSERT INTO OrderLines(OrderID, ProductID, Qty, UnitPrice) VALUES (1615,25,1,1024);
INSERT INTO OrderLines(OrderID, ProductID, Qty, UnitPrice) VALUES (1615,17,3,1479);
INSERT INTO OrderLines(OrderID, ProductID, Qty, UnitPrice) VALUES (1615,24,2,221);
UPDATE [Order] SET TotalAmount=8633 WHERE OrderID=1615;
INSERT INTO Payment(OrderID, PaymentDate, Amount, PaymentMethod, TransactionRef) VALUES (1615,'2025-04-28',8633,'Card','TXN739348');
INSERT INTO [Order](CustomerID, OrderDate, Status, TotalAmount) VALUES (162,'2025-04-24','Shipped',0);
INSERT INTO OrderLines(OrderID, ProductID, Qty, UnitPrice) VALUES (1616,11,1,54);
INSERT INTO OrderLines(OrderID, ProductID, Qty, UnitPrice) VALUES (1616,14,2,765);
INSERT INTO OrderLines(OrderID, ProductID, Qty, UnitPrice) VALUES (1616,13,1,611);
INSERT INTO OrderLines(OrderID, ProductID, Qty, UnitPrice) VALUES (1616,44,2,1195);
UPDATE [Order] SET TotalAmount=4585 WHERE OrderID=1616;
INSERT INTO Payment(OrderID, PaymentDate, Amount, PaymentMethod, TransactionRef) VALUES (1616,'2025-04-25',4585,'Cash','TXN972343');
INSERT INTO [Order](CustomerID, OrderDate, Status, TotalAmount) VALUES (162,'2025-09-05','Delivered',0);
INSERT INTO OrderLines(OrderID, ProductID, Qty, UnitPrice) VALUES (1617,44,3,806);
INSERT INTO OrderLines(OrderID, ProductID, Qty, UnitPrice) VALUES (1617,28,1,1018);
INSERT INTO OrderLines(OrderID, ProductID, Qty, UnitPrice) VALUES (1617,27,3,871);
INSERT INTO OrderLines(OrderID, ProductID, Qty, UnitPrice) VALUES (1617,6,2,425);
UPDATE [Order] SET TotalAmount=6899 WHERE OrderID=1617;
INSERT INTO Payment(OrderID, PaymentDate, Amount, PaymentMethod, TransactionRef) VALUES (1617,'2025-09-10',6899,'PayPal','TXN675392');
INSERT INTO [Order](CustomerID, OrderDate, Status, TotalAmount) VALUES (162,'2025-03-21','Delivered',0);
INSERT INTO OrderLines(OrderID, ProductID, Qty, UnitPrice) VALUES (1618,29,3,94);
INSERT INTO OrderLines(OrderID, ProductID, Qty, UnitPrice) VALUES (1618,20,3,1238);
INSERT INTO OrderLines(OrderID, ProductID, Qty, UnitPrice) VALUES (1618,25,3,317);
INSERT INTO OrderLines(OrderID, ProductID, Qty, UnitPrice) VALUES (1618,4,2,872);
UPDATE [Order] SET TotalAmount=6691 WHERE OrderID=1618;
INSERT INTO Payment(OrderID, PaymentDate, Amount, PaymentMethod, TransactionRef) VALUES (1618,'2025-03-21',6691,'Card','TXN197378');
INSERT INTO [Order](CustomerID, OrderDate, Status, TotalAmount) VALUES (162,'2025-05-22','Cancelled',0);
INSERT INTO OrderLines(OrderID, ProductID, Qty, UnitPrice) VALUES (1619,26,3,975);
INSERT INTO OrderLines(OrderID, ProductID, Qty, UnitPrice) VALUES (1619,29,2,1203);
INSERT INTO OrderLines(OrderID, ProductID, Qty, UnitPrice) VALUES (1619,2,1,561);
INSERT INTO OrderLines(OrderID, ProductID, Qty, UnitPrice) VALUES (1619,40,3,957);
UPDATE [Order] SET TotalAmount=8763 WHERE OrderID=1619;
INSERT INTO Payment(OrderID, PaymentDate, Amount, PaymentMethod, TransactionRef) VALUES (1619,'2025-05-26',8763,'Cash','TXN546157');
INSERT INTO [Order](CustomerID, OrderDate, Status, TotalAmount) VALUES (162,'2025-06-25','Cancelled',0);
INSERT INTO OrderLines(OrderID, ProductID, Qty, UnitPrice) VALUES (1620,4,1,408);
INSERT INTO OrderLines(OrderID, ProductID, Qty, UnitPrice) VALUES (1620,43,2,1067);
INSERT INTO OrderLines(OrderID, ProductID, Qty, UnitPrice) VALUES (1620,45,1,1216);
INSERT INTO OrderLines(OrderID, ProductID, Qty, UnitPrice) VALUES (1620,4,3,1230);
UPDATE [Order] SET TotalAmount=7448 WHERE OrderID=1620;
INSERT INTO Payment(OrderID, PaymentDate, Amount, PaymentMethod, TransactionRef) VALUES (1620,'2025-06-28',7448,'Cash','TXN319642');
INSERT INTO [Order](CustomerID, OrderDate, Status, TotalAmount) VALUES (163,'2025-06-10','Processing',0);
INSERT INTO OrderLines(OrderID, ProductID, Qty, UnitPrice) VALUES (1621,38,3,29);
INSERT INTO OrderLines(OrderID, ProductID, Qty, UnitPrice) VALUES (1621,33,1,131);
INSERT INTO OrderLines(OrderID, ProductID, Qty, UnitPrice) VALUES (1621,25,1,311);
INSERT INTO OrderLines(OrderID, ProductID, Qty, UnitPrice) VALUES (1621,15,2,1276);
UPDATE [Order] SET TotalAmount=3081 WHERE OrderID=1621;
INSERT INTO Payment(OrderID, PaymentDate, Amount, PaymentMethod, TransactionRef) VALUES (1621,'2025-06-14',3081,'Cash','TXN853398');
INSERT INTO [Order](CustomerID, OrderDate, Status, TotalAmount) VALUES (163,'2025-11-06','Delivered',0);
INSERT INTO OrderLines(OrderID, ProductID, Qty, UnitPrice) VALUES (1622,24,1,796);
INSERT INTO OrderLines(OrderID, ProductID, Qty, UnitPrice) VALUES (1622,41,2,1272);
INSERT INTO OrderLines(OrderID, ProductID, Qty, UnitPrice) VALUES (1622,21,2,1218);
INSERT INTO OrderLines(OrderID, ProductID, Qty, UnitPrice) VALUES (1622,16,1,50);
UPDATE [Order] SET TotalAmount=5826 WHERE OrderID=1622;
INSERT INTO Payment(OrderID, PaymentDate, Amount, PaymentMethod, TransactionRef) VALUES (1622,'2025-11-06',5826,'PayPal','TXN410660');
INSERT INTO [Order](CustomerID, OrderDate, Status, TotalAmount) VALUES (163,'2025-08-27','Delivered',0);
INSERT INTO OrderLines(OrderID, ProductID, Qty, UnitPrice) VALUES (1623,31,2,422);
INSERT INTO OrderLines(OrderID, ProductID, Qty, UnitPrice) VALUES (1623,30,3,658);
INSERT INTO OrderLines(OrderID, ProductID, Qty, UnitPrice) VALUES (1623,23,2,521);
INSERT INTO OrderLines(OrderID, ProductID, Qty, UnitPrice) VALUES (1623,3,2,619);
UPDATE [Order] SET TotalAmount=5098 WHERE OrderID=1623;
INSERT INTO Payment(OrderID, PaymentDate, Amount, PaymentMethod, TransactionRef) VALUES (1623,'2025-08-31',5098,'Cash','TXN412249');
INSERT INTO [Order](CustomerID, OrderDate, Status, TotalAmount) VALUES (163,'2025-09-09','Processing',0);
INSERT INTO OrderLines(OrderID, ProductID, Qty, UnitPrice) VALUES (1624,43,2,320);
INSERT INTO OrderLines(OrderID, ProductID, Qty, UnitPrice) VALUES (1624,41,2,1053);
INSERT INTO OrderLines(OrderID, ProductID, Qty, UnitPrice) VALUES (1624,50,2,1120);
INSERT INTO OrderLines(OrderID, ProductID, Qty, UnitPrice) VALUES (1624,35,3,1060);
UPDATE [Order] SET TotalAmount=8166 WHERE OrderID=1624;
INSERT INTO Payment(OrderID, PaymentDate, Amount, PaymentMethod, TransactionRef) VALUES (1624,'2025-09-10',8166,'Card','TXN299527');
INSERT INTO [Order](CustomerID, OrderDate, Status, TotalAmount) VALUES (163,'2025-05-28','Processing',0);
INSERT INTO OrderLines(OrderID, ProductID, Qty, UnitPrice) VALUES (1625,12,3,624);
INSERT INTO OrderLines(OrderID, ProductID, Qty, UnitPrice) VALUES (1625,12,1,1182);
INSERT INTO OrderLines(OrderID, ProductID, Qty, UnitPrice) VALUES (1625,29,2,284);
INSERT INTO OrderLines(OrderID, ProductID, Qty, UnitPrice) VALUES (1625,28,3,1375);
UPDATE [Order] SET TotalAmount=7747 WHERE OrderID=1625;
INSERT INTO Payment(OrderID, PaymentDate, Amount, PaymentMethod, TransactionRef) VALUES (1625,'2025-06-02',7747,'Card','TXN417075');
INSERT INTO [Order](CustomerID, OrderDate, Status, TotalAmount) VALUES (163,'2025-04-30','Cancelled',0);
INSERT INTO OrderLines(OrderID, ProductID, Qty, UnitPrice) VALUES (1626,36,1,426);
INSERT INTO OrderLines(OrderID, ProductID, Qty, UnitPrice) VALUES (1626,22,2,1233);
INSERT INTO OrderLines(OrderID, ProductID, Qty, UnitPrice) VALUES (1626,20,3,421);
INSERT INTO OrderLines(OrderID, ProductID, Qty, UnitPrice) VALUES (1626,22,3,621);
UPDATE [Order] SET TotalAmount=6018 WHERE OrderID=1626;
INSERT INTO Payment(OrderID, PaymentDate, Amount, PaymentMethod, TransactionRef) VALUES (1626,'2025-04-30',6018,'Cash','TXN418766');
INSERT INTO [Order](CustomerID, OrderDate, Status, TotalAmount) VALUES (163,'2025-03-11','Processing',0);
INSERT INTO OrderLines(OrderID, ProductID, Qty, UnitPrice) VALUES (1627,35,3,771);
INSERT INTO OrderLines(OrderID, ProductID, Qty, UnitPrice) VALUES (1627,24,2,412);
INSERT INTO OrderLines(OrderID, ProductID, Qty, UnitPrice) VALUES (1627,6,1,346);
INSERT INTO OrderLines(OrderID, ProductID, Qty, UnitPrice) VALUES (1627,14,3,863);
UPDATE [Order] SET TotalAmount=6072 WHERE OrderID=1627;
INSERT INTO Payment(OrderID, PaymentDate, Amount, PaymentMethod, TransactionRef) VALUES (1627,'2025-03-13',6072,'Card','TXN763405');
INSERT INTO [Order](CustomerID, OrderDate, Status, TotalAmount) VALUES (163,'2025-03-14','Processing',0);
INSERT INTO OrderLines(OrderID, ProductID, Qty, UnitPrice) VALUES (1628,9,3,929);
INSERT INTO OrderLines(OrderID, ProductID, Qty, UnitPrice) VALUES (1628,32,3,1275);
INSERT INTO OrderLines(OrderID, ProductID, Qty, UnitPrice) VALUES (1628,16,2,533);
INSERT INTO OrderLines(OrderID, ProductID, Qty, UnitPrice) VALUES (1628,8,2,335);
UPDATE [Order] SET TotalAmount=8348 WHERE OrderID=1628;
INSERT INTO Payment(OrderID, PaymentDate, Amount, PaymentMethod, TransactionRef) VALUES (1628,'2025-03-19',8348,'Card','TXN212860');
INSERT INTO [Order](CustomerID, OrderDate, Status, TotalAmount) VALUES (163,'2025-09-13','Shipped',0);
INSERT INTO OrderLines(OrderID, ProductID, Qty, UnitPrice) VALUES (1629,1,3,946);
INSERT INTO OrderLines(OrderID, ProductID, Qty, UnitPrice) VALUES (1629,12,1,101);
INSERT INTO OrderLines(OrderID, ProductID, Qty, UnitPrice) VALUES (1629,46,2,828);
INSERT INTO OrderLines(OrderID, ProductID, Qty, UnitPrice) VALUES (1629,23,3,719);
UPDATE [Order] SET TotalAmount=6752 WHERE OrderID=1629;
INSERT INTO Payment(OrderID, PaymentDate, Amount, PaymentMethod, TransactionRef) VALUES (1629,'2025-09-17',6752,'Cash','TXN929223');
INSERT INTO [Order](CustomerID, OrderDate, Status, TotalAmount) VALUES (163,'2025-11-09','Shipped',0);
INSERT INTO OrderLines(OrderID, ProductID, Qty, UnitPrice) VALUES (1630,5,3,1275);
INSERT INTO OrderLines(OrderID, ProductID, Qty, UnitPrice) VALUES (1630,42,3,1177);
INSERT INTO OrderLines(OrderID, ProductID, Qty, UnitPrice) VALUES (1630,25,2,1046);
INSERT INTO OrderLines(OrderID, ProductID, Qty, UnitPrice) VALUES (1630,27,3,1386);
UPDATE [Order] SET TotalAmount=13606 WHERE OrderID=1630;
INSERT INTO Payment(OrderID, PaymentDate, Amount, PaymentMethod, TransactionRef) VALUES (1630,'2025-11-12',13606,'Cash','TXN227502');
INSERT INTO [Order](CustomerID, OrderDate, Status, TotalAmount) VALUES (164,'2025-06-04','Processing',0);
INSERT INTO OrderLines(OrderID, ProductID, Qty, UnitPrice) VALUES (1631,43,2,127);
INSERT INTO OrderLines(OrderID, ProductID, Qty, UnitPrice) VALUES (1631,8,3,1009);
INSERT INTO OrderLines(OrderID, ProductID, Qty, UnitPrice) VALUES (1631,22,3,1136);
INSERT INTO OrderLines(OrderID, ProductID, Qty, UnitPrice) VALUES (1631,5,2,1059);
UPDATE [Order] SET TotalAmount=8807 WHERE OrderID=1631;
INSERT INTO Payment(OrderID, PaymentDate, Amount, PaymentMethod, TransactionRef) VALUES (1631,'2025-06-06',8807,'Card','TXN619607');
INSERT INTO [Order](CustomerID, OrderDate, Status, TotalAmount) VALUES (164,'2025-08-27','Processing',0);
INSERT INTO OrderLines(OrderID, ProductID, Qty, UnitPrice) VALUES (1632,25,1,1035);
INSERT INTO OrderLines(OrderID, ProductID, Qty, UnitPrice) VALUES (1632,33,1,1107);
INSERT INTO OrderLines(OrderID, ProductID, Qty, UnitPrice) VALUES (1632,22,2,1070);
INSERT INTO OrderLines(OrderID, ProductID, Qty, UnitPrice) VALUES (1632,32,1,623);
UPDATE [Order] SET TotalAmount=4905 WHERE OrderID=1632;
INSERT INTO Payment(OrderID, PaymentDate, Amount, PaymentMethod, TransactionRef) VALUES (1632,'2025-08-28',4905,'PayPal','TXN270065');
INSERT INTO [Order](CustomerID, OrderDate, Status, TotalAmount) VALUES (164,'2025-07-17','Processing',0);
INSERT INTO OrderLines(OrderID, ProductID, Qty, UnitPrice) VALUES (1633,40,1,1229);
INSERT INTO OrderLines(OrderID, ProductID, Qty, UnitPrice) VALUES (1633,4,3,479);
INSERT INTO OrderLines(OrderID, ProductID, Qty, UnitPrice) VALUES (1633,15,1,992);
INSERT INTO OrderLines(OrderID, ProductID, Qty, UnitPrice) VALUES (1633,42,1,516);
UPDATE [Order] SET TotalAmount=4174 WHERE OrderID=1633;
INSERT INTO Payment(OrderID, PaymentDate, Amount, PaymentMethod, TransactionRef) VALUES (1633,'2025-07-20',4174,'PayPal','TXN599292');
INSERT INTO [Order](CustomerID, OrderDate, Status, TotalAmount) VALUES (164,'2025-07-23','Delivered',0);
INSERT INTO OrderLines(OrderID, ProductID, Qty, UnitPrice) VALUES (1634,7,3,448);
INSERT INTO OrderLines(OrderID, ProductID, Qty, UnitPrice) VALUES (1634,49,2,348);
INSERT INTO OrderLines(OrderID, ProductID, Qty, UnitPrice) VALUES (1634,14,3,1118);
INSERT INTO OrderLines(OrderID, ProductID, Qty, UnitPrice) VALUES (1634,1,1,702);
UPDATE [Order] SET TotalAmount=6096 WHERE OrderID=1634;
INSERT INTO Payment(OrderID, PaymentDate, Amount, PaymentMethod, TransactionRef) VALUES (1634,'2025-07-26',6096,'Card','TXN519489');
INSERT INTO [Order](CustomerID, OrderDate, Status, TotalAmount) VALUES (164,'2025-10-03','Delivered',0);
INSERT INTO OrderLines(OrderID, ProductID, Qty, UnitPrice) VALUES (1635,7,2,1087);
INSERT INTO OrderLines(OrderID, ProductID, Qty, UnitPrice) VALUES (1635,48,2,167);
INSERT INTO OrderLines(OrderID, ProductID, Qty, UnitPrice) VALUES (1635,5,1,136);
INSERT INTO OrderLines(OrderID, ProductID, Qty, UnitPrice) VALUES (1635,33,1,420);
UPDATE [Order] SET TotalAmount=3064 WHERE OrderID=1635;
INSERT INTO Payment(OrderID, PaymentDate, Amount, PaymentMethod, TransactionRef) VALUES (1635,'2025-10-04',3064,'Cash','TXN905705');
INSERT INTO [Order](CustomerID, OrderDate, Status, TotalAmount) VALUES (164,'2025-05-27','Cancelled',0);
INSERT INTO OrderLines(OrderID, ProductID, Qty, UnitPrice) VALUES (1636,38,2,637);
INSERT INTO OrderLines(OrderID, ProductID, Qty, UnitPrice) VALUES (1636,4,1,727);
INSERT INTO OrderLines(OrderID, ProductID, Qty, UnitPrice) VALUES (1636,15,2,806);
INSERT INTO OrderLines(OrderID, ProductID, Qty, UnitPrice) VALUES (1636,39,1,1029);
UPDATE [Order] SET TotalAmount=4642 WHERE OrderID=1636;
INSERT INTO Payment(OrderID, PaymentDate, Amount, PaymentMethod, TransactionRef) VALUES (1636,'2025-06-01',4642,'PayPal','TXN231741');
INSERT INTO [Order](CustomerID, OrderDate, Status, TotalAmount) VALUES (164,'2025-07-04','Shipped',0);
INSERT INTO OrderLines(OrderID, ProductID, Qty, UnitPrice) VALUES (1637,15,3,1394);
INSERT INTO OrderLines(OrderID, ProductID, Qty, UnitPrice) VALUES (1637,3,3,144);
INSERT INTO OrderLines(OrderID, ProductID, Qty, UnitPrice) VALUES (1637,50,2,1290);
INSERT INTO OrderLines(OrderID, ProductID, Qty, UnitPrice) VALUES (1637,31,3,518);
UPDATE [Order] SET TotalAmount=8748 WHERE OrderID=1637;
INSERT INTO Payment(OrderID, PaymentDate, Amount, PaymentMethod, TransactionRef) VALUES (1637,'2025-07-06',8748,'Cash','TXN636560');
INSERT INTO [Order](CustomerID, OrderDate, Status, TotalAmount) VALUES (164,'2025-07-05','Shipped',0);
INSERT INTO OrderLines(OrderID, ProductID, Qty, UnitPrice) VALUES (1638,9,3,1312);
INSERT INTO OrderLines(OrderID, ProductID, Qty, UnitPrice) VALUES (1638,50,3,1498);
INSERT INTO OrderLines(OrderID, ProductID, Qty, UnitPrice) VALUES (1638,10,1,333);
INSERT INTO OrderLines(OrderID, ProductID, Qty, UnitPrice) VALUES (1638,25,3,224);
UPDATE [Order] SET TotalAmount=9435 WHERE OrderID=1638;
INSERT INTO Payment(OrderID, PaymentDate, Amount, PaymentMethod, TransactionRef) VALUES (1638,'2025-07-10',9435,'PayPal','TXN437222');
INSERT INTO [Order](CustomerID, OrderDate, Status, TotalAmount) VALUES (164,'2025-01-10','Delivered',0);
INSERT INTO OrderLines(OrderID, ProductID, Qty, UnitPrice) VALUES (1639,49,1,628);
INSERT INTO OrderLines(OrderID, ProductID, Qty, UnitPrice) VALUES (1639,30,2,480);
INSERT INTO OrderLines(OrderID, ProductID, Qty, UnitPrice) VALUES (1639,4,2,1486);
INSERT INTO OrderLines(OrderID, ProductID, Qty, UnitPrice) VALUES (1639,22,3,267);
UPDATE [Order] SET TotalAmount=5361 WHERE OrderID=1639;
INSERT INTO Payment(OrderID, PaymentDate, Amount, PaymentMethod, TransactionRef) VALUES (1639,'2025-01-11',5361,'Cash','TXN675623');
INSERT INTO [Order](CustomerID, OrderDate, Status, TotalAmount) VALUES (164,'2025-12-24','Delivered',0);
INSERT INTO OrderLines(OrderID, ProductID, Qty, UnitPrice) VALUES (1640,19,2,74);
INSERT INTO OrderLines(OrderID, ProductID, Qty, UnitPrice) VALUES (1640,18,1,666);
INSERT INTO OrderLines(OrderID, ProductID, Qty, UnitPrice) VALUES (1640,8,1,125);
INSERT INTO OrderLines(OrderID, ProductID, Qty, UnitPrice) VALUES (1640,21,3,358);
UPDATE [Order] SET TotalAmount=2013 WHERE OrderID=1640;
INSERT INTO Payment(OrderID, PaymentDate, Amount, PaymentMethod, TransactionRef) VALUES (1640,'2025-12-28',2013,'PayPal','TXN773031');
INSERT INTO [Order](CustomerID, OrderDate, Status, TotalAmount) VALUES (165,'2025-05-07','Shipped',0);
INSERT INTO OrderLines(OrderID, ProductID, Qty, UnitPrice) VALUES (1641,29,2,1202);
INSERT INTO OrderLines(OrderID, ProductID, Qty, UnitPrice) VALUES (1641,35,2,305);
INSERT INTO OrderLines(OrderID, ProductID, Qty, UnitPrice) VALUES (1641,47,3,1387);
INSERT INTO OrderLines(OrderID, ProductID, Qty, UnitPrice) VALUES (1641,23,1,1224);
UPDATE [Order] SET TotalAmount=8399 WHERE OrderID=1641;
INSERT INTO Payment(OrderID, PaymentDate, Amount, PaymentMethod, TransactionRef) VALUES (1641,'2025-05-10',8399,'Cash','TXN375551');
INSERT INTO [Order](CustomerID, OrderDate, Status, TotalAmount) VALUES (165,'2025-07-31','Delivered',0);
INSERT INTO OrderLines(OrderID, ProductID, Qty, UnitPrice) VALUES (1642,2,1,269);
INSERT INTO OrderLines(OrderID, ProductID, Qty, UnitPrice) VALUES (1642,29,2,1419);
INSERT INTO OrderLines(OrderID, ProductID, Qty, UnitPrice) VALUES (1642,30,1,311);
INSERT INTO OrderLines(OrderID, ProductID, Qty, UnitPrice) VALUES (1642,10,1,604);
UPDATE [Order] SET TotalAmount=4022 WHERE OrderID=1642;
INSERT INTO Payment(OrderID, PaymentDate, Amount, PaymentMethod, TransactionRef) VALUES (1642,'2025-08-03',4022,'Card','TXN970439');
INSERT INTO [Order](CustomerID, OrderDate, Status, TotalAmount) VALUES (165,'2025-03-12','Cancelled',0);
INSERT INTO OrderLines(OrderID, ProductID, Qty, UnitPrice) VALUES (1643,17,1,1237);
INSERT INTO OrderLines(OrderID, ProductID, Qty, UnitPrice) VALUES (1643,12,1,938);
INSERT INTO OrderLines(OrderID, ProductID, Qty, UnitPrice) VALUES (1643,50,3,461);
INSERT INTO OrderLines(OrderID, ProductID, Qty, UnitPrice) VALUES (1643,44,1,1134);
UPDATE [Order] SET TotalAmount=4692 WHERE OrderID=1643;
INSERT INTO Payment(OrderID, PaymentDate, Amount, PaymentMethod, TransactionRef) VALUES (1643,'2025-03-13',4692,'PayPal','TXN378112');
INSERT INTO [Order](CustomerID, OrderDate, Status, TotalAmount) VALUES (165,'2025-08-08','Shipped',0);
INSERT INTO OrderLines(OrderID, ProductID, Qty, UnitPrice) VALUES (1644,26,3,1224);
INSERT INTO OrderLines(OrderID, ProductID, Qty, UnitPrice) VALUES (1644,19,2,115);
INSERT INTO OrderLines(OrderID, ProductID, Qty, UnitPrice) VALUES (1644,7,1,750);
INSERT INTO OrderLines(OrderID, ProductID, Qty, UnitPrice) VALUES (1644,48,1,1000);
UPDATE [Order] SET TotalAmount=5652 WHERE OrderID=1644;
INSERT INTO Payment(OrderID, PaymentDate, Amount, PaymentMethod, TransactionRef) VALUES (1644,'2025-08-10',5652,'Card','TXN768698');
INSERT INTO [Order](CustomerID, OrderDate, Status, TotalAmount) VALUES (165,'2025-05-02','Cancelled',0);
INSERT INTO OrderLines(OrderID, ProductID, Qty, UnitPrice) VALUES (1645,42,1,1232);
INSERT INTO OrderLines(OrderID, ProductID, Qty, UnitPrice) VALUES (1645,10,1,1354);
INSERT INTO OrderLines(OrderID, ProductID, Qty, UnitPrice) VALUES (1645,46,3,163);
INSERT INTO OrderLines(OrderID, ProductID, Qty, UnitPrice) VALUES (1645,48,3,707);
UPDATE [Order] SET TotalAmount=5196 WHERE OrderID=1645;
INSERT INTO Payment(OrderID, PaymentDate, Amount, PaymentMethod, TransactionRef) VALUES (1645,'2025-05-05',5196,'Card','TXN999188');
INSERT INTO [Order](CustomerID, OrderDate, Status, TotalAmount) VALUES (165,'2025-10-14','Cancelled',0);
INSERT INTO OrderLines(OrderID, ProductID, Qty, UnitPrice) VALUES (1646,12,2,1331);
INSERT INTO OrderLines(OrderID, ProductID, Qty, UnitPrice) VALUES (1646,17,2,314);
INSERT INTO OrderLines(OrderID, ProductID, Qty, UnitPrice) VALUES (1646,2,1,736);
INSERT INTO OrderLines(OrderID, ProductID, Qty, UnitPrice) VALUES (1646,13,2,445);
UPDATE [Order] SET TotalAmount=4916 WHERE OrderID=1646;
INSERT INTO Payment(OrderID, PaymentDate, Amount, PaymentMethod, TransactionRef) VALUES (1646,'2025-10-16',4916,'Card','TXN160911');
INSERT INTO [Order](CustomerID, OrderDate, Status, TotalAmount) VALUES (165,'2025-10-16','Delivered',0);
INSERT INTO OrderLines(OrderID, ProductID, Qty, UnitPrice) VALUES (1647,18,2,1152);
INSERT INTO OrderLines(OrderID, ProductID, Qty, UnitPrice) VALUES (1647,18,1,570);
INSERT INTO OrderLines(OrderID, ProductID, Qty, UnitPrice) VALUES (1647,28,2,1342);
INSERT INTO OrderLines(OrderID, ProductID, Qty, UnitPrice) VALUES (1647,50,1,813);
UPDATE [Order] SET TotalAmount=6371 WHERE OrderID=1647;
INSERT INTO Payment(OrderID, PaymentDate, Amount, PaymentMethod, TransactionRef) VALUES (1647,'2025-10-17',6371,'PayPal','TXN944415');
INSERT INTO [Order](CustomerID, OrderDate, Status, TotalAmount) VALUES (165,'2025-03-30','Cancelled',0);
INSERT INTO OrderLines(OrderID, ProductID, Qty, UnitPrice) VALUES (1648,15,2,1469);
INSERT INTO OrderLines(OrderID, ProductID, Qty, UnitPrice) VALUES (1648,8,3,1087);
INSERT INTO OrderLines(OrderID, ProductID, Qty, UnitPrice) VALUES (1648,16,3,1060);
INSERT INTO OrderLines(OrderID, ProductID, Qty, UnitPrice) VALUES (1648,15,3,324);
UPDATE [Order] SET TotalAmount=10351 WHERE OrderID=1648;
INSERT INTO Payment(OrderID, PaymentDate, Amount, PaymentMethod, TransactionRef) VALUES (1648,'2025-04-04',10351,'Card','TXN738882');
INSERT INTO [Order](CustomerID, OrderDate, Status, TotalAmount) VALUES (165,'2025-01-12','Delivered',0);
INSERT INTO OrderLines(OrderID, ProductID, Qty, UnitPrice) VALUES (1649,43,1,607);
INSERT INTO OrderLines(OrderID, ProductID, Qty, UnitPrice) VALUES (1649,25,2,1370);
INSERT INTO OrderLines(OrderID, ProductID, Qty, UnitPrice) VALUES (1649,43,2,1148);
INSERT INTO OrderLines(OrderID, ProductID, Qty, UnitPrice) VALUES (1649,49,1,621);
UPDATE [Order] SET TotalAmount=6264 WHERE OrderID=1649;
INSERT INTO Payment(OrderID, PaymentDate, Amount, PaymentMethod, TransactionRef) VALUES (1649,'2025-01-17',6264,'PayPal','TXN360335');
INSERT INTO [Order](CustomerID, OrderDate, Status, TotalAmount) VALUES (165,'2025-01-06','Delivered',0);
INSERT INTO OrderLines(OrderID, ProductID, Qty, UnitPrice) VALUES (1650,22,2,470);
INSERT INTO OrderLines(OrderID, ProductID, Qty, UnitPrice) VALUES (1650,22,2,1340);
INSERT INTO OrderLines(OrderID, ProductID, Qty, UnitPrice) VALUES (1650,48,3,522);
INSERT INTO OrderLines(OrderID, ProductID, Qty, UnitPrice) VALUES (1650,8,3,80);
UPDATE [Order] SET TotalAmount=5426 WHERE OrderID=1650;
INSERT INTO Payment(OrderID, PaymentDate, Amount, PaymentMethod, TransactionRef) VALUES (1650,'2025-01-11',5426,'PayPal','TXN781672');
INSERT INTO [Order](CustomerID, OrderDate, Status, TotalAmount) VALUES (166,'2025-06-02','Delivered',0);
INSERT INTO OrderLines(OrderID, ProductID, Qty, UnitPrice) VALUES (1651,6,1,357);
INSERT INTO OrderLines(OrderID, ProductID, Qty, UnitPrice) VALUES (1651,27,2,1306);
INSERT INTO OrderLines(OrderID, ProductID, Qty, UnitPrice) VALUES (1651,28,2,1091);
INSERT INTO OrderLines(OrderID, ProductID, Qty, UnitPrice) VALUES (1651,6,2,1481);
UPDATE [Order] SET TotalAmount=8113 WHERE OrderID=1651;
INSERT INTO Payment(OrderID, PaymentDate, Amount, PaymentMethod, TransactionRef) VALUES (1651,'2025-06-03',8113,'Card','TXN683891');
INSERT INTO [Order](CustomerID, OrderDate, Status, TotalAmount) VALUES (166,'2025-10-26','Delivered',0);
INSERT INTO OrderLines(OrderID, ProductID, Qty, UnitPrice) VALUES (1652,6,3,1027);
INSERT INTO OrderLines(OrderID, ProductID, Qty, UnitPrice) VALUES (1652,12,1,355);
INSERT INTO OrderLines(OrderID, ProductID, Qty, UnitPrice) VALUES (1652,4,2,92);
INSERT INTO OrderLines(OrderID, ProductID, Qty, UnitPrice) VALUES (1652,18,3,267);
UPDATE [Order] SET TotalAmount=4421 WHERE OrderID=1652;
INSERT INTO Payment(OrderID, PaymentDate, Amount, PaymentMethod, TransactionRef) VALUES (1652,'2025-10-27',4421,'Card','TXN110447');
INSERT INTO [Order](CustomerID, OrderDate, Status, TotalAmount) VALUES (166,'2025-07-08','Processing',0);
INSERT INTO OrderLines(OrderID, ProductID, Qty, UnitPrice) VALUES (1653,42,2,1477);
INSERT INTO OrderLines(OrderID, ProductID, Qty, UnitPrice) VALUES (1653,15,1,966);
INSERT INTO OrderLines(OrderID, ProductID, Qty, UnitPrice) VALUES (1653,42,2,91);
INSERT INTO OrderLines(OrderID, ProductID, Qty, UnitPrice) VALUES (1653,8,3,226);
UPDATE [Order] SET TotalAmount=4780 WHERE OrderID=1653;
INSERT INTO Payment(OrderID, PaymentDate, Amount, PaymentMethod, TransactionRef) VALUES (1653,'2025-07-12',4780,'Card','TXN672918');
INSERT INTO [Order](CustomerID, OrderDate, Status, TotalAmount) VALUES (166,'2025-05-31','Processing',0);
INSERT INTO OrderLines(OrderID, ProductID, Qty, UnitPrice) VALUES (1654,21,2,67);
INSERT INTO OrderLines(OrderID, ProductID, Qty, UnitPrice) VALUES (1654,33,3,1015);
INSERT INTO OrderLines(OrderID, ProductID, Qty, UnitPrice) VALUES (1654,44,3,902);
INSERT INTO OrderLines(OrderID, ProductID, Qty, UnitPrice) VALUES (1654,41,2,124);
UPDATE [Order] SET TotalAmount=6133 WHERE OrderID=1654;
INSERT INTO Payment(OrderID, PaymentDate, Amount, PaymentMethod, TransactionRef) VALUES (1654,'2025-06-02',6133,'PayPal','TXN395815');
INSERT INTO [Order](CustomerID, OrderDate, Status, TotalAmount) VALUES (166,'2025-08-13','Delivered',0);
INSERT INTO OrderLines(OrderID, ProductID, Qty, UnitPrice) VALUES (1655,36,1,1448);
INSERT INTO OrderLines(OrderID, ProductID, Qty, UnitPrice) VALUES (1655,38,2,1362);
INSERT INTO OrderLines(OrderID, ProductID, Qty, UnitPrice) VALUES (1655,8,2,656);
INSERT INTO OrderLines(OrderID, ProductID, Qty, UnitPrice) VALUES (1655,36,3,1347);
UPDATE [Order] SET TotalAmount=9525 WHERE OrderID=1655;
INSERT INTO Payment(OrderID, PaymentDate, Amount, PaymentMethod, TransactionRef) VALUES (1655,'2025-08-14',9525,'Cash','TXN195961');
INSERT INTO [Order](CustomerID, OrderDate, Status, TotalAmount) VALUES (166,'2025-05-30','Cancelled',0);
INSERT INTO OrderLines(OrderID, ProductID, Qty, UnitPrice) VALUES (1656,34,1,292);
INSERT INTO OrderLines(OrderID, ProductID, Qty, UnitPrice) VALUES (1656,39,2,476);
INSERT INTO OrderLines(OrderID, ProductID, Qty, UnitPrice) VALUES (1656,45,3,349);
INSERT INTO OrderLines(OrderID, ProductID, Qty, UnitPrice) VALUES (1656,7,1,1037);
UPDATE [Order] SET TotalAmount=3328 WHERE OrderID=1656;
INSERT INTO Payment(OrderID, PaymentDate, Amount, PaymentMethod, TransactionRef) VALUES (1656,'2025-05-31',3328,'Card','TXN257112');
INSERT INTO [Order](CustomerID, OrderDate, Status, TotalAmount) VALUES (166,'2025-03-20','Delivered',0);
INSERT INTO OrderLines(OrderID, ProductID, Qty, UnitPrice) VALUES (1657,42,1,1397);
INSERT INTO OrderLines(OrderID, ProductID, Qty, UnitPrice) VALUES (1657,18,3,397);
INSERT INTO OrderLines(OrderID, ProductID, Qty, UnitPrice) VALUES (1657,12,3,731);
INSERT INTO OrderLines(OrderID, ProductID, Qty, UnitPrice) VALUES (1657,13,3,1292);
UPDATE [Order] SET TotalAmount=8657 WHERE OrderID=1657;
INSERT INTO Payment(OrderID, PaymentDate, Amount, PaymentMethod, TransactionRef) VALUES (1657,'2025-03-23',8657,'Cash','TXN149208');
INSERT INTO [Order](CustomerID, OrderDate, Status, TotalAmount) VALUES (166,'2025-02-02','Shipped',0);
INSERT INTO OrderLines(OrderID, ProductID, Qty, UnitPrice) VALUES (1658,3,2,348);
INSERT INTO OrderLines(OrderID, ProductID, Qty, UnitPrice) VALUES (1658,34,3,547);
INSERT INTO OrderLines(OrderID, ProductID, Qty, UnitPrice) VALUES (1658,41,1,383);
INSERT INTO OrderLines(OrderID, ProductID, Qty, UnitPrice) VALUES (1658,11,3,496);
UPDATE [Order] SET TotalAmount=4208 WHERE OrderID=1658;
INSERT INTO Payment(OrderID, PaymentDate, Amount, PaymentMethod, TransactionRef) VALUES (1658,'2025-02-03',4208,'Card','TXN901649');
INSERT INTO [Order](CustomerID, OrderDate, Status, TotalAmount) VALUES (166,'2025-10-16','Shipped',0);
INSERT INTO OrderLines(OrderID, ProductID, Qty, UnitPrice) VALUES (1659,29,1,566);
INSERT INTO OrderLines(OrderID, ProductID, Qty, UnitPrice) VALUES (1659,36,2,633);
INSERT INTO OrderLines(OrderID, ProductID, Qty, UnitPrice) VALUES (1659,21,3,425);
INSERT INTO OrderLines(OrderID, ProductID, Qty, UnitPrice) VALUES (1659,24,2,1404);
UPDATE [Order] SET TotalAmount=5915 WHERE OrderID=1659;
INSERT INTO Payment(OrderID, PaymentDate, Amount, PaymentMethod, TransactionRef) VALUES (1659,'2025-10-21',5915,'Cash','TXN940062');
INSERT INTO [Order](CustomerID, OrderDate, Status, TotalAmount) VALUES (166,'2025-10-19','Cancelled',0);
INSERT INTO OrderLines(OrderID, ProductID, Qty, UnitPrice) VALUES (1660,15,2,1168);
INSERT INTO OrderLines(OrderID, ProductID, Qty, UnitPrice) VALUES (1660,9,2,1274);
INSERT INTO OrderLines(OrderID, ProductID, Qty, UnitPrice) VALUES (1660,11,3,857);
INSERT INTO OrderLines(OrderID, ProductID, Qty, UnitPrice) VALUES (1660,32,3,542);
UPDATE [Order] SET TotalAmount=9081 WHERE OrderID=1660;
INSERT INTO Payment(OrderID, PaymentDate, Amount, PaymentMethod, TransactionRef) VALUES (1660,'2025-10-23',9081,'PayPal','TXN400979');
INSERT INTO [Order](CustomerID, OrderDate, Status, TotalAmount) VALUES (167,'2025-05-28','Cancelled',0);
INSERT INTO OrderLines(OrderID, ProductID, Qty, UnitPrice) VALUES (1661,29,2,1151);
INSERT INTO OrderLines(OrderID, ProductID, Qty, UnitPrice) VALUES (1661,20,2,1042);
INSERT INTO OrderLines(OrderID, ProductID, Qty, UnitPrice) VALUES (1661,21,1,1411);
INSERT INTO OrderLines(OrderID, ProductID, Qty, UnitPrice) VALUES (1661,27,2,1432);
UPDATE [Order] SET TotalAmount=8661 WHERE OrderID=1661;
INSERT INTO Payment(OrderID, PaymentDate, Amount, PaymentMethod, TransactionRef) VALUES (1661,'2025-05-30',8661,'Cash','TXN379255');
INSERT INTO [Order](CustomerID, OrderDate, Status, TotalAmount) VALUES (167,'2025-04-10','Processing',0);
INSERT INTO OrderLines(OrderID, ProductID, Qty, UnitPrice) VALUES (1662,10,1,947);
INSERT INTO OrderLines(OrderID, ProductID, Qty, UnitPrice) VALUES (1662,16,1,1373);
INSERT INTO OrderLines(OrderID, ProductID, Qty, UnitPrice) VALUES (1662,16,1,1362);
INSERT INTO OrderLines(OrderID, ProductID, Qty, UnitPrice) VALUES (1662,48,2,966);
UPDATE [Order] SET TotalAmount=5614 WHERE OrderID=1662;
INSERT INTO Payment(OrderID, PaymentDate, Amount, PaymentMethod, TransactionRef) VALUES (1662,'2025-04-14',5614,'Cash','TXN517434');
INSERT INTO [Order](CustomerID, OrderDate, Status, TotalAmount) VALUES (167,'2025-05-25','Shipped',0);
INSERT INTO OrderLines(OrderID, ProductID, Qty, UnitPrice) VALUES (1663,17,1,142);
INSERT INTO OrderLines(OrderID, ProductID, Qty, UnitPrice) VALUES (1663,42,2,352);
INSERT INTO OrderLines(OrderID, ProductID, Qty, UnitPrice) VALUES (1663,16,1,636);
INSERT INTO OrderLines(OrderID, ProductID, Qty, UnitPrice) VALUES (1663,21,2,937);
UPDATE [Order] SET TotalAmount=3356 WHERE OrderID=1663;
INSERT INTO Payment(OrderID, PaymentDate, Amount, PaymentMethod, TransactionRef) VALUES (1663,'2025-05-30',3356,'Card','TXN249325');
INSERT INTO [Order](CustomerID, OrderDate, Status, TotalAmount) VALUES (167,'2025-10-27','Processing',0);
INSERT INTO OrderLines(OrderID, ProductID, Qty, UnitPrice) VALUES (1664,41,2,875);
INSERT INTO OrderLines(OrderID, ProductID, Qty, UnitPrice) VALUES (1664,29,2,617);
INSERT INTO OrderLines(OrderID, ProductID, Qty, UnitPrice) VALUES (1664,14,3,1386);
INSERT INTO OrderLines(OrderID, ProductID, Qty, UnitPrice) VALUES (1664,15,2,221);
UPDATE [Order] SET TotalAmount=7584 WHERE OrderID=1664;
INSERT INTO Payment(OrderID, PaymentDate, Amount, PaymentMethod, TransactionRef) VALUES (1664,'2025-11-01',7584,'Cash','TXN848886');
INSERT INTO [Order](CustomerID, OrderDate, Status, TotalAmount) VALUES (167,'2025-09-21','Shipped',0);
INSERT INTO OrderLines(OrderID, ProductID, Qty, UnitPrice) VALUES (1665,44,3,144);
INSERT INTO OrderLines(OrderID, ProductID, Qty, UnitPrice) VALUES (1665,30,2,1408);
INSERT INTO OrderLines(OrderID, ProductID, Qty, UnitPrice) VALUES (1665,36,2,208);
INSERT INTO OrderLines(OrderID, ProductID, Qty, UnitPrice) VALUES (1665,43,3,929);
UPDATE [Order] SET TotalAmount=6451 WHERE OrderID=1665;
INSERT INTO Payment(OrderID, PaymentDate, Amount, PaymentMethod, TransactionRef) VALUES (1665,'2025-09-23',6451,'Card','TXN917875');
INSERT INTO [Order](CustomerID, OrderDate, Status, TotalAmount) VALUES (167,'2025-08-07','Delivered',0);
INSERT INTO OrderLines(OrderID, ProductID, Qty, UnitPrice) VALUES (1666,40,2,1331);
INSERT INTO OrderLines(OrderID, ProductID, Qty, UnitPrice) VALUES (1666,17,1,613);
INSERT INTO OrderLines(OrderID, ProductID, Qty, UnitPrice) VALUES (1666,41,1,682);
INSERT INTO OrderLines(OrderID, ProductID, Qty, UnitPrice) VALUES (1666,18,1,1485);
UPDATE [Order] SET TotalAmount=5442 WHERE OrderID=1666;
INSERT INTO Payment(OrderID, PaymentDate, Amount, PaymentMethod, TransactionRef) VALUES (1666,'2025-08-12',5442,'PayPal','TXN169393');
INSERT INTO [Order](CustomerID, OrderDate, Status, TotalAmount) VALUES (167,'2025-03-12','Cancelled',0);
INSERT INTO OrderLines(OrderID, ProductID, Qty, UnitPrice) VALUES (1667,33,1,47);
INSERT INTO OrderLines(OrderID, ProductID, Qty, UnitPrice) VALUES (1667,27,2,153);
INSERT INTO OrderLines(OrderID, ProductID, Qty, UnitPrice) VALUES (1667,32,2,218);
INSERT INTO OrderLines(OrderID, ProductID, Qty, UnitPrice) VALUES (1667,16,2,568);
UPDATE [Order] SET TotalAmount=1925 WHERE OrderID=1667;
INSERT INTO Payment(OrderID, PaymentDate, Amount, PaymentMethod, TransactionRef) VALUES (1667,'2025-03-16',1925,'Cash','TXN247440');
INSERT INTO [Order](CustomerID, OrderDate, Status, TotalAmount) VALUES (167,'2025-07-12','Cancelled',0);
INSERT INTO OrderLines(OrderID, ProductID, Qty, UnitPrice) VALUES (1668,11,3,338);
INSERT INTO OrderLines(OrderID, ProductID, Qty, UnitPrice) VALUES (1668,2,3,621);
INSERT INTO OrderLines(OrderID, ProductID, Qty, UnitPrice) VALUES (1668,40,1,1034);
INSERT INTO OrderLines(OrderID, ProductID, Qty, UnitPrice) VALUES (1668,44,2,1383);
UPDATE [Order] SET TotalAmount=6677 WHERE OrderID=1668;
INSERT INTO Payment(OrderID, PaymentDate, Amount, PaymentMethod, TransactionRef) VALUES (1668,'2025-07-14',6677,'PayPal','TXN247796');
INSERT INTO [Order](CustomerID, OrderDate, Status, TotalAmount) VALUES (167,'2025-10-19','Shipped',0);
INSERT INTO OrderLines(OrderID, ProductID, Qty, UnitPrice) VALUES (1669,22,1,419);
INSERT INTO OrderLines(OrderID, ProductID, Qty, UnitPrice) VALUES (1669,34,1,1013);
INSERT INTO OrderLines(OrderID, ProductID, Qty, UnitPrice) VALUES (1669,35,3,382);
INSERT INTO OrderLines(OrderID, ProductID, Qty, UnitPrice) VALUES (1669,27,2,744);
UPDATE [Order] SET TotalAmount=4066 WHERE OrderID=1669;
INSERT INTO Payment(OrderID, PaymentDate, Amount, PaymentMethod, TransactionRef) VALUES (1669,'2025-10-24',4066,'Cash','TXN180200');
INSERT INTO [Order](CustomerID, OrderDate, Status, TotalAmount) VALUES (167,'2025-11-08','Processing',0);
INSERT INTO OrderLines(OrderID, ProductID, Qty, UnitPrice) VALUES (1670,11,3,1226);
INSERT INTO OrderLines(OrderID, ProductID, Qty, UnitPrice) VALUES (1670,11,2,898);
INSERT INTO OrderLines(OrderID, ProductID, Qty, UnitPrice) VALUES (1670,17,2,27);
INSERT INTO OrderLines(OrderID, ProductID, Qty, UnitPrice) VALUES (1670,26,2,1011);
UPDATE [Order] SET TotalAmount=7550 WHERE OrderID=1670;
INSERT INTO Payment(OrderID, PaymentDate, Amount, PaymentMethod, TransactionRef) VALUES (1670,'2025-11-11',7550,'Cash','TXN172265');
INSERT INTO [Order](CustomerID, OrderDate, Status, TotalAmount) VALUES (168,'2025-05-18','Delivered',0);
INSERT INTO OrderLines(OrderID, ProductID, Qty, UnitPrice) VALUES (1671,45,1,1186);
INSERT INTO OrderLines(OrderID, ProductID, Qty, UnitPrice) VALUES (1671,44,2,255);
INSERT INTO OrderLines(OrderID, ProductID, Qty, UnitPrice) VALUES (1671,37,2,1152);
INSERT INTO OrderLines(OrderID, ProductID, Qty, UnitPrice) VALUES (1671,9,3,1103);
UPDATE [Order] SET TotalAmount=7309 WHERE OrderID=1671;
INSERT INTO Payment(OrderID, PaymentDate, Amount, PaymentMethod, TransactionRef) VALUES (1671,'2025-05-19',7309,'Cash','TXN939927');
INSERT INTO [Order](CustomerID, OrderDate, Status, TotalAmount) VALUES (168,'2025-04-20','Delivered',0);
INSERT INTO OrderLines(OrderID, ProductID, Qty, UnitPrice) VALUES (1672,5,2,924);
INSERT INTO OrderLines(OrderID, ProductID, Qty, UnitPrice) VALUES (1672,33,3,1065);
INSERT INTO OrderLines(OrderID, ProductID, Qty, UnitPrice) VALUES (1672,24,1,565);
INSERT INTO OrderLines(OrderID, ProductID, Qty, UnitPrice) VALUES (1672,21,1,72);
UPDATE [Order] SET TotalAmount=5680 WHERE OrderID=1672;
INSERT INTO Payment(OrderID, PaymentDate, Amount, PaymentMethod, TransactionRef) VALUES (1672,'2025-04-20',5680,'Card','TXN989447');
INSERT INTO [Order](CustomerID, OrderDate, Status, TotalAmount) VALUES (168,'2025-03-24','Delivered',0);
INSERT INTO OrderLines(OrderID, ProductID, Qty, UnitPrice) VALUES (1673,41,3,821);
INSERT INTO OrderLines(OrderID, ProductID, Qty, UnitPrice) VALUES (1673,4,3,549);
INSERT INTO OrderLines(OrderID, ProductID, Qty, UnitPrice) VALUES (1673,19,1,798);
INSERT INTO OrderLines(OrderID, ProductID, Qty, UnitPrice) VALUES (1673,11,2,1154);
UPDATE [Order] SET TotalAmount=7216 WHERE OrderID=1673;
INSERT INTO Payment(OrderID, PaymentDate, Amount, PaymentMethod, TransactionRef) VALUES (1673,'2025-03-24',7216,'PayPal','TXN860713');
INSERT INTO [Order](CustomerID, OrderDate, Status, TotalAmount) VALUES (168,'2025-12-08','Cancelled',0);
INSERT INTO OrderLines(OrderID, ProductID, Qty, UnitPrice) VALUES (1674,38,3,136);
INSERT INTO OrderLines(OrderID, ProductID, Qty, UnitPrice) VALUES (1674,39,1,574);
INSERT INTO OrderLines(OrderID, ProductID, Qty, UnitPrice) VALUES (1674,5,2,331);
INSERT INTO OrderLines(OrderID, ProductID, Qty, UnitPrice) VALUES (1674,30,2,1276);
UPDATE [Order] SET TotalAmount=4196 WHERE OrderID=1674;
INSERT INTO Payment(OrderID, PaymentDate, Amount, PaymentMethod, TransactionRef) VALUES (1674,'2025-12-09',4196,'Cash','TXN888239');
INSERT INTO [Order](CustomerID, OrderDate, Status, TotalAmount) VALUES (168,'2025-12-19','Shipped',0);
INSERT INTO OrderLines(OrderID, ProductID, Qty, UnitPrice) VALUES (1675,27,1,32);
INSERT INTO OrderLines(OrderID, ProductID, Qty, UnitPrice) VALUES (1675,49,3,598);
INSERT INTO OrderLines(OrderID, ProductID, Qty, UnitPrice) VALUES (1675,36,2,284);
INSERT INTO OrderLines(OrderID, ProductID, Qty, UnitPrice) VALUES (1675,28,3,560);
UPDATE [Order] SET TotalAmount=4074 WHERE OrderID=1675;
INSERT INTO Payment(OrderID, PaymentDate, Amount, PaymentMethod, TransactionRef) VALUES (1675,'2025-12-21',4074,'PayPal','TXN576121');
INSERT INTO [Order](CustomerID, OrderDate, Status, TotalAmount) VALUES (168,'2025-09-10','Delivered',0);
INSERT INTO OrderLines(OrderID, ProductID, Qty, UnitPrice) VALUES (1676,12,1,140);
INSERT INTO OrderLines(OrderID, ProductID, Qty, UnitPrice) VALUES (1676,15,2,1291);
INSERT INTO OrderLines(OrderID, ProductID, Qty, UnitPrice) VALUES (1676,3,3,1223);
INSERT INTO OrderLines(OrderID, ProductID, Qty, UnitPrice) VALUES (1676,25,3,793);
UPDATE [Order] SET TotalAmount=8770 WHERE OrderID=1676;
INSERT INTO Payment(OrderID, PaymentDate, Amount, PaymentMethod, TransactionRef) VALUES (1676,'2025-09-13',8770,'Cash','TXN942784');
INSERT INTO [Order](CustomerID, OrderDate, Status, TotalAmount) VALUES (168,'2025-11-13','Processing',0);
INSERT INTO OrderLines(OrderID, ProductID, Qty, UnitPrice) VALUES (1677,27,2,226);
INSERT INTO OrderLines(OrderID, ProductID, Qty, UnitPrice) VALUES (1677,43,2,489);
INSERT INTO OrderLines(OrderID, ProductID, Qty, UnitPrice) VALUES (1677,49,1,1448);
INSERT INTO OrderLines(OrderID, ProductID, Qty, UnitPrice) VALUES (1677,32,2,223);
UPDATE [Order] SET TotalAmount=3324 WHERE OrderID=1677;
INSERT INTO Payment(OrderID, PaymentDate, Amount, PaymentMethod, TransactionRef) VALUES (1677,'2025-11-16',3324,'Card','TXN614335');
INSERT INTO [Order](CustomerID, OrderDate, Status, TotalAmount) VALUES (168,'2025-08-13','Cancelled',0);
INSERT INTO OrderLines(OrderID, ProductID, Qty, UnitPrice) VALUES (1678,32,3,1493);
INSERT INTO OrderLines(OrderID, ProductID, Qty, UnitPrice) VALUES (1678,17,1,1500);
INSERT INTO OrderLines(OrderID, ProductID, Qty, UnitPrice) VALUES (1678,26,3,938);
INSERT INTO OrderLines(OrderID, ProductID, Qty, UnitPrice) VALUES (1678,18,1,313);
UPDATE [Order] SET TotalAmount=9106 WHERE OrderID=1678;
INSERT INTO Payment(OrderID, PaymentDate, Amount, PaymentMethod, TransactionRef) VALUES (1678,'2025-08-15',9106,'Cash','TXN747588');
INSERT INTO [Order](CustomerID, OrderDate, Status, TotalAmount) VALUES (168,'2025-07-19','Delivered',0);
INSERT INTO OrderLines(OrderID, ProductID, Qty, UnitPrice) VALUES (1679,50,2,1059);
INSERT INTO OrderLines(OrderID, ProductID, Qty, UnitPrice) VALUES (1679,47,1,1388);
INSERT INTO OrderLines(OrderID, ProductID, Qty, UnitPrice) VALUES (1679,9,3,1055);
INSERT INTO OrderLines(OrderID, ProductID, Qty, UnitPrice) VALUES (1679,38,3,1196);
UPDATE [Order] SET TotalAmount=10259 WHERE OrderID=1679;
INSERT INTO Payment(OrderID, PaymentDate, Amount, PaymentMethod, TransactionRef) VALUES (1679,'2025-07-22',10259,'PayPal','TXN785363');
INSERT INTO [Order](CustomerID, OrderDate, Status, TotalAmount) VALUES (168,'2025-07-31','Cancelled',0);
INSERT INTO OrderLines(OrderID, ProductID, Qty, UnitPrice) VALUES (1680,38,2,142);
INSERT INTO OrderLines(OrderID, ProductID, Qty, UnitPrice) VALUES (1680,46,3,1479);
INSERT INTO OrderLines(OrderID, ProductID, Qty, UnitPrice) VALUES (1680,26,3,1173);
INSERT INTO OrderLines(OrderID, ProductID, Qty, UnitPrice) VALUES (1680,27,3,1036);
UPDATE [Order] SET TotalAmount=11348 WHERE OrderID=1680;
INSERT INTO Payment(OrderID, PaymentDate, Amount, PaymentMethod, TransactionRef) VALUES (1680,'2025-08-04',11348,'PayPal','TXN829745');
INSERT INTO [Order](CustomerID, OrderDate, Status, TotalAmount) VALUES (169,'2025-05-18','Cancelled',0);
INSERT INTO OrderLines(OrderID, ProductID, Qty, UnitPrice) VALUES (1681,33,3,103);
INSERT INTO OrderLines(OrderID, ProductID, Qty, UnitPrice) VALUES (1681,38,2,1095);
INSERT INTO OrderLines(OrderID, ProductID, Qty, UnitPrice) VALUES (1681,3,3,1032);
INSERT INTO OrderLines(OrderID, ProductID, Qty, UnitPrice) VALUES (1681,47,2,1206);
UPDATE [Order] SET TotalAmount=8007 WHERE OrderID=1681;
INSERT INTO Payment(OrderID, PaymentDate, Amount, PaymentMethod, TransactionRef) VALUES (1681,'2025-05-18',8007,'Cash','TXN707552');
INSERT INTO [Order](CustomerID, OrderDate, Status, TotalAmount) VALUES (169,'2025-02-02','Delivered',0);
INSERT INTO OrderLines(OrderID, ProductID, Qty, UnitPrice) VALUES (1682,19,3,1237);
INSERT INTO OrderLines(OrderID, ProductID, Qty, UnitPrice) VALUES (1682,37,2,860);
INSERT INTO OrderLines(OrderID, ProductID, Qty, UnitPrice) VALUES (1682,23,2,678);
INSERT INTO OrderLines(OrderID, ProductID, Qty, UnitPrice) VALUES (1682,44,1,1468);
UPDATE [Order] SET TotalAmount=8255 WHERE OrderID=1682;
INSERT INTO Payment(OrderID, PaymentDate, Amount, PaymentMethod, TransactionRef) VALUES (1682,'2025-02-05',8255,'Cash','TXN366770');
INSERT INTO [Order](CustomerID, OrderDate, Status, TotalAmount) VALUES (169,'2025-01-28','Shipped',0);
INSERT INTO OrderLines(OrderID, ProductID, Qty, UnitPrice) VALUES (1683,2,3,1150);
INSERT INTO OrderLines(OrderID, ProductID, Qty, UnitPrice) VALUES (1683,47,2,331);
INSERT INTO OrderLines(OrderID, ProductID, Qty, UnitPrice) VALUES (1683,36,1,1053);
INSERT INTO OrderLines(OrderID, ProductID, Qty, UnitPrice) VALUES (1683,35,2,1293);
UPDATE [Order] SET TotalAmount=7751 WHERE OrderID=1683;
INSERT INTO Payment(OrderID, PaymentDate, Amount, PaymentMethod, TransactionRef) VALUES (1683,'2025-01-29',7751,'PayPal','TXN980492');
INSERT INTO [Order](CustomerID, OrderDate, Status, TotalAmount) VALUES (169,'2025-07-05','Shipped',0);
INSERT INTO OrderLines(OrderID, ProductID, Qty, UnitPrice) VALUES (1684,15,3,455);
INSERT INTO OrderLines(OrderID, ProductID, Qty, UnitPrice) VALUES (1684,49,1,946);
INSERT INTO OrderLines(OrderID, ProductID, Qty, UnitPrice) VALUES (1684,29,3,1017);
INSERT INTO OrderLines(OrderID, ProductID, Qty, UnitPrice) VALUES (1684,17,2,347);
UPDATE [Order] SET TotalAmount=6056 WHERE OrderID=1684;
INSERT INTO Payment(OrderID, PaymentDate, Amount, PaymentMethod, TransactionRef) VALUES (1684,'2025-07-09',6056,'PayPal','TXN217803');
INSERT INTO [Order](CustomerID, OrderDate, Status, TotalAmount) VALUES (169,'2025-11-05','Cancelled',0);
INSERT INTO OrderLines(OrderID, ProductID, Qty, UnitPrice) VALUES (1685,17,3,1256);
INSERT INTO OrderLines(OrderID, ProductID, Qty, UnitPrice) VALUES (1685,34,2,403);
INSERT INTO OrderLines(OrderID, ProductID, Qty, UnitPrice) VALUES (1685,48,3,117);
INSERT INTO OrderLines(OrderID, ProductID, Qty, UnitPrice) VALUES (1685,22,3,261);
UPDATE [Order] SET TotalAmount=5708 WHERE OrderID=1685;
INSERT INTO Payment(OrderID, PaymentDate, Amount, PaymentMethod, TransactionRef) VALUES (1685,'2025-11-08',5708,'Cash','TXN799107');
INSERT INTO [Order](CustomerID, OrderDate, Status, TotalAmount) VALUES (169,'2025-01-08','Cancelled',0);
INSERT INTO OrderLines(OrderID, ProductID, Qty, UnitPrice) VALUES (1686,1,3,733);
INSERT INTO OrderLines(OrderID, ProductID, Qty, UnitPrice) VALUES (1686,39,1,442);
INSERT INTO OrderLines(OrderID, ProductID, Qty, UnitPrice) VALUES (1686,9,1,821);
INSERT INTO OrderLines(OrderID, ProductID, Qty, UnitPrice) VALUES (1686,26,3,279);
UPDATE [Order] SET TotalAmount=4299 WHERE OrderID=1686;
INSERT INTO Payment(OrderID, PaymentDate, Amount, PaymentMethod, TransactionRef) VALUES (1686,'2025-01-13',4299,'Cash','TXN903175');
INSERT INTO [Order](CustomerID, OrderDate, Status, TotalAmount) VALUES (169,'2025-10-20','Delivered',0);
INSERT INTO OrderLines(OrderID, ProductID, Qty, UnitPrice) VALUES (1687,37,1,976);
INSERT INTO OrderLines(OrderID, ProductID, Qty, UnitPrice) VALUES (1687,15,1,277);
INSERT INTO OrderLines(OrderID, ProductID, Qty, UnitPrice) VALUES (1687,25,2,66);
INSERT INTO OrderLines(OrderID, ProductID, Qty, UnitPrice) VALUES (1687,5,3,827);
UPDATE [Order] SET TotalAmount=3866 WHERE OrderID=1687;
INSERT INTO Payment(OrderID, PaymentDate, Amount, PaymentMethod, TransactionRef) VALUES (1687,'2025-10-20',3866,'Cash','TXN149909');
INSERT INTO [Order](CustomerID, OrderDate, Status, TotalAmount) VALUES (169,'2025-07-10','Shipped',0);
INSERT INTO OrderLines(OrderID, ProductID, Qty, UnitPrice) VALUES (1688,7,2,975);
INSERT INTO OrderLines(OrderID, ProductID, Qty, UnitPrice) VALUES (1688,47,2,956);
INSERT INTO OrderLines(OrderID, ProductID, Qty, UnitPrice) VALUES (1688,30,2,215);
INSERT INTO OrderLines(OrderID, ProductID, Qty, UnitPrice) VALUES (1688,43,2,961);
UPDATE [Order] SET TotalAmount=6214 WHERE OrderID=1688;
INSERT INTO Payment(OrderID, PaymentDate, Amount, PaymentMethod, TransactionRef) VALUES (1688,'2025-07-12',6214,'PayPal','TXN936630');
INSERT INTO [Order](CustomerID, OrderDate, Status, TotalAmount) VALUES (169,'2025-07-31','Delivered',0);
INSERT INTO OrderLines(OrderID, ProductID, Qty, UnitPrice) VALUES (1689,42,2,528);
INSERT INTO OrderLines(OrderID, ProductID, Qty, UnitPrice) VALUES (1689,27,2,1452);
INSERT INTO OrderLines(OrderID, ProductID, Qty, UnitPrice) VALUES (1689,35,2,885);
INSERT INTO OrderLines(OrderID, ProductID, Qty, UnitPrice) VALUES (1689,41,3,817);
UPDATE [Order] SET TotalAmount=8181 WHERE OrderID=1689;
INSERT INTO Payment(OrderID, PaymentDate, Amount, PaymentMethod, TransactionRef) VALUES (1689,'2025-07-31',8181,'Cash','TXN139671');
INSERT INTO [Order](CustomerID, OrderDate, Status, TotalAmount) VALUES (169,'2025-04-20','Delivered',0);
INSERT INTO OrderLines(OrderID, ProductID, Qty, UnitPrice) VALUES (1690,22,2,1476);
INSERT INTO OrderLines(OrderID, ProductID, Qty, UnitPrice) VALUES (1690,18,1,927);
INSERT INTO OrderLines(OrderID, ProductID, Qty, UnitPrice) VALUES (1690,39,1,530);
INSERT INTO OrderLines(OrderID, ProductID, Qty, UnitPrice) VALUES (1690,1,3,1377);
UPDATE [Order] SET TotalAmount=8540 WHERE OrderID=1690;
INSERT INTO Payment(OrderID, PaymentDate, Amount, PaymentMethod, TransactionRef) VALUES (1690,'2025-04-20',8540,'Card','TXN819806');
INSERT INTO [Order](CustomerID, OrderDate, Status, TotalAmount) VALUES (170,'2025-08-26','Shipped',0);
INSERT INTO OrderLines(OrderID, ProductID, Qty, UnitPrice) VALUES (1691,3,2,1275);
INSERT INTO OrderLines(OrderID, ProductID, Qty, UnitPrice) VALUES (1691,44,2,55);
INSERT INTO OrderLines(OrderID, ProductID, Qty, UnitPrice) VALUES (1691,18,3,219);
INSERT INTO OrderLines(OrderID, ProductID, Qty, UnitPrice) VALUES (1691,28,3,168);
UPDATE [Order] SET TotalAmount=3821 WHERE OrderID=1691;
INSERT INTO Payment(OrderID, PaymentDate, Amount, PaymentMethod, TransactionRef) VALUES (1691,'2025-08-26',3821,'Card','TXN746810');
INSERT INTO [Order](CustomerID, OrderDate, Status, TotalAmount) VALUES (170,'2025-09-10','Cancelled',0);
INSERT INTO OrderLines(OrderID, ProductID, Qty, UnitPrice) VALUES (1692,14,3,1106);
INSERT INTO OrderLines(OrderID, ProductID, Qty, UnitPrice) VALUES (1692,45,3,136);
INSERT INTO OrderLines(OrderID, ProductID, Qty, UnitPrice) VALUES (1692,21,3,123);
INSERT INTO OrderLines(OrderID, ProductID, Qty, UnitPrice) VALUES (1692,28,1,916);
UPDATE [Order] SET TotalAmount=5011 WHERE OrderID=1692;
INSERT INTO Payment(OrderID, PaymentDate, Amount, PaymentMethod, TransactionRef) VALUES (1692,'2025-09-10',5011,'Cash','TXN601005');
INSERT INTO [Order](CustomerID, OrderDate, Status, TotalAmount) VALUES (170,'2025-05-30','Cancelled',0);
INSERT INTO OrderLines(OrderID, ProductID, Qty, UnitPrice) VALUES (1693,47,1,683);
INSERT INTO OrderLines(OrderID, ProductID, Qty, UnitPrice) VALUES (1693,5,1,212);
INSERT INTO OrderLines(OrderID, ProductID, Qty, UnitPrice) VALUES (1693,5,3,971);
INSERT INTO OrderLines(OrderID, ProductID, Qty, UnitPrice) VALUES (1693,14,3,1307);
UPDATE [Order] SET TotalAmount=7729 WHERE OrderID=1693;
INSERT INTO Payment(OrderID, PaymentDate, Amount, PaymentMethod, TransactionRef) VALUES (1693,'2025-05-31',7729,'PayPal','TXN634768');
INSERT INTO [Order](CustomerID, OrderDate, Status, TotalAmount) VALUES (170,'2025-07-30','Delivered',0);
INSERT INTO OrderLines(OrderID, ProductID, Qty, UnitPrice) VALUES (1694,43,3,988);
INSERT INTO OrderLines(OrderID, ProductID, Qty, UnitPrice) VALUES (1694,47,1,701);
INSERT INTO OrderLines(OrderID, ProductID, Qty, UnitPrice) VALUES (1694,26,2,444);
INSERT INTO OrderLines(OrderID, ProductID, Qty, UnitPrice) VALUES (1694,18,1,1012);
UPDATE [Order] SET TotalAmount=5565 WHERE OrderID=1694;
INSERT INTO Payment(OrderID, PaymentDate, Amount, PaymentMethod, TransactionRef) VALUES (1694,'2025-07-30',5565,'Cash','TXN891825');
INSERT INTO [Order](CustomerID, OrderDate, Status, TotalAmount) VALUES (170,'2025-06-22','Processing',0);
INSERT INTO OrderLines(OrderID, ProductID, Qty, UnitPrice) VALUES (1695,17,3,1178);
INSERT INTO OrderLines(OrderID, ProductID, Qty, UnitPrice) VALUES (1695,5,3,1289);
INSERT INTO OrderLines(OrderID, ProductID, Qty, UnitPrice) VALUES (1695,24,1,1196);
INSERT INTO OrderLines(OrderID, ProductID, Qty, UnitPrice) VALUES (1695,17,1,833);
UPDATE [Order] SET TotalAmount=9430 WHERE OrderID=1695;
INSERT INTO Payment(OrderID, PaymentDate, Amount, PaymentMethod, TransactionRef) VALUES (1695,'2025-06-26',9430,'Card','TXN643320');
INSERT INTO [Order](CustomerID, OrderDate, Status, TotalAmount) VALUES (170,'2025-10-06','Shipped',0);
INSERT INTO OrderLines(OrderID, ProductID, Qty, UnitPrice) VALUES (1696,4,3,1444);
INSERT INTO OrderLines(OrderID, ProductID, Qty, UnitPrice) VALUES (1696,37,2,841);
INSERT INTO OrderLines(OrderID, ProductID, Qty, UnitPrice) VALUES (1696,4,3,768);
INSERT INTO OrderLines(OrderID, ProductID, Qty, UnitPrice) VALUES (1696,28,1,853);
UPDATE [Order] SET TotalAmount=9171 WHERE OrderID=1696;
INSERT INTO Payment(OrderID, PaymentDate, Amount, PaymentMethod, TransactionRef) VALUES (1696,'2025-10-06',9171,'Cash','TXN776285');
INSERT INTO [Order](CustomerID, OrderDate, Status, TotalAmount) VALUES (170,'2025-06-19','Delivered',0);
INSERT INTO OrderLines(OrderID, ProductID, Qty, UnitPrice) VALUES (1697,38,2,583);
INSERT INTO OrderLines(OrderID, ProductID, Qty, UnitPrice) VALUES (1697,39,2,1203);
INSERT INTO OrderLines(OrderID, ProductID, Qty, UnitPrice) VALUES (1697,48,3,532);
INSERT INTO OrderLines(OrderID, ProductID, Qty, UnitPrice) VALUES (1697,17,2,667);
UPDATE [Order] SET TotalAmount=6502 WHERE OrderID=1697;
INSERT INTO Payment(OrderID, PaymentDate, Amount, PaymentMethod, TransactionRef) VALUES (1697,'2025-06-21',6502,'Cash','TXN652746');
INSERT INTO [Order](CustomerID, OrderDate, Status, TotalAmount) VALUES (170,'2025-12-19','Shipped',0);
INSERT INTO OrderLines(OrderID, ProductID, Qty, UnitPrice) VALUES (1698,43,1,903);
INSERT INTO OrderLines(OrderID, ProductID, Qty, UnitPrice) VALUES (1698,1,1,261);
INSERT INTO OrderLines(OrderID, ProductID, Qty, UnitPrice) VALUES (1698,12,2,389);
INSERT INTO OrderLines(OrderID, ProductID, Qty, UnitPrice) VALUES (1698,22,1,338);
UPDATE [Order] SET TotalAmount=2280 WHERE OrderID=1698;
INSERT INTO Payment(OrderID, PaymentDate, Amount, PaymentMethod, TransactionRef) VALUES (1698,'2025-12-21',2280,'Cash','TXN499161');
INSERT INTO [Order](CustomerID, OrderDate, Status, TotalAmount) VALUES (170,'2025-09-05','Delivered',0);
INSERT INTO OrderLines(OrderID, ProductID, Qty, UnitPrice) VALUES (1699,40,1,150);
INSERT INTO OrderLines(OrderID, ProductID, Qty, UnitPrice) VALUES (1699,23,2,1260);
INSERT INTO OrderLines(OrderID, ProductID, Qty, UnitPrice) VALUES (1699,41,2,555);
INSERT INTO OrderLines(OrderID, ProductID, Qty, UnitPrice) VALUES (1699,13,2,593);
UPDATE [Order] SET TotalAmount=4966 WHERE OrderID=1699;
INSERT INTO Payment(OrderID, PaymentDate, Amount, PaymentMethod, TransactionRef) VALUES (1699,'2025-09-05',4966,'Card','TXN921549');
INSERT INTO [Order](CustomerID, OrderDate, Status, TotalAmount) VALUES (170,'2025-04-09','Cancelled',0);
INSERT INTO OrderLines(OrderID, ProductID, Qty, UnitPrice) VALUES (1700,21,3,45);
INSERT INTO OrderLines(OrderID, ProductID, Qty, UnitPrice) VALUES (1700,42,1,508);
INSERT INTO OrderLines(OrderID, ProductID, Qty, UnitPrice) VALUES (1700,27,3,404);
INSERT INTO OrderLines(OrderID, ProductID, Qty, UnitPrice) VALUES (1700,11,1,901);
UPDATE [Order] SET TotalAmount=2756 WHERE OrderID=1700;
INSERT INTO Payment(OrderID, PaymentDate, Amount, PaymentMethod, TransactionRef) VALUES (1700,'2025-04-13',2756,'Cash','TXN708396');
INSERT INTO [Order](CustomerID, OrderDate, Status, TotalAmount) VALUES (171,'2025-04-15','Cancelled',0);
INSERT INTO OrderLines(OrderID, ProductID, Qty, UnitPrice) VALUES (1701,18,2,1229);
INSERT INTO OrderLines(OrderID, ProductID, Qty, UnitPrice) VALUES (1701,18,2,177);
INSERT INTO OrderLines(OrderID, ProductID, Qty, UnitPrice) VALUES (1701,36,3,123);
INSERT INTO OrderLines(OrderID, ProductID, Qty, UnitPrice) VALUES (1701,7,3,502);
UPDATE [Order] SET TotalAmount=4687 WHERE OrderID=1701;
INSERT INTO Payment(OrderID, PaymentDate, Amount, PaymentMethod, TransactionRef) VALUES (1701,'2025-04-19',4687,'Card','TXN432408');
INSERT INTO [Order](CustomerID, OrderDate, Status, TotalAmount) VALUES (171,'2025-10-03','Processing',0);
INSERT INTO OrderLines(OrderID, ProductID, Qty, UnitPrice) VALUES (1702,41,1,619);
INSERT INTO OrderLines(OrderID, ProductID, Qty, UnitPrice) VALUES (1702,10,2,1476);
INSERT INTO OrderLines(OrderID, ProductID, Qty, UnitPrice) VALUES (1702,13,1,754);
INSERT INTO OrderLines(OrderID, ProductID, Qty, UnitPrice) VALUES (1702,1,2,647);
UPDATE [Order] SET TotalAmount=5619 WHERE OrderID=1702;
INSERT INTO Payment(OrderID, PaymentDate, Amount, PaymentMethod, TransactionRef) VALUES (1702,'2025-10-04',5619,'Cash','TXN546864');
INSERT INTO [Order](CustomerID, OrderDate, Status, TotalAmount) VALUES (171,'2025-05-26','Delivered',0);
INSERT INTO OrderLines(OrderID, ProductID, Qty, UnitPrice) VALUES (1703,1,3,79);
INSERT INTO OrderLines(OrderID, ProductID, Qty, UnitPrice) VALUES (1703,17,2,1185);
INSERT INTO OrderLines(OrderID, ProductID, Qty, UnitPrice) VALUES (1703,2,1,852);
INSERT INTO OrderLines(OrderID, ProductID, Qty, UnitPrice) VALUES (1703,25,2,92);
UPDATE [Order] SET TotalAmount=3643 WHERE OrderID=1703;
INSERT INTO Payment(OrderID, PaymentDate, Amount, PaymentMethod, TransactionRef) VALUES (1703,'2025-05-27',3643,'Card','TXN418035');
INSERT INTO [Order](CustomerID, OrderDate, Status, TotalAmount) VALUES (171,'2025-07-08','Shipped',0);
INSERT INTO OrderLines(OrderID, ProductID, Qty, UnitPrice) VALUES (1704,42,2,1343);
INSERT INTO OrderLines(OrderID, ProductID, Qty, UnitPrice) VALUES (1704,30,2,652);
INSERT INTO OrderLines(OrderID, ProductID, Qty, UnitPrice) VALUES (1704,15,1,1126);
INSERT INTO OrderLines(OrderID, ProductID, Qty, UnitPrice) VALUES (1704,13,3,1083);
UPDATE [Order] SET TotalAmount=8365 WHERE OrderID=1704;
INSERT INTO Payment(OrderID, PaymentDate, Amount, PaymentMethod, TransactionRef) VALUES (1704,'2025-07-10',8365,'Cash','TXN445744');
INSERT INTO [Order](CustomerID, OrderDate, Status, TotalAmount) VALUES (171,'2025-06-28','Cancelled',0);
INSERT INTO OrderLines(OrderID, ProductID, Qty, UnitPrice) VALUES (1705,44,2,333);
INSERT INTO OrderLines(OrderID, ProductID, Qty, UnitPrice) VALUES (1705,2,3,213);
INSERT INTO OrderLines(OrderID, ProductID, Qty, UnitPrice) VALUES (1705,11,2,787);
INSERT INTO OrderLines(OrderID, ProductID, Qty, UnitPrice) VALUES (1705,49,3,1498);
UPDATE [Order] SET TotalAmount=7373 WHERE OrderID=1705;
INSERT INTO Payment(OrderID, PaymentDate, Amount, PaymentMethod, TransactionRef) VALUES (1705,'2025-06-30',7373,'PayPal','TXN432892');
INSERT INTO [Order](CustomerID, OrderDate, Status, TotalAmount) VALUES (171,'2025-07-27','Delivered',0);
INSERT INTO OrderLines(OrderID, ProductID, Qty, UnitPrice) VALUES (1706,12,2,164);
INSERT INTO OrderLines(OrderID, ProductID, Qty, UnitPrice) VALUES (1706,32,3,250);
INSERT INTO OrderLines(OrderID, ProductID, Qty, UnitPrice) VALUES (1706,40,1,508);
INSERT INTO OrderLines(OrderID, ProductID, Qty, UnitPrice) VALUES (1706,10,1,1168);
UPDATE [Order] SET TotalAmount=2754 WHERE OrderID=1706;
INSERT INTO Payment(OrderID, PaymentDate, Amount, PaymentMethod, TransactionRef) VALUES (1706,'2025-07-31',2754,'Card','TXN871938');
INSERT INTO [Order](CustomerID, OrderDate, Status, TotalAmount) VALUES (171,'2025-12-25','Processing',0);
INSERT INTO OrderLines(OrderID, ProductID, Qty, UnitPrice) VALUES (1707,2,3,1015);
INSERT INTO OrderLines(OrderID, ProductID, Qty, UnitPrice) VALUES (1707,27,2,710);
INSERT INTO OrderLines(OrderID, ProductID, Qty, UnitPrice) VALUES (1707,7,2,380);
INSERT INTO OrderLines(OrderID, ProductID, Qty, UnitPrice) VALUES (1707,1,3,1391);
UPDATE [Order] SET TotalAmount=9398 WHERE OrderID=1707;
INSERT INTO Payment(OrderID, PaymentDate, Amount, PaymentMethod, TransactionRef) VALUES (1707,'2025-12-26',9398,'Card','TXN330433');
INSERT INTO [Order](CustomerID, OrderDate, Status, TotalAmount) VALUES (171,'2025-09-29','Cancelled',0);
INSERT INTO OrderLines(OrderID, ProductID, Qty, UnitPrice) VALUES (1708,28,2,287);
INSERT INTO OrderLines(OrderID, ProductID, Qty, UnitPrice) VALUES (1708,48,2,1383);
INSERT INTO OrderLines(OrderID, ProductID, Qty, UnitPrice) VALUES (1708,42,2,43);
INSERT INTO OrderLines(OrderID, ProductID, Qty, UnitPrice) VALUES (1708,2,3,362);
UPDATE [Order] SET TotalAmount=4512 WHERE OrderID=1708;
INSERT INTO Payment(OrderID, PaymentDate, Amount, PaymentMethod, TransactionRef) VALUES (1708,'2025-09-29',4512,'Cash','TXN981596');
INSERT INTO [Order](CustomerID, OrderDate, Status, TotalAmount) VALUES (171,'2025-02-14','Cancelled',0);
INSERT INTO OrderLines(OrderID, ProductID, Qty, UnitPrice) VALUES (1709,4,2,1108);
INSERT INTO OrderLines(OrderID, ProductID, Qty, UnitPrice) VALUES (1709,16,2,1138);
INSERT INTO OrderLines(OrderID, ProductID, Qty, UnitPrice) VALUES (1709,7,1,1226);
INSERT INTO OrderLines(OrderID, ProductID, Qty, UnitPrice) VALUES (1709,34,2,952);
UPDATE [Order] SET TotalAmount=7622 WHERE OrderID=1709;
INSERT INTO Payment(OrderID, PaymentDate, Amount, PaymentMethod, TransactionRef) VALUES (1709,'2025-02-16',7622,'Card','TXN897156');
INSERT INTO [Order](CustomerID, OrderDate, Status, TotalAmount) VALUES (171,'2025-02-14','Processing',0);
INSERT INTO OrderLines(OrderID, ProductID, Qty, UnitPrice) VALUES (1710,19,1,439);
INSERT INTO OrderLines(OrderID, ProductID, Qty, UnitPrice) VALUES (1710,8,2,281);
INSERT INTO OrderLines(OrderID, ProductID, Qty, UnitPrice) VALUES (1710,31,3,457);
INSERT INTO OrderLines(OrderID, ProductID, Qty, UnitPrice) VALUES (1710,9,2,425);
UPDATE [Order] SET TotalAmount=3222 WHERE OrderID=1710;
INSERT INTO Payment(OrderID, PaymentDate, Amount, PaymentMethod, TransactionRef) VALUES (1710,'2025-02-19',3222,'Card','TXN901141');
INSERT INTO [Order](CustomerID, OrderDate, Status, TotalAmount) VALUES (172,'2025-02-07','Delivered',0);
INSERT INTO OrderLines(OrderID, ProductID, Qty, UnitPrice) VALUES (1711,1,1,1223);
INSERT INTO OrderLines(OrderID, ProductID, Qty, UnitPrice) VALUES (1711,47,3,453);
INSERT INTO OrderLines(OrderID, ProductID, Qty, UnitPrice) VALUES (1711,29,1,1029);
INSERT INTO OrderLines(OrderID, ProductID, Qty, UnitPrice) VALUES (1711,40,1,1013);
UPDATE [Order] SET TotalAmount=4624 WHERE OrderID=1711;
INSERT INTO Payment(OrderID, PaymentDate, Amount, PaymentMethod, TransactionRef) VALUES (1711,'2025-02-09',4624,'Card','TXN283834');
INSERT INTO [Order](CustomerID, OrderDate, Status, TotalAmount) VALUES (172,'2025-11-28','Delivered',0);
INSERT INTO OrderLines(OrderID, ProductID, Qty, UnitPrice) VALUES (1712,13,3,438);
INSERT INTO OrderLines(OrderID, ProductID, Qty, UnitPrice) VALUES (1712,37,1,427);
INSERT INTO OrderLines(OrderID, ProductID, Qty, UnitPrice) VALUES (1712,45,1,796);
INSERT INTO OrderLines(OrderID, ProductID, Qty, UnitPrice) VALUES (1712,34,2,1229);
UPDATE [Order] SET TotalAmount=4995 WHERE OrderID=1712;
INSERT INTO Payment(OrderID, PaymentDate, Amount, PaymentMethod, TransactionRef) VALUES (1712,'2025-12-02',4995,'Card','TXN283368');
INSERT INTO [Order](CustomerID, OrderDate, Status, TotalAmount) VALUES (172,'2025-10-11','Delivered',0);
INSERT INTO OrderLines(OrderID, ProductID, Qty, UnitPrice) VALUES (1713,49,2,400);
INSERT INTO OrderLines(OrderID, ProductID, Qty, UnitPrice) VALUES (1713,31,2,288);
INSERT INTO OrderLines(OrderID, ProductID, Qty, UnitPrice) VALUES (1713,14,1,1185);
INSERT INTO OrderLines(OrderID, ProductID, Qty, UnitPrice) VALUES (1713,19,1,98);
UPDATE [Order] SET TotalAmount=2659 WHERE OrderID=1713;
INSERT INTO Payment(OrderID, PaymentDate, Amount, PaymentMethod, TransactionRef) VALUES (1713,'2025-10-12',2659,'PayPal','TXN302614');
INSERT INTO [Order](CustomerID, OrderDate, Status, TotalAmount) VALUES (172,'2025-12-14','Delivered',0);
INSERT INTO OrderLines(OrderID, ProductID, Qty, UnitPrice) VALUES (1714,22,3,1033);
INSERT INTO OrderLines(OrderID, ProductID, Qty, UnitPrice) VALUES (1714,17,1,1283);
INSERT INTO OrderLines(OrderID, ProductID, Qty, UnitPrice) VALUES (1714,46,3,1211);
INSERT INTO OrderLines(OrderID, ProductID, Qty, UnitPrice) VALUES (1714,12,2,760);
UPDATE [Order] SET TotalAmount=9535 WHERE OrderID=1714;
INSERT INTO Payment(OrderID, PaymentDate, Amount, PaymentMethod, TransactionRef) VALUES (1714,'2025-12-17',9535,'Card','TXN698722');
INSERT INTO [Order](CustomerID, OrderDate, Status, TotalAmount) VALUES (172,'2025-07-10','Cancelled',0);
INSERT INTO OrderLines(OrderID, ProductID, Qty, UnitPrice) VALUES (1715,32,1,983);
INSERT INTO OrderLines(OrderID, ProductID, Qty, UnitPrice) VALUES (1715,21,3,250);
INSERT INTO OrderLines(OrderID, ProductID, Qty, UnitPrice) VALUES (1715,43,3,1354);
INSERT INTO OrderLines(OrderID, ProductID, Qty, UnitPrice) VALUES (1715,31,2,626);
UPDATE [Order] SET TotalAmount=7047 WHERE OrderID=1715;
INSERT INTO Payment(OrderID, PaymentDate, Amount, PaymentMethod, TransactionRef) VALUES (1715,'2025-07-15',7047,'Card','TXN989386');
INSERT INTO [Order](CustomerID, OrderDate, Status, TotalAmount) VALUES (172,'2025-04-29','Processing',0);
INSERT INTO OrderLines(OrderID, ProductID, Qty, UnitPrice) VALUES (1716,19,2,1351);
INSERT INTO OrderLines(OrderID, ProductID, Qty, UnitPrice) VALUES (1716,12,3,563);
INSERT INTO OrderLines(OrderID, ProductID, Qty, UnitPrice) VALUES (1716,20,1,1031);
INSERT INTO OrderLines(OrderID, ProductID, Qty, UnitPrice) VALUES (1716,5,3,1038);
UPDATE [Order] SET TotalAmount=8536 WHERE OrderID=1716;
INSERT INTO Payment(OrderID, PaymentDate, Amount, PaymentMethod, TransactionRef) VALUES (1716,'2025-05-04',8536,'Card','TXN638486');
INSERT INTO [Order](CustomerID, OrderDate, Status, TotalAmount) VALUES (172,'2025-12-15','Processing',0);
INSERT INTO OrderLines(OrderID, ProductID, Qty, UnitPrice) VALUES (1717,11,1,663);
INSERT INTO OrderLines(OrderID, ProductID, Qty, UnitPrice) VALUES (1717,1,3,112);
INSERT INTO OrderLines(OrderID, ProductID, Qty, UnitPrice) VALUES (1717,12,2,1197);
INSERT INTO OrderLines(OrderID, ProductID, Qty, UnitPrice) VALUES (1717,14,2,678);
UPDATE [Order] SET TotalAmount=4749 WHERE OrderID=1717;
INSERT INTO Payment(OrderID, PaymentDate, Amount, PaymentMethod, TransactionRef) VALUES (1717,'2025-12-16',4749,'Cash','TXN855955');
INSERT INTO [Order](CustomerID, OrderDate, Status, TotalAmount) VALUES (172,'2025-01-21','Cancelled',0);
INSERT INTO OrderLines(OrderID, ProductID, Qty, UnitPrice) VALUES (1718,9,2,51);
INSERT INTO OrderLines(OrderID, ProductID, Qty, UnitPrice) VALUES (1718,17,1,603);
INSERT INTO OrderLines(OrderID, ProductID, Qty, UnitPrice) VALUES (1718,19,2,696);
INSERT INTO OrderLines(OrderID, ProductID, Qty, UnitPrice) VALUES (1718,42,3,876);
UPDATE [Order] SET TotalAmount=4725 WHERE OrderID=1718;
INSERT INTO Payment(OrderID, PaymentDate, Amount, PaymentMethod, TransactionRef) VALUES (1718,'2025-01-24',4725,'Card','TXN534570');
INSERT INTO [Order](CustomerID, OrderDate, Status, TotalAmount) VALUES (172,'2025-09-29','Shipped',0);
INSERT INTO OrderLines(OrderID, ProductID, Qty, UnitPrice) VALUES (1719,49,2,635);
INSERT INTO OrderLines(OrderID, ProductID, Qty, UnitPrice) VALUES (1719,16,3,972);
INSERT INTO OrderLines(OrderID, ProductID, Qty, UnitPrice) VALUES (1719,40,3,1158);
INSERT INTO OrderLines(OrderID, ProductID, Qty, UnitPrice) VALUES (1719,33,1,635);
UPDATE [Order] SET TotalAmount=8295 WHERE OrderID=1719;
INSERT INTO Payment(OrderID, PaymentDate, Amount, PaymentMethod, TransactionRef) VALUES (1719,'2025-10-02',8295,'Cash','TXN951845');
INSERT INTO [Order](CustomerID, OrderDate, Status, TotalAmount) VALUES (172,'2025-04-09','Shipped',0);
INSERT INTO OrderLines(OrderID, ProductID, Qty, UnitPrice) VALUES (1720,48,1,696);
INSERT INTO OrderLines(OrderID, ProductID, Qty, UnitPrice) VALUES (1720,35,3,460);
INSERT INTO OrderLines(OrderID, ProductID, Qty, UnitPrice) VALUES (1720,26,3,366);
INSERT INTO OrderLines(OrderID, ProductID, Qty, UnitPrice) VALUES (1720,28,2,866);
UPDATE [Order] SET TotalAmount=4906 WHERE OrderID=1720;
INSERT INTO Payment(OrderID, PaymentDate, Amount, PaymentMethod, TransactionRef) VALUES (1720,'2025-04-13',4906,'PayPal','TXN860250');
INSERT INTO [Order](CustomerID, OrderDate, Status, TotalAmount) VALUES (173,'2025-06-29','Delivered',0);
INSERT INTO OrderLines(OrderID, ProductID, Qty, UnitPrice) VALUES (1721,15,2,257);
INSERT INTO OrderLines(OrderID, ProductID, Qty, UnitPrice) VALUES (1721,49,2,168);
INSERT INTO OrderLines(OrderID, ProductID, Qty, UnitPrice) VALUES (1721,20,2,649);
INSERT INTO OrderLines(OrderID, ProductID, Qty, UnitPrice) VALUES (1721,8,2,347);
UPDATE [Order] SET TotalAmount=2842 WHERE OrderID=1721;
INSERT INTO Payment(OrderID, PaymentDate, Amount, PaymentMethod, TransactionRef) VALUES (1721,'2025-07-01',2842,'Cash','TXN769548');
INSERT INTO [Order](CustomerID, OrderDate, Status, TotalAmount) VALUES (173,'2025-05-24','Delivered',0);
INSERT INTO OrderLines(OrderID, ProductID, Qty, UnitPrice) VALUES (1722,39,2,1235);
INSERT INTO OrderLines(OrderID, ProductID, Qty, UnitPrice) VALUES (1722,43,1,358);
INSERT INTO OrderLines(OrderID, ProductID, Qty, UnitPrice) VALUES (1722,37,2,697);
INSERT INTO OrderLines(OrderID, ProductID, Qty, UnitPrice) VALUES (1722,29,3,793);
UPDATE [Order] SET TotalAmount=6601 WHERE OrderID=1722;
INSERT INTO Payment(OrderID, PaymentDate, Amount, PaymentMethod, TransactionRef) VALUES (1722,'2025-05-25',6601,'Cash','TXN431894');
INSERT INTO [Order](CustomerID, OrderDate, Status, TotalAmount) VALUES (173,'2025-10-29','Processing',0);
INSERT INTO OrderLines(OrderID, ProductID, Qty, UnitPrice) VALUES (1723,43,1,795);
INSERT INTO OrderLines(OrderID, ProductID, Qty, UnitPrice) VALUES (1723,33,3,505);
INSERT INTO OrderLines(OrderID, ProductID, Qty, UnitPrice) VALUES (1723,8,2,1032);
INSERT INTO OrderLines(OrderID, ProductID, Qty, UnitPrice) VALUES (1723,22,2,127);
UPDATE [Order] SET TotalAmount=4628 WHERE OrderID=1723;
INSERT INTO Payment(OrderID, PaymentDate, Amount, PaymentMethod, TransactionRef) VALUES (1723,'2025-10-30',4628,'PayPal','TXN820785');
INSERT INTO [Order](CustomerID, OrderDate, Status, TotalAmount) VALUES (173,'2025-07-22','Shipped',0);
INSERT INTO OrderLines(OrderID, ProductID, Qty, UnitPrice) VALUES (1724,24,2,893);
INSERT INTO OrderLines(OrderID, ProductID, Qty, UnitPrice) VALUES (1724,26,1,418);
INSERT INTO OrderLines(OrderID, ProductID, Qty, UnitPrice) VALUES (1724,12,2,930);
INSERT INTO OrderLines(OrderID, ProductID, Qty, UnitPrice) VALUES (1724,33,1,708);
UPDATE [Order] SET TotalAmount=4772 WHERE OrderID=1724;
INSERT INTO Payment(OrderID, PaymentDate, Amount, PaymentMethod, TransactionRef) VALUES (1724,'2025-07-25',4772,'Cash','TXN601137');
INSERT INTO [Order](CustomerID, OrderDate, Status, TotalAmount) VALUES (173,'2025-03-10','Processing',0);
INSERT INTO OrderLines(OrderID, ProductID, Qty, UnitPrice) VALUES (1725,49,3,315);
INSERT INTO OrderLines(OrderID, ProductID, Qty, UnitPrice) VALUES (1725,50,1,871);
INSERT INTO OrderLines(OrderID, ProductID, Qty, UnitPrice) VALUES (1725,46,1,151);
INSERT INTO OrderLines(OrderID, ProductID, Qty, UnitPrice) VALUES (1725,28,1,756);
UPDATE [Order] SET TotalAmount=2723 WHERE OrderID=1725;
INSERT INTO Payment(OrderID, PaymentDate, Amount, PaymentMethod, TransactionRef) VALUES (1725,'2025-03-14',2723,'Card','TXN525838');
INSERT INTO [Order](CustomerID, OrderDate, Status, TotalAmount) VALUES (173,'2025-01-30','Shipped',0);
INSERT INTO OrderLines(OrderID, ProductID, Qty, UnitPrice) VALUES (1726,48,3,1030);
INSERT INTO OrderLines(OrderID, ProductID, Qty, UnitPrice) VALUES (1726,27,1,874);
INSERT INTO OrderLines(OrderID, ProductID, Qty, UnitPrice) VALUES (1726,48,1,937);
INSERT INTO OrderLines(OrderID, ProductID, Qty, UnitPrice) VALUES (1726,1,1,973);
UPDATE [Order] SET TotalAmount=5874 WHERE OrderID=1726;
INSERT INTO Payment(OrderID, PaymentDate, Amount, PaymentMethod, TransactionRef) VALUES (1726,'2025-01-31',5874,'Card','TXN204909');
INSERT INTO [Order](CustomerID, OrderDate, Status, TotalAmount) VALUES (173,'2025-02-11','Delivered',0);
INSERT INTO OrderLines(OrderID, ProductID, Qty, UnitPrice) VALUES (1727,48,3,1460);
INSERT INTO OrderLines(OrderID, ProductID, Qty, UnitPrice) VALUES (1727,28,2,416);
INSERT INTO OrderLines(OrderID, ProductID, Qty, UnitPrice) VALUES (1727,45,1,981);
INSERT INTO OrderLines(OrderID, ProductID, Qty, UnitPrice) VALUES (1727,30,2,1133);
UPDATE [Order] SET TotalAmount=8459 WHERE OrderID=1727;
INSERT INTO Payment(OrderID, PaymentDate, Amount, PaymentMethod, TransactionRef) VALUES (1727,'2025-02-14',8459,'Cash','TXN877348');
INSERT INTO [Order](CustomerID, OrderDate, Status, TotalAmount) VALUES (173,'2025-08-23','Cancelled',0);
INSERT INTO OrderLines(OrderID, ProductID, Qty, UnitPrice) VALUES (1728,34,2,393);
INSERT INTO OrderLines(OrderID, ProductID, Qty, UnitPrice) VALUES (1728,45,3,481);
INSERT INTO OrderLines(OrderID, ProductID, Qty, UnitPrice) VALUES (1728,7,1,746);
INSERT INTO OrderLines(OrderID, ProductID, Qty, UnitPrice) VALUES (1728,48,2,891);
UPDATE [Order] SET TotalAmount=4757 WHERE OrderID=1728;
INSERT INTO Payment(OrderID, PaymentDate, Amount, PaymentMethod, TransactionRef) VALUES (1728,'2025-08-23',4757,'PayPal','TXN687798');
INSERT INTO [Order](CustomerID, OrderDate, Status, TotalAmount) VALUES (173,'2025-10-29','Delivered',0);
INSERT INTO OrderLines(OrderID, ProductID, Qty, UnitPrice) VALUES (1729,50,3,1453);
INSERT INTO OrderLines(OrderID, ProductID, Qty, UnitPrice) VALUES (1729,39,1,1437);
INSERT INTO OrderLines(OrderID, ProductID, Qty, UnitPrice) VALUES (1729,20,1,776);
INSERT INTO OrderLines(OrderID, ProductID, Qty, UnitPrice) VALUES (1729,35,3,986);
UPDATE [Order] SET TotalAmount=9530 WHERE OrderID=1729;
INSERT INTO Payment(OrderID, PaymentDate, Amount, PaymentMethod, TransactionRef) VALUES (1729,'2025-10-29',9530,'Card','TXN915639');
INSERT INTO [Order](CustomerID, OrderDate, Status, TotalAmount) VALUES (173,'2025-11-04','Cancelled',0);
INSERT INTO OrderLines(OrderID, ProductID, Qty, UnitPrice) VALUES (1730,17,1,178);
INSERT INTO OrderLines(OrderID, ProductID, Qty, UnitPrice) VALUES (1730,12,1,1250);
INSERT INTO OrderLines(OrderID, ProductID, Qty, UnitPrice) VALUES (1730,11,1,1204);
INSERT INTO OrderLines(OrderID, ProductID, Qty, UnitPrice) VALUES (1730,33,1,826);
UPDATE [Order] SET TotalAmount=3458 WHERE OrderID=1730;
INSERT INTO Payment(OrderID, PaymentDate, Amount, PaymentMethod, TransactionRef) VALUES (1730,'2025-11-09',3458,'Cash','TXN313792');
INSERT INTO [Order](CustomerID, OrderDate, Status, TotalAmount) VALUES (174,'2025-09-30','Cancelled',0);
INSERT INTO OrderLines(OrderID, ProductID, Qty, UnitPrice) VALUES (1731,39,3,1220);
INSERT INTO OrderLines(OrderID, ProductID, Qty, UnitPrice) VALUES (1731,17,1,25);
INSERT INTO OrderLines(OrderID, ProductID, Qty, UnitPrice) VALUES (1731,38,3,766);
INSERT INTO OrderLines(OrderID, ProductID, Qty, UnitPrice) VALUES (1731,42,1,969);
UPDATE [Order] SET TotalAmount=6952 WHERE OrderID=1731;
INSERT INTO Payment(OrderID, PaymentDate, Amount, PaymentMethod, TransactionRef) VALUES (1731,'2025-10-03',6952,'Card','TXN541191');
INSERT INTO [Order](CustomerID, OrderDate, Status, TotalAmount) VALUES (174,'2025-04-14','Delivered',0);
INSERT INTO OrderLines(OrderID, ProductID, Qty, UnitPrice) VALUES (1732,46,2,92);
INSERT INTO OrderLines(OrderID, ProductID, Qty, UnitPrice) VALUES (1732,11,3,567);
INSERT INTO OrderLines(OrderID, ProductID, Qty, UnitPrice) VALUES (1732,41,1,822);
INSERT INTO OrderLines(OrderID, ProductID, Qty, UnitPrice) VALUES (1732,38,1,683);
UPDATE [Order] SET TotalAmount=3390 WHERE OrderID=1732;
INSERT INTO Payment(OrderID, PaymentDate, Amount, PaymentMethod, TransactionRef) VALUES (1732,'2025-04-16',3390,'Cash','TXN643204');
INSERT INTO [Order](CustomerID, OrderDate, Status, TotalAmount) VALUES (174,'2025-11-23','Cancelled',0);
INSERT INTO OrderLines(OrderID, ProductID, Qty, UnitPrice) VALUES (1733,49,3,881);
INSERT INTO OrderLines(OrderID, ProductID, Qty, UnitPrice) VALUES (1733,10,3,177);
INSERT INTO OrderLines(OrderID, ProductID, Qty, UnitPrice) VALUES (1733,35,3,905);
INSERT INTO OrderLines(OrderID, ProductID, Qty, UnitPrice) VALUES (1733,36,2,1455);
UPDATE [Order] SET TotalAmount=8799 WHERE OrderID=1733;
INSERT INTO Payment(OrderID, PaymentDate, Amount, PaymentMethod, TransactionRef) VALUES (1733,'2025-11-28',8799,'PayPal','TXN778637');
INSERT INTO [Order](CustomerID, OrderDate, Status, TotalAmount) VALUES (174,'2025-02-20','Delivered',0);
INSERT INTO OrderLines(OrderID, ProductID, Qty, UnitPrice) VALUES (1734,26,2,475);
INSERT INTO OrderLines(OrderID, ProductID, Qty, UnitPrice) VALUES (1734,39,3,842);
INSERT INTO OrderLines(OrderID, ProductID, Qty, UnitPrice) VALUES (1734,12,3,1381);
INSERT INTO OrderLines(OrderID, ProductID, Qty, UnitPrice) VALUES (1734,46,3,1250);
UPDATE [Order] SET TotalAmount=11369 WHERE OrderID=1734;
INSERT INTO Payment(OrderID, PaymentDate, Amount, PaymentMethod, TransactionRef) VALUES (1734,'2025-02-25',11369,'Card','TXN926988');
INSERT INTO [Order](CustomerID, OrderDate, Status, TotalAmount) VALUES (174,'2025-10-11','Cancelled',0);
INSERT INTO OrderLines(OrderID, ProductID, Qty, UnitPrice) VALUES (1735,7,2,130);
INSERT INTO OrderLines(OrderID, ProductID, Qty, UnitPrice) VALUES (1735,4,1,589);
INSERT INTO OrderLines(OrderID, ProductID, Qty, UnitPrice) VALUES (1735,10,1,1223);
INSERT INTO OrderLines(OrderID, ProductID, Qty, UnitPrice) VALUES (1735,44,3,820);
UPDATE [Order] SET TotalAmount=4532 WHERE OrderID=1735;
INSERT INTO Payment(OrderID, PaymentDate, Amount, PaymentMethod, TransactionRef) VALUES (1735,'2025-10-12',4532,'Cash','TXN501835');
INSERT INTO [Order](CustomerID, OrderDate, Status, TotalAmount) VALUES (174,'2025-11-19','Shipped',0);
INSERT INTO OrderLines(OrderID, ProductID, Qty, UnitPrice) VALUES (1736,29,1,77);
INSERT INTO OrderLines(OrderID, ProductID, Qty, UnitPrice) VALUES (1736,8,2,43);
INSERT INTO OrderLines(OrderID, ProductID, Qty, UnitPrice) VALUES (1736,13,3,159);
INSERT INTO OrderLines(OrderID, ProductID, Qty, UnitPrice) VALUES (1736,19,3,850);
UPDATE [Order] SET TotalAmount=3190 WHERE OrderID=1736;
INSERT INTO Payment(OrderID, PaymentDate, Amount, PaymentMethod, TransactionRef) VALUES (1736,'2025-11-20',3190,'Card','TXN248254');
INSERT INTO [Order](CustomerID, OrderDate, Status, TotalAmount) VALUES (174,'2025-03-05','Delivered',0);
INSERT INTO OrderLines(OrderID, ProductID, Qty, UnitPrice) VALUES (1737,8,2,778);
INSERT INTO OrderLines(OrderID, ProductID, Qty, UnitPrice) VALUES (1737,8,2,261);
INSERT INTO OrderLines(OrderID, ProductID, Qty, UnitPrice) VALUES (1737,21,1,1234);
INSERT INTO OrderLines(OrderID, ProductID, Qty, UnitPrice) VALUES (1737,19,3,1496);
UPDATE [Order] SET TotalAmount=7800 WHERE OrderID=1737;
INSERT INTO Payment(OrderID, PaymentDate, Amount, PaymentMethod, TransactionRef) VALUES (1737,'2025-03-09',7800,'Cash','TXN887218');
INSERT INTO [Order](CustomerID, OrderDate, Status, TotalAmount) VALUES (174,'2025-01-23','Shipped',0);
INSERT INTO OrderLines(OrderID, ProductID, Qty, UnitPrice) VALUES (1738,23,1,846);
INSERT INTO OrderLines(OrderID, ProductID, Qty, UnitPrice) VALUES (1738,10,1,191);
INSERT INTO OrderLines(OrderID, ProductID, Qty, UnitPrice) VALUES (1738,50,3,759);
INSERT INTO OrderLines(OrderID, ProductID, Qty, UnitPrice) VALUES (1738,34,1,871);
UPDATE [Order] SET TotalAmount=4185 WHERE OrderID=1738;
INSERT INTO Payment(OrderID, PaymentDate, Amount, PaymentMethod, TransactionRef) VALUES (1738,'2025-01-26',4185,'Card','TXN241028');
INSERT INTO [Order](CustomerID, OrderDate, Status, TotalAmount) VALUES (174,'2025-05-27','Cancelled',0);
INSERT INTO OrderLines(OrderID, ProductID, Qty, UnitPrice) VALUES (1739,21,3,660);
INSERT INTO OrderLines(OrderID, ProductID, Qty, UnitPrice) VALUES (1739,14,2,53);
INSERT INTO OrderLines(OrderID, ProductID, Qty, UnitPrice) VALUES (1739,4,2,1161);
INSERT INTO OrderLines(OrderID, ProductID, Qty, UnitPrice) VALUES (1739,36,1,773);
UPDATE [Order] SET TotalAmount=5181 WHERE OrderID=1739;
INSERT INTO Payment(OrderID, PaymentDate, Amount, PaymentMethod, TransactionRef) VALUES (1739,'2025-05-30',5181,'PayPal','TXN304236');
INSERT INTO [Order](CustomerID, OrderDate, Status, TotalAmount) VALUES (174,'2025-11-20','Cancelled',0);
INSERT INTO OrderLines(OrderID, ProductID, Qty, UnitPrice) VALUES (1740,3,2,765);
INSERT INTO OrderLines(OrderID, ProductID, Qty, UnitPrice) VALUES (1740,9,3,29);
INSERT INTO OrderLines(OrderID, ProductID, Qty, UnitPrice) VALUES (1740,2,3,612);
INSERT INTO OrderLines(OrderID, ProductID, Qty, UnitPrice) VALUES (1740,18,3,182);
UPDATE [Order] SET TotalAmount=3999 WHERE OrderID=1740;
INSERT INTO Payment(OrderID, PaymentDate, Amount, PaymentMethod, TransactionRef) VALUES (1740,'2025-11-23',3999,'PayPal','TXN979311');
INSERT INTO [Order](CustomerID, OrderDate, Status, TotalAmount) VALUES (175,'2025-02-08','Cancelled',0);
INSERT INTO OrderLines(OrderID, ProductID, Qty, UnitPrice) VALUES (1741,48,2,338);
INSERT INTO OrderLines(OrderID, ProductID, Qty, UnitPrice) VALUES (1741,17,1,480);
INSERT INTO OrderLines(OrderID, ProductID, Qty, UnitPrice) VALUES (1741,10,1,1247);
INSERT INTO OrderLines(OrderID, ProductID, Qty, UnitPrice) VALUES (1741,20,2,999);
UPDATE [Order] SET TotalAmount=4401 WHERE OrderID=1741;
INSERT INTO Payment(OrderID, PaymentDate, Amount, PaymentMethod, TransactionRef) VALUES (1741,'2025-02-11',4401,'Card','TXN777179');
INSERT INTO [Order](CustomerID, OrderDate, Status, TotalAmount) VALUES (175,'2025-08-22','Processing',0);
INSERT INTO OrderLines(OrderID, ProductID, Qty, UnitPrice) VALUES (1742,45,2,784);
INSERT INTO OrderLines(OrderID, ProductID, Qty, UnitPrice) VALUES (1742,34,2,1076);
INSERT INTO OrderLines(OrderID, ProductID, Qty, UnitPrice) VALUES (1742,15,2,57);
INSERT INTO OrderLines(OrderID, ProductID, Qty, UnitPrice) VALUES (1742,44,3,1381);
UPDATE [Order] SET TotalAmount=7977 WHERE OrderID=1742;
INSERT INTO Payment(OrderID, PaymentDate, Amount, PaymentMethod, TransactionRef) VALUES (1742,'2025-08-25',7977,'Card','TXN560898');
INSERT INTO [Order](CustomerID, OrderDate, Status, TotalAmount) VALUES (175,'2025-01-28','Shipped',0);
INSERT INTO OrderLines(OrderID, ProductID, Qty, UnitPrice) VALUES (1743,19,3,187);
INSERT INTO OrderLines(OrderID, ProductID, Qty, UnitPrice) VALUES (1743,43,2,1399);
INSERT INTO OrderLines(OrderID, ProductID, Qty, UnitPrice) VALUES (1743,25,3,1058);
INSERT INTO OrderLines(OrderID, ProductID, Qty, UnitPrice) VALUES (1743,40,3,98);
UPDATE [Order] SET TotalAmount=6827 WHERE OrderID=1743;
INSERT INTO Payment(OrderID, PaymentDate, Amount, PaymentMethod, TransactionRef) VALUES (1743,'2025-01-31',6827,'PayPal','TXN444429');
INSERT INTO [Order](CustomerID, OrderDate, Status, TotalAmount) VALUES (175,'2025-07-18','Processing',0);
INSERT INTO OrderLines(OrderID, ProductID, Qty, UnitPrice) VALUES (1744,22,2,1279);
INSERT INTO OrderLines(OrderID, ProductID, Qty, UnitPrice) VALUES (1744,28,3,1314);
INSERT INTO OrderLines(OrderID, ProductID, Qty, UnitPrice) VALUES (1744,2,2,270);
INSERT INTO OrderLines(OrderID, ProductID, Qty, UnitPrice) VALUES (1744,12,1,289);
UPDATE [Order] SET TotalAmount=7329 WHERE OrderID=1744;
INSERT INTO Payment(OrderID, PaymentDate, Amount, PaymentMethod, TransactionRef) VALUES (1744,'2025-07-19',7329,'Card','TXN193084');
INSERT INTO [Order](CustomerID, OrderDate, Status, TotalAmount) VALUES (175,'2025-12-14','Processing',0);
INSERT INTO OrderLines(OrderID, ProductID, Qty, UnitPrice) VALUES (1745,15,2,1066);
INSERT INTO OrderLines(OrderID, ProductID, Qty, UnitPrice) VALUES (1745,42,1,771);
INSERT INTO OrderLines(OrderID, ProductID, Qty, UnitPrice) VALUES (1745,42,2,690);
INSERT INTO OrderLines(OrderID, ProductID, Qty, UnitPrice) VALUES (1745,50,3,1470);
UPDATE [Order] SET TotalAmount=8693 WHERE OrderID=1745;
INSERT INTO Payment(OrderID, PaymentDate, Amount, PaymentMethod, TransactionRef) VALUES (1745,'2025-12-14',8693,'PayPal','TXN352826');
INSERT INTO [Order](CustomerID, OrderDate, Status, TotalAmount) VALUES (175,'2025-12-21','Processing',0);
INSERT INTO OrderLines(OrderID, ProductID, Qty, UnitPrice) VALUES (1746,15,3,263);
INSERT INTO OrderLines(OrderID, ProductID, Qty, UnitPrice) VALUES (1746,2,1,787);
INSERT INTO OrderLines(OrderID, ProductID, Qty, UnitPrice) VALUES (1746,13,2,395);
INSERT INTO OrderLines(OrderID, ProductID, Qty, UnitPrice) VALUES (1746,14,3,948);
UPDATE [Order] SET TotalAmount=5210 WHERE OrderID=1746;
INSERT INTO Payment(OrderID, PaymentDate, Amount, PaymentMethod, TransactionRef) VALUES (1746,'2025-12-26',5210,'PayPal','TXN508871');
INSERT INTO [Order](CustomerID, OrderDate, Status, TotalAmount) VALUES (175,'2025-03-21','Delivered',0);
INSERT INTO OrderLines(OrderID, ProductID, Qty, UnitPrice) VALUES (1747,14,3,1287);
INSERT INTO OrderLines(OrderID, ProductID, Qty, UnitPrice) VALUES (1747,45,1,1134);
INSERT INTO OrderLines(OrderID, ProductID, Qty, UnitPrice) VALUES (1747,23,2,237);
INSERT INTO OrderLines(OrderID, ProductID, Qty, UnitPrice) VALUES (1747,45,2,625);
UPDATE [Order] SET TotalAmount=6719 WHERE OrderID=1747;
INSERT INTO Payment(OrderID, PaymentDate, Amount, PaymentMethod, TransactionRef) VALUES (1747,'2025-03-25',6719,'Cash','TXN131855');
INSERT INTO [Order](CustomerID, OrderDate, Status, TotalAmount) VALUES (175,'2025-09-02','Shipped',0);
INSERT INTO OrderLines(OrderID, ProductID, Qty, UnitPrice) VALUES (1748,41,3,640);
INSERT INTO OrderLines(OrderID, ProductID, Qty, UnitPrice) VALUES (1748,35,2,761);
INSERT INTO OrderLines(OrderID, ProductID, Qty, UnitPrice) VALUES (1748,34,2,721);
INSERT INTO OrderLines(OrderID, ProductID, Qty, UnitPrice) VALUES (1748,48,1,1298);
UPDATE [Order] SET TotalAmount=6182 WHERE OrderID=1748;
INSERT INTO Payment(OrderID, PaymentDate, Amount, PaymentMethod, TransactionRef) VALUES (1748,'2025-09-02',6182,'PayPal','TXN707225');
INSERT INTO [Order](CustomerID, OrderDate, Status, TotalAmount) VALUES (175,'2025-03-26','Shipped',0);
INSERT INTO OrderLines(OrderID, ProductID, Qty, UnitPrice) VALUES (1749,35,2,1334);
INSERT INTO OrderLines(OrderID, ProductID, Qty, UnitPrice) VALUES (1749,34,3,1354);
INSERT INTO OrderLines(OrderID, ProductID, Qty, UnitPrice) VALUES (1749,34,1,72);
INSERT INTO OrderLines(OrderID, ProductID, Qty, UnitPrice) VALUES (1749,23,3,314);
UPDATE [Order] SET TotalAmount=7744 WHERE OrderID=1749;
INSERT INTO Payment(OrderID, PaymentDate, Amount, PaymentMethod, TransactionRef) VALUES (1749,'2025-03-28',7744,'Card','TXN492631');
INSERT INTO [Order](CustomerID, OrderDate, Status, TotalAmount) VALUES (175,'2025-11-03','Delivered',0);
INSERT INTO OrderLines(OrderID, ProductID, Qty, UnitPrice) VALUES (1750,20,2,719);
INSERT INTO OrderLines(OrderID, ProductID, Qty, UnitPrice) VALUES (1750,48,2,931);
INSERT INTO OrderLines(OrderID, ProductID, Qty, UnitPrice) VALUES (1750,45,3,283);
INSERT INTO OrderLines(OrderID, ProductID, Qty, UnitPrice) VALUES (1750,29,3,1349);
UPDATE [Order] SET TotalAmount=8196 WHERE OrderID=1750;
INSERT INTO Payment(OrderID, PaymentDate, Amount, PaymentMethod, TransactionRef) VALUES (1750,'2025-11-08',8196,'PayPal','TXN482258');
INSERT INTO [Order](CustomerID, OrderDate, Status, TotalAmount) VALUES (176,'2025-10-08','Cancelled',0);
INSERT INTO OrderLines(OrderID, ProductID, Qty, UnitPrice) VALUES (1751,25,1,477);
INSERT INTO OrderLines(OrderID, ProductID, Qty, UnitPrice) VALUES (1751,49,1,1312);
INSERT INTO OrderLines(OrderID, ProductID, Qty, UnitPrice) VALUES (1751,14,2,1342);
INSERT INTO OrderLines(OrderID, ProductID, Qty, UnitPrice) VALUES (1751,48,2,972);
UPDATE [Order] SET TotalAmount=6417 WHERE OrderID=1751;
INSERT INTO Payment(OrderID, PaymentDate, Amount, PaymentMethod, TransactionRef) VALUES (1751,'2025-10-11',6417,'Cash','TXN614604');
INSERT INTO [Order](CustomerID, OrderDate, Status, TotalAmount) VALUES (176,'2025-11-15','Delivered',0);
INSERT INTO OrderLines(OrderID, ProductID, Qty, UnitPrice) VALUES (1752,6,1,1423);
INSERT INTO OrderLines(OrderID, ProductID, Qty, UnitPrice) VALUES (1752,31,1,1070);
INSERT INTO OrderLines(OrderID, ProductID, Qty, UnitPrice) VALUES (1752,45,1,1346);
INSERT INTO OrderLines(OrderID, ProductID, Qty, UnitPrice) VALUES (1752,38,3,1373);
UPDATE [Order] SET TotalAmount=7958 WHERE OrderID=1752;
INSERT INTO Payment(OrderID, PaymentDate, Amount, PaymentMethod, TransactionRef) VALUES (1752,'2025-11-15',7958,'Cash','TXN590813');
INSERT INTO [Order](CustomerID, OrderDate, Status, TotalAmount) VALUES (176,'2025-05-31','Shipped',0);
INSERT INTO OrderLines(OrderID, ProductID, Qty, UnitPrice) VALUES (1753,18,2,1236);
INSERT INTO OrderLines(OrderID, ProductID, Qty, UnitPrice) VALUES (1753,33,1,1071);
INSERT INTO OrderLines(OrderID, ProductID, Qty, UnitPrice) VALUES (1753,5,1,557);
INSERT INTO OrderLines(OrderID, ProductID, Qty, UnitPrice) VALUES (1753,41,1,986);
UPDATE [Order] SET TotalAmount=5086 WHERE OrderID=1753;
INSERT INTO Payment(OrderID, PaymentDate, Amount, PaymentMethod, TransactionRef) VALUES (1753,'2025-06-04',5086,'PayPal','TXN850530');
INSERT INTO [Order](CustomerID, OrderDate, Status, TotalAmount) VALUES (176,'2025-03-11','Delivered',0);
INSERT INTO OrderLines(OrderID, ProductID, Qty, UnitPrice) VALUES (1754,34,2,705);
INSERT INTO OrderLines(OrderID, ProductID, Qty, UnitPrice) VALUES (1754,8,3,31);
INSERT INTO OrderLines(OrderID, ProductID, Qty, UnitPrice) VALUES (1754,32,2,953);
INSERT INTO OrderLines(OrderID, ProductID, Qty, UnitPrice) VALUES (1754,40,1,574);
UPDATE [Order] SET TotalAmount=3983 WHERE OrderID=1754;
INSERT INTO Payment(OrderID, PaymentDate, Amount, PaymentMethod, TransactionRef) VALUES (1754,'2025-03-12',3983,'PayPal','TXN654317');
INSERT INTO [Order](CustomerID, OrderDate, Status, TotalAmount) VALUES (176,'2025-03-18','Processing',0);
INSERT INTO OrderLines(OrderID, ProductID, Qty, UnitPrice) VALUES (1755,16,3,943);
INSERT INTO OrderLines(OrderID, ProductID, Qty, UnitPrice) VALUES (1755,32,1,1257);
INSERT INTO OrderLines(OrderID, ProductID, Qty, UnitPrice) VALUES (1755,37,3,682);
INSERT INTO OrderLines(OrderID, ProductID, Qty, UnitPrice) VALUES (1755,44,3,1044);
UPDATE [Order] SET TotalAmount=9264 WHERE OrderID=1755;
INSERT INTO Payment(OrderID, PaymentDate, Amount, PaymentMethod, TransactionRef) VALUES (1755,'2025-03-20',9264,'Card','TXN701601');
INSERT INTO [Order](CustomerID, OrderDate, Status, TotalAmount) VALUES (176,'2025-04-16','Cancelled',0);
INSERT INTO OrderLines(OrderID, ProductID, Qty, UnitPrice) VALUES (1756,49,1,471);
INSERT INTO OrderLines(OrderID, ProductID, Qty, UnitPrice) VALUES (1756,16,3,216);
INSERT INTO OrderLines(OrderID, ProductID, Qty, UnitPrice) VALUES (1756,40,3,367);
INSERT INTO OrderLines(OrderID, ProductID, Qty, UnitPrice) VALUES (1756,27,3,721);
UPDATE [Order] SET TotalAmount=4383 WHERE OrderID=1756;
INSERT INTO Payment(OrderID, PaymentDate, Amount, PaymentMethod, TransactionRef) VALUES (1756,'2025-04-16',4383,'PayPal','TXN959276');
INSERT INTO [Order](CustomerID, OrderDate, Status, TotalAmount) VALUES (176,'2025-09-19','Processing',0);
INSERT INTO OrderLines(OrderID, ProductID, Qty, UnitPrice) VALUES (1757,29,2,1355);
INSERT INTO OrderLines(OrderID, ProductID, Qty, UnitPrice) VALUES (1757,26,2,519);
INSERT INTO OrderLines(OrderID, ProductID, Qty, UnitPrice) VALUES (1757,45,2,942);
INSERT INTO OrderLines(OrderID, ProductID, Qty, UnitPrice) VALUES (1757,37,1,85);
UPDATE [Order] SET TotalAmount=5717 WHERE OrderID=1757;
INSERT INTO Payment(OrderID, PaymentDate, Amount, PaymentMethod, TransactionRef) VALUES (1757,'2025-09-20',5717,'Cash','TXN386666');
INSERT INTO [Order](CustomerID, OrderDate, Status, TotalAmount) VALUES (176,'2025-10-02','Delivered',0);
INSERT INTO OrderLines(OrderID, ProductID, Qty, UnitPrice) VALUES (1758,46,3,458);
INSERT INTO OrderLines(OrderID, ProductID, Qty, UnitPrice) VALUES (1758,29,1,1372);
INSERT INTO OrderLines(OrderID, ProductID, Qty, UnitPrice) VALUES (1758,3,3,141);
INSERT INTO OrderLines(OrderID, ProductID, Qty, UnitPrice) VALUES (1758,49,3,430);
UPDATE [Order] SET TotalAmount=4459 WHERE OrderID=1758;
INSERT INTO Payment(OrderID, PaymentDate, Amount, PaymentMethod, TransactionRef) VALUES (1758,'2025-10-03',4459,'Card','TXN873861');
INSERT INTO [Order](CustomerID, OrderDate, Status, TotalAmount) VALUES (176,'2025-11-26','Processing',0);
INSERT INTO OrderLines(OrderID, ProductID, Qty, UnitPrice) VALUES (1759,12,1,308);
INSERT INTO OrderLines(OrderID, ProductID, Qty, UnitPrice) VALUES (1759,31,2,1351);
INSERT INTO OrderLines(OrderID, ProductID, Qty, UnitPrice) VALUES (1759,12,1,1392);
INSERT INTO OrderLines(OrderID, ProductID, Qty, UnitPrice) VALUES (1759,22,1,475);
UPDATE [Order] SET TotalAmount=4877 WHERE OrderID=1759;
INSERT INTO Payment(OrderID, PaymentDate, Amount, PaymentMethod, TransactionRef) VALUES (1759,'2025-11-28',4877,'Card','TXN977329');
INSERT INTO [Order](CustomerID, OrderDate, Status, TotalAmount) VALUES (176,'2025-11-24','Cancelled',0);
INSERT INTO OrderLines(OrderID, ProductID, Qty, UnitPrice) VALUES (1760,46,1,1428);
INSERT INTO OrderLines(OrderID, ProductID, Qty, UnitPrice) VALUES (1760,18,3,487);
INSERT INTO OrderLines(OrderID, ProductID, Qty, UnitPrice) VALUES (1760,1,1,1271);
INSERT INTO OrderLines(OrderID, ProductID, Qty, UnitPrice) VALUES (1760,23,1,164);
UPDATE [Order] SET TotalAmount=4324 WHERE OrderID=1760;
INSERT INTO Payment(OrderID, PaymentDate, Amount, PaymentMethod, TransactionRef) VALUES (1760,'2025-11-25',4324,'PayPal','TXN986345');
INSERT INTO [Order](CustomerID, OrderDate, Status, TotalAmount) VALUES (177,'2025-11-18','Cancelled',0);
INSERT INTO OrderLines(OrderID, ProductID, Qty, UnitPrice) VALUES (1761,3,2,197);
INSERT INTO OrderLines(OrderID, ProductID, Qty, UnitPrice) VALUES (1761,13,2,407);
INSERT INTO OrderLines(OrderID, ProductID, Qty, UnitPrice) VALUES (1761,14,3,692);
INSERT INTO OrderLines(OrderID, ProductID, Qty, UnitPrice) VALUES (1761,49,2,1152);
UPDATE [Order] SET TotalAmount=5588 WHERE OrderID=1761;
INSERT INTO Payment(OrderID, PaymentDate, Amount, PaymentMethod, TransactionRef) VALUES (1761,'2025-11-21',5588,'PayPal','TXN307100');
INSERT INTO [Order](CustomerID, OrderDate, Status, TotalAmount) VALUES (177,'2025-08-30','Shipped',0);
INSERT INTO OrderLines(OrderID, ProductID, Qty, UnitPrice) VALUES (1762,10,3,1318);
INSERT INTO OrderLines(OrderID, ProductID, Qty, UnitPrice) VALUES (1762,25,1,389);
INSERT INTO OrderLines(OrderID, ProductID, Qty, UnitPrice) VALUES (1762,31,2,360);
INSERT INTO OrderLines(OrderID, ProductID, Qty, UnitPrice) VALUES (1762,29,1,314);
UPDATE [Order] SET TotalAmount=5377 WHERE OrderID=1762;
INSERT INTO Payment(OrderID, PaymentDate, Amount, PaymentMethod, TransactionRef) VALUES (1762,'2025-08-30',5377,'Cash','TXN548412');
INSERT INTO [Order](CustomerID, OrderDate, Status, TotalAmount) VALUES (177,'2025-05-16','Shipped',0);
INSERT INTO OrderLines(OrderID, ProductID, Qty, UnitPrice) VALUES (1763,32,3,198);
INSERT INTO OrderLines(OrderID, ProductID, Qty, UnitPrice) VALUES (1763,40,1,58);
INSERT INTO OrderLines(OrderID, ProductID, Qty, UnitPrice) VALUES (1763,9,2,192);
INSERT INTO OrderLines(OrderID, ProductID, Qty, UnitPrice) VALUES (1763,32,3,663);
UPDATE [Order] SET TotalAmount=3025 WHERE OrderID=1763;
INSERT INTO Payment(OrderID, PaymentDate, Amount, PaymentMethod, TransactionRef) VALUES (1763,'2025-05-17',3025,'Cash','TXN926877');
INSERT INTO [Order](CustomerID, OrderDate, Status, TotalAmount) VALUES (177,'2025-01-01','Cancelled',0);
INSERT INTO OrderLines(OrderID, ProductID, Qty, UnitPrice) VALUES (1764,33,3,170);
INSERT INTO OrderLines(OrderID, ProductID, Qty, UnitPrice) VALUES (1764,17,1,213);
INSERT INTO OrderLines(OrderID, ProductID, Qty, UnitPrice) VALUES (1764,42,3,280);
INSERT INTO OrderLines(OrderID, ProductID, Qty, UnitPrice) VALUES (1764,50,1,46);
UPDATE [Order] SET TotalAmount=1609 WHERE OrderID=1764;
INSERT INTO Payment(OrderID, PaymentDate, Amount, PaymentMethod, TransactionRef) VALUES (1764,'2025-01-04',1609,'PayPal','TXN325966');
INSERT INTO [Order](CustomerID, OrderDate, Status, TotalAmount) VALUES (177,'2025-03-07','Processing',0);
INSERT INTO OrderLines(OrderID, ProductID, Qty, UnitPrice) VALUES (1765,2,1,1405);
INSERT INTO OrderLines(OrderID, ProductID, Qty, UnitPrice) VALUES (1765,41,3,688);
INSERT INTO OrderLines(OrderID, ProductID, Qty, UnitPrice) VALUES (1765,8,1,37);
INSERT INTO OrderLines(OrderID, ProductID, Qty, UnitPrice) VALUES (1765,43,2,1485);
UPDATE [Order] SET TotalAmount=6476 WHERE OrderID=1765;
INSERT INTO Payment(OrderID, PaymentDate, Amount, PaymentMethod, TransactionRef) VALUES (1765,'2025-03-08',6476,'Card','TXN252934');
INSERT INTO [Order](CustomerID, OrderDate, Status, TotalAmount) VALUES (177,'2025-08-03','Cancelled',0);
INSERT INTO OrderLines(OrderID, ProductID, Qty, UnitPrice) VALUES (1766,14,3,572);
INSERT INTO OrderLines(OrderID, ProductID, Qty, UnitPrice) VALUES (1766,15,1,762);
INSERT INTO OrderLines(OrderID, ProductID, Qty, UnitPrice) VALUES (1766,27,1,284);
INSERT INTO OrderLines(OrderID, ProductID, Qty, UnitPrice) VALUES (1766,2,3,88);
UPDATE [Order] SET TotalAmount=3026 WHERE OrderID=1766;
INSERT INTO Payment(OrderID, PaymentDate, Amount, PaymentMethod, TransactionRef) VALUES (1766,'2025-08-03',3026,'Card','TXN988156');
INSERT INTO [Order](CustomerID, OrderDate, Status, TotalAmount) VALUES (177,'2025-11-10','Shipped',0);
INSERT INTO OrderLines(OrderID, ProductID, Qty, UnitPrice) VALUES (1767,21,1,1099);
INSERT INTO OrderLines(OrderID, ProductID, Qty, UnitPrice) VALUES (1767,17,3,485);
INSERT INTO OrderLines(OrderID, ProductID, Qty, UnitPrice) VALUES (1767,30,2,1475);
INSERT INTO OrderLines(OrderID, ProductID, Qty, UnitPrice) VALUES (1767,3,2,973);
UPDATE [Order] SET TotalAmount=7450 WHERE OrderID=1767;
INSERT INTO Payment(OrderID, PaymentDate, Amount, PaymentMethod, TransactionRef) VALUES (1767,'2025-11-15',7450,'PayPal','TXN779430');
INSERT INTO [Order](CustomerID, OrderDate, Status, TotalAmount) VALUES (177,'2025-03-11','Cancelled',0);
INSERT INTO OrderLines(OrderID, ProductID, Qty, UnitPrice) VALUES (1768,43,2,1170);
INSERT INTO OrderLines(OrderID, ProductID, Qty, UnitPrice) VALUES (1768,24,2,26);
INSERT INTO OrderLines(OrderID, ProductID, Qty, UnitPrice) VALUES (1768,46,2,1097);
INSERT INTO OrderLines(OrderID, ProductID, Qty, UnitPrice) VALUES (1768,2,3,617);
UPDATE [Order] SET TotalAmount=6437 WHERE OrderID=1768;
INSERT INTO Payment(OrderID, PaymentDate, Amount, PaymentMethod, TransactionRef) VALUES (1768,'2025-03-11',6437,'PayPal','TXN989409');
INSERT INTO [Order](CustomerID, OrderDate, Status, TotalAmount) VALUES (177,'2025-01-24','Delivered',0);
INSERT INTO OrderLines(OrderID, ProductID, Qty, UnitPrice) VALUES (1769,38,3,589);
INSERT INTO OrderLines(OrderID, ProductID, Qty, UnitPrice) VALUES (1769,16,2,983);
INSERT INTO OrderLines(OrderID, ProductID, Qty, UnitPrice) VALUES (1769,43,1,87);
INSERT INTO OrderLines(OrderID, ProductID, Qty, UnitPrice) VALUES (1769,23,3,1355);
UPDATE [Order] SET TotalAmount=7885 WHERE OrderID=1769;
INSERT INTO Payment(OrderID, PaymentDate, Amount, PaymentMethod, TransactionRef) VALUES (1769,'2025-01-24',7885,'PayPal','TXN462428');
INSERT INTO [Order](CustomerID, OrderDate, Status, TotalAmount) VALUES (177,'2025-03-21','Shipped',0);
INSERT INTO OrderLines(OrderID, ProductID, Qty, UnitPrice) VALUES (1770,19,3,713);
INSERT INTO OrderLines(OrderID, ProductID, Qty, UnitPrice) VALUES (1770,25,3,1241);
INSERT INTO OrderLines(OrderID, ProductID, Qty, UnitPrice) VALUES (1770,8,2,462);
INSERT INTO OrderLines(OrderID, ProductID, Qty, UnitPrice) VALUES (1770,32,2,938);
UPDATE [Order] SET TotalAmount=8662 WHERE OrderID=1770;
INSERT INTO Payment(OrderID, PaymentDate, Amount, PaymentMethod, TransactionRef) VALUES (1770,'2025-03-25',8662,'Cash','TXN481783');
INSERT INTO [Order](CustomerID, OrderDate, Status, TotalAmount) VALUES (178,'2025-09-11','Cancelled',0);
INSERT INTO OrderLines(OrderID, ProductID, Qty, UnitPrice) VALUES (1771,21,3,82);
INSERT INTO OrderLines(OrderID, ProductID, Qty, UnitPrice) VALUES (1771,22,1,1403);
INSERT INTO OrderLines(OrderID, ProductID, Qty, UnitPrice) VALUES (1771,14,2,668);
INSERT INTO OrderLines(OrderID, ProductID, Qty, UnitPrice) VALUES (1771,27,3,504);
UPDATE [Order] SET TotalAmount=4497 WHERE OrderID=1771;
INSERT INTO Payment(OrderID, PaymentDate, Amount, PaymentMethod, TransactionRef) VALUES (1771,'2025-09-15',4497,'Cash','TXN988824');
INSERT INTO [Order](CustomerID, OrderDate, Status, TotalAmount) VALUES (178,'2025-07-25','Cancelled',0);
INSERT INTO OrderLines(OrderID, ProductID, Qty, UnitPrice) VALUES (1772,32,3,131);
INSERT INTO OrderLines(OrderID, ProductID, Qty, UnitPrice) VALUES (1772,3,2,1488);
INSERT INTO OrderLines(OrderID, ProductID, Qty, UnitPrice) VALUES (1772,16,1,1082);
INSERT INTO OrderLines(OrderID, ProductID, Qty, UnitPrice) VALUES (1772,5,2,469);
UPDATE [Order] SET TotalAmount=5389 WHERE OrderID=1772;
INSERT INTO Payment(OrderID, PaymentDate, Amount, PaymentMethod, TransactionRef) VALUES (1772,'2025-07-28',5389,'Card','TXN578786');
INSERT INTO [Order](CustomerID, OrderDate, Status, TotalAmount) VALUES (178,'2025-02-04','Shipped',0);
INSERT INTO OrderLines(OrderID, ProductID, Qty, UnitPrice) VALUES (1773,45,3,1169);
INSERT INTO OrderLines(OrderID, ProductID, Qty, UnitPrice) VALUES (1773,16,3,1393);
INSERT INTO OrderLines(OrderID, ProductID, Qty, UnitPrice) VALUES (1773,17,2,935);
INSERT INTO OrderLines(OrderID, ProductID, Qty, UnitPrice) VALUES (1773,9,1,1391);
UPDATE [Order] SET TotalAmount=10947 WHERE OrderID=1773;
INSERT INTO Payment(OrderID, PaymentDate, Amount, PaymentMethod, TransactionRef) VALUES (1773,'2025-02-09',10947,'PayPal','TXN485929');
INSERT INTO [Order](CustomerID, OrderDate, Status, TotalAmount) VALUES (178,'2025-09-13','Shipped',0);
INSERT INTO OrderLines(OrderID, ProductID, Qty, UnitPrice) VALUES (1774,19,3,1100);
INSERT INTO OrderLines(OrderID, ProductID, Qty, UnitPrice) VALUES (1774,45,1,1103);
INSERT INTO OrderLines(OrderID, ProductID, Qty, UnitPrice) VALUES (1774,13,2,1272);
INSERT INTO OrderLines(OrderID, ProductID, Qty, UnitPrice) VALUES (1774,17,2,1342);
UPDATE [Order] SET TotalAmount=9631 WHERE OrderID=1774;
INSERT INTO Payment(OrderID, PaymentDate, Amount, PaymentMethod, TransactionRef) VALUES (1774,'2025-09-17',9631,'Cash','TXN555413');
INSERT INTO [Order](CustomerID, OrderDate, Status, TotalAmount) VALUES (178,'2025-07-03','Cancelled',0);
INSERT INTO OrderLines(OrderID, ProductID, Qty, UnitPrice) VALUES (1775,16,1,85);
INSERT INTO OrderLines(OrderID, ProductID, Qty, UnitPrice) VALUES (1775,19,2,1178);
INSERT INTO OrderLines(OrderID, ProductID, Qty, UnitPrice) VALUES (1775,46,2,1414);
INSERT INTO OrderLines(OrderID, ProductID, Qty, UnitPrice) VALUES (1775,46,2,349);
UPDATE [Order] SET TotalAmount=5967 WHERE OrderID=1775;
INSERT INTO Payment(OrderID, PaymentDate, Amount, PaymentMethod, TransactionRef) VALUES (1775,'2025-07-07',5967,'PayPal','TXN439875');
INSERT INTO [Order](CustomerID, OrderDate, Status, TotalAmount) VALUES (178,'2025-07-25','Processing',0);
INSERT INTO OrderLines(OrderID, ProductID, Qty, UnitPrice) VALUES (1776,18,3,1311);
INSERT INTO OrderLines(OrderID, ProductID, Qty, UnitPrice) VALUES (1776,49,2,1449);
INSERT INTO OrderLines(OrderID, ProductID, Qty, UnitPrice) VALUES (1776,19,2,1202);
INSERT INTO OrderLines(OrderID, ProductID, Qty, UnitPrice) VALUES (1776,4,3,955);
UPDATE [Order] SET TotalAmount=12100 WHERE OrderID=1776;
INSERT INTO Payment(OrderID, PaymentDate, Amount, PaymentMethod, TransactionRef) VALUES (1776,'2025-07-29',12100,'Cash','TXN896678');
INSERT INTO [Order](CustomerID, OrderDate, Status, TotalAmount) VALUES (178,'2025-06-24','Cancelled',0);
INSERT INTO OrderLines(OrderID, ProductID, Qty, UnitPrice) VALUES (1777,8,1,1042);
INSERT INTO OrderLines(OrderID, ProductID, Qty, UnitPrice) VALUES (1777,35,3,279);
INSERT INTO OrderLines(OrderID, ProductID, Qty, UnitPrice) VALUES (1777,37,2,1468);
INSERT INTO OrderLines(OrderID, ProductID, Qty, UnitPrice) VALUES (1777,32,1,82);
UPDATE [Order] SET TotalAmount=4897 WHERE OrderID=1777;
INSERT INTO Payment(OrderID, PaymentDate, Amount, PaymentMethod, TransactionRef) VALUES (1777,'2025-06-26',4897,'PayPal','TXN365325');
INSERT INTO [Order](CustomerID, OrderDate, Status, TotalAmount) VALUES (178,'2025-08-17','Delivered',0);
INSERT INTO OrderLines(OrderID, ProductID, Qty, UnitPrice) VALUES (1778,23,1,1077);
INSERT INTO OrderLines(OrderID, ProductID, Qty, UnitPrice) VALUES (1778,17,3,318);
INSERT INTO OrderLines(OrderID, ProductID, Qty, UnitPrice) VALUES (1778,49,1,34);
INSERT INTO OrderLines(OrderID, ProductID, Qty, UnitPrice) VALUES (1778,9,1,986);
UPDATE [Order] SET TotalAmount=3051 WHERE OrderID=1778;
INSERT INTO Payment(OrderID, PaymentDate, Amount, PaymentMethod, TransactionRef) VALUES (1778,'2025-08-21',3051,'PayPal','TXN497536');
INSERT INTO [Order](CustomerID, OrderDate, Status, TotalAmount) VALUES (178,'2025-07-05','Processing',0);
INSERT INTO OrderLines(OrderID, ProductID, Qty, UnitPrice) VALUES (1779,17,2,1261);
INSERT INTO OrderLines(OrderID, ProductID, Qty, UnitPrice) VALUES (1779,38,2,865);
INSERT INTO OrderLines(OrderID, ProductID, Qty, UnitPrice) VALUES (1779,26,3,869);
INSERT INTO OrderLines(OrderID, ProductID, Qty, UnitPrice) VALUES (1779,34,2,1446);
UPDATE [Order] SET TotalAmount=9751 WHERE OrderID=1779;
INSERT INTO Payment(OrderID, PaymentDate, Amount, PaymentMethod, TransactionRef) VALUES (1779,'2025-07-07',9751,'Cash','TXN234332');
INSERT INTO [Order](CustomerID, OrderDate, Status, TotalAmount) VALUES (178,'2025-11-09','Processing',0);
INSERT INTO OrderLines(OrderID, ProductID, Qty, UnitPrice) VALUES (1780,27,2,605);
INSERT INTO OrderLines(OrderID, ProductID, Qty, UnitPrice) VALUES (1780,28,3,626);
INSERT INTO OrderLines(OrderID, ProductID, Qty, UnitPrice) VALUES (1780,16,2,222);
INSERT INTO OrderLines(OrderID, ProductID, Qty, UnitPrice) VALUES (1780,19,3,976);
UPDATE [Order] SET TotalAmount=6460 WHERE OrderID=1780;
INSERT INTO Payment(OrderID, PaymentDate, Amount, PaymentMethod, TransactionRef) VALUES (1780,'2025-11-14',6460,'PayPal','TXN222672');
INSERT INTO [Order](CustomerID, OrderDate, Status, TotalAmount) VALUES (179,'2025-02-01','Processing',0);
INSERT INTO OrderLines(OrderID, ProductID, Qty, UnitPrice) VALUES (1781,49,3,149);
INSERT INTO OrderLines(OrderID, ProductID, Qty, UnitPrice) VALUES (1781,4,2,523);
INSERT INTO OrderLines(OrderID, ProductID, Qty, UnitPrice) VALUES (1781,38,3,225);
INSERT INTO OrderLines(OrderID, ProductID, Qty, UnitPrice) VALUES (1781,18,1,352);
UPDATE [Order] SET TotalAmount=2520 WHERE OrderID=1781;
INSERT INTO Payment(OrderID, PaymentDate, Amount, PaymentMethod, TransactionRef) VALUES (1781,'2025-02-04',2520,'Card','TXN810990');
INSERT INTO [Order](CustomerID, OrderDate, Status, TotalAmount) VALUES (179,'2025-12-20','Shipped',0);
INSERT INTO OrderLines(OrderID, ProductID, Qty, UnitPrice) VALUES (1782,39,1,777);
INSERT INTO OrderLines(OrderID, ProductID, Qty, UnitPrice) VALUES (1782,6,3,721);
INSERT INTO OrderLines(OrderID, ProductID, Qty, UnitPrice) VALUES (1782,18,1,722);
INSERT INTO OrderLines(OrderID, ProductID, Qty, UnitPrice) VALUES (1782,1,1,742);
UPDATE [Order] SET TotalAmount=4404 WHERE OrderID=1782;
INSERT INTO Payment(OrderID, PaymentDate, Amount, PaymentMethod, TransactionRef) VALUES (1782,'2025-12-25',4404,'Card','TXN517380');
INSERT INTO [Order](CustomerID, OrderDate, Status, TotalAmount) VALUES (179,'2025-07-28','Processing',0);
INSERT INTO OrderLines(OrderID, ProductID, Qty, UnitPrice) VALUES (1783,18,2,32);
INSERT INTO OrderLines(OrderID, ProductID, Qty, UnitPrice) VALUES (1783,40,3,104);
INSERT INTO OrderLines(OrderID, ProductID, Qty, UnitPrice) VALUES (1783,9,3,844);
INSERT INTO OrderLines(OrderID, ProductID, Qty, UnitPrice) VALUES (1783,20,2,504);
UPDATE [Order] SET TotalAmount=3916 WHERE OrderID=1783;
INSERT INTO Payment(OrderID, PaymentDate, Amount, PaymentMethod, TransactionRef) VALUES (1783,'2025-08-02',3916,'Cash','TXN590308');
INSERT INTO [Order](CustomerID, OrderDate, Status, TotalAmount) VALUES (179,'2025-04-30','Processing',0);
INSERT INTO OrderLines(OrderID, ProductID, Qty, UnitPrice) VALUES (1784,9,1,1057);
INSERT INTO OrderLines(OrderID, ProductID, Qty, UnitPrice) VALUES (1784,1,2,1125);
INSERT INTO OrderLines(OrderID, ProductID, Qty, UnitPrice) VALUES (1784,20,2,430);
INSERT INTO OrderLines(OrderID, ProductID, Qty, UnitPrice) VALUES (1784,5,1,1365);
UPDATE [Order] SET TotalAmount=5532 WHERE OrderID=1784;
INSERT INTO Payment(OrderID, PaymentDate, Amount, PaymentMethod, TransactionRef) VALUES (1784,'2025-05-01',5532,'PayPal','TXN536811');
INSERT INTO [Order](CustomerID, OrderDate, Status, TotalAmount) VALUES (179,'2025-02-07','Delivered',0);
INSERT INTO OrderLines(OrderID, ProductID, Qty, UnitPrice) VALUES (1785,50,2,283);
INSERT INTO OrderLines(OrderID, ProductID, Qty, UnitPrice) VALUES (1785,21,3,52);
INSERT INTO OrderLines(OrderID, ProductID, Qty, UnitPrice) VALUES (1785,40,3,1246);
INSERT INTO OrderLines(OrderID, ProductID, Qty, UnitPrice) VALUES (1785,3,2,415);
UPDATE [Order] SET TotalAmount=5290 WHERE OrderID=1785;
INSERT INTO Payment(OrderID, PaymentDate, Amount, PaymentMethod, TransactionRef) VALUES (1785,'2025-02-10',5290,'PayPal','TXN210826');
INSERT INTO [Order](CustomerID, OrderDate, Status, TotalAmount) VALUES (179,'2025-02-03','Cancelled',0);
INSERT INTO OrderLines(OrderID, ProductID, Qty, UnitPrice) VALUES (1786,42,3,960);
INSERT INTO OrderLines(OrderID, ProductID, Qty, UnitPrice) VALUES (1786,46,1,911);
INSERT INTO OrderLines(OrderID, ProductID, Qty, UnitPrice) VALUES (1786,40,2,833);
INSERT INTO OrderLines(OrderID, ProductID, Qty, UnitPrice) VALUES (1786,45,3,980);
UPDATE [Order] SET TotalAmount=8397 WHERE OrderID=1786;
INSERT INTO Payment(OrderID, PaymentDate, Amount, PaymentMethod, TransactionRef) VALUES (1786,'2025-02-06',8397,'PayPal','TXN144886');
INSERT INTO [Order](CustomerID, OrderDate, Status, TotalAmount) VALUES (179,'2025-01-16','Cancelled',0);
INSERT INTO OrderLines(OrderID, ProductID, Qty, UnitPrice) VALUES (1787,47,3,858);
INSERT INTO OrderLines(OrderID, ProductID, Qty, UnitPrice) VALUES (1787,4,3,184);
INSERT INTO OrderLines(OrderID, ProductID, Qty, UnitPrice) VALUES (1787,25,3,812);
INSERT INTO OrderLines(OrderID, ProductID, Qty, UnitPrice) VALUES (1787,34,2,956);
UPDATE [Order] SET TotalAmount=7474 WHERE OrderID=1787;
INSERT INTO Payment(OrderID, PaymentDate, Amount, PaymentMethod, TransactionRef) VALUES (1787,'2025-01-16',7474,'Cash','TXN843029');
INSERT INTO [Order](CustomerID, OrderDate, Status, TotalAmount) VALUES (179,'2025-03-27','Delivered',0);
INSERT INTO OrderLines(OrderID, ProductID, Qty, UnitPrice) VALUES (1788,23,3,489);
INSERT INTO OrderLines(OrderID, ProductID, Qty, UnitPrice) VALUES (1788,9,3,1421);
INSERT INTO OrderLines(OrderID, ProductID, Qty, UnitPrice) VALUES (1788,6,3,1468);
INSERT INTO OrderLines(OrderID, ProductID, Qty, UnitPrice) VALUES (1788,29,1,303);
UPDATE [Order] SET TotalAmount=10437 WHERE OrderID=1788;
INSERT INTO Payment(OrderID, PaymentDate, Amount, PaymentMethod, TransactionRef) VALUES (1788,'2025-03-29',10437,'Card','TXN752582');
INSERT INTO [Order](CustomerID, OrderDate, Status, TotalAmount) VALUES (179,'2025-01-20','Delivered',0);
INSERT INTO OrderLines(OrderID, ProductID, Qty, UnitPrice) VALUES (1789,41,2,839);
INSERT INTO OrderLines(OrderID, ProductID, Qty, UnitPrice) VALUES (1789,37,3,725);
INSERT INTO OrderLines(OrderID, ProductID, Qty, UnitPrice) VALUES (1789,30,3,1468);
INSERT INTO OrderLines(OrderID, ProductID, Qty, UnitPrice) VALUES (1789,28,2,1209);
UPDATE [Order] SET TotalAmount=10675 WHERE OrderID=1789;
INSERT INTO Payment(OrderID, PaymentDate, Amount, PaymentMethod, TransactionRef) VALUES (1789,'2025-01-22',10675,'Card','TXN568948');
INSERT INTO [Order](CustomerID, OrderDate, Status, TotalAmount) VALUES (179,'2025-09-10','Shipped',0);
INSERT INTO OrderLines(OrderID, ProductID, Qty, UnitPrice) VALUES (1790,36,2,1339);
INSERT INTO OrderLines(OrderID, ProductID, Qty, UnitPrice) VALUES (1790,25,2,100);
INSERT INTO OrderLines(OrderID, ProductID, Qty, UnitPrice) VALUES (1790,29,1,174);
INSERT INTO OrderLines(OrderID, ProductID, Qty, UnitPrice) VALUES (1790,20,1,456);
UPDATE [Order] SET TotalAmount=3508 WHERE OrderID=1790;
INSERT INTO Payment(OrderID, PaymentDate, Amount, PaymentMethod, TransactionRef) VALUES (1790,'2025-09-14',3508,'Card','TXN823767');
INSERT INTO [Order](CustomerID, OrderDate, Status, TotalAmount) VALUES (180,'2025-03-23','Shipped',0);
INSERT INTO OrderLines(OrderID, ProductID, Qty, UnitPrice) VALUES (1791,31,1,219);
INSERT INTO OrderLines(OrderID, ProductID, Qty, UnitPrice) VALUES (1791,46,2,666);
INSERT INTO OrderLines(OrderID, ProductID, Qty, UnitPrice) VALUES (1791,46,3,69);
INSERT INTO OrderLines(OrderID, ProductID, Qty, UnitPrice) VALUES (1791,44,1,872);
UPDATE [Order] SET TotalAmount=2630 WHERE OrderID=1791;
INSERT INTO Payment(OrderID, PaymentDate, Amount, PaymentMethod, TransactionRef) VALUES (1791,'2025-03-28',2630,'Cash','TXN915779');
INSERT INTO [Order](CustomerID, OrderDate, Status, TotalAmount) VALUES (180,'2025-10-05','Processing',0);
INSERT INTO OrderLines(OrderID, ProductID, Qty, UnitPrice) VALUES (1792,25,3,100);
INSERT INTO OrderLines(OrderID, ProductID, Qty, UnitPrice) VALUES (1792,11,1,1340);
INSERT INTO OrderLines(OrderID, ProductID, Qty, UnitPrice) VALUES (1792,49,3,1380);
INSERT INTO OrderLines(OrderID, ProductID, Qty, UnitPrice) VALUES (1792,16,2,165);
UPDATE [Order] SET TotalAmount=6110 WHERE OrderID=1792;
INSERT INTO Payment(OrderID, PaymentDate, Amount, PaymentMethod, TransactionRef) VALUES (1792,'2025-10-10',6110,'PayPal','TXN478492');
INSERT INTO [Order](CustomerID, OrderDate, Status, TotalAmount) VALUES (180,'2025-02-04','Shipped',0);
INSERT INTO OrderLines(OrderID, ProductID, Qty, UnitPrice) VALUES (1793,41,2,1267);
INSERT INTO OrderLines(OrderID, ProductID, Qty, UnitPrice) VALUES (1793,44,3,1156);
INSERT INTO OrderLines(OrderID, ProductID, Qty, UnitPrice) VALUES (1793,25,2,826);
INSERT INTO OrderLines(OrderID, ProductID, Qty, UnitPrice) VALUES (1793,5,1,911);
UPDATE [Order] SET TotalAmount=8565 WHERE OrderID=1793;
INSERT INTO Payment(OrderID, PaymentDate, Amount, PaymentMethod, TransactionRef) VALUES (1793,'2025-02-08',8565,'PayPal','TXN577418');
INSERT INTO [Order](CustomerID, OrderDate, Status, TotalAmount) VALUES (180,'2025-08-12','Processing',0);
INSERT INTO OrderLines(OrderID, ProductID, Qty, UnitPrice) VALUES (1794,13,1,124);
INSERT INTO OrderLines(OrderID, ProductID, Qty, UnitPrice) VALUES (1794,25,1,1185);
INSERT INTO OrderLines(OrderID, ProductID, Qty, UnitPrice) VALUES (1794,24,1,1046);
INSERT INTO OrderLines(OrderID, ProductID, Qty, UnitPrice) VALUES (1794,36,3,633);
UPDATE [Order] SET TotalAmount=4254 WHERE OrderID=1794;
INSERT INTO Payment(OrderID, PaymentDate, Amount, PaymentMethod, TransactionRef) VALUES (1794,'2025-08-12',4254,'PayPal','TXN367751');
INSERT INTO [Order](CustomerID, OrderDate, Status, TotalAmount) VALUES (180,'2025-04-05','Processing',0);
INSERT INTO OrderLines(OrderID, ProductID, Qty, UnitPrice) VALUES (1795,38,3,1330);
INSERT INTO OrderLines(OrderID, ProductID, Qty, UnitPrice) VALUES (1795,33,2,914);
INSERT INTO OrderLines(OrderID, ProductID, Qty, UnitPrice) VALUES (1795,34,3,732);
INSERT INTO OrderLines(OrderID, ProductID, Qty, UnitPrice) VALUES (1795,37,3,371);
UPDATE [Order] SET TotalAmount=9127 WHERE OrderID=1795;
INSERT INTO Payment(OrderID, PaymentDate, Amount, PaymentMethod, TransactionRef) VALUES (1795,'2025-04-06',9127,'Card','TXN586058');
INSERT INTO [Order](CustomerID, OrderDate, Status, TotalAmount) VALUES (180,'2025-05-08','Processing',0);
INSERT INTO OrderLines(OrderID, ProductID, Qty, UnitPrice) VALUES (1796,33,3,638);
INSERT INTO OrderLines(OrderID, ProductID, Qty, UnitPrice) VALUES (1796,12,2,116);
INSERT INTO OrderLines(OrderID, ProductID, Qty, UnitPrice) VALUES (1796,20,2,644);
INSERT INTO OrderLines(OrderID, ProductID, Qty, UnitPrice) VALUES (1796,35,3,34);
UPDATE [Order] SET TotalAmount=3536 WHERE OrderID=1796;
INSERT INTO Payment(OrderID, PaymentDate, Amount, PaymentMethod, TransactionRef) VALUES (1796,'2025-05-08',3536,'PayPal','TXN945022');
INSERT INTO [Order](CustomerID, OrderDate, Status, TotalAmount) VALUES (180,'2025-12-09','Shipped',0);
INSERT INTO OrderLines(OrderID, ProductID, Qty, UnitPrice) VALUES (1797,50,1,696);
INSERT INTO OrderLines(OrderID, ProductID, Qty, UnitPrice) VALUES (1797,18,3,419);
INSERT INTO OrderLines(OrderID, ProductID, Qty, UnitPrice) VALUES (1797,34,2,1459);
INSERT INTO OrderLines(OrderID, ProductID, Qty, UnitPrice) VALUES (1797,36,1,905);
UPDATE [Order] SET TotalAmount=5776 WHERE OrderID=1797;
INSERT INTO Payment(OrderID, PaymentDate, Amount, PaymentMethod, TransactionRef) VALUES (1797,'2025-12-14',5776,'PayPal','TXN670569');
INSERT INTO [Order](CustomerID, OrderDate, Status, TotalAmount) VALUES (180,'2025-02-08','Shipped',0);
INSERT INTO OrderLines(OrderID, ProductID, Qty, UnitPrice) VALUES (1798,28,2,1192);
INSERT INTO OrderLines(OrderID, ProductID, Qty, UnitPrice) VALUES (1798,31,3,122);
INSERT INTO OrderLines(OrderID, ProductID, Qty, UnitPrice) VALUES (1798,31,2,1029);
INSERT INTO OrderLines(OrderID, ProductID, Qty, UnitPrice) VALUES (1798,44,1,804);
UPDATE [Order] SET TotalAmount=5612 WHERE OrderID=1798;
INSERT INTO Payment(OrderID, PaymentDate, Amount, PaymentMethod, TransactionRef) VALUES (1798,'2025-02-10',5612,'Card','TXN422510');
INSERT INTO [Order](CustomerID, OrderDate, Status, TotalAmount) VALUES (180,'2025-12-27','Processing',0);
INSERT INTO OrderLines(OrderID, ProductID, Qty, UnitPrice) VALUES (1799,47,1,1075);
INSERT INTO OrderLines(OrderID, ProductID, Qty, UnitPrice) VALUES (1799,33,2,1200);
INSERT INTO OrderLines(OrderID, ProductID, Qty, UnitPrice) VALUES (1799,7,2,1334);
INSERT INTO OrderLines(OrderID, ProductID, Qty, UnitPrice) VALUES (1799,5,2,1112);
UPDATE [Order] SET TotalAmount=8367 WHERE OrderID=1799;
INSERT INTO Payment(OrderID, PaymentDate, Amount, PaymentMethod, TransactionRef) VALUES (1799,'2025-12-28',8367,'Cash','TXN129387');
INSERT INTO [Order](CustomerID, OrderDate, Status, TotalAmount) VALUES (180,'2025-11-30','Processing',0);
INSERT INTO OrderLines(OrderID, ProductID, Qty, UnitPrice) VALUES (1800,13,2,820);
INSERT INTO OrderLines(OrderID, ProductID, Qty, UnitPrice) VALUES (1800,44,1,773);
INSERT INTO OrderLines(OrderID, ProductID, Qty, UnitPrice) VALUES (1800,24,1,1357);
INSERT INTO OrderLines(OrderID, ProductID, Qty, UnitPrice) VALUES (1800,48,1,724);
UPDATE [Order] SET TotalAmount=4494 WHERE OrderID=1800;
INSERT INTO Payment(OrderID, PaymentDate, Amount, PaymentMethod, TransactionRef) VALUES (1800,'2025-12-05',4494,'Cash','TXN480036');
INSERT INTO [Order](CustomerID, OrderDate, Status, TotalAmount) VALUES (181,'2025-05-13','Processing',0);
INSERT INTO OrderLines(OrderID, ProductID, Qty, UnitPrice) VALUES (1801,31,2,1378);
INSERT INTO OrderLines(OrderID, ProductID, Qty, UnitPrice) VALUES (1801,11,2,153);
INSERT INTO OrderLines(OrderID, ProductID, Qty, UnitPrice) VALUES (1801,18,2,1085);
INSERT INTO OrderLines(OrderID, ProductID, Qty, UnitPrice) VALUES (1801,50,3,650);
UPDATE [Order] SET TotalAmount=7182 WHERE OrderID=1801;
INSERT INTO Payment(OrderID, PaymentDate, Amount, PaymentMethod, TransactionRef) VALUES (1801,'2025-05-17',7182,'PayPal','TXN450918');
INSERT INTO [Order](CustomerID, OrderDate, Status, TotalAmount) VALUES (181,'2025-06-07','Delivered',0);
INSERT INTO OrderLines(OrderID, ProductID, Qty, UnitPrice) VALUES (1802,35,2,681);
INSERT INTO OrderLines(OrderID, ProductID, Qty, UnitPrice) VALUES (1802,21,2,100);
INSERT INTO OrderLines(OrderID, ProductID, Qty, UnitPrice) VALUES (1802,40,3,776);
INSERT INTO OrderLines(OrderID, ProductID, Qty, UnitPrice) VALUES (1802,22,1,428);
UPDATE [Order] SET TotalAmount=4318 WHERE OrderID=1802;
INSERT INTO Payment(OrderID, PaymentDate, Amount, PaymentMethod, TransactionRef) VALUES (1802,'2025-06-09',4318,'PayPal','TXN396313');
INSERT INTO [Order](CustomerID, OrderDate, Status, TotalAmount) VALUES (181,'2025-07-17','Shipped',0);
INSERT INTO OrderLines(OrderID, ProductID, Qty, UnitPrice) VALUES (1803,29,2,197);
INSERT INTO OrderLines(OrderID, ProductID, Qty, UnitPrice) VALUES (1803,19,3,607);
INSERT INTO OrderLines(OrderID, ProductID, Qty, UnitPrice) VALUES (1803,41,3,784);
INSERT INTO OrderLines(OrderID, ProductID, Qty, UnitPrice) VALUES (1803,25,1,1133);
UPDATE [Order] SET TotalAmount=5700 WHERE OrderID=1803;
INSERT INTO Payment(OrderID, PaymentDate, Amount, PaymentMethod, TransactionRef) VALUES (1803,'2025-07-21',5700,'Cash','TXN773110');
INSERT INTO [Order](CustomerID, OrderDate, Status, TotalAmount) VALUES (181,'2025-07-07','Shipped',0);
INSERT INTO OrderLines(OrderID, ProductID, Qty, UnitPrice) VALUES (1804,2,3,1066);
INSERT INTO OrderLines(OrderID, ProductID, Qty, UnitPrice) VALUES (1804,48,2,1194);
INSERT INTO OrderLines(OrderID, ProductID, Qty, UnitPrice) VALUES (1804,43,1,1445);
INSERT INTO OrderLines(OrderID, ProductID, Qty, UnitPrice) VALUES (1804,6,3,1293);
UPDATE [Order] SET TotalAmount=10910 WHERE OrderID=1804;
INSERT INTO Payment(OrderID, PaymentDate, Amount, PaymentMethod, TransactionRef) VALUES (1804,'2025-07-08',10910,'PayPal','TXN665044');
INSERT INTO [Order](CustomerID, OrderDate, Status, TotalAmount) VALUES (181,'2025-05-26','Delivered',0);
INSERT INTO OrderLines(OrderID, ProductID, Qty, UnitPrice) VALUES (1805,37,2,808);
INSERT INTO OrderLines(OrderID, ProductID, Qty, UnitPrice) VALUES (1805,9,3,794);
INSERT INTO OrderLines(OrderID, ProductID, Qty, UnitPrice) VALUES (1805,8,1,70);
INSERT INTO OrderLines(OrderID, ProductID, Qty, UnitPrice) VALUES (1805,45,2,336);
UPDATE [Order] SET TotalAmount=4740 WHERE OrderID=1805;
INSERT INTO Payment(OrderID, PaymentDate, Amount, PaymentMethod, TransactionRef) VALUES (1805,'2025-05-27',4740,'PayPal','TXN567879');
INSERT INTO [Order](CustomerID, OrderDate, Status, TotalAmount) VALUES (181,'2025-02-06','Shipped',0);
INSERT INTO OrderLines(OrderID, ProductID, Qty, UnitPrice) VALUES (1806,21,3,1310);
INSERT INTO OrderLines(OrderID, ProductID, Qty, UnitPrice) VALUES (1806,29,3,849);
INSERT INTO OrderLines(OrderID, ProductID, Qty, UnitPrice) VALUES (1806,45,3,1458);
INSERT INTO OrderLines(OrderID, ProductID, Qty, UnitPrice) VALUES (1806,43,1,916);
UPDATE [Order] SET TotalAmount=11767 WHERE OrderID=1806;
INSERT INTO Payment(OrderID, PaymentDate, Amount, PaymentMethod, TransactionRef) VALUES (1806,'2025-02-08',11767,'Cash','TXN654058');
INSERT INTO [Order](CustomerID, OrderDate, Status, TotalAmount) VALUES (181,'2025-04-23','Shipped',0);
INSERT INTO OrderLines(OrderID, ProductID, Qty, UnitPrice) VALUES (1807,8,1,1043);
INSERT INTO OrderLines(OrderID, ProductID, Qty, UnitPrice) VALUES (1807,46,2,974);
INSERT INTO OrderLines(OrderID, ProductID, Qty, UnitPrice) VALUES (1807,14,3,788);
INSERT INTO OrderLines(OrderID, ProductID, Qty, UnitPrice) VALUES (1807,50,3,95);
UPDATE [Order] SET TotalAmount=5640 WHERE OrderID=1807;
INSERT INTO Payment(OrderID, PaymentDate, Amount, PaymentMethod, TransactionRef) VALUES (1807,'2025-04-23',5640,'PayPal','TXN660198');
INSERT INTO [Order](CustomerID, OrderDate, Status, TotalAmount) VALUES (181,'2025-07-31','Processing',0);
INSERT INTO OrderLines(OrderID, ProductID, Qty, UnitPrice) VALUES (1808,8,3,614);
INSERT INTO OrderLines(OrderID, ProductID, Qty, UnitPrice) VALUES (1808,48,2,501);
INSERT INTO OrderLines(OrderID, ProductID, Qty, UnitPrice) VALUES (1808,47,3,280);
INSERT INTO OrderLines(OrderID, ProductID, Qty, UnitPrice) VALUES (1808,24,2,527);
UPDATE [Order] SET TotalAmount=4738 WHERE OrderID=1808;
INSERT INTO Payment(OrderID, PaymentDate, Amount, PaymentMethod, TransactionRef) VALUES (1808,'2025-07-31',4738,'Card','TXN650461');
INSERT INTO [Order](CustomerID, OrderDate, Status, TotalAmount) VALUES (181,'2025-06-20','Delivered',0);
INSERT INTO OrderLines(OrderID, ProductID, Qty, UnitPrice) VALUES (1809,30,2,253);
INSERT INTO OrderLines(OrderID, ProductID, Qty, UnitPrice) VALUES (1809,24,3,888);
INSERT INTO OrderLines(OrderID, ProductID, Qty, UnitPrice) VALUES (1809,10,3,244);
INSERT INTO OrderLines(OrderID, ProductID, Qty, UnitPrice) VALUES (1809,6,1,1312);
UPDATE [Order] SET TotalAmount=5214 WHERE OrderID=1809;
INSERT INTO Payment(OrderID, PaymentDate, Amount, PaymentMethod, TransactionRef) VALUES (1809,'2025-06-20',5214,'Card','TXN380698');
INSERT INTO [Order](CustomerID, OrderDate, Status, TotalAmount) VALUES (181,'2025-01-23','Processing',0);
INSERT INTO OrderLines(OrderID, ProductID, Qty, UnitPrice) VALUES (1810,26,3,597);
INSERT INTO OrderLines(OrderID, ProductID, Qty, UnitPrice) VALUES (1810,43,3,564);
INSERT INTO OrderLines(OrderID, ProductID, Qty, UnitPrice) VALUES (1810,42,2,154);
INSERT INTO OrderLines(OrderID, ProductID, Qty, UnitPrice) VALUES (1810,6,1,1182);
UPDATE [Order] SET TotalAmount=4973 WHERE OrderID=1810;
INSERT INTO Payment(OrderID, PaymentDate, Amount, PaymentMethod, TransactionRef) VALUES (1810,'2025-01-26',4973,'Card','TXN964502');
INSERT INTO [Order](CustomerID, OrderDate, Status, TotalAmount) VALUES (182,'2025-09-11','Shipped',0);
INSERT INTO OrderLines(OrderID, ProductID, Qty, UnitPrice) VALUES (1811,48,3,1073);
INSERT INTO OrderLines(OrderID, ProductID, Qty, UnitPrice) VALUES (1811,50,2,672);
INSERT INTO OrderLines(OrderID, ProductID, Qty, UnitPrice) VALUES (1811,46,1,63);
INSERT INTO OrderLines(OrderID, ProductID, Qty, UnitPrice) VALUES (1811,50,2,731);
UPDATE [Order] SET TotalAmount=6088 WHERE OrderID=1811;
INSERT INTO Payment(OrderID, PaymentDate, Amount, PaymentMethod, TransactionRef) VALUES (1811,'2025-09-16',6088,'Cash','TXN729496');
INSERT INTO [Order](CustomerID, OrderDate, Status, TotalAmount) VALUES (182,'2025-06-02','Shipped',0);
INSERT INTO OrderLines(OrderID, ProductID, Qty, UnitPrice) VALUES (1812,31,2,167);
INSERT INTO OrderLines(OrderID, ProductID, Qty, UnitPrice) VALUES (1812,27,1,1012);
INSERT INTO OrderLines(OrderID, ProductID, Qty, UnitPrice) VALUES (1812,18,3,1194);
INSERT INTO OrderLines(OrderID, ProductID, Qty, UnitPrice) VALUES (1812,12,1,786);
UPDATE [Order] SET TotalAmount=5714 WHERE OrderID=1812;
INSERT INTO Payment(OrderID, PaymentDate, Amount, PaymentMethod, TransactionRef) VALUES (1812,'2025-06-04',5714,'PayPal','TXN629707');
INSERT INTO [Order](CustomerID, OrderDate, Status, TotalAmount) VALUES (182,'2025-05-04','Processing',0);
INSERT INTO OrderLines(OrderID, ProductID, Qty, UnitPrice) VALUES (1813,21,1,1371);
INSERT INTO OrderLines(OrderID, ProductID, Qty, UnitPrice) VALUES (1813,48,2,250);
INSERT INTO OrderLines(OrderID, ProductID, Qty, UnitPrice) VALUES (1813,28,3,715);
INSERT INTO OrderLines(OrderID, ProductID, Qty, UnitPrice) VALUES (1813,38,1,780);
UPDATE [Order] SET TotalAmount=4796 WHERE OrderID=1813;
INSERT INTO Payment(OrderID, PaymentDate, Amount, PaymentMethod, TransactionRef) VALUES (1813,'2025-05-05',4796,'Card','TXN233136');
INSERT INTO [Order](CustomerID, OrderDate, Status, TotalAmount) VALUES (182,'2025-10-17','Shipped',0);
INSERT INTO OrderLines(OrderID, ProductID, Qty, UnitPrice) VALUES (1814,38,1,781);
INSERT INTO OrderLines(OrderID, ProductID, Qty, UnitPrice) VALUES (1814,15,1,322);
INSERT INTO OrderLines(OrderID, ProductID, Qty, UnitPrice) VALUES (1814,35,1,133);
INSERT INTO OrderLines(OrderID, ProductID, Qty, UnitPrice) VALUES (1814,23,1,1302);
UPDATE [Order] SET TotalAmount=2538 WHERE OrderID=1814;
INSERT INTO Payment(OrderID, PaymentDate, Amount, PaymentMethod, TransactionRef) VALUES (1814,'2025-10-17',2538,'Card','TXN606215');
INSERT INTO [Order](CustomerID, OrderDate, Status, TotalAmount) VALUES (182,'2025-08-16','Shipped',0);
INSERT INTO OrderLines(OrderID, ProductID, Qty, UnitPrice) VALUES (1815,14,3,1078);
INSERT INTO OrderLines(OrderID, ProductID, Qty, UnitPrice) VALUES (1815,25,3,106);
INSERT INTO OrderLines(OrderID, ProductID, Qty, UnitPrice) VALUES (1815,49,1,1154);
INSERT INTO OrderLines(OrderID, ProductID, Qty, UnitPrice) VALUES (1815,37,3,993);
UPDATE [Order] SET TotalAmount=7685 WHERE OrderID=1815;
INSERT INTO Payment(OrderID, PaymentDate, Amount, PaymentMethod, TransactionRef) VALUES (1815,'2025-08-16',7685,'PayPal','TXN614422');
INSERT INTO [Order](CustomerID, OrderDate, Status, TotalAmount) VALUES (182,'2025-04-04','Delivered',0);
INSERT INTO OrderLines(OrderID, ProductID, Qty, UnitPrice) VALUES (1816,29,1,1035);
INSERT INTO OrderLines(OrderID, ProductID, Qty, UnitPrice) VALUES (1816,18,2,90);
INSERT INTO OrderLines(OrderID, ProductID, Qty, UnitPrice) VALUES (1816,13,3,1428);
INSERT INTO OrderLines(OrderID, ProductID, Qty, UnitPrice) VALUES (1816,11,2,1023);
UPDATE [Order] SET TotalAmount=7545 WHERE OrderID=1816;
INSERT INTO Payment(OrderID, PaymentDate, Amount, PaymentMethod, TransactionRef) VALUES (1816,'2025-04-06',7545,'Card','TXN568657');
INSERT INTO [Order](CustomerID, OrderDate, Status, TotalAmount) VALUES (182,'2025-06-16','Shipped',0);
INSERT INTO OrderLines(OrderID, ProductID, Qty, UnitPrice) VALUES (1817,16,1,93);
INSERT INTO OrderLines(OrderID, ProductID, Qty, UnitPrice) VALUES (1817,50,3,53);
INSERT INTO OrderLines(OrderID, ProductID, Qty, UnitPrice) VALUES (1817,18,3,1068);
INSERT INTO OrderLines(OrderID, ProductID, Qty, UnitPrice) VALUES (1817,5,1,1468);
UPDATE [Order] SET TotalAmount=4924 WHERE OrderID=1817;
INSERT INTO Payment(OrderID, PaymentDate, Amount, PaymentMethod, TransactionRef) VALUES (1817,'2025-06-16',4924,'PayPal','TXN823876');
INSERT INTO [Order](CustomerID, OrderDate, Status, TotalAmount) VALUES (182,'2025-01-31','Processing',0);
INSERT INTO OrderLines(OrderID, ProductID, Qty, UnitPrice) VALUES (1818,22,1,821);
INSERT INTO OrderLines(OrderID, ProductID, Qty, UnitPrice) VALUES (1818,26,2,1066);
INSERT INTO OrderLines(OrderID, ProductID, Qty, UnitPrice) VALUES (1818,36,3,812);
INSERT INTO OrderLines(OrderID, ProductID, Qty, UnitPrice) VALUES (1818,1,2,879);
UPDATE [Order] SET TotalAmount=7147 WHERE OrderID=1818;
INSERT INTO Payment(OrderID, PaymentDate, Amount, PaymentMethod, TransactionRef) VALUES (1818,'2025-02-02',7147,'Card','TXN869010');
INSERT INTO [Order](CustomerID, OrderDate, Status, TotalAmount) VALUES (182,'2025-04-02','Shipped',0);
INSERT INTO OrderLines(OrderID, ProductID, Qty, UnitPrice) VALUES (1819,19,1,891);
INSERT INTO OrderLines(OrderID, ProductID, Qty, UnitPrice) VALUES (1819,15,3,1411);
INSERT INTO OrderLines(OrderID, ProductID, Qty, UnitPrice) VALUES (1819,7,3,567);
INSERT INTO OrderLines(OrderID, ProductID, Qty, UnitPrice) VALUES (1819,2,2,743);
UPDATE [Order] SET TotalAmount=8311 WHERE OrderID=1819;
INSERT INTO Payment(OrderID, PaymentDate, Amount, PaymentMethod, TransactionRef) VALUES (1819,'2025-04-04',8311,'PayPal','TXN597576');
INSERT INTO [Order](CustomerID, OrderDate, Status, TotalAmount) VALUES (182,'2025-10-12','Shipped',0);
INSERT INTO OrderLines(OrderID, ProductID, Qty, UnitPrice) VALUES (1820,7,1,21);
INSERT INTO OrderLines(OrderID, ProductID, Qty, UnitPrice) VALUES (1820,24,1,942);
INSERT INTO OrderLines(OrderID, ProductID, Qty, UnitPrice) VALUES (1820,37,3,322);
INSERT INTO OrderLines(OrderID, ProductID, Qty, UnitPrice) VALUES (1820,23,1,271);
UPDATE [Order] SET TotalAmount=2200 WHERE OrderID=1820;
INSERT INTO Payment(OrderID, PaymentDate, Amount, PaymentMethod, TransactionRef) VALUES (1820,'2025-10-15',2200,'Cash','TXN259228');
INSERT INTO [Order](CustomerID, OrderDate, Status, TotalAmount) VALUES (183,'2025-03-12','Processing',0);
INSERT INTO OrderLines(OrderID, ProductID, Qty, UnitPrice) VALUES (1821,18,1,807);
INSERT INTO OrderLines(OrderID, ProductID, Qty, UnitPrice) VALUES (1821,49,1,940);
INSERT INTO OrderLines(OrderID, ProductID, Qty, UnitPrice) VALUES (1821,9,1,1274);
INSERT INTO OrderLines(OrderID, ProductID, Qty, UnitPrice) VALUES (1821,32,2,643);
UPDATE [Order] SET TotalAmount=4307 WHERE OrderID=1821;
INSERT INTO Payment(OrderID, PaymentDate, Amount, PaymentMethod, TransactionRef) VALUES (1821,'2025-03-12',4307,'PayPal','TXN533125');
INSERT INTO [Order](CustomerID, OrderDate, Status, TotalAmount) VALUES (183,'2025-08-08','Processing',0);
INSERT INTO OrderLines(OrderID, ProductID, Qty, UnitPrice) VALUES (1822,5,3,775);
INSERT INTO OrderLines(OrderID, ProductID, Qty, UnitPrice) VALUES (1822,18,1,1233);
INSERT INTO OrderLines(OrderID, ProductID, Qty, UnitPrice) VALUES (1822,2,3,1333);
INSERT INTO OrderLines(OrderID, ProductID, Qty, UnitPrice) VALUES (1822,29,3,1422);
UPDATE [Order] SET TotalAmount=11823 WHERE OrderID=1822;
INSERT INTO Payment(OrderID, PaymentDate, Amount, PaymentMethod, TransactionRef) VALUES (1822,'2025-08-10',11823,'Cash','TXN442948');
INSERT INTO [Order](CustomerID, OrderDate, Status, TotalAmount) VALUES (183,'2025-03-20','Delivered',0);
INSERT INTO OrderLines(OrderID, ProductID, Qty, UnitPrice) VALUES (1823,31,1,1144);
INSERT INTO OrderLines(OrderID, ProductID, Qty, UnitPrice) VALUES (1823,7,2,1026);
INSERT INTO OrderLines(OrderID, ProductID, Qty, UnitPrice) VALUES (1823,36,1,762);
INSERT INTO OrderLines(OrderID, ProductID, Qty, UnitPrice) VALUES (1823,30,3,1019);
UPDATE [Order] SET TotalAmount=7015 WHERE OrderID=1823;
INSERT INTO Payment(OrderID, PaymentDate, Amount, PaymentMethod, TransactionRef) VALUES (1823,'2025-03-23',7015,'Cash','TXN860985');
INSERT INTO [Order](CustomerID, OrderDate, Status, TotalAmount) VALUES (183,'2025-08-26','Processing',0);
INSERT INTO OrderLines(OrderID, ProductID, Qty, UnitPrice) VALUES (1824,35,1,468);
INSERT INTO OrderLines(OrderID, ProductID, Qty, UnitPrice) VALUES (1824,47,2,1337);
INSERT INTO OrderLines(OrderID, ProductID, Qty, UnitPrice) VALUES (1824,14,1,673);
INSERT INTO OrderLines(OrderID, ProductID, Qty, UnitPrice) VALUES (1824,14,3,845);
UPDATE [Order] SET TotalAmount=6350 WHERE OrderID=1824;
INSERT INTO Payment(OrderID, PaymentDate, Amount, PaymentMethod, TransactionRef) VALUES (1824,'2025-08-26',6350,'PayPal','TXN908285');
INSERT INTO [Order](CustomerID, OrderDate, Status, TotalAmount) VALUES (183,'2025-10-28','Cancelled',0);
INSERT INTO OrderLines(OrderID, ProductID, Qty, UnitPrice) VALUES (1825,14,3,945);
INSERT INTO OrderLines(OrderID, ProductID, Qty, UnitPrice) VALUES (1825,25,1,169);
INSERT INTO OrderLines(OrderID, ProductID, Qty, UnitPrice) VALUES (1825,45,2,276);
INSERT INTO OrderLines(OrderID, ProductID, Qty, UnitPrice) VALUES (1825,43,3,1454);
UPDATE [Order] SET TotalAmount=7918 WHERE OrderID=1825;
INSERT INTO Payment(OrderID, PaymentDate, Amount, PaymentMethod, TransactionRef) VALUES (1825,'2025-11-02',7918,'Cash','TXN695825');
INSERT INTO [Order](CustomerID, OrderDate, Status, TotalAmount) VALUES (183,'2025-11-28','Processing',0);
INSERT INTO OrderLines(OrderID, ProductID, Qty, UnitPrice) VALUES (1826,8,1,941);
INSERT INTO OrderLines(OrderID, ProductID, Qty, UnitPrice) VALUES (1826,37,1,1015);
INSERT INTO OrderLines(OrderID, ProductID, Qty, UnitPrice) VALUES (1826,22,2,464);
INSERT INTO OrderLines(OrderID, ProductID, Qty, UnitPrice) VALUES (1826,35,1,700);
UPDATE [Order] SET TotalAmount=3584 WHERE OrderID=1826;
INSERT INTO Payment(OrderID, PaymentDate, Amount, PaymentMethod, TransactionRef) VALUES (1826,'2025-12-02',3584,'PayPal','TXN424671');
INSERT INTO [Order](CustomerID, OrderDate, Status, TotalAmount) VALUES (183,'2025-05-28','Shipped',0);
INSERT INTO OrderLines(OrderID, ProductID, Qty, UnitPrice) VALUES (1827,8,3,48);
INSERT INTO OrderLines(OrderID, ProductID, Qty, UnitPrice) VALUES (1827,5,2,1070);
INSERT INTO OrderLines(OrderID, ProductID, Qty, UnitPrice) VALUES (1827,48,1,1010);
INSERT INTO OrderLines(OrderID, ProductID, Qty, UnitPrice) VALUES (1827,43,2,1342);
UPDATE [Order] SET TotalAmount=5978 WHERE OrderID=1827;
INSERT INTO Payment(OrderID, PaymentDate, Amount, PaymentMethod, TransactionRef) VALUES (1827,'2025-05-28',5978,'Cash','TXN390117');
INSERT INTO [Order](CustomerID, OrderDate, Status, TotalAmount) VALUES (183,'2025-01-15','Cancelled',0);
INSERT INTO OrderLines(OrderID, ProductID, Qty, UnitPrice) VALUES (1828,5,3,1464);
INSERT INTO OrderLines(OrderID, ProductID, Qty, UnitPrice) VALUES (1828,29,2,1042);
INSERT INTO OrderLines(OrderID, ProductID, Qty, UnitPrice) VALUES (1828,25,3,32);
INSERT INTO OrderLines(OrderID, ProductID, Qty, UnitPrice) VALUES (1828,50,3,463);
UPDATE [Order] SET TotalAmount=7961 WHERE OrderID=1828;
INSERT INTO Payment(OrderID, PaymentDate, Amount, PaymentMethod, TransactionRef) VALUES (1828,'2025-01-15',7961,'Cash','TXN188646');
INSERT INTO [Order](CustomerID, OrderDate, Status, TotalAmount) VALUES (183,'2025-02-14','Cancelled',0);
INSERT INTO OrderLines(OrderID, ProductID, Qty, UnitPrice) VALUES (1829,18,2,289);
INSERT INTO OrderLines(OrderID, ProductID, Qty, UnitPrice) VALUES (1829,21,1,1156);
INSERT INTO OrderLines(OrderID, ProductID, Qty, UnitPrice) VALUES (1829,1,1,1267);
INSERT INTO OrderLines(OrderID, ProductID, Qty, UnitPrice) VALUES (1829,42,2,444);
UPDATE [Order] SET TotalAmount=3889 WHERE OrderID=1829;
INSERT INTO Payment(OrderID, PaymentDate, Amount, PaymentMethod, TransactionRef) VALUES (1829,'2025-02-18',3889,'PayPal','TXN786615');
INSERT INTO [Order](CustomerID, OrderDate, Status, TotalAmount) VALUES (183,'2025-09-23','Shipped',0);
INSERT INTO OrderLines(OrderID, ProductID, Qty, UnitPrice) VALUES (1830,8,1,333);
INSERT INTO OrderLines(OrderID, ProductID, Qty, UnitPrice) VALUES (1830,31,3,1369);
INSERT INTO OrderLines(OrderID, ProductID, Qty, UnitPrice) VALUES (1830,10,2,610);
INSERT INTO OrderLines(OrderID, ProductID, Qty, UnitPrice) VALUES (1830,2,2,423);
UPDATE [Order] SET TotalAmount=6506 WHERE OrderID=1830;
INSERT INTO Payment(OrderID, PaymentDate, Amount, PaymentMethod, TransactionRef) VALUES (1830,'2025-09-28',6506,'Card','TXN701794');
INSERT INTO [Order](CustomerID, OrderDate, Status, TotalAmount) VALUES (184,'2025-05-27','Delivered',0);
INSERT INTO OrderLines(OrderID, ProductID, Qty, UnitPrice) VALUES (1831,37,3,1133);
INSERT INTO OrderLines(OrderID, ProductID, Qty, UnitPrice) VALUES (1831,1,1,307);
INSERT INTO OrderLines(OrderID, ProductID, Qty, UnitPrice) VALUES (1831,2,1,500);
INSERT INTO OrderLines(OrderID, ProductID, Qty, UnitPrice) VALUES (1831,49,3,1393);
UPDATE [Order] SET TotalAmount=8385 WHERE OrderID=1831;
INSERT INTO Payment(OrderID, PaymentDate, Amount, PaymentMethod, TransactionRef) VALUES (1831,'2025-05-29',8385,'Cash','TXN665343');
INSERT INTO [Order](CustomerID, OrderDate, Status, TotalAmount) VALUES (184,'2025-12-06','Cancelled',0);
INSERT INTO OrderLines(OrderID, ProductID, Qty, UnitPrice) VALUES (1832,28,1,349);
INSERT INTO OrderLines(OrderID, ProductID, Qty, UnitPrice) VALUES (1832,44,3,867);
INSERT INTO OrderLines(OrderID, ProductID, Qty, UnitPrice) VALUES (1832,5,3,904);
INSERT INTO OrderLines(OrderID, ProductID, Qty, UnitPrice) VALUES (1832,32,1,514);
UPDATE [Order] SET TotalAmount=6176 WHERE OrderID=1832;
INSERT INTO Payment(OrderID, PaymentDate, Amount, PaymentMethod, TransactionRef) VALUES (1832,'2025-12-08',6176,'Card','TXN844099');
INSERT INTO [Order](CustomerID, OrderDate, Status, TotalAmount) VALUES (184,'2025-10-19','Processing',0);
INSERT INTO OrderLines(OrderID, ProductID, Qty, UnitPrice) VALUES (1833,31,3,77);
INSERT INTO OrderLines(OrderID, ProductID, Qty, UnitPrice) VALUES (1833,20,3,286);
INSERT INTO OrderLines(OrderID, ProductID, Qty, UnitPrice) VALUES (1833,36,2,705);
INSERT INTO OrderLines(OrderID, ProductID, Qty, UnitPrice) VALUES (1833,20,1,417);
UPDATE [Order] SET TotalAmount=2916 WHERE OrderID=1833;
INSERT INTO Payment(OrderID, PaymentDate, Amount, PaymentMethod, TransactionRef) VALUES (1833,'2025-10-24',2916,'Card','TXN159654');
INSERT INTO [Order](CustomerID, OrderDate, Status, TotalAmount) VALUES (184,'2025-06-12','Cancelled',0);
INSERT INTO OrderLines(OrderID, ProductID, Qty, UnitPrice) VALUES (1834,46,1,759);
INSERT INTO OrderLines(OrderID, ProductID, Qty, UnitPrice) VALUES (1834,42,1,1107);
INSERT INTO OrderLines(OrderID, ProductID, Qty, UnitPrice) VALUES (1834,23,3,247);
INSERT INTO OrderLines(OrderID, ProductID, Qty, UnitPrice) VALUES (1834,9,1,333);
UPDATE [Order] SET TotalAmount=2940 WHERE OrderID=1834;
INSERT INTO Payment(OrderID, PaymentDate, Amount, PaymentMethod, TransactionRef) VALUES (1834,'2025-06-12',2940,'Card','TXN619374');
INSERT INTO [Order](CustomerID, OrderDate, Status, TotalAmount) VALUES (184,'2025-01-15','Shipped',0);
INSERT INTO OrderLines(OrderID, ProductID, Qty, UnitPrice) VALUES (1835,46,1,916);
INSERT INTO OrderLines(OrderID, ProductID, Qty, UnitPrice) VALUES (1835,8,3,385);
INSERT INTO OrderLines(OrderID, ProductID, Qty, UnitPrice) VALUES (1835,36,1,511);
INSERT INTO OrderLines(OrderID, ProductID, Qty, UnitPrice) VALUES (1835,47,3,504);
UPDATE [Order] SET TotalAmount=4094 WHERE OrderID=1835;
INSERT INTO Payment(OrderID, PaymentDate, Amount, PaymentMethod, TransactionRef) VALUES (1835,'2025-01-16',4094,'PayPal','TXN715698');
INSERT INTO [Order](CustomerID, OrderDate, Status, TotalAmount) VALUES (184,'2025-02-18','Shipped',0);
INSERT INTO OrderLines(OrderID, ProductID, Qty, UnitPrice) VALUES (1836,17,1,51);
INSERT INTO OrderLines(OrderID, ProductID, Qty, UnitPrice) VALUES (1836,37,1,1273);
INSERT INTO OrderLines(OrderID, ProductID, Qty, UnitPrice) VALUES (1836,14,3,570);
INSERT INTO OrderLines(OrderID, ProductID, Qty, UnitPrice) VALUES (1836,19,2,1305);
UPDATE [Order] SET TotalAmount=5644 WHERE OrderID=1836;
INSERT INTO Payment(OrderID, PaymentDate, Amount, PaymentMethod, TransactionRef) VALUES (1836,'2025-02-19',5644,'PayPal','TXN503101');
INSERT INTO [Order](CustomerID, OrderDate, Status, TotalAmount) VALUES (184,'2025-10-03','Delivered',0);
INSERT INTO OrderLines(OrderID, ProductID, Qty, UnitPrice) VALUES (1837,29,2,555);
INSERT INTO OrderLines(OrderID, ProductID, Qty, UnitPrice) VALUES (1837,31,2,586);
INSERT INTO OrderLines(OrderID, ProductID, Qty, UnitPrice) VALUES (1837,34,3,342);
INSERT INTO OrderLines(OrderID, ProductID, Qty, UnitPrice) VALUES (1837,45,2,1292);
UPDATE [Order] SET TotalAmount=5892 WHERE OrderID=1837;
INSERT INTO Payment(OrderID, PaymentDate, Amount, PaymentMethod, TransactionRef) VALUES (1837,'2025-10-05',5892,'Card','TXN319653');
INSERT INTO [Order](CustomerID, OrderDate, Status, TotalAmount) VALUES (184,'2025-06-15','Shipped',0);
INSERT INTO OrderLines(OrderID, ProductID, Qty, UnitPrice) VALUES (1838,42,1,832);
INSERT INTO OrderLines(OrderID, ProductID, Qty, UnitPrice) VALUES (1838,45,3,1199);
INSERT INTO OrderLines(OrderID, ProductID, Qty, UnitPrice) VALUES (1838,11,2,306);
INSERT INTO OrderLines(OrderID, ProductID, Qty, UnitPrice) VALUES (1838,4,3,89);
UPDATE [Order] SET TotalAmount=5308 WHERE OrderID=1838;
INSERT INTO Payment(OrderID, PaymentDate, Amount, PaymentMethod, TransactionRef) VALUES (1838,'2025-06-20',5308,'PayPal','TXN906043');
INSERT INTO [Order](CustomerID, OrderDate, Status, TotalAmount) VALUES (184,'2025-05-08','Processing',0);
INSERT INTO OrderLines(OrderID, ProductID, Qty, UnitPrice) VALUES (1839,15,1,1300);
INSERT INTO OrderLines(OrderID, ProductID, Qty, UnitPrice) VALUES (1839,4,1,227);
INSERT INTO OrderLines(OrderID, ProductID, Qty, UnitPrice) VALUES (1839,32,1,1475);
INSERT INTO OrderLines(OrderID, ProductID, Qty, UnitPrice) VALUES (1839,6,3,1078);
UPDATE [Order] SET TotalAmount=6236 WHERE OrderID=1839;
INSERT INTO Payment(OrderID, PaymentDate, Amount, PaymentMethod, TransactionRef) VALUES (1839,'2025-05-10',6236,'Cash','TXN604291');
INSERT INTO [Order](CustomerID, OrderDate, Status, TotalAmount) VALUES (184,'2025-10-09','Processing',0);
INSERT INTO OrderLines(OrderID, ProductID, Qty, UnitPrice) VALUES (1840,19,3,1307);
INSERT INTO OrderLines(OrderID, ProductID, Qty, UnitPrice) VALUES (1840,7,2,1410);
INSERT INTO OrderLines(OrderID, ProductID, Qty, UnitPrice) VALUES (1840,4,2,74);
INSERT INTO OrderLines(OrderID, ProductID, Qty, UnitPrice) VALUES (1840,45,2,1459);
UPDATE [Order] SET TotalAmount=9807 WHERE OrderID=1840;
INSERT INTO Payment(OrderID, PaymentDate, Amount, PaymentMethod, TransactionRef) VALUES (1840,'2025-10-12',9807,'PayPal','TXN208032');
INSERT INTO [Order](CustomerID, OrderDate, Status, TotalAmount) VALUES (185,'2025-05-18','Shipped',0);
INSERT INTO OrderLines(OrderID, ProductID, Qty, UnitPrice) VALUES (1841,2,1,529);
INSERT INTO OrderLines(OrderID, ProductID, Qty, UnitPrice) VALUES (1841,32,3,767);
INSERT INTO OrderLines(OrderID, ProductID, Qty, UnitPrice) VALUES (1841,12,2,567);
INSERT INTO OrderLines(OrderID, ProductID, Qty, UnitPrice) VALUES (1841,42,3,889);
UPDATE [Order] SET TotalAmount=6631 WHERE OrderID=1841;
INSERT INTO Payment(OrderID, PaymentDate, Amount, PaymentMethod, TransactionRef) VALUES (1841,'2025-05-20',6631,'Cash','TXN193291');
INSERT INTO [Order](CustomerID, OrderDate, Status, TotalAmount) VALUES (185,'2025-08-26','Processing',0);
INSERT INTO OrderLines(OrderID, ProductID, Qty, UnitPrice) VALUES (1842,23,1,892);
INSERT INTO OrderLines(OrderID, ProductID, Qty, UnitPrice) VALUES (1842,30,1,1455);
INSERT INTO OrderLines(OrderID, ProductID, Qty, UnitPrice) VALUES (1842,36,3,755);
INSERT INTO OrderLines(OrderID, ProductID, Qty, UnitPrice) VALUES (1842,43,2,470);
UPDATE [Order] SET TotalAmount=5552 WHERE OrderID=1842;
INSERT INTO Payment(OrderID, PaymentDate, Amount, PaymentMethod, TransactionRef) VALUES (1842,'2025-08-29',5552,'Cash','TXN362691');
INSERT INTO [Order](CustomerID, OrderDate, Status, TotalAmount) VALUES (185,'2025-08-10','Processing',0);
INSERT INTO OrderLines(OrderID, ProductID, Qty, UnitPrice) VALUES (1843,6,3,936);
INSERT INTO OrderLines(OrderID, ProductID, Qty, UnitPrice) VALUES (1843,46,2,710);
INSERT INTO OrderLines(OrderID, ProductID, Qty, UnitPrice) VALUES (1843,23,3,1014);
INSERT INTO OrderLines(OrderID, ProductID, Qty, UnitPrice) VALUES (1843,23,1,407);
UPDATE [Order] SET TotalAmount=7677 WHERE OrderID=1843;
INSERT INTO Payment(OrderID, PaymentDate, Amount, PaymentMethod, TransactionRef) VALUES (1843,'2025-08-11',7677,'Card','TXN105791');
INSERT INTO [Order](CustomerID, OrderDate, Status, TotalAmount) VALUES (185,'2025-01-14','Cancelled',0);
INSERT INTO OrderLines(OrderID, ProductID, Qty, UnitPrice) VALUES (1844,3,3,394);
INSERT INTO OrderLines(OrderID, ProductID, Qty, UnitPrice) VALUES (1844,14,2,59);
INSERT INTO OrderLines(OrderID, ProductID, Qty, UnitPrice) VALUES (1844,27,1,147);
INSERT INTO OrderLines(OrderID, ProductID, Qty, UnitPrice) VALUES (1844,43,3,1170);
UPDATE [Order] SET TotalAmount=4957 WHERE OrderID=1844;
INSERT INTO Payment(OrderID, PaymentDate, Amount, PaymentMethod, TransactionRef) VALUES (1844,'2025-01-16',4957,'Card','TXN823953');
INSERT INTO [Order](CustomerID, OrderDate, Status, TotalAmount) VALUES (185,'2025-01-02','Cancelled',0);
INSERT INTO OrderLines(OrderID, ProductID, Qty, UnitPrice) VALUES (1845,24,3,961);
INSERT INTO OrderLines(OrderID, ProductID, Qty, UnitPrice) VALUES (1845,25,3,455);
INSERT INTO OrderLines(OrderID, ProductID, Qty, UnitPrice) VALUES (1845,1,2,610);
INSERT INTO OrderLines(OrderID, ProductID, Qty, UnitPrice) VALUES (1845,37,1,381);
UPDATE [Order] SET TotalAmount=5849 WHERE OrderID=1845;
INSERT INTO Payment(OrderID, PaymentDate, Amount, PaymentMethod, TransactionRef) VALUES (1845,'2025-01-04',5849,'Cash','TXN128271');
INSERT INTO [Order](CustomerID, OrderDate, Status, TotalAmount) VALUES (185,'2025-07-11','Cancelled',0);
INSERT INTO OrderLines(OrderID, ProductID, Qty, UnitPrice) VALUES (1846,39,3,264);
INSERT INTO OrderLines(OrderID, ProductID, Qty, UnitPrice) VALUES (1846,49,3,1048);
INSERT INTO OrderLines(OrderID, ProductID, Qty, UnitPrice) VALUES (1846,32,1,756);
INSERT INTO OrderLines(OrderID, ProductID, Qty, UnitPrice) VALUES (1846,11,3,326);
UPDATE [Order] SET TotalAmount=5670 WHERE OrderID=1846;
INSERT INTO Payment(OrderID, PaymentDate, Amount, PaymentMethod, TransactionRef) VALUES (1846,'2025-07-14',5670,'PayPal','TXN267788');
INSERT INTO [Order](CustomerID, OrderDate, Status, TotalAmount) VALUES (185,'2025-11-11','Cancelled',0);
INSERT INTO OrderLines(OrderID, ProductID, Qty, UnitPrice) VALUES (1847,13,2,795);
INSERT INTO OrderLines(OrderID, ProductID, Qty, UnitPrice) VALUES (1847,38,1,1191);
INSERT INTO OrderLines(OrderID, ProductID, Qty, UnitPrice) VALUES (1847,45,2,289);
INSERT INTO OrderLines(OrderID, ProductID, Qty, UnitPrice) VALUES (1847,47,1,1406);
UPDATE [Order] SET TotalAmount=4765 WHERE OrderID=1847;
INSERT INTO Payment(OrderID, PaymentDate, Amount, PaymentMethod, TransactionRef) VALUES (1847,'2025-11-13',4765,'Card','TXN575007');
INSERT INTO [Order](CustomerID, OrderDate, Status, TotalAmount) VALUES (185,'2025-09-05','Processing',0);
INSERT INTO OrderLines(OrderID, ProductID, Qty, UnitPrice) VALUES (1848,31,3,1273);
INSERT INTO OrderLines(OrderID, ProductID, Qty, UnitPrice) VALUES (1848,46,3,1495);
INSERT INTO OrderLines(OrderID, ProductID, Qty, UnitPrice) VALUES (1848,15,3,492);
INSERT INTO OrderLines(OrderID, ProductID, Qty, UnitPrice) VALUES (1848,11,3,39);
UPDATE [Order] SET TotalAmount=9897 WHERE OrderID=1848;
INSERT INTO Payment(OrderID, PaymentDate, Amount, PaymentMethod, TransactionRef) VALUES (1848,'2025-09-06',9897,'PayPal','TXN872298');
INSERT INTO [Order](CustomerID, OrderDate, Status, TotalAmount) VALUES (185,'2025-01-24','Shipped',0);
INSERT INTO OrderLines(OrderID, ProductID, Qty, UnitPrice) VALUES (1849,49,3,270);
INSERT INTO OrderLines(OrderID, ProductID, Qty, UnitPrice) VALUES (1849,9,2,768);
INSERT INTO OrderLines(OrderID, ProductID, Qty, UnitPrice) VALUES (1849,37,1,1191);
INSERT INTO OrderLines(OrderID, ProductID, Qty, UnitPrice) VALUES (1849,46,1,523);
UPDATE [Order] SET TotalAmount=4060 WHERE OrderID=1849;
INSERT INTO Payment(OrderID, PaymentDate, Amount, PaymentMethod, TransactionRef) VALUES (1849,'2025-01-28',4060,'Cash','TXN998714');
INSERT INTO [Order](CustomerID, OrderDate, Status, TotalAmount) VALUES (185,'2025-03-30','Cancelled',0);
INSERT INTO OrderLines(OrderID, ProductID, Qty, UnitPrice) VALUES (1850,14,1,1423);
INSERT INTO OrderLines(OrderID, ProductID, Qty, UnitPrice) VALUES (1850,27,2,635);
INSERT INTO OrderLines(OrderID, ProductID, Qty, UnitPrice) VALUES (1850,3,3,1024);
INSERT INTO OrderLines(OrderID, ProductID, Qty, UnitPrice) VALUES (1850,1,1,1362);
UPDATE [Order] SET TotalAmount=7127 WHERE OrderID=1850;
INSERT INTO Payment(OrderID, PaymentDate, Amount, PaymentMethod, TransactionRef) VALUES (1850,'2025-03-30',7127,'Cash','TXN763538');
INSERT INTO [Order](CustomerID, OrderDate, Status, TotalAmount) VALUES (186,'2025-10-19','Shipped',0);
INSERT INTO OrderLines(OrderID, ProductID, Qty, UnitPrice) VALUES (1851,19,3,539);
INSERT INTO OrderLines(OrderID, ProductID, Qty, UnitPrice) VALUES (1851,11,2,84);
INSERT INTO OrderLines(OrderID, ProductID, Qty, UnitPrice) VALUES (1851,35,3,1230);
INSERT INTO OrderLines(OrderID, ProductID, Qty, UnitPrice) VALUES (1851,2,2,290);
UPDATE [Order] SET TotalAmount=6055 WHERE OrderID=1851;
INSERT INTO Payment(OrderID, PaymentDate, Amount, PaymentMethod, TransactionRef) VALUES (1851,'2025-10-20',6055,'PayPal','TXN786042');
INSERT INTO [Order](CustomerID, OrderDate, Status, TotalAmount) VALUES (186,'2025-08-11','Cancelled',0);
INSERT INTO OrderLines(OrderID, ProductID, Qty, UnitPrice) VALUES (1852,3,3,1125);
INSERT INTO OrderLines(OrderID, ProductID, Qty, UnitPrice) VALUES (1852,44,1,1430);
INSERT INTO OrderLines(OrderID, ProductID, Qty, UnitPrice) VALUES (1852,24,3,472);
INSERT INTO OrderLines(OrderID, ProductID, Qty, UnitPrice) VALUES (1852,10,2,1433);
UPDATE [Order] SET TotalAmount=9087 WHERE OrderID=1852;
INSERT INTO Payment(OrderID, PaymentDate, Amount, PaymentMethod, TransactionRef) VALUES (1852,'2025-08-12',9087,'Card','TXN291559');
INSERT INTO [Order](CustomerID, OrderDate, Status, TotalAmount) VALUES (186,'2025-12-03','Cancelled',0);
INSERT INTO OrderLines(OrderID, ProductID, Qty, UnitPrice) VALUES (1853,38,2,1118);
INSERT INTO OrderLines(OrderID, ProductID, Qty, UnitPrice) VALUES (1853,22,1,1339);
INSERT INTO OrderLines(OrderID, ProductID, Qty, UnitPrice) VALUES (1853,41,2,537);
INSERT INTO OrderLines(OrderID, ProductID, Qty, UnitPrice) VALUES (1853,27,1,364);
UPDATE [Order] SET TotalAmount=5013 WHERE OrderID=1853;
INSERT INTO Payment(OrderID, PaymentDate, Amount, PaymentMethod, TransactionRef) VALUES (1853,'2025-12-04',5013,'Cash','TXN706496');
INSERT INTO [Order](CustomerID, OrderDate, Status, TotalAmount) VALUES (186,'2025-07-23','Delivered',0);
INSERT INTO OrderLines(OrderID, ProductID, Qty, UnitPrice) VALUES (1854,13,2,630);
INSERT INTO OrderLines(OrderID, ProductID, Qty, UnitPrice) VALUES (1854,47,1,349);
INSERT INTO OrderLines(OrderID, ProductID, Qty, UnitPrice) VALUES (1854,34,2,744);
INSERT INTO OrderLines(OrderID, ProductID, Qty, UnitPrice) VALUES (1854,11,3,63);
UPDATE [Order] SET TotalAmount=3286 WHERE OrderID=1854;
INSERT INTO Payment(OrderID, PaymentDate, Amount, PaymentMethod, TransactionRef) VALUES (1854,'2025-07-23',3286,'Card','TXN177188');
INSERT INTO [Order](CustomerID, OrderDate, Status, TotalAmount) VALUES (186,'2025-11-16','Processing',0);
INSERT INTO OrderLines(OrderID, ProductID, Qty, UnitPrice) VALUES (1855,23,1,866);
INSERT INTO OrderLines(OrderID, ProductID, Qty, UnitPrice) VALUES (1855,40,1,884);
INSERT INTO OrderLines(OrderID, ProductID, Qty, UnitPrice) VALUES (1855,29,3,853);
INSERT INTO OrderLines(OrderID, ProductID, Qty, UnitPrice) VALUES (1855,42,1,354);
UPDATE [Order] SET TotalAmount=4663 WHERE OrderID=1855;
INSERT INTO Payment(OrderID, PaymentDate, Amount, PaymentMethod, TransactionRef) VALUES (1855,'2025-11-18',4663,'PayPal','TXN204929');
INSERT INTO [Order](CustomerID, OrderDate, Status, TotalAmount) VALUES (186,'2025-04-08','Delivered',0);
INSERT INTO OrderLines(OrderID, ProductID, Qty, UnitPrice) VALUES (1856,25,3,100);
INSERT INTO OrderLines(OrderID, ProductID, Qty, UnitPrice) VALUES (1856,42,3,613);
INSERT INTO OrderLines(OrderID, ProductID, Qty, UnitPrice) VALUES (1856,1,2,1494);
INSERT INTO OrderLines(OrderID, ProductID, Qty, UnitPrice) VALUES (1856,19,3,844);
UPDATE [Order] SET TotalAmount=7659 WHERE OrderID=1856;
INSERT INTO Payment(OrderID, PaymentDate, Amount, PaymentMethod, TransactionRef) VALUES (1856,'2025-04-08',7659,'Card','TXN875394');
INSERT INTO [Order](CustomerID, OrderDate, Status, TotalAmount) VALUES (186,'2025-05-03','Shipped',0);
INSERT INTO OrderLines(OrderID, ProductID, Qty, UnitPrice) VALUES (1857,22,1,311);
INSERT INTO OrderLines(OrderID, ProductID, Qty, UnitPrice) VALUES (1857,8,3,880);
INSERT INTO OrderLines(OrderID, ProductID, Qty, UnitPrice) VALUES (1857,34,1,1410);
INSERT INTO OrderLines(OrderID, ProductID, Qty, UnitPrice) VALUES (1857,12,2,1122);
UPDATE [Order] SET TotalAmount=6605 WHERE OrderID=1857;
INSERT INTO Payment(OrderID, PaymentDate, Amount, PaymentMethod, TransactionRef) VALUES (1857,'2025-05-06',6605,'Cash','TXN767944');
INSERT INTO [Order](CustomerID, OrderDate, Status, TotalAmount) VALUES (186,'2025-07-04','Delivered',0);
INSERT INTO OrderLines(OrderID, ProductID, Qty, UnitPrice) VALUES (1858,25,3,989);
INSERT INTO OrderLines(OrderID, ProductID, Qty, UnitPrice) VALUES (1858,24,3,923);
INSERT INTO OrderLines(OrderID, ProductID, Qty, UnitPrice) VALUES (1858,50,2,1218);
INSERT INTO OrderLines(OrderID, ProductID, Qty, UnitPrice) VALUES (1858,20,1,1151);
UPDATE [Order] SET TotalAmount=9323 WHERE OrderID=1858;
INSERT INTO Payment(OrderID, PaymentDate, Amount, PaymentMethod, TransactionRef) VALUES (1858,'2025-07-07',9323,'Card','TXN447405');
INSERT INTO [Order](CustomerID, OrderDate, Status, TotalAmount) VALUES (186,'2025-12-23','Delivered',0);
INSERT INTO OrderLines(OrderID, ProductID, Qty, UnitPrice) VALUES (1859,34,1,805);
INSERT INTO OrderLines(OrderID, ProductID, Qty, UnitPrice) VALUES (1859,7,3,877);
INSERT INTO OrderLines(OrderID, ProductID, Qty, UnitPrice) VALUES (1859,36,1,985);
INSERT INTO OrderLines(OrderID, ProductID, Qty, UnitPrice) VALUES (1859,23,1,32);
UPDATE [Order] SET TotalAmount=4453 WHERE OrderID=1859;
INSERT INTO Payment(OrderID, PaymentDate, Amount, PaymentMethod, TransactionRef) VALUES (1859,'2025-12-26',4453,'Card','TXN543314');
INSERT INTO [Order](CustomerID, OrderDate, Status, TotalAmount) VALUES (186,'2025-05-10','Shipped',0);
INSERT INTO OrderLines(OrderID, ProductID, Qty, UnitPrice) VALUES (1860,13,1,591);
INSERT INTO OrderLines(OrderID, ProductID, Qty, UnitPrice) VALUES (1860,49,2,653);
INSERT INTO OrderLines(OrderID, ProductID, Qty, UnitPrice) VALUES (1860,7,1,405);
INSERT INTO OrderLines(OrderID, ProductID, Qty, UnitPrice) VALUES (1860,33,2,428);
UPDATE [Order] SET TotalAmount=3158 WHERE OrderID=1860;
INSERT INTO Payment(OrderID, PaymentDate, Amount, PaymentMethod, TransactionRef) VALUES (1860,'2025-05-11',3158,'Card','TXN807080');
INSERT INTO [Order](CustomerID, OrderDate, Status, TotalAmount) VALUES (187,'2025-05-06','Delivered',0);
INSERT INTO OrderLines(OrderID, ProductID, Qty, UnitPrice) VALUES (1861,23,3,989);
INSERT INTO OrderLines(OrderID, ProductID, Qty, UnitPrice) VALUES (1861,22,3,1330);
INSERT INTO OrderLines(OrderID, ProductID, Qty, UnitPrice) VALUES (1861,7,3,219);
INSERT INTO OrderLines(OrderID, ProductID, Qty, UnitPrice) VALUES (1861,47,1,702);
UPDATE [Order] SET TotalAmount=8316 WHERE OrderID=1861;
INSERT INTO Payment(OrderID, PaymentDate, Amount, PaymentMethod, TransactionRef) VALUES (1861,'2025-05-09',8316,'PayPal','TXN455099');
INSERT INTO [Order](CustomerID, OrderDate, Status, TotalAmount) VALUES (187,'2025-11-09','Shipped',0);
INSERT INTO OrderLines(OrderID, ProductID, Qty, UnitPrice) VALUES (1862,46,3,750);
INSERT INTO OrderLines(OrderID, ProductID, Qty, UnitPrice) VALUES (1862,21,1,407);
INSERT INTO OrderLines(OrderID, ProductID, Qty, UnitPrice) VALUES (1862,2,2,778);
INSERT INTO OrderLines(OrderID, ProductID, Qty, UnitPrice) VALUES (1862,26,2,164);
UPDATE [Order] SET TotalAmount=4541 WHERE OrderID=1862;
INSERT INTO Payment(OrderID, PaymentDate, Amount, PaymentMethod, TransactionRef) VALUES (1862,'2025-11-12',4541,'Cash','TXN630825');
INSERT INTO [Order](CustomerID, OrderDate, Status, TotalAmount) VALUES (187,'2025-07-19','Cancelled',0);
INSERT INTO OrderLines(OrderID, ProductID, Qty, UnitPrice) VALUES (1863,3,2,687);
INSERT INTO OrderLines(OrderID, ProductID, Qty, UnitPrice) VALUES (1863,4,1,840);
INSERT INTO OrderLines(OrderID, ProductID, Qty, UnitPrice) VALUES (1863,11,2,1036);
INSERT INTO OrderLines(OrderID, ProductID, Qty, UnitPrice) VALUES (1863,50,1,1115);
UPDATE [Order] SET TotalAmount=5401 WHERE OrderID=1863;
INSERT INTO Payment(OrderID, PaymentDate, Amount, PaymentMethod, TransactionRef) VALUES (1863,'2025-07-22',5401,'Cash','TXN703540');
INSERT INTO [Order](CustomerID, OrderDate, Status, TotalAmount) VALUES (187,'2025-03-25','Delivered',0);
INSERT INTO OrderLines(OrderID, ProductID, Qty, UnitPrice) VALUES (1864,11,3,803);
INSERT INTO OrderLines(OrderID, ProductID, Qty, UnitPrice) VALUES (1864,17,2,1060);
INSERT INTO OrderLines(OrderID, ProductID, Qty, UnitPrice) VALUES (1864,23,1,306);
INSERT INTO OrderLines(OrderID, ProductID, Qty, UnitPrice) VALUES (1864,4,1,1434);
UPDATE [Order] SET TotalAmount=6269 WHERE OrderID=1864;
INSERT INTO Payment(OrderID, PaymentDate, Amount, PaymentMethod, TransactionRef) VALUES (1864,'2025-03-27',6269,'PayPal','TXN837340');
INSERT INTO [Order](CustomerID, OrderDate, Status, TotalAmount) VALUES (187,'2025-05-27','Shipped',0);
INSERT INTO OrderLines(OrderID, ProductID, Qty, UnitPrice) VALUES (1865,44,2,1498);
INSERT INTO OrderLines(OrderID, ProductID, Qty, UnitPrice) VALUES (1865,29,3,1111);
INSERT INTO OrderLines(OrderID, ProductID, Qty, UnitPrice) VALUES (1865,27,2,1491);
INSERT INTO OrderLines(OrderID, ProductID, Qty, UnitPrice) VALUES (1865,30,2,815);
UPDATE [Order] SET TotalAmount=10941 WHERE OrderID=1865;
INSERT INTO Payment(OrderID, PaymentDate, Amount, PaymentMethod, TransactionRef) VALUES (1865,'2025-05-30',10941,'Card','TXN892311');
INSERT INTO [Order](CustomerID, OrderDate, Status, TotalAmount) VALUES (187,'2025-06-28','Delivered',0);
INSERT INTO OrderLines(OrderID, ProductID, Qty, UnitPrice) VALUES (1866,30,1,472);
INSERT INTO OrderLines(OrderID, ProductID, Qty, UnitPrice) VALUES (1866,3,1,718);
INSERT INTO OrderLines(OrderID, ProductID, Qty, UnitPrice) VALUES (1866,33,3,1251);
INSERT INTO OrderLines(OrderID, ProductID, Qty, UnitPrice) VALUES (1866,45,3,1348);
UPDATE [Order] SET TotalAmount=8987 WHERE OrderID=1866;
INSERT INTO Payment(OrderID, PaymentDate, Amount, PaymentMethod, TransactionRef) VALUES (1866,'2025-07-02',8987,'Card','TXN372598');
INSERT INTO [Order](CustomerID, OrderDate, Status, TotalAmount) VALUES (187,'2025-10-08','Processing',0);
INSERT INTO OrderLines(OrderID, ProductID, Qty, UnitPrice) VALUES (1867,39,3,1184);
INSERT INTO OrderLines(OrderID, ProductID, Qty, UnitPrice) VALUES (1867,17,3,84);
INSERT INTO OrderLines(OrderID, ProductID, Qty, UnitPrice) VALUES (1867,50,2,1312);
INSERT INTO OrderLines(OrderID, ProductID, Qty, UnitPrice) VALUES (1867,11,2,67);
UPDATE [Order] SET TotalAmount=6562 WHERE OrderID=1867;
INSERT INTO Payment(OrderID, PaymentDate, Amount, PaymentMethod, TransactionRef) VALUES (1867,'2025-10-13',6562,'PayPal','TXN449519');
INSERT INTO [Order](CustomerID, OrderDate, Status, TotalAmount) VALUES (187,'2025-08-12','Delivered',0);
INSERT INTO OrderLines(OrderID, ProductID, Qty, UnitPrice) VALUES (1868,7,2,702);
INSERT INTO OrderLines(OrderID, ProductID, Qty, UnitPrice) VALUES (1868,31,3,973);
INSERT INTO OrderLines(OrderID, ProductID, Qty, UnitPrice) VALUES (1868,10,1,890);
INSERT INTO OrderLines(OrderID, ProductID, Qty, UnitPrice) VALUES (1868,8,2,773);
UPDATE [Order] SET TotalAmount=6759 WHERE OrderID=1868;
INSERT INTO Payment(OrderID, PaymentDate, Amount, PaymentMethod, TransactionRef) VALUES (1868,'2025-08-13',6759,'Cash','TXN444051');
INSERT INTO [Order](CustomerID, OrderDate, Status, TotalAmount) VALUES (187,'2025-06-06','Cancelled',0);
INSERT INTO OrderLines(OrderID, ProductID, Qty, UnitPrice) VALUES (1869,30,3,923);
INSERT INTO OrderLines(OrderID, ProductID, Qty, UnitPrice) VALUES (1869,26,2,54);
INSERT INTO OrderLines(OrderID, ProductID, Qty, UnitPrice) VALUES (1869,42,1,152);
INSERT INTO OrderLines(OrderID, ProductID, Qty, UnitPrice) VALUES (1869,30,2,1470);
UPDATE [Order] SET TotalAmount=5969 WHERE OrderID=1869;
INSERT INTO Payment(OrderID, PaymentDate, Amount, PaymentMethod, TransactionRef) VALUES (1869,'2025-06-09',5969,'Card','TXN593573');
INSERT INTO [Order](CustomerID, OrderDate, Status, TotalAmount) VALUES (187,'2025-04-05','Cancelled',0);
INSERT INTO OrderLines(OrderID, ProductID, Qty, UnitPrice) VALUES (1870,34,1,59);
INSERT INTO OrderLines(OrderID, ProductID, Qty, UnitPrice) VALUES (1870,10,1,358);
INSERT INTO OrderLines(OrderID, ProductID, Qty, UnitPrice) VALUES (1870,15,2,932);
INSERT INTO OrderLines(OrderID, ProductID, Qty, UnitPrice) VALUES (1870,26,3,484);
UPDATE [Order] SET TotalAmount=3733 WHERE OrderID=1870;
INSERT INTO Payment(OrderID, PaymentDate, Amount, PaymentMethod, TransactionRef) VALUES (1870,'2025-04-09',3733,'Cash','TXN572708');
INSERT INTO [Order](CustomerID, OrderDate, Status, TotalAmount) VALUES (188,'2025-10-17','Processing',0);
INSERT INTO OrderLines(OrderID, ProductID, Qty, UnitPrice) VALUES (1871,15,3,364);
INSERT INTO OrderLines(OrderID, ProductID, Qty, UnitPrice) VALUES (1871,43,3,929);
INSERT INTO OrderLines(OrderID, ProductID, Qty, UnitPrice) VALUES (1871,12,1,1447);
INSERT INTO OrderLines(OrderID, ProductID, Qty, UnitPrice) VALUES (1871,13,1,1442);
UPDATE [Order] SET TotalAmount=6768 WHERE OrderID=1871;
INSERT INTO Payment(OrderID, PaymentDate, Amount, PaymentMethod, TransactionRef) VALUES (1871,'2025-10-17',6768,'Card','TXN549499');
INSERT INTO [Order](CustomerID, OrderDate, Status, TotalAmount) VALUES (188,'2025-06-29','Processing',0);
INSERT INTO OrderLines(OrderID, ProductID, Qty, UnitPrice) VALUES (1872,40,3,882);
INSERT INTO OrderLines(OrderID, ProductID, Qty, UnitPrice) VALUES (1872,10,1,299);
INSERT INTO OrderLines(OrderID, ProductID, Qty, UnitPrice) VALUES (1872,33,3,869);
INSERT INTO OrderLines(OrderID, ProductID, Qty, UnitPrice) VALUES (1872,18,3,808);
UPDATE [Order] SET TotalAmount=7976 WHERE OrderID=1872;
INSERT INTO Payment(OrderID, PaymentDate, Amount, PaymentMethod, TransactionRef) VALUES (1872,'2025-06-29',7976,'PayPal','TXN142437');
INSERT INTO [Order](CustomerID, OrderDate, Status, TotalAmount) VALUES (188,'2025-02-01','Delivered',0);
INSERT INTO OrderLines(OrderID, ProductID, Qty, UnitPrice) VALUES (1873,34,2,1322);
INSERT INTO OrderLines(OrderID, ProductID, Qty, UnitPrice) VALUES (1873,47,2,1280);
INSERT INTO OrderLines(OrderID, ProductID, Qty, UnitPrice) VALUES (1873,17,3,96);
INSERT INTO OrderLines(OrderID, ProductID, Qty, UnitPrice) VALUES (1873,42,1,430);
UPDATE [Order] SET TotalAmount=5922 WHERE OrderID=1873;
INSERT INTO Payment(OrderID, PaymentDate, Amount, PaymentMethod, TransactionRef) VALUES (1873,'2025-02-04',5922,'Card','TXN675070');
INSERT INTO [Order](CustomerID, OrderDate, Status, TotalAmount) VALUES (188,'2025-03-19','Delivered',0);
INSERT INTO OrderLines(OrderID, ProductID, Qty, UnitPrice) VALUES (1874,11,2,892);
INSERT INTO OrderLines(OrderID, ProductID, Qty, UnitPrice) VALUES (1874,46,3,474);
INSERT INTO OrderLines(OrderID, ProductID, Qty, UnitPrice) VALUES (1874,31,1,920);
INSERT INTO OrderLines(OrderID, ProductID, Qty, UnitPrice) VALUES (1874,3,1,64);
UPDATE [Order] SET TotalAmount=4190 WHERE OrderID=1874;
INSERT INTO Payment(OrderID, PaymentDate, Amount, PaymentMethod, TransactionRef) VALUES (1874,'2025-03-24',4190,'Card','TXN587860');
INSERT INTO [Order](CustomerID, OrderDate, Status, TotalAmount) VALUES (188,'2025-08-05','Delivered',0);
INSERT INTO OrderLines(OrderID, ProductID, Qty, UnitPrice) VALUES (1875,13,3,870);
INSERT INTO OrderLines(OrderID, ProductID, Qty, UnitPrice) VALUES (1875,26,1,554);
INSERT INTO OrderLines(OrderID, ProductID, Qty, UnitPrice) VALUES (1875,46,1,848);
INSERT INTO OrderLines(OrderID, ProductID, Qty, UnitPrice) VALUES (1875,26,3,696);
UPDATE [Order] SET TotalAmount=6100 WHERE OrderID=1875;
INSERT INTO Payment(OrderID, PaymentDate, Amount, PaymentMethod, TransactionRef) VALUES (1875,'2025-08-05',6100,'Card','TXN868990');
INSERT INTO [Order](CustomerID, OrderDate, Status, TotalAmount) VALUES (188,'2025-03-01','Delivered',0);
INSERT INTO OrderLines(OrderID, ProductID, Qty, UnitPrice) VALUES (1876,9,3,735);
INSERT INTO OrderLines(OrderID, ProductID, Qty, UnitPrice) VALUES (1876,38,1,1407);
INSERT INTO OrderLines(OrderID, ProductID, Qty, UnitPrice) VALUES (1876,34,3,578);
INSERT INTO OrderLines(OrderID, ProductID, Qty, UnitPrice) VALUES (1876,17,3,645);
UPDATE [Order] SET TotalAmount=7281 WHERE OrderID=1876;
INSERT INTO Payment(OrderID, PaymentDate, Amount, PaymentMethod, TransactionRef) VALUES (1876,'2025-03-06',7281,'Cash','TXN838232');
INSERT INTO [Order](CustomerID, OrderDate, Status, TotalAmount) VALUES (188,'2025-06-15','Delivered',0);
INSERT INTO OrderLines(OrderID, ProductID, Qty, UnitPrice) VALUES (1877,32,3,1394);
INSERT INTO OrderLines(OrderID, ProductID, Qty, UnitPrice) VALUES (1877,31,2,852);
INSERT INTO OrderLines(OrderID, ProductID, Qty, UnitPrice) VALUES (1877,34,1,998);
INSERT INTO OrderLines(OrderID, ProductID, Qty, UnitPrice) VALUES (1877,32,1,298);
UPDATE [Order] SET TotalAmount=7182 WHERE OrderID=1877;
INSERT INTO Payment(OrderID, PaymentDate, Amount, PaymentMethod, TransactionRef) VALUES (1877,'2025-06-16',7182,'Cash','TXN182665');
INSERT INTO [Order](CustomerID, OrderDate, Status, TotalAmount) VALUES (188,'2025-03-15','Processing',0);
INSERT INTO OrderLines(OrderID, ProductID, Qty, UnitPrice) VALUES (1878,35,3,679);
INSERT INTO OrderLines(OrderID, ProductID, Qty, UnitPrice) VALUES (1878,6,2,1492);
INSERT INTO OrderLines(OrderID, ProductID, Qty, UnitPrice) VALUES (1878,35,3,870);
INSERT INTO OrderLines(OrderID, ProductID, Qty, UnitPrice) VALUES (1878,27,1,1147);
UPDATE [Order] SET TotalAmount=8778 WHERE OrderID=1878;
INSERT INTO Payment(OrderID, PaymentDate, Amount, PaymentMethod, TransactionRef) VALUES (1878,'2025-03-18',8778,'PayPal','TXN562200');
INSERT INTO [Order](CustomerID, OrderDate, Status, TotalAmount) VALUES (188,'2025-06-09','Shipped',0);
INSERT INTO OrderLines(OrderID, ProductID, Qty, UnitPrice) VALUES (1879,3,2,506);
INSERT INTO OrderLines(OrderID, ProductID, Qty, UnitPrice) VALUES (1879,12,1,755);
INSERT INTO OrderLines(OrderID, ProductID, Qty, UnitPrice) VALUES (1879,26,1,68);
INSERT INTO OrderLines(OrderID, ProductID, Qty, UnitPrice) VALUES (1879,37,3,1491);
UPDATE [Order] SET TotalAmount=6308 WHERE OrderID=1879;
INSERT INTO Payment(OrderID, PaymentDate, Amount, PaymentMethod, TransactionRef) VALUES (1879,'2025-06-13',6308,'Cash','TXN448229');
INSERT INTO [Order](CustomerID, OrderDate, Status, TotalAmount) VALUES (188,'2025-02-22','Cancelled',0);
INSERT INTO OrderLines(OrderID, ProductID, Qty, UnitPrice) VALUES (1880,26,2,1036);
INSERT INTO OrderLines(OrderID, ProductID, Qty, UnitPrice) VALUES (1880,18,3,988);
INSERT INTO OrderLines(OrderID, ProductID, Qty, UnitPrice) VALUES (1880,50,3,994);
INSERT INTO OrderLines(OrderID, ProductID, Qty, UnitPrice) VALUES (1880,10,3,280);
UPDATE [Order] SET TotalAmount=8858 WHERE OrderID=1880;
INSERT INTO Payment(OrderID, PaymentDate, Amount, PaymentMethod, TransactionRef) VALUES (1880,'2025-02-24',8858,'PayPal','TXN377144');
INSERT INTO [Order](CustomerID, OrderDate, Status, TotalAmount) VALUES (189,'2025-07-02','Processing',0);
INSERT INTO OrderLines(OrderID, ProductID, Qty, UnitPrice) VALUES (1881,2,1,769);
INSERT INTO OrderLines(OrderID, ProductID, Qty, UnitPrice) VALUES (1881,42,1,826);
INSERT INTO OrderLines(OrderID, ProductID, Qty, UnitPrice) VALUES (1881,24,2,1156);
INSERT INTO OrderLines(OrderID, ProductID, Qty, UnitPrice) VALUES (1881,14,1,556);
UPDATE [Order] SET TotalAmount=4463 WHERE OrderID=1881;
INSERT INTO Payment(OrderID, PaymentDate, Amount, PaymentMethod, TransactionRef) VALUES (1881,'2025-07-03',4463,'Cash','TXN584722');
INSERT INTO [Order](CustomerID, OrderDate, Status, TotalAmount) VALUES (189,'2025-09-11','Cancelled',0);
INSERT INTO OrderLines(OrderID, ProductID, Qty, UnitPrice) VALUES (1882,46,2,272);
INSERT INTO OrderLines(OrderID, ProductID, Qty, UnitPrice) VALUES (1882,39,1,261);
INSERT INTO OrderLines(OrderID, ProductID, Qty, UnitPrice) VALUES (1882,11,2,32);
INSERT INTO OrderLines(OrderID, ProductID, Qty, UnitPrice) VALUES (1882,3,2,945);
UPDATE [Order] SET TotalAmount=2759 WHERE OrderID=1882;
INSERT INTO Payment(OrderID, PaymentDate, Amount, PaymentMethod, TransactionRef) VALUES (1882,'2025-09-15',2759,'Cash','TXN675212');
INSERT INTO [Order](CustomerID, OrderDate, Status, TotalAmount) VALUES (189,'2025-01-13','Processing',0);
INSERT INTO OrderLines(OrderID, ProductID, Qty, UnitPrice) VALUES (1883,3,2,1137);
INSERT INTO OrderLines(OrderID, ProductID, Qty, UnitPrice) VALUES (1883,40,1,79);
INSERT INTO OrderLines(OrderID, ProductID, Qty, UnitPrice) VALUES (1883,43,3,188);
INSERT INTO OrderLines(OrderID, ProductID, Qty, UnitPrice) VALUES (1883,34,1,1071);
UPDATE [Order] SET TotalAmount=3988 WHERE OrderID=1883;
INSERT INTO Payment(OrderID, PaymentDate, Amount, PaymentMethod, TransactionRef) VALUES (1883,'2025-01-15',3988,'Card','TXN954068');
INSERT INTO [Order](CustomerID, OrderDate, Status, TotalAmount) VALUES (189,'2025-05-04','Delivered',0);
INSERT INTO OrderLines(OrderID, ProductID, Qty, UnitPrice) VALUES (1884,24,1,1420);
INSERT INTO OrderLines(OrderID, ProductID, Qty, UnitPrice) VALUES (1884,50,3,1461);
INSERT INTO OrderLines(OrderID, ProductID, Qty, UnitPrice) VALUES (1884,46,2,634);
INSERT INTO OrderLines(OrderID, ProductID, Qty, UnitPrice) VALUES (1884,2,3,1484);
UPDATE [Order] SET TotalAmount=11523 WHERE OrderID=1884;
INSERT INTO Payment(OrderID, PaymentDate, Amount, PaymentMethod, TransactionRef) VALUES (1884,'2025-05-09',11523,'Card','TXN645552');
INSERT INTO [Order](CustomerID, OrderDate, Status, TotalAmount) VALUES (189,'2025-10-19','Cancelled',0);
INSERT INTO OrderLines(OrderID, ProductID, Qty, UnitPrice) VALUES (1885,3,2,1450);
INSERT INTO OrderLines(OrderID, ProductID, Qty, UnitPrice) VALUES (1885,4,3,987);
INSERT INTO OrderLines(OrderID, ProductID, Qty, UnitPrice) VALUES (1885,4,2,438);
INSERT INTO OrderLines(OrderID, ProductID, Qty, UnitPrice) VALUES (1885,6,2,348);
UPDATE [Order] SET TotalAmount=7433 WHERE OrderID=1885;
INSERT INTO Payment(OrderID, PaymentDate, Amount, PaymentMethod, TransactionRef) VALUES (1885,'2025-10-19',7433,'PayPal','TXN148019');
INSERT INTO [Order](CustomerID, OrderDate, Status, TotalAmount) VALUES (189,'2025-11-08','Processing',0);
INSERT INTO OrderLines(OrderID, ProductID, Qty, UnitPrice) VALUES (1886,14,1,171);
INSERT INTO OrderLines(OrderID, ProductID, Qty, UnitPrice) VALUES (1886,47,2,193);
INSERT INTO OrderLines(OrderID, ProductID, Qty, UnitPrice) VALUES (1886,22,1,1436);
INSERT INTO OrderLines(OrderID, ProductID, Qty, UnitPrice) VALUES (1886,47,3,613);
UPDATE [Order] SET TotalAmount=3832 WHERE OrderID=1886;
INSERT INTO Payment(OrderID, PaymentDate, Amount, PaymentMethod, TransactionRef) VALUES (1886,'2025-11-08',3832,'Card','TXN921923');
INSERT INTO [Order](CustomerID, OrderDate, Status, TotalAmount) VALUES (189,'2025-12-19','Delivered',0);
INSERT INTO OrderLines(OrderID, ProductID, Qty, UnitPrice) VALUES (1887,31,1,308);
INSERT INTO OrderLines(OrderID, ProductID, Qty, UnitPrice) VALUES (1887,45,2,297);
INSERT INTO OrderLines(OrderID, ProductID, Qty, UnitPrice) VALUES (1887,23,3,300);
INSERT INTO OrderLines(OrderID, ProductID, Qty, UnitPrice) VALUES (1887,3,3,499);
UPDATE [Order] SET TotalAmount=3299 WHERE OrderID=1887;
INSERT INTO Payment(OrderID, PaymentDate, Amount, PaymentMethod, TransactionRef) VALUES (1887,'2025-12-22',3299,'Cash','TXN840609');
INSERT INTO [Order](CustomerID, OrderDate, Status, TotalAmount) VALUES (189,'2025-11-16','Cancelled',0);
INSERT INTO OrderLines(OrderID, ProductID, Qty, UnitPrice) VALUES (1888,5,3,586);
INSERT INTO OrderLines(OrderID, ProductID, Qty, UnitPrice) VALUES (1888,12,3,1347);
INSERT INTO OrderLines(OrderID, ProductID, Qty, UnitPrice) VALUES (1888,5,2,667);
INSERT INTO OrderLines(OrderID, ProductID, Qty, UnitPrice) VALUES (1888,39,3,119);
UPDATE [Order] SET TotalAmount=7490 WHERE OrderID=1888;
INSERT INTO Payment(OrderID, PaymentDate, Amount, PaymentMethod, TransactionRef) VALUES (1888,'2025-11-17',7490,'Cash','TXN939229');
INSERT INTO [Order](CustomerID, OrderDate, Status, TotalAmount) VALUES (189,'2025-10-05','Processing',0);
INSERT INTO OrderLines(OrderID, ProductID, Qty, UnitPrice) VALUES (1889,16,1,1390);
INSERT INTO OrderLines(OrderID, ProductID, Qty, UnitPrice) VALUES (1889,42,2,598);
INSERT INTO OrderLines(OrderID, ProductID, Qty, UnitPrice) VALUES (1889,17,3,539);
INSERT INTO OrderLines(OrderID, ProductID, Qty, UnitPrice) VALUES (1889,19,1,745);
UPDATE [Order] SET TotalAmount=4948 WHERE OrderID=1889;
INSERT INTO Payment(OrderID, PaymentDate, Amount, PaymentMethod, TransactionRef) VALUES (1889,'2025-10-08',4948,'PayPal','TXN849941');
INSERT INTO [Order](CustomerID, OrderDate, Status, TotalAmount) VALUES (189,'2025-03-31','Processing',0);
INSERT INTO OrderLines(OrderID, ProductID, Qty, UnitPrice) VALUES (1890,9,3,545);
INSERT INTO OrderLines(OrderID, ProductID, Qty, UnitPrice) VALUES (1890,21,2,1221);
INSERT INTO OrderLines(OrderID, ProductID, Qty, UnitPrice) VALUES (1890,22,2,260);
INSERT INTO OrderLines(OrderID, ProductID, Qty, UnitPrice) VALUES (1890,4,1,1117);
UPDATE [Order] SET TotalAmount=5714 WHERE OrderID=1890;
INSERT INTO Payment(OrderID, PaymentDate, Amount, PaymentMethod, TransactionRef) VALUES (1890,'2025-04-03',5714,'PayPal','TXN802398');
INSERT INTO [Order](CustomerID, OrderDate, Status, TotalAmount) VALUES (190,'2025-03-20','Processing',0);
INSERT INTO OrderLines(OrderID, ProductID, Qty, UnitPrice) VALUES (1891,20,1,81);
INSERT INTO OrderLines(OrderID, ProductID, Qty, UnitPrice) VALUES (1891,7,2,1254);
INSERT INTO OrderLines(OrderID, ProductID, Qty, UnitPrice) VALUES (1891,48,1,721);
INSERT INTO OrderLines(OrderID, ProductID, Qty, UnitPrice) VALUES (1891,50,2,249);
UPDATE [Order] SET TotalAmount=3808 WHERE OrderID=1891;
INSERT INTO Payment(OrderID, PaymentDate, Amount, PaymentMethod, TransactionRef) VALUES (1891,'2025-03-23',3808,'PayPal','TXN200132');
INSERT INTO [Order](CustomerID, OrderDate, Status, TotalAmount) VALUES (190,'2025-07-08','Processing',0);
INSERT INTO OrderLines(OrderID, ProductID, Qty, UnitPrice) VALUES (1892,7,3,341);
INSERT INTO OrderLines(OrderID, ProductID, Qty, UnitPrice) VALUES (1892,20,2,375);
INSERT INTO OrderLines(OrderID, ProductID, Qty, UnitPrice) VALUES (1892,46,3,1433);
INSERT INTO OrderLines(OrderID, ProductID, Qty, UnitPrice) VALUES (1892,49,1,849);
UPDATE [Order] SET TotalAmount=6921 WHERE OrderID=1892;
INSERT INTO Payment(OrderID, PaymentDate, Amount, PaymentMethod, TransactionRef) VALUES (1892,'2025-07-10',6921,'PayPal','TXN707723');
INSERT INTO [Order](CustomerID, OrderDate, Status, TotalAmount) VALUES (190,'2025-11-13','Cancelled',0);
INSERT INTO OrderLines(OrderID, ProductID, Qty, UnitPrice) VALUES (1893,17,2,213);
INSERT INTO OrderLines(OrderID, ProductID, Qty, UnitPrice) VALUES (1893,12,3,764);
INSERT INTO OrderLines(OrderID, ProductID, Qty, UnitPrice) VALUES (1893,11,3,567);
INSERT INTO OrderLines(OrderID, ProductID, Qty, UnitPrice) VALUES (1893,14,1,761);
UPDATE [Order] SET TotalAmount=5180 WHERE OrderID=1893;
INSERT INTO Payment(OrderID, PaymentDate, Amount, PaymentMethod, TransactionRef) VALUES (1893,'2025-11-15',5180,'Cash','TXN719942');
INSERT INTO [Order](CustomerID, OrderDate, Status, TotalAmount) VALUES (190,'2025-05-28','Cancelled',0);
INSERT INTO OrderLines(OrderID, ProductID, Qty, UnitPrice) VALUES (1894,24,2,1039);
INSERT INTO OrderLines(OrderID, ProductID, Qty, UnitPrice) VALUES (1894,41,3,1458);
INSERT INTO OrderLines(OrderID, ProductID, Qty, UnitPrice) VALUES (1894,30,2,399);
INSERT INTO OrderLines(OrderID, ProductID, Qty, UnitPrice) VALUES (1894,28,2,354);
UPDATE [Order] SET TotalAmount=7958 WHERE OrderID=1894;
INSERT INTO Payment(OrderID, PaymentDate, Amount, PaymentMethod, TransactionRef) VALUES (1894,'2025-06-01',7958,'PayPal','TXN214116');
INSERT INTO [Order](CustomerID, OrderDate, Status, TotalAmount) VALUES (190,'2025-12-16','Delivered',0);
INSERT INTO OrderLines(OrderID, ProductID, Qty, UnitPrice) VALUES (1895,10,1,642);
INSERT INTO OrderLines(OrderID, ProductID, Qty, UnitPrice) VALUES (1895,1,1,164);
INSERT INTO OrderLines(OrderID, ProductID, Qty, UnitPrice) VALUES (1895,13,1,880);
INSERT INTO OrderLines(OrderID, ProductID, Qty, UnitPrice) VALUES (1895,24,2,1227);
UPDATE [Order] SET TotalAmount=4140 WHERE OrderID=1895;
INSERT INTO Payment(OrderID, PaymentDate, Amount, PaymentMethod, TransactionRef) VALUES (1895,'2025-12-16',4140,'PayPal','TXN820975');
INSERT INTO [Order](CustomerID, OrderDate, Status, TotalAmount) VALUES (190,'2025-07-11','Processing',0);
INSERT INTO OrderLines(OrderID, ProductID, Qty, UnitPrice) VALUES (1896,36,1,696);
INSERT INTO OrderLines(OrderID, ProductID, Qty, UnitPrice) VALUES (1896,6,2,1019);
INSERT INTO OrderLines(OrderID, ProductID, Qty, UnitPrice) VALUES (1896,8,2,675);
INSERT INTO OrderLines(OrderID, ProductID, Qty, UnitPrice) VALUES (1896,50,3,965);
UPDATE [Order] SET TotalAmount=6979 WHERE OrderID=1896;
INSERT INTO Payment(OrderID, PaymentDate, Amount, PaymentMethod, TransactionRef) VALUES (1896,'2025-07-12',6979,'Cash','TXN996081');
INSERT INTO [Order](CustomerID, OrderDate, Status, TotalAmount) VALUES (190,'2025-04-24','Delivered',0);
INSERT INTO OrderLines(OrderID, ProductID, Qty, UnitPrice) VALUES (1897,44,1,1104);
INSERT INTO OrderLines(OrderID, ProductID, Qty, UnitPrice) VALUES (1897,18,1,1225);
INSERT INTO OrderLines(OrderID, ProductID, Qty, UnitPrice) VALUES (1897,18,3,1055);
INSERT INTO OrderLines(OrderID, ProductID, Qty, UnitPrice) VALUES (1897,42,1,49);
UPDATE [Order] SET TotalAmount=5543 WHERE OrderID=1897;
INSERT INTO Payment(OrderID, PaymentDate, Amount, PaymentMethod, TransactionRef) VALUES (1897,'2025-04-27',5543,'PayPal','TXN674437');
INSERT INTO [Order](CustomerID, OrderDate, Status, TotalAmount) VALUES (190,'2025-03-24','Processing',0);
INSERT INTO OrderLines(OrderID, ProductID, Qty, UnitPrice) VALUES (1898,40,1,1455);
INSERT INTO OrderLines(OrderID, ProductID, Qty, UnitPrice) VALUES (1898,13,3,656);
INSERT INTO OrderLines(OrderID, ProductID, Qty, UnitPrice) VALUES (1898,20,2,166);
INSERT INTO OrderLines(OrderID, ProductID, Qty, UnitPrice) VALUES (1898,40,3,523);
UPDATE [Order] SET TotalAmount=5324 WHERE OrderID=1898;
INSERT INTO Payment(OrderID, PaymentDate, Amount, PaymentMethod, TransactionRef) VALUES (1898,'2025-03-25',5324,'Cash','TXN765326');
INSERT INTO [Order](CustomerID, OrderDate, Status, TotalAmount) VALUES (190,'2025-01-31','Cancelled',0);
INSERT INTO OrderLines(OrderID, ProductID, Qty, UnitPrice) VALUES (1899,42,1,1076);
INSERT INTO OrderLines(OrderID, ProductID, Qty, UnitPrice) VALUES (1899,25,2,505);
INSERT INTO OrderLines(OrderID, ProductID, Qty, UnitPrice) VALUES (1899,34,1,1219);
INSERT INTO OrderLines(OrderID, ProductID, Qty, UnitPrice) VALUES (1899,29,2,957);
UPDATE [Order] SET TotalAmount=5219 WHERE OrderID=1899;
INSERT INTO Payment(OrderID, PaymentDate, Amount, PaymentMethod, TransactionRef) VALUES (1899,'2025-02-02',5219,'Cash','TXN880886');
INSERT INTO [Order](CustomerID, OrderDate, Status, TotalAmount) VALUES (190,'2025-02-17','Cancelled',0);
INSERT INTO OrderLines(OrderID, ProductID, Qty, UnitPrice) VALUES (1900,11,2,544);
INSERT INTO OrderLines(OrderID, ProductID, Qty, UnitPrice) VALUES (1900,38,2,658);
INSERT INTO OrderLines(OrderID, ProductID, Qty, UnitPrice) VALUES (1900,8,2,1491);
INSERT INTO OrderLines(OrderID, ProductID, Qty, UnitPrice) VALUES (1900,27,3,843);
UPDATE [Order] SET TotalAmount=7915 WHERE OrderID=1900;
INSERT INTO Payment(OrderID, PaymentDate, Amount, PaymentMethod, TransactionRef) VALUES (1900,'2025-02-19',7915,'Card','TXN891942');
INSERT INTO [Order](CustomerID, OrderDate, Status, TotalAmount) VALUES (191,'2025-02-19','Cancelled',0);
INSERT INTO OrderLines(OrderID, ProductID, Qty, UnitPrice) VALUES (1901,4,2,580);
INSERT INTO OrderLines(OrderID, ProductID, Qty, UnitPrice) VALUES (1901,15,2,962);
INSERT INTO OrderLines(OrderID, ProductID, Qty, UnitPrice) VALUES (1901,3,2,1312);
INSERT INTO OrderLines(OrderID, ProductID, Qty, UnitPrice) VALUES (1901,10,1,1147);
UPDATE [Order] SET TotalAmount=6855 WHERE OrderID=1901;
INSERT INTO Payment(OrderID, PaymentDate, Amount, PaymentMethod, TransactionRef) VALUES (1901,'2025-02-22',6855,'Card','TXN931951');
INSERT INTO [Order](CustomerID, OrderDate, Status, TotalAmount) VALUES (191,'2025-10-01','Cancelled',0);
INSERT INTO OrderLines(OrderID, ProductID, Qty, UnitPrice) VALUES (1902,7,2,567);
INSERT INTO OrderLines(OrderID, ProductID, Qty, UnitPrice) VALUES (1902,38,3,1076);
INSERT INTO OrderLines(OrderID, ProductID, Qty, UnitPrice) VALUES (1902,45,1,1453);
INSERT INTO OrderLines(OrderID, ProductID, Qty, UnitPrice) VALUES (1902,22,3,110);
UPDATE [Order] SET TotalAmount=6145 WHERE OrderID=1902;
INSERT INTO Payment(OrderID, PaymentDate, Amount, PaymentMethod, TransactionRef) VALUES (1902,'2025-10-01',6145,'Cash','TXN933328');
INSERT INTO [Order](CustomerID, OrderDate, Status, TotalAmount) VALUES (191,'2025-12-20','Cancelled',0);
INSERT INTO OrderLines(OrderID, ProductID, Qty, UnitPrice) VALUES (1903,31,3,324);
INSERT INTO OrderLines(OrderID, ProductID, Qty, UnitPrice) VALUES (1903,2,2,1050);
INSERT INTO OrderLines(OrderID, ProductID, Qty, UnitPrice) VALUES (1903,12,2,612);
INSERT INTO OrderLines(OrderID, ProductID, Qty, UnitPrice) VALUES (1903,12,1,756);
UPDATE [Order] SET TotalAmount=5052 WHERE OrderID=1903;
INSERT INTO Payment(OrderID, PaymentDate, Amount, PaymentMethod, TransactionRef) VALUES (1903,'2025-12-22',5052,'Card','TXN245247');
INSERT INTO [Order](CustomerID, OrderDate, Status, TotalAmount) VALUES (191,'2025-09-19','Processing',0);
INSERT INTO OrderLines(OrderID, ProductID, Qty, UnitPrice) VALUES (1904,3,2,1393);
INSERT INTO OrderLines(OrderID, ProductID, Qty, UnitPrice) VALUES (1904,31,1,667);
INSERT INTO OrderLines(OrderID, ProductID, Qty, UnitPrice) VALUES (1904,25,3,312);
INSERT INTO OrderLines(OrderID, ProductID, Qty, UnitPrice) VALUES (1904,42,1,1205);
UPDATE [Order] SET TotalAmount=5594 WHERE OrderID=1904;
INSERT INTO Payment(OrderID, PaymentDate, Amount, PaymentMethod, TransactionRef) VALUES (1904,'2025-09-20',5594,'PayPal','TXN674462');
INSERT INTO [Order](CustomerID, OrderDate, Status, TotalAmount) VALUES (191,'2025-11-23','Processing',0);
INSERT INTO OrderLines(OrderID, ProductID, Qty, UnitPrice) VALUES (1905,7,3,142);
INSERT INTO OrderLines(OrderID, ProductID, Qty, UnitPrice) VALUES (1905,15,3,641);
INSERT INTO OrderLines(OrderID, ProductID, Qty, UnitPrice) VALUES (1905,35,3,525);
INSERT INTO OrderLines(OrderID, ProductID, Qty, UnitPrice) VALUES (1905,49,2,910);
UPDATE [Order] SET TotalAmount=5744 WHERE OrderID=1905;
INSERT INTO Payment(OrderID, PaymentDate, Amount, PaymentMethod, TransactionRef) VALUES (1905,'2025-11-26',5744,'PayPal','TXN377071');
INSERT INTO [Order](CustomerID, OrderDate, Status, TotalAmount) VALUES (191,'2025-03-01','Shipped',0);
INSERT INTO OrderLines(OrderID, ProductID, Qty, UnitPrice) VALUES (1906,9,2,547);
INSERT INTO OrderLines(OrderID, ProductID, Qty, UnitPrice) VALUES (1906,16,1,1295);
INSERT INTO OrderLines(OrderID, ProductID, Qty, UnitPrice) VALUES (1906,20,1,820);
INSERT INTO OrderLines(OrderID, ProductID, Qty, UnitPrice) VALUES (1906,5,2,870);
UPDATE [Order] SET TotalAmount=4949 WHERE OrderID=1906;
INSERT INTO Payment(OrderID, PaymentDate, Amount, PaymentMethod, TransactionRef) VALUES (1906,'2025-03-03',4949,'Cash','TXN820243');
INSERT INTO [Order](CustomerID, OrderDate, Status, TotalAmount) VALUES (191,'2025-04-05','Processing',0);
INSERT INTO OrderLines(OrderID, ProductID, Qty, UnitPrice) VALUES (1907,8,1,786);
INSERT INTO OrderLines(OrderID, ProductID, Qty, UnitPrice) VALUES (1907,18,3,854);
INSERT INTO OrderLines(OrderID, ProductID, Qty, UnitPrice) VALUES (1907,11,1,439);
INSERT INTO OrderLines(OrderID, ProductID, Qty, UnitPrice) VALUES (1907,37,1,1026);
UPDATE [Order] SET TotalAmount=4813 WHERE OrderID=1907;
INSERT INTO Payment(OrderID, PaymentDate, Amount, PaymentMethod, TransactionRef) VALUES (1907,'2025-04-06',4813,'Cash','TXN337333');
INSERT INTO [Order](CustomerID, OrderDate, Status, TotalAmount) VALUES (191,'2025-04-02','Cancelled',0);
INSERT INTO OrderLines(OrderID, ProductID, Qty, UnitPrice) VALUES (1908,1,2,261);
INSERT INTO OrderLines(OrderID, ProductID, Qty, UnitPrice) VALUES (1908,34,3,1024);
INSERT INTO OrderLines(OrderID, ProductID, Qty, UnitPrice) VALUES (1908,22,1,916);
INSERT INTO OrderLines(OrderID, ProductID, Qty, UnitPrice) VALUES (1908,17,2,1466);
UPDATE [Order] SET TotalAmount=7442 WHERE OrderID=1908;
INSERT INTO Payment(OrderID, PaymentDate, Amount, PaymentMethod, TransactionRef) VALUES (1908,'2025-04-07',7442,'PayPal','TXN453839');
INSERT INTO [Order](CustomerID, OrderDate, Status, TotalAmount) VALUES (191,'2025-07-11','Shipped',0);
INSERT INTO OrderLines(OrderID, ProductID, Qty, UnitPrice) VALUES (1909,1,3,252);
INSERT INTO OrderLines(OrderID, ProductID, Qty, UnitPrice) VALUES (1909,7,3,186);
INSERT INTO OrderLines(OrderID, ProductID, Qty, UnitPrice) VALUES (1909,37,2,1442);
INSERT INTO OrderLines(OrderID, ProductID, Qty, UnitPrice) VALUES (1909,17,3,1198);
UPDATE [Order] SET TotalAmount=7792 WHERE OrderID=1909;
INSERT INTO Payment(OrderID, PaymentDate, Amount, PaymentMethod, TransactionRef) VALUES (1909,'2025-07-16',7792,'Card','TXN626226');
INSERT INTO [Order](CustomerID, OrderDate, Status, TotalAmount) VALUES (191,'2025-06-16','Shipped',0);
INSERT INTO OrderLines(OrderID, ProductID, Qty, UnitPrice) VALUES (1910,40,2,853);
INSERT INTO OrderLines(OrderID, ProductID, Qty, UnitPrice) VALUES (1910,16,1,586);
INSERT INTO OrderLines(OrderID, ProductID, Qty, UnitPrice) VALUES (1910,2,2,1418);
INSERT INTO OrderLines(OrderID, ProductID, Qty, UnitPrice) VALUES (1910,23,1,1206);
UPDATE [Order] SET TotalAmount=6334 WHERE OrderID=1910;
INSERT INTO Payment(OrderID, PaymentDate, Amount, PaymentMethod, TransactionRef) VALUES (1910,'2025-06-20',6334,'Card','TXN770459');
INSERT INTO [Order](CustomerID, OrderDate, Status, TotalAmount) VALUES (192,'2025-07-01','Delivered',0);
INSERT INTO OrderLines(OrderID, ProductID, Qty, UnitPrice) VALUES (1911,37,3,523);
INSERT INTO OrderLines(OrderID, ProductID, Qty, UnitPrice) VALUES (1911,40,3,1105);
INSERT INTO OrderLines(OrderID, ProductID, Qty, UnitPrice) VALUES (1911,18,3,303);
INSERT INTO OrderLines(OrderID, ProductID, Qty, UnitPrice) VALUES (1911,44,2,854);
UPDATE [Order] SET TotalAmount=7501 WHERE OrderID=1911;
INSERT INTO Payment(OrderID, PaymentDate, Amount, PaymentMethod, TransactionRef) VALUES (1911,'2025-07-04',7501,'PayPal','TXN212416');
INSERT INTO [Order](CustomerID, OrderDate, Status, TotalAmount) VALUES (192,'2025-12-16','Delivered',0);
INSERT INTO OrderLines(OrderID, ProductID, Qty, UnitPrice) VALUES (1912,29,1,177);
INSERT INTO OrderLines(OrderID, ProductID, Qty, UnitPrice) VALUES (1912,44,1,181);
INSERT INTO OrderLines(OrderID, ProductID, Qty, UnitPrice) VALUES (1912,50,3,401);
INSERT INTO OrderLines(OrderID, ProductID, Qty, UnitPrice) VALUES (1912,4,3,717);
UPDATE [Order] SET TotalAmount=3712 WHERE OrderID=1912;
INSERT INTO Payment(OrderID, PaymentDate, Amount, PaymentMethod, TransactionRef) VALUES (1912,'2025-12-17',3712,'PayPal','TXN852610');
INSERT INTO [Order](CustomerID, OrderDate, Status, TotalAmount) VALUES (192,'2025-03-17','Cancelled',0);
INSERT INTO OrderLines(OrderID, ProductID, Qty, UnitPrice) VALUES (1913,5,3,1199);
INSERT INTO OrderLines(OrderID, ProductID, Qty, UnitPrice) VALUES (1913,16,2,1423);
INSERT INTO OrderLines(OrderID, ProductID, Qty, UnitPrice) VALUES (1913,38,1,826);
INSERT INTO OrderLines(OrderID, ProductID, Qty, UnitPrice) VALUES (1913,46,3,417);
UPDATE [Order] SET TotalAmount=8520 WHERE OrderID=1913;
INSERT INTO Payment(OrderID, PaymentDate, Amount, PaymentMethod, TransactionRef) VALUES (1913,'2025-03-20',8520,'PayPal','TXN334892');
INSERT INTO [Order](CustomerID, OrderDate, Status, TotalAmount) VALUES (192,'2025-10-08','Cancelled',0);
INSERT INTO OrderLines(OrderID, ProductID, Qty, UnitPrice) VALUES (1914,39,2,516);
INSERT INTO OrderLines(OrderID, ProductID, Qty, UnitPrice) VALUES (1914,50,3,1089);
INSERT INTO OrderLines(OrderID, ProductID, Qty, UnitPrice) VALUES (1914,1,2,414);
INSERT INTO OrderLines(OrderID, ProductID, Qty, UnitPrice) VALUES (1914,29,1,1487);
UPDATE [Order] SET TotalAmount=6614 WHERE OrderID=1914;
INSERT INTO Payment(OrderID, PaymentDate, Amount, PaymentMethod, TransactionRef) VALUES (1914,'2025-10-13',6614,'PayPal','TXN476321');
INSERT INTO [Order](CustomerID, OrderDate, Status, TotalAmount) VALUES (192,'2025-08-13','Delivered',0);
INSERT INTO OrderLines(OrderID, ProductID, Qty, UnitPrice) VALUES (1915,12,2,1320);
INSERT INTO OrderLines(OrderID, ProductID, Qty, UnitPrice) VALUES (1915,13,1,991);
INSERT INTO OrderLines(OrderID, ProductID, Qty, UnitPrice) VALUES (1915,9,3,633);
INSERT INTO OrderLines(OrderID, ProductID, Qty, UnitPrice) VALUES (1915,49,2,179);
UPDATE [Order] SET TotalAmount=5888 WHERE OrderID=1915;
INSERT INTO Payment(OrderID, PaymentDate, Amount, PaymentMethod, TransactionRef) VALUES (1915,'2025-08-15',5888,'Cash','TXN435621');
INSERT INTO [Order](CustomerID, OrderDate, Status, TotalAmount) VALUES (192,'2025-05-05','Delivered',0);
INSERT INTO OrderLines(OrderID, ProductID, Qty, UnitPrice) VALUES (1916,44,1,50);
INSERT INTO OrderLines(OrderID, ProductID, Qty, UnitPrice) VALUES (1916,23,2,554);
INSERT INTO OrderLines(OrderID, ProductID, Qty, UnitPrice) VALUES (1916,46,3,416);
INSERT INTO OrderLines(OrderID, ProductID, Qty, UnitPrice) VALUES (1916,30,1,275);
UPDATE [Order] SET TotalAmount=2681 WHERE OrderID=1916;
INSERT INTO Payment(OrderID, PaymentDate, Amount, PaymentMethod, TransactionRef) VALUES (1916,'2025-05-05',2681,'Card','TXN194386');
INSERT INTO [Order](CustomerID, OrderDate, Status, TotalAmount) VALUES (192,'2025-11-17','Processing',0);
INSERT INTO OrderLines(OrderID, ProductID, Qty, UnitPrice) VALUES (1917,41,2,481);
INSERT INTO OrderLines(OrderID, ProductID, Qty, UnitPrice) VALUES (1917,17,3,106);
INSERT INTO OrderLines(OrderID, ProductID, Qty, UnitPrice) VALUES (1917,2,2,584);
INSERT INTO OrderLines(OrderID, ProductID, Qty, UnitPrice) VALUES (1917,49,2,531);
UPDATE [Order] SET TotalAmount=3510 WHERE OrderID=1917;
INSERT INTO Payment(OrderID, PaymentDate, Amount, PaymentMethod, TransactionRef) VALUES (1917,'2025-11-18',3510,'Cash','TXN106259');
INSERT INTO [Order](CustomerID, OrderDate, Status, TotalAmount) VALUES (192,'2025-10-07','Processing',0);
INSERT INTO OrderLines(OrderID, ProductID, Qty, UnitPrice) VALUES (1918,37,3,209);
INSERT INTO OrderLines(OrderID, ProductID, Qty, UnitPrice) VALUES (1918,28,1,790);
INSERT INTO OrderLines(OrderID, ProductID, Qty, UnitPrice) VALUES (1918,17,2,1450);
INSERT INTO OrderLines(OrderID, ProductID, Qty, UnitPrice) VALUES (1918,16,1,162);
UPDATE [Order] SET TotalAmount=4479 WHERE OrderID=1918;
INSERT INTO Payment(OrderID, PaymentDate, Amount, PaymentMethod, TransactionRef) VALUES (1918,'2025-10-07',4479,'Cash','TXN889476');
INSERT INTO [Order](CustomerID, OrderDate, Status, TotalAmount) VALUES (192,'2025-05-18','Shipped',0);
INSERT INTO OrderLines(OrderID, ProductID, Qty, UnitPrice) VALUES (1919,24,2,543);
INSERT INTO OrderLines(OrderID, ProductID, Qty, UnitPrice) VALUES (1919,34,1,727);
INSERT INTO OrderLines(OrderID, ProductID, Qty, UnitPrice) VALUES (1919,38,3,878);
INSERT INTO OrderLines(OrderID, ProductID, Qty, UnitPrice) VALUES (1919,49,1,967);
UPDATE [Order] SET TotalAmount=5414 WHERE OrderID=1919;
INSERT INTO Payment(OrderID, PaymentDate, Amount, PaymentMethod, TransactionRef) VALUES (1919,'2025-05-22',5414,'PayPal','TXN546477');
INSERT INTO [Order](CustomerID, OrderDate, Status, TotalAmount) VALUES (192,'2025-06-20','Delivered',0);
INSERT INTO OrderLines(OrderID, ProductID, Qty, UnitPrice) VALUES (1920,21,3,857);
INSERT INTO OrderLines(OrderID, ProductID, Qty, UnitPrice) VALUES (1920,28,3,765);
INSERT INTO OrderLines(OrderID, ProductID, Qty, UnitPrice) VALUES (1920,4,2,961);
INSERT INTO OrderLines(OrderID, ProductID, Qty, UnitPrice) VALUES (1920,48,3,1202);
UPDATE [Order] SET TotalAmount=10394 WHERE OrderID=1920;
INSERT INTO Payment(OrderID, PaymentDate, Amount, PaymentMethod, TransactionRef) VALUES (1920,'2025-06-21',10394,'PayPal','TXN878399');
INSERT INTO [Order](CustomerID, OrderDate, Status, TotalAmount) VALUES (193,'2025-11-04','Cancelled',0);
INSERT INTO OrderLines(OrderID, ProductID, Qty, UnitPrice) VALUES (1921,34,2,878);
INSERT INTO OrderLines(OrderID, ProductID, Qty, UnitPrice) VALUES (1921,48,2,1245);
INSERT INTO OrderLines(OrderID, ProductID, Qty, UnitPrice) VALUES (1921,3,3,1041);
INSERT INTO OrderLines(OrderID, ProductID, Qty, UnitPrice) VALUES (1921,32,2,332);
UPDATE [Order] SET TotalAmount=8033 WHERE OrderID=1921;
INSERT INTO Payment(OrderID, PaymentDate, Amount, PaymentMethod, TransactionRef) VALUES (1921,'2025-11-05',8033,'PayPal','TXN943435');
INSERT INTO [Order](CustomerID, OrderDate, Status, TotalAmount) VALUES (193,'2025-07-04','Processing',0);
INSERT INTO OrderLines(OrderID, ProductID, Qty, UnitPrice) VALUES (1922,49,2,1427);
INSERT INTO OrderLines(OrderID, ProductID, Qty, UnitPrice) VALUES (1922,10,1,194);
INSERT INTO OrderLines(OrderID, ProductID, Qty, UnitPrice) VALUES (1922,29,3,1209);
INSERT INTO OrderLines(OrderID, ProductID, Qty, UnitPrice) VALUES (1922,17,3,851);
UPDATE [Order] SET TotalAmount=9228 WHERE OrderID=1922;
INSERT INTO Payment(OrderID, PaymentDate, Amount, PaymentMethod, TransactionRef) VALUES (1922,'2025-07-09',9228,'Cash','TXN779243');
INSERT INTO [Order](CustomerID, OrderDate, Status, TotalAmount) VALUES (193,'2025-11-18','Delivered',0);
INSERT INTO OrderLines(OrderID, ProductID, Qty, UnitPrice) VALUES (1923,24,1,1234);
INSERT INTO OrderLines(OrderID, ProductID, Qty, UnitPrice) VALUES (1923,43,1,881);
INSERT INTO OrderLines(OrderID, ProductID, Qty, UnitPrice) VALUES (1923,6,2,344);
INSERT INTO OrderLines(OrderID, ProductID, Qty, UnitPrice) VALUES (1923,12,2,1004);
UPDATE [Order] SET TotalAmount=4811 WHERE OrderID=1923;
INSERT INTO Payment(OrderID, PaymentDate, Amount, PaymentMethod, TransactionRef) VALUES (1923,'2025-11-20',4811,'PayPal','TXN490989');
INSERT INTO [Order](CustomerID, OrderDate, Status, TotalAmount) VALUES (193,'2025-07-17','Cancelled',0);
INSERT INTO OrderLines(OrderID, ProductID, Qty, UnitPrice) VALUES (1924,30,3,947);
INSERT INTO OrderLines(OrderID, ProductID, Qty, UnitPrice) VALUES (1924,1,2,452);
INSERT INTO OrderLines(OrderID, ProductID, Qty, UnitPrice) VALUES (1924,1,1,1455);
INSERT INTO OrderLines(OrderID, ProductID, Qty, UnitPrice) VALUES (1924,27,2,616);
UPDATE [Order] SET TotalAmount=6432 WHERE OrderID=1924;
INSERT INTO Payment(OrderID, PaymentDate, Amount, PaymentMethod, TransactionRef) VALUES (1924,'2025-07-19',6432,'Cash','TXN240233');
INSERT INTO [Order](CustomerID, OrderDate, Status, TotalAmount) VALUES (193,'2025-03-07','Delivered',0);
INSERT INTO OrderLines(OrderID, ProductID, Qty, UnitPrice) VALUES (1925,39,1,414);
INSERT INTO OrderLines(OrderID, ProductID, Qty, UnitPrice) VALUES (1925,5,1,88);
INSERT INTO OrderLines(OrderID, ProductID, Qty, UnitPrice) VALUES (1925,31,3,1037);
INSERT INTO OrderLines(OrderID, ProductID, Qty, UnitPrice) VALUES (1925,8,1,1430);
UPDATE [Order] SET TotalAmount=5043 WHERE OrderID=1925;
INSERT INTO Payment(OrderID, PaymentDate, Amount, PaymentMethod, TransactionRef) VALUES (1925,'2025-03-08',5043,'Card','TXN432997');
INSERT INTO [Order](CustomerID, OrderDate, Status, TotalAmount) VALUES (193,'2025-05-25','Cancelled',0);
INSERT INTO OrderLines(OrderID, ProductID, Qty, UnitPrice) VALUES (1926,27,1,430);
INSERT INTO OrderLines(OrderID, ProductID, Qty, UnitPrice) VALUES (1926,2,3,86);
INSERT INTO OrderLines(OrderID, ProductID, Qty, UnitPrice) VALUES (1926,37,1,1220);
INSERT INTO OrderLines(OrderID, ProductID, Qty, UnitPrice) VALUES (1926,31,2,284);
UPDATE [Order] SET TotalAmount=2476 WHERE OrderID=1926;
INSERT INTO Payment(OrderID, PaymentDate, Amount, PaymentMethod, TransactionRef) VALUES (1926,'2025-05-28',2476,'PayPal','TXN694884');
INSERT INTO [Order](CustomerID, OrderDate, Status, TotalAmount) VALUES (193,'2025-09-07','Cancelled',0);
INSERT INTO OrderLines(OrderID, ProductID, Qty, UnitPrice) VALUES (1927,17,3,1187);
INSERT INTO OrderLines(OrderID, ProductID, Qty, UnitPrice) VALUES (1927,6,2,1133);
INSERT INTO OrderLines(OrderID, ProductID, Qty, UnitPrice) VALUES (1927,19,1,480);
INSERT INTO OrderLines(OrderID, ProductID, Qty, UnitPrice) VALUES (1927,26,2,1236);
UPDATE [Order] SET TotalAmount=8779 WHERE OrderID=1927;
INSERT INTO Payment(OrderID, PaymentDate, Amount, PaymentMethod, TransactionRef) VALUES (1927,'2025-09-11',8779,'PayPal','TXN986093');
INSERT INTO [Order](CustomerID, OrderDate, Status, TotalAmount) VALUES (193,'2025-03-02','Processing',0);
INSERT INTO OrderLines(OrderID, ProductID, Qty, UnitPrice) VALUES (1928,5,1,580);
INSERT INTO OrderLines(OrderID, ProductID, Qty, UnitPrice) VALUES (1928,2,1,816);
INSERT INTO OrderLines(OrderID, ProductID, Qty, UnitPrice) VALUES (1928,5,3,1277);
INSERT INTO OrderLines(OrderID, ProductID, Qty, UnitPrice) VALUES (1928,40,1,563);
UPDATE [Order] SET TotalAmount=5790 WHERE OrderID=1928;
INSERT INTO Payment(OrderID, PaymentDate, Amount, PaymentMethod, TransactionRef) VALUES (1928,'2025-03-05',5790,'PayPal','TXN390238');
INSERT INTO [Order](CustomerID, OrderDate, Status, TotalAmount) VALUES (193,'2025-08-02','Shipped',0);
INSERT INTO OrderLines(OrderID, ProductID, Qty, UnitPrice) VALUES (1929,10,1,1144);
INSERT INTO OrderLines(OrderID, ProductID, Qty, UnitPrice) VALUES (1929,30,1,1265);
INSERT INTO OrderLines(OrderID, ProductID, Qty, UnitPrice) VALUES (1929,18,2,736);
INSERT INTO OrderLines(OrderID, ProductID, Qty, UnitPrice) VALUES (1929,4,2,38);
UPDATE [Order] SET TotalAmount=3957 WHERE OrderID=1929;
INSERT INTO Payment(OrderID, PaymentDate, Amount, PaymentMethod, TransactionRef) VALUES (1929,'2025-08-02',3957,'PayPal','TXN211605');
INSERT INTO [Order](CustomerID, OrderDate, Status, TotalAmount) VALUES (193,'2025-03-07','Processing',0);
INSERT INTO OrderLines(OrderID, ProductID, Qty, UnitPrice) VALUES (1930,10,2,1469);
INSERT INTO OrderLines(OrderID, ProductID, Qty, UnitPrice) VALUES (1930,36,2,943);
INSERT INTO OrderLines(OrderID, ProductID, Qty, UnitPrice) VALUES (1930,5,2,865);
INSERT INTO OrderLines(OrderID, ProductID, Qty, UnitPrice) VALUES (1930,34,2,1343);
UPDATE [Order] SET TotalAmount=9240 WHERE OrderID=1930;
INSERT INTO Payment(OrderID, PaymentDate, Amount, PaymentMethod, TransactionRef) VALUES (1930,'2025-03-09',9240,'Card','TXN291015');
INSERT INTO [Order](CustomerID, OrderDate, Status, TotalAmount) VALUES (194,'2025-04-26','Shipped',0);
INSERT INTO OrderLines(OrderID, ProductID, Qty, UnitPrice) VALUES (1931,38,2,1451);
INSERT INTO OrderLines(OrderID, ProductID, Qty, UnitPrice) VALUES (1931,11,1,845);
INSERT INTO OrderLines(OrderID, ProductID, Qty, UnitPrice) VALUES (1931,2,2,1005);
INSERT INTO OrderLines(OrderID, ProductID, Qty, UnitPrice) VALUES (1931,43,1,54);
UPDATE [Order] SET TotalAmount=5811 WHERE OrderID=1931;
INSERT INTO Payment(OrderID, PaymentDate, Amount, PaymentMethod, TransactionRef) VALUES (1931,'2025-04-30',5811,'Card','TXN109545');
INSERT INTO [Order](CustomerID, OrderDate, Status, TotalAmount) VALUES (194,'2025-12-27','Processing',0);
INSERT INTO OrderLines(OrderID, ProductID, Qty, UnitPrice) VALUES (1932,49,3,1441);
INSERT INTO OrderLines(OrderID, ProductID, Qty, UnitPrice) VALUES (1932,31,3,393);
INSERT INTO OrderLines(OrderID, ProductID, Qty, UnitPrice) VALUES (1932,25,3,268);
INSERT INTO OrderLines(OrderID, ProductID, Qty, UnitPrice) VALUES (1932,5,2,991);
UPDATE [Order] SET TotalAmount=8288 WHERE OrderID=1932;
INSERT INTO Payment(OrderID, PaymentDate, Amount, PaymentMethod, TransactionRef) VALUES (1932,'2025-12-29',8288,'Cash','TXN849824');
INSERT INTO [Order](CustomerID, OrderDate, Status, TotalAmount) VALUES (194,'2025-06-22','Shipped',0);
INSERT INTO OrderLines(OrderID, ProductID, Qty, UnitPrice) VALUES (1933,26,3,313);
INSERT INTO OrderLines(OrderID, ProductID, Qty, UnitPrice) VALUES (1933,48,2,1161);
INSERT INTO OrderLines(OrderID, ProductID, Qty, UnitPrice) VALUES (1933,7,2,368);
INSERT INTO OrderLines(OrderID, ProductID, Qty, UnitPrice) VALUES (1933,12,1,121);
UPDATE [Order] SET TotalAmount=4118 WHERE OrderID=1933;
INSERT INTO Payment(OrderID, PaymentDate, Amount, PaymentMethod, TransactionRef) VALUES (1933,'2025-06-25',4118,'Cash','TXN216937');
INSERT INTO [Order](CustomerID, OrderDate, Status, TotalAmount) VALUES (194,'2025-10-13','Delivered',0);
INSERT INTO OrderLines(OrderID, ProductID, Qty, UnitPrice) VALUES (1934,47,3,448);
INSERT INTO OrderLines(OrderID, ProductID, Qty, UnitPrice) VALUES (1934,47,1,808);
INSERT INTO OrderLines(OrderID, ProductID, Qty, UnitPrice) VALUES (1934,6,2,26);
INSERT INTO OrderLines(OrderID, ProductID, Qty, UnitPrice) VALUES (1934,12,1,627);
UPDATE [Order] SET TotalAmount=2831 WHERE OrderID=1934;
INSERT INTO Payment(OrderID, PaymentDate, Amount, PaymentMethod, TransactionRef) VALUES (1934,'2025-10-17',2831,'Cash','TXN876294');
INSERT INTO [Order](CustomerID, OrderDate, Status, TotalAmount) VALUES (194,'2025-05-27','Shipped',0);
INSERT INTO OrderLines(OrderID, ProductID, Qty, UnitPrice) VALUES (1935,48,3,661);
INSERT INTO OrderLines(OrderID, ProductID, Qty, UnitPrice) VALUES (1935,20,2,1137);
INSERT INTO OrderLines(OrderID, ProductID, Qty, UnitPrice) VALUES (1935,34,3,1022);
INSERT INTO OrderLines(OrderID, ProductID, Qty, UnitPrice) VALUES (1935,8,2,1299);
UPDATE [Order] SET TotalAmount=9921 WHERE OrderID=1935;
INSERT INTO Payment(OrderID, PaymentDate, Amount, PaymentMethod, TransactionRef) VALUES (1935,'2025-05-31',9921,'Card','TXN461874');
INSERT INTO [Order](CustomerID, OrderDate, Status, TotalAmount) VALUES (194,'2025-05-17','Delivered',0);
INSERT INTO OrderLines(OrderID, ProductID, Qty, UnitPrice) VALUES (1936,45,3,887);
INSERT INTO OrderLines(OrderID, ProductID, Qty, UnitPrice) VALUES (1936,20,2,777);
INSERT INTO OrderLines(OrderID, ProductID, Qty, UnitPrice) VALUES (1936,8,2,331);
INSERT INTO OrderLines(OrderID, ProductID, Qty, UnitPrice) VALUES (1936,32,3,390);
UPDATE [Order] SET TotalAmount=6047 WHERE OrderID=1936;
INSERT INTO Payment(OrderID, PaymentDate, Amount, PaymentMethod, TransactionRef) VALUES (1936,'2025-05-20',6047,'Card','TXN639019');
INSERT INTO [Order](CustomerID, OrderDate, Status, TotalAmount) VALUES (194,'2025-04-21','Delivered',0);
INSERT INTO OrderLines(OrderID, ProductID, Qty, UnitPrice) VALUES (1937,27,1,1149);
INSERT INTO OrderLines(OrderID, ProductID, Qty, UnitPrice) VALUES (1937,37,1,771);
INSERT INTO OrderLines(OrderID, ProductID, Qty, UnitPrice) VALUES (1937,37,1,1012);
INSERT INTO OrderLines(OrderID, ProductID, Qty, UnitPrice) VALUES (1937,31,2,428);
UPDATE [Order] SET TotalAmount=3788 WHERE OrderID=1937;
INSERT INTO Payment(OrderID, PaymentDate, Amount, PaymentMethod, TransactionRef) VALUES (1937,'2025-04-26',3788,'Cash','TXN109371');
INSERT INTO [Order](CustomerID, OrderDate, Status, TotalAmount) VALUES (194,'2025-09-02','Shipped',0);
INSERT INTO OrderLines(OrderID, ProductID, Qty, UnitPrice) VALUES (1938,38,3,543);
INSERT INTO OrderLines(OrderID, ProductID, Qty, UnitPrice) VALUES (1938,11,3,714);
INSERT INTO OrderLines(OrderID, ProductID, Qty, UnitPrice) VALUES (1938,19,2,475);
INSERT INTO OrderLines(OrderID, ProductID, Qty, UnitPrice) VALUES (1938,10,2,1310);
UPDATE [Order] SET TotalAmount=7341 WHERE OrderID=1938;
INSERT INTO Payment(OrderID, PaymentDate, Amount, PaymentMethod, TransactionRef) VALUES (1938,'2025-09-03',7341,'PayPal','TXN995483');
INSERT INTO [Order](CustomerID, OrderDate, Status, TotalAmount) VALUES (194,'2025-04-16','Delivered',0);
INSERT INTO OrderLines(OrderID, ProductID, Qty, UnitPrice) VALUES (1939,28,3,63);
INSERT INTO OrderLines(OrderID, ProductID, Qty, UnitPrice) VALUES (1939,3,2,83);
INSERT INTO OrderLines(OrderID, ProductID, Qty, UnitPrice) VALUES (1939,22,3,376);
INSERT INTO OrderLines(OrderID, ProductID, Qty, UnitPrice) VALUES (1939,21,1,641);
UPDATE [Order] SET TotalAmount=2124 WHERE OrderID=1939;
INSERT INTO Payment(OrderID, PaymentDate, Amount, PaymentMethod, TransactionRef) VALUES (1939,'2025-04-17',2124,'Cash','TXN446953');
INSERT INTO [Order](CustomerID, OrderDate, Status, TotalAmount) VALUES (194,'2025-12-21','Delivered',0);
INSERT INTO OrderLines(OrderID, ProductID, Qty, UnitPrice) VALUES (1940,21,1,285);
INSERT INTO OrderLines(OrderID, ProductID, Qty, UnitPrice) VALUES (1940,27,2,111);
INSERT INTO OrderLines(OrderID, ProductID, Qty, UnitPrice) VALUES (1940,48,2,495);
INSERT INTO OrderLines(OrderID, ProductID, Qty, UnitPrice) VALUES (1940,13,3,1411);
UPDATE [Order] SET TotalAmount=5730 WHERE OrderID=1940;
INSERT INTO Payment(OrderID, PaymentDate, Amount, PaymentMethod, TransactionRef) VALUES (1940,'2025-12-22',5730,'Card','TXN922655');
INSERT INTO [Order](CustomerID, OrderDate, Status, TotalAmount) VALUES (195,'2025-01-09','Shipped',0);
INSERT INTO OrderLines(OrderID, ProductID, Qty, UnitPrice) VALUES (1941,25,2,1267);
INSERT INTO OrderLines(OrderID, ProductID, Qty, UnitPrice) VALUES (1941,36,1,966);
INSERT INTO OrderLines(OrderID, ProductID, Qty, UnitPrice) VALUES (1941,20,2,325);
INSERT INTO OrderLines(OrderID, ProductID, Qty, UnitPrice) VALUES (1941,14,1,1445);
UPDATE [Order] SET TotalAmount=5595 WHERE OrderID=1941;
INSERT INTO Payment(OrderID, PaymentDate, Amount, PaymentMethod, TransactionRef) VALUES (1941,'2025-01-12',5595,'PayPal','TXN162701');
INSERT INTO [Order](CustomerID, OrderDate, Status, TotalAmount) VALUES (195,'2025-12-22','Processing',0);
INSERT INTO OrderLines(OrderID, ProductID, Qty, UnitPrice) VALUES (1942,28,2,173);
INSERT INTO OrderLines(OrderID, ProductID, Qty, UnitPrice) VALUES (1942,39,2,1013);
INSERT INTO OrderLines(OrderID, ProductID, Qty, UnitPrice) VALUES (1942,40,1,581);
INSERT INTO OrderLines(OrderID, ProductID, Qty, UnitPrice) VALUES (1942,3,3,998);
UPDATE [Order] SET TotalAmount=5947 WHERE OrderID=1942;
INSERT INTO Payment(OrderID, PaymentDate, Amount, PaymentMethod, TransactionRef) VALUES (1942,'2025-12-23',5947,'Cash','TXN288023');
INSERT INTO [Order](CustomerID, OrderDate, Status, TotalAmount) VALUES (195,'2025-07-25','Shipped',0);
INSERT INTO OrderLines(OrderID, ProductID, Qty, UnitPrice) VALUES (1943,15,1,556);
INSERT INTO OrderLines(OrderID, ProductID, Qty, UnitPrice) VALUES (1943,29,2,1364);
INSERT INTO OrderLines(OrderID, ProductID, Qty, UnitPrice) VALUES (1943,47,1,486);
INSERT INTO OrderLines(OrderID, ProductID, Qty, UnitPrice) VALUES (1943,21,2,454);
UPDATE [Order] SET TotalAmount=4678 WHERE OrderID=1943;
INSERT INTO Payment(OrderID, PaymentDate, Amount, PaymentMethod, TransactionRef) VALUES (1943,'2025-07-30',4678,'PayPal','TXN127211');
INSERT INTO [Order](CustomerID, OrderDate, Status, TotalAmount) VALUES (195,'2025-05-01','Shipped',0);
INSERT INTO OrderLines(OrderID, ProductID, Qty, UnitPrice) VALUES (1944,34,3,124);
INSERT INTO OrderLines(OrderID, ProductID, Qty, UnitPrice) VALUES (1944,30,1,829);
INSERT INTO OrderLines(OrderID, ProductID, Qty, UnitPrice) VALUES (1944,2,1,403);
INSERT INTO OrderLines(OrderID, ProductID, Qty, UnitPrice) VALUES (1944,10,2,879);
UPDATE [Order] SET TotalAmount=3362 WHERE OrderID=1944;
INSERT INTO Payment(OrderID, PaymentDate, Amount, PaymentMethod, TransactionRef) VALUES (1944,'2025-05-03',3362,'PayPal','TXN873215');
INSERT INTO [Order](CustomerID, OrderDate, Status, TotalAmount) VALUES (195,'2025-02-17','Cancelled',0);
INSERT INTO OrderLines(OrderID, ProductID, Qty, UnitPrice) VALUES (1945,23,1,847);
INSERT INTO OrderLines(OrderID, ProductID, Qty, UnitPrice) VALUES (1945,25,2,819);
INSERT INTO OrderLines(OrderID, ProductID, Qty, UnitPrice) VALUES (1945,2,2,276);
INSERT INTO OrderLines(OrderID, ProductID, Qty, UnitPrice) VALUES (1945,15,1,479);
UPDATE [Order] SET TotalAmount=3516 WHERE OrderID=1945;
INSERT INTO Payment(OrderID, PaymentDate, Amount, PaymentMethod, TransactionRef) VALUES (1945,'2025-02-18',3516,'PayPal','TXN286858');
INSERT INTO [Order](CustomerID, OrderDate, Status, TotalAmount) VALUES (195,'2025-08-18','Cancelled',0);
INSERT INTO OrderLines(OrderID, ProductID, Qty, UnitPrice) VALUES (1946,49,2,1239);
INSERT INTO OrderLines(OrderID, ProductID, Qty, UnitPrice) VALUES (1946,3,3,1016);
INSERT INTO OrderLines(OrderID, ProductID, Qty, UnitPrice) VALUES (1946,42,1,1317);
INSERT INTO OrderLines(OrderID, ProductID, Qty, UnitPrice) VALUES (1946,3,2,278);
UPDATE [Order] SET TotalAmount=7399 WHERE OrderID=1946;
INSERT INTO Payment(OrderID, PaymentDate, Amount, PaymentMethod, TransactionRef) VALUES (1946,'2025-08-18',7399,'Cash','TXN168532');
INSERT INTO [Order](CustomerID, OrderDate, Status, TotalAmount) VALUES (195,'2025-07-13','Cancelled',0);
INSERT INTO OrderLines(OrderID, ProductID, Qty, UnitPrice) VALUES (1947,8,3,1386);
INSERT INTO OrderLines(OrderID, ProductID, Qty, UnitPrice) VALUES (1947,48,3,696);
INSERT INTO OrderLines(OrderID, ProductID, Qty, UnitPrice) VALUES (1947,12,1,1377);
INSERT INTO OrderLines(OrderID, ProductID, Qty, UnitPrice) VALUES (1947,20,2,989);
UPDATE [Order] SET TotalAmount=9601 WHERE OrderID=1947;
INSERT INTO Payment(OrderID, PaymentDate, Amount, PaymentMethod, TransactionRef) VALUES (1947,'2025-07-13',9601,'Card','TXN720833');
INSERT INTO [Order](CustomerID, OrderDate, Status, TotalAmount) VALUES (195,'2025-07-10','Delivered',0);
INSERT INTO OrderLines(OrderID, ProductID, Qty, UnitPrice) VALUES (1948,42,1,84);
INSERT INTO OrderLines(OrderID, ProductID, Qty, UnitPrice) VALUES (1948,6,2,305);
INSERT INTO OrderLines(OrderID, ProductID, Qty, UnitPrice) VALUES (1948,17,2,38);
INSERT INTO OrderLines(OrderID, ProductID, Qty, UnitPrice) VALUES (1948,19,1,556);
UPDATE [Order] SET TotalAmount=1326 WHERE OrderID=1948;
INSERT INTO Payment(OrderID, PaymentDate, Amount, PaymentMethod, TransactionRef) VALUES (1948,'2025-07-10',1326,'Cash','TXN338461');
INSERT INTO [Order](CustomerID, OrderDate, Status, TotalAmount) VALUES (195,'2025-08-09','Cancelled',0);
INSERT INTO OrderLines(OrderID, ProductID, Qty, UnitPrice) VALUES (1949,16,1,1091);
INSERT INTO OrderLines(OrderID, ProductID, Qty, UnitPrice) VALUES (1949,12,3,471);
INSERT INTO OrderLines(OrderID, ProductID, Qty, UnitPrice) VALUES (1949,26,3,46);
INSERT INTO OrderLines(OrderID, ProductID, Qty, UnitPrice) VALUES (1949,31,2,940);
UPDATE [Order] SET TotalAmount=4522 WHERE OrderID=1949;
INSERT INTO Payment(OrderID, PaymentDate, Amount, PaymentMethod, TransactionRef) VALUES (1949,'2025-08-13',4522,'Card','TXN119335');
INSERT INTO [Order](CustomerID, OrderDate, Status, TotalAmount) VALUES (195,'2025-06-15','Delivered',0);
INSERT INTO OrderLines(OrderID, ProductID, Qty, UnitPrice) VALUES (1950,21,2,1458);
INSERT INTO OrderLines(OrderID, ProductID, Qty, UnitPrice) VALUES (1950,37,1,1032);
INSERT INTO OrderLines(OrderID, ProductID, Qty, UnitPrice) VALUES (1950,33,3,1416);
INSERT INTO OrderLines(OrderID, ProductID, Qty, UnitPrice) VALUES (1950,38,1,664);
UPDATE [Order] SET TotalAmount=8860 WHERE OrderID=1950;
INSERT INTO Payment(OrderID, PaymentDate, Amount, PaymentMethod, TransactionRef) VALUES (1950,'2025-06-15',8860,'Cash','TXN702253');
INSERT INTO [Order](CustomerID, OrderDate, Status, TotalAmount) VALUES (196,'2025-01-03','Delivered',0);
INSERT INTO OrderLines(OrderID, ProductID, Qty, UnitPrice) VALUES (1951,29,3,612);
INSERT INTO OrderLines(OrderID, ProductID, Qty, UnitPrice) VALUES (1951,40,3,35);
INSERT INTO OrderLines(OrderID, ProductID, Qty, UnitPrice) VALUES (1951,36,1,1297);
INSERT INTO OrderLines(OrderID, ProductID, Qty, UnitPrice) VALUES (1951,26,1,494);
UPDATE [Order] SET TotalAmount=3732 WHERE OrderID=1951;
INSERT INTO Payment(OrderID, PaymentDate, Amount, PaymentMethod, TransactionRef) VALUES (1951,'2025-01-07',3732,'PayPal','TXN367207');
INSERT INTO [Order](CustomerID, OrderDate, Status, TotalAmount) VALUES (196,'2025-11-15','Processing',0);
INSERT INTO OrderLines(OrderID, ProductID, Qty, UnitPrice) VALUES (1952,42,2,616);
INSERT INTO OrderLines(OrderID, ProductID, Qty, UnitPrice) VALUES (1952,24,3,1068);
INSERT INTO OrderLines(OrderID, ProductID, Qty, UnitPrice) VALUES (1952,33,2,1072);
INSERT INTO OrderLines(OrderID, ProductID, Qty, UnitPrice) VALUES (1952,30,3,332);
UPDATE [Order] SET TotalAmount=7576 WHERE OrderID=1952;
INSERT INTO Payment(OrderID, PaymentDate, Amount, PaymentMethod, TransactionRef) VALUES (1952,'2025-11-17',7576,'Card','TXN830587');
INSERT INTO [Order](CustomerID, OrderDate, Status, TotalAmount) VALUES (196,'2025-11-29','Processing',0);
INSERT INTO OrderLines(OrderID, ProductID, Qty, UnitPrice) VALUES (1953,1,1,760);
INSERT INTO OrderLines(OrderID, ProductID, Qty, UnitPrice) VALUES (1953,46,3,1218);
INSERT INTO OrderLines(OrderID, ProductID, Qty, UnitPrice) VALUES (1953,5,3,615);
INSERT INTO OrderLines(OrderID, ProductID, Qty, UnitPrice) VALUES (1953,32,2,1366);
UPDATE [Order] SET TotalAmount=8991 WHERE OrderID=1953;
INSERT INTO Payment(OrderID, PaymentDate, Amount, PaymentMethod, TransactionRef) VALUES (1953,'2025-12-03',8991,'Cash','TXN867300');
INSERT INTO [Order](CustomerID, OrderDate, Status, TotalAmount) VALUES (196,'2025-01-21','Cancelled',0);
INSERT INTO OrderLines(OrderID, ProductID, Qty, UnitPrice) VALUES (1954,12,2,235);
INSERT INTO OrderLines(OrderID, ProductID, Qty, UnitPrice) VALUES (1954,25,3,1058);
INSERT INTO OrderLines(OrderID, ProductID, Qty, UnitPrice) VALUES (1954,11,1,1381);
INSERT INTO OrderLines(OrderID, ProductID, Qty, UnitPrice) VALUES (1954,1,3,547);
UPDATE [Order] SET TotalAmount=6666 WHERE OrderID=1954;
INSERT INTO Payment(OrderID, PaymentDate, Amount, PaymentMethod, TransactionRef) VALUES (1954,'2025-01-23',6666,'Cash','TXN264057');
INSERT INTO [Order](CustomerID, OrderDate, Status, TotalAmount) VALUES (196,'2025-02-25','Shipped',0);
INSERT INTO OrderLines(OrderID, ProductID, Qty, UnitPrice) VALUES (1955,8,2,133);
INSERT INTO OrderLines(OrderID, ProductID, Qty, UnitPrice) VALUES (1955,30,1,228);
INSERT INTO OrderLines(OrderID, ProductID, Qty, UnitPrice) VALUES (1955,5,1,1021);
INSERT INTO OrderLines(OrderID, ProductID, Qty, UnitPrice) VALUES (1955,48,3,991);
UPDATE [Order] SET TotalAmount=4488 WHERE OrderID=1955;
INSERT INTO Payment(OrderID, PaymentDate, Amount, PaymentMethod, TransactionRef) VALUES (1955,'2025-03-02',4488,'Card','TXN517813');
INSERT INTO [Order](CustomerID, OrderDate, Status, TotalAmount) VALUES (196,'2025-05-17','Shipped',0);
INSERT INTO OrderLines(OrderID, ProductID, Qty, UnitPrice) VALUES (1956,49,1,663);
INSERT INTO OrderLines(OrderID, ProductID, Qty, UnitPrice) VALUES (1956,27,1,662);
INSERT INTO OrderLines(OrderID, ProductID, Qty, UnitPrice) VALUES (1956,30,3,335);
INSERT INTO OrderLines(OrderID, ProductID, Qty, UnitPrice) VALUES (1956,30,3,58);
UPDATE [Order] SET TotalAmount=2504 WHERE OrderID=1956;
INSERT INTO Payment(OrderID, PaymentDate, Amount, PaymentMethod, TransactionRef) VALUES (1956,'2025-05-20',2504,'PayPal','TXN486447');
INSERT INTO [Order](CustomerID, OrderDate, Status, TotalAmount) VALUES (196,'2025-11-11','Cancelled',0);
INSERT INTO OrderLines(OrderID, ProductID, Qty, UnitPrice) VALUES (1957,37,2,1005);
INSERT INTO OrderLines(OrderID, ProductID, Qty, UnitPrice) VALUES (1957,14,1,515);
INSERT INTO OrderLines(OrderID, ProductID, Qty, UnitPrice) VALUES (1957,17,1,291);
INSERT INTO OrderLines(OrderID, ProductID, Qty, UnitPrice) VALUES (1957,17,3,817);
UPDATE [Order] SET TotalAmount=5267 WHERE OrderID=1957;
INSERT INTO Payment(OrderID, PaymentDate, Amount, PaymentMethod, TransactionRef) VALUES (1957,'2025-11-15',5267,'Card','TXN139007');
INSERT INTO [Order](CustomerID, OrderDate, Status, TotalAmount) VALUES (196,'2025-08-20','Delivered',0);
INSERT INTO OrderLines(OrderID, ProductID, Qty, UnitPrice) VALUES (1958,44,3,706);
INSERT INTO OrderLines(OrderID, ProductID, Qty, UnitPrice) VALUES (1958,29,3,529);
INSERT INTO OrderLines(OrderID, ProductID, Qty, UnitPrice) VALUES (1958,27,1,866);
INSERT INTO OrderLines(OrderID, ProductID, Qty, UnitPrice) VALUES (1958,9,2,584);
UPDATE [Order] SET TotalAmount=5739 WHERE OrderID=1958;
INSERT INTO Payment(OrderID, PaymentDate, Amount, PaymentMethod, TransactionRef) VALUES (1958,'2025-08-23',5739,'Cash','TXN401684');
INSERT INTO [Order](CustomerID, OrderDate, Status, TotalAmount) VALUES (196,'2025-10-11','Processing',0);
INSERT INTO OrderLines(OrderID, ProductID, Qty, UnitPrice) VALUES (1959,28,2,162);
INSERT INTO OrderLines(OrderID, ProductID, Qty, UnitPrice) VALUES (1959,38,1,528);
INSERT INTO OrderLines(OrderID, ProductID, Qty, UnitPrice) VALUES (1959,3,3,521);
INSERT INTO OrderLines(OrderID, ProductID, Qty, UnitPrice) VALUES (1959,11,3,497);
UPDATE [Order] SET TotalAmount=3906 WHERE OrderID=1959;
INSERT INTO Payment(OrderID, PaymentDate, Amount, PaymentMethod, TransactionRef) VALUES (1959,'2025-10-16',3906,'Cash','TXN875336');
INSERT INTO [Order](CustomerID, OrderDate, Status, TotalAmount) VALUES (196,'2025-08-23','Delivered',0);
INSERT INTO OrderLines(OrderID, ProductID, Qty, UnitPrice) VALUES (1960,16,1,565);
INSERT INTO OrderLines(OrderID, ProductID, Qty, UnitPrice) VALUES (1960,7,1,1073);
INSERT INTO OrderLines(OrderID, ProductID, Qty, UnitPrice) VALUES (1960,7,2,938);
INSERT INTO OrderLines(OrderID, ProductID, Qty, UnitPrice) VALUES (1960,27,2,1375);
UPDATE [Order] SET TotalAmount=6264 WHERE OrderID=1960;
INSERT INTO Payment(OrderID, PaymentDate, Amount, PaymentMethod, TransactionRef) VALUES (1960,'2025-08-23',6264,'PayPal','TXN298650');
INSERT INTO [Order](CustomerID, OrderDate, Status, TotalAmount) VALUES (197,'2025-07-14','Processing',0);
INSERT INTO OrderLines(OrderID, ProductID, Qty, UnitPrice) VALUES (1961,34,3,1238);
INSERT INTO OrderLines(OrderID, ProductID, Qty, UnitPrice) VALUES (1961,9,1,974);
INSERT INTO OrderLines(OrderID, ProductID, Qty, UnitPrice) VALUES (1961,23,3,30);
INSERT INTO OrderLines(OrderID, ProductID, Qty, UnitPrice) VALUES (1961,33,1,240);
UPDATE [Order] SET TotalAmount=5018 WHERE OrderID=1961;
INSERT INTO Payment(OrderID, PaymentDate, Amount, PaymentMethod, TransactionRef) VALUES (1961,'2025-07-14',5018,'Cash','TXN484238');
INSERT INTO [Order](CustomerID, OrderDate, Status, TotalAmount) VALUES (197,'2025-09-18','Delivered',0);
INSERT INTO OrderLines(OrderID, ProductID, Qty, UnitPrice) VALUES (1962,42,1,753);
INSERT INTO OrderLines(OrderID, ProductID, Qty, UnitPrice) VALUES (1962,31,2,434);
INSERT INTO OrderLines(OrderID, ProductID, Qty, UnitPrice) VALUES (1962,25,1,823);
INSERT INTO OrderLines(OrderID, ProductID, Qty, UnitPrice) VALUES (1962,3,1,216);
UPDATE [Order] SET TotalAmount=2660 WHERE OrderID=1962;
INSERT INTO Payment(OrderID, PaymentDate, Amount, PaymentMethod, TransactionRef) VALUES (1962,'2025-09-22',2660,'Cash','TXN509737');
INSERT INTO [Order](CustomerID, OrderDate, Status, TotalAmount) VALUES (197,'2025-12-03','Cancelled',0);
INSERT INTO OrderLines(OrderID, ProductID, Qty, UnitPrice) VALUES (1963,13,1,43);
INSERT INTO OrderLines(OrderID, ProductID, Qty, UnitPrice) VALUES (1963,43,3,1259);
INSERT INTO OrderLines(OrderID, ProductID, Qty, UnitPrice) VALUES (1963,37,1,525);
INSERT INTO OrderLines(OrderID, ProductID, Qty, UnitPrice) VALUES (1963,25,1,387);
UPDATE [Order] SET TotalAmount=4732 WHERE OrderID=1963;
INSERT INTO Payment(OrderID, PaymentDate, Amount, PaymentMethod, TransactionRef) VALUES (1963,'2025-12-03',4732,'Card','TXN802977');
INSERT INTO [Order](CustomerID, OrderDate, Status, TotalAmount) VALUES (197,'2025-02-22','Cancelled',0);
INSERT INTO OrderLines(OrderID, ProductID, Qty, UnitPrice) VALUES (1964,1,2,831);
INSERT INTO OrderLines(OrderID, ProductID, Qty, UnitPrice) VALUES (1964,49,2,491);
INSERT INTO OrderLines(OrderID, ProductID, Qty, UnitPrice) VALUES (1964,4,1,1141);
INSERT INTO OrderLines(OrderID, ProductID, Qty, UnitPrice) VALUES (1964,29,2,666);
UPDATE [Order] SET TotalAmount=5117 WHERE OrderID=1964;
INSERT INTO Payment(OrderID, PaymentDate, Amount, PaymentMethod, TransactionRef) VALUES (1964,'2025-02-24',5117,'Cash','TXN135723');
INSERT INTO [Order](CustomerID, OrderDate, Status, TotalAmount) VALUES (197,'2025-08-26','Shipped',0);
INSERT INTO OrderLines(OrderID, ProductID, Qty, UnitPrice) VALUES (1965,15,1,1229);
INSERT INTO OrderLines(OrderID, ProductID, Qty, UnitPrice) VALUES (1965,39,1,876);
INSERT INTO OrderLines(OrderID, ProductID, Qty, UnitPrice) VALUES (1965,23,2,1083);
INSERT INTO OrderLines(OrderID, ProductID, Qty, UnitPrice) VALUES (1965,32,3,961);
UPDATE [Order] SET TotalAmount=7154 WHERE OrderID=1965;
INSERT INTO Payment(OrderID, PaymentDate, Amount, PaymentMethod, TransactionRef) VALUES (1965,'2025-08-27',7154,'PayPal','TXN283568');
INSERT INTO [Order](CustomerID, OrderDate, Status, TotalAmount) VALUES (197,'2025-09-01','Cancelled',0);
INSERT INTO OrderLines(OrderID, ProductID, Qty, UnitPrice) VALUES (1966,3,1,1215);
INSERT INTO OrderLines(OrderID, ProductID, Qty, UnitPrice) VALUES (1966,27,2,1479);
INSERT INTO OrderLines(OrderID, ProductID, Qty, UnitPrice) VALUES (1966,35,3,583);
INSERT INTO OrderLines(OrderID, ProductID, Qty, UnitPrice) VALUES (1966,35,2,488);
UPDATE [Order] SET TotalAmount=6898 WHERE OrderID=1966;
INSERT INTO Payment(OrderID, PaymentDate, Amount, PaymentMethod, TransactionRef) VALUES (1966,'2025-09-04',6898,'PayPal','TXN655512');
INSERT INTO [Order](CustomerID, OrderDate, Status, TotalAmount) VALUES (197,'2025-08-05','Delivered',0);
INSERT INTO OrderLines(OrderID, ProductID, Qty, UnitPrice) VALUES (1967,20,2,1487);
INSERT INTO OrderLines(OrderID, ProductID, Qty, UnitPrice) VALUES (1967,40,3,304);
INSERT INTO OrderLines(OrderID, ProductID, Qty, UnitPrice) VALUES (1967,29,2,1157);
INSERT INTO OrderLines(OrderID, ProductID, Qty, UnitPrice) VALUES (1967,15,2,1315);
UPDATE [Order] SET TotalAmount=8830 WHERE OrderID=1967;
INSERT INTO Payment(OrderID, PaymentDate, Amount, PaymentMethod, TransactionRef) VALUES (1967,'2025-08-10',8830,'Cash','TXN358179');
INSERT INTO [Order](CustomerID, OrderDate, Status, TotalAmount) VALUES (197,'2025-02-17','Shipped',0);
INSERT INTO OrderLines(OrderID, ProductID, Qty, UnitPrice) VALUES (1968,35,2,1378);
INSERT INTO OrderLines(OrderID, ProductID, Qty, UnitPrice) VALUES (1968,5,1,527);
INSERT INTO OrderLines(OrderID, ProductID, Qty, UnitPrice) VALUES (1968,6,3,280);
INSERT INTO OrderLines(OrderID, ProductID, Qty, UnitPrice) VALUES (1968,35,2,331);
UPDATE [Order] SET TotalAmount=4785 WHERE OrderID=1968;
INSERT INTO Payment(OrderID, PaymentDate, Amount, PaymentMethod, TransactionRef) VALUES (1968,'2025-02-19',4785,'Cash','TXN580898');
INSERT INTO [Order](CustomerID, OrderDate, Status, TotalAmount) VALUES (197,'2025-08-03','Processing',0);
INSERT INTO OrderLines(OrderID, ProductID, Qty, UnitPrice) VALUES (1969,34,2,270);
INSERT INTO OrderLines(OrderID, ProductID, Qty, UnitPrice) VALUES (1969,44,2,343);
INSERT INTO OrderLines(OrderID, ProductID, Qty, UnitPrice) VALUES (1969,36,1,848);
INSERT INTO OrderLines(OrderID, ProductID, Qty, UnitPrice) VALUES (1969,12,2,419);
UPDATE [Order] SET TotalAmount=2912 WHERE OrderID=1969;
INSERT INTO Payment(OrderID, PaymentDate, Amount, PaymentMethod, TransactionRef) VALUES (1969,'2025-08-03',2912,'Cash','TXN197923');
INSERT INTO [Order](CustomerID, OrderDate, Status, TotalAmount) VALUES (197,'2025-06-17','Cancelled',0);
INSERT INTO OrderLines(OrderID, ProductID, Qty, UnitPrice) VALUES (1970,20,2,594);
INSERT INTO OrderLines(OrderID, ProductID, Qty, UnitPrice) VALUES (1970,11,1,62);
INSERT INTO OrderLines(OrderID, ProductID, Qty, UnitPrice) VALUES (1970,8,3,828);
INSERT INTO OrderLines(OrderID, ProductID, Qty, UnitPrice) VALUES (1970,50,1,64);
UPDATE [Order] SET TotalAmount=3798 WHERE OrderID=1970;
INSERT INTO Payment(OrderID, PaymentDate, Amount, PaymentMethod, TransactionRef) VALUES (1970,'2025-06-18',3798,'Card','TXN996400');
INSERT INTO [Order](CustomerID, OrderDate, Status, TotalAmount) VALUES (198,'2025-04-01','Shipped',0);
INSERT INTO OrderLines(OrderID, ProductID, Qty, UnitPrice) VALUES (1971,3,3,1199);
INSERT INTO OrderLines(OrderID, ProductID, Qty, UnitPrice) VALUES (1971,29,3,1254);
INSERT INTO OrderLines(OrderID, ProductID, Qty, UnitPrice) VALUES (1971,34,2,629);
INSERT INTO OrderLines(OrderID, ProductID, Qty, UnitPrice) VALUES (1971,1,1,1391);
UPDATE [Order] SET TotalAmount=10008 WHERE OrderID=1971;
INSERT INTO Payment(OrderID, PaymentDate, Amount, PaymentMethod, TransactionRef) VALUES (1971,'2025-04-06',10008,'PayPal','TXN586089');
INSERT INTO [Order](CustomerID, OrderDate, Status, TotalAmount) VALUES (198,'2025-11-07','Cancelled',0);
INSERT INTO OrderLines(OrderID, ProductID, Qty, UnitPrice) VALUES (1972,30,3,121);
INSERT INTO OrderLines(OrderID, ProductID, Qty, UnitPrice) VALUES (1972,34,2,1179);
INSERT INTO OrderLines(OrderID, ProductID, Qty, UnitPrice) VALUES (1972,47,2,879);
INSERT INTO OrderLines(OrderID, ProductID, Qty, UnitPrice) VALUES (1972,19,2,1166);
UPDATE [Order] SET TotalAmount=6811 WHERE OrderID=1972;
INSERT INTO Payment(OrderID, PaymentDate, Amount, PaymentMethod, TransactionRef) VALUES (1972,'2025-11-09',6811,'PayPal','TXN617960');
INSERT INTO [Order](CustomerID, OrderDate, Status, TotalAmount) VALUES (198,'2025-02-03','Processing',0);
INSERT INTO OrderLines(OrderID, ProductID, Qty, UnitPrice) VALUES (1973,36,2,424);
INSERT INTO OrderLines(OrderID, ProductID, Qty, UnitPrice) VALUES (1973,10,1,549);
INSERT INTO OrderLines(OrderID, ProductID, Qty, UnitPrice) VALUES (1973,47,1,582);
INSERT INTO OrderLines(OrderID, ProductID, Qty, UnitPrice) VALUES (1973,23,2,1131);
UPDATE [Order] SET TotalAmount=4241 WHERE OrderID=1973;
INSERT INTO Payment(OrderID, PaymentDate, Amount, PaymentMethod, TransactionRef) VALUES (1973,'2025-02-05',4241,'Card','TXN890485');
INSERT INTO [Order](CustomerID, OrderDate, Status, TotalAmount) VALUES (198,'2025-03-13','Delivered',0);
INSERT INTO OrderLines(OrderID, ProductID, Qty, UnitPrice) VALUES (1974,33,1,980);
INSERT INTO OrderLines(OrderID, ProductID, Qty, UnitPrice) VALUES (1974,42,1,733);
INSERT INTO OrderLines(OrderID, ProductID, Qty, UnitPrice) VALUES (1974,32,2,1359);
INSERT INTO OrderLines(OrderID, ProductID, Qty, UnitPrice) VALUES (1974,21,2,51);
UPDATE [Order] SET TotalAmount=4533 WHERE OrderID=1974;
INSERT INTO Payment(OrderID, PaymentDate, Amount, PaymentMethod, TransactionRef) VALUES (1974,'2025-03-17',4533,'PayPal','TXN975578');
INSERT INTO [Order](CustomerID, OrderDate, Status, TotalAmount) VALUES (198,'2025-11-22','Cancelled',0);
INSERT INTO OrderLines(OrderID, ProductID, Qty, UnitPrice) VALUES (1975,5,1,1106);
INSERT INTO OrderLines(OrderID, ProductID, Qty, UnitPrice) VALUES (1975,8,1,1316);
INSERT INTO OrderLines(OrderID, ProductID, Qty, UnitPrice) VALUES (1975,17,3,1360);
INSERT INTO OrderLines(OrderID, ProductID, Qty, UnitPrice) VALUES (1975,28,3,807);
UPDATE [Order] SET TotalAmount=8923 WHERE OrderID=1975;
INSERT INTO Payment(OrderID, PaymentDate, Amount, PaymentMethod, TransactionRef) VALUES (1975,'2025-11-26',8923,'Cash','TXN773103');
INSERT INTO [Order](CustomerID, OrderDate, Status, TotalAmount) VALUES (198,'2025-08-29','Cancelled',0);
INSERT INTO OrderLines(OrderID, ProductID, Qty, UnitPrice) VALUES (1976,40,3,1116);
INSERT INTO OrderLines(OrderID, ProductID, Qty, UnitPrice) VALUES (1976,35,2,22);
INSERT INTO OrderLines(OrderID, ProductID, Qty, UnitPrice) VALUES (1976,32,2,663);
INSERT INTO OrderLines(OrderID, ProductID, Qty, UnitPrice) VALUES (1976,19,3,1070);
UPDATE [Order] SET TotalAmount=7928 WHERE OrderID=1976;
INSERT INTO Payment(OrderID, PaymentDate, Amount, PaymentMethod, TransactionRef) VALUES (1976,'2025-08-31',7928,'Cash','TXN184579');
INSERT INTO [Order](CustomerID, OrderDate, Status, TotalAmount) VALUES (198,'2025-04-12','Delivered',0);
INSERT INTO OrderLines(OrderID, ProductID, Qty, UnitPrice) VALUES (1977,43,1,1430);
INSERT INTO OrderLines(OrderID, ProductID, Qty, UnitPrice) VALUES (1977,5,1,1098);
INSERT INTO OrderLines(OrderID, ProductID, Qty, UnitPrice) VALUES (1977,28,2,1382);
INSERT INTO OrderLines(OrderID, ProductID, Qty, UnitPrice) VALUES (1977,20,1,963);
UPDATE [Order] SET TotalAmount=6255 WHERE OrderID=1977;
INSERT INTO Payment(OrderID, PaymentDate, Amount, PaymentMethod, TransactionRef) VALUES (1977,'2025-04-15',6255,'Cash','TXN159516');
INSERT INTO [Order](CustomerID, OrderDate, Status, TotalAmount) VALUES (198,'2025-06-13','Cancelled',0);
INSERT INTO OrderLines(OrderID, ProductID, Qty, UnitPrice) VALUES (1978,4,3,813);
INSERT INTO OrderLines(OrderID, ProductID, Qty, UnitPrice) VALUES (1978,14,1,249);
INSERT INTO OrderLines(OrderID, ProductID, Qty, UnitPrice) VALUES (1978,46,1,332);
INSERT INTO OrderLines(OrderID, ProductID, Qty, UnitPrice) VALUES (1978,44,1,1326);
UPDATE [Order] SET TotalAmount=4346 WHERE OrderID=1978;
INSERT INTO Payment(OrderID, PaymentDate, Amount, PaymentMethod, TransactionRef) VALUES (1978,'2025-06-16',4346,'Cash','TXN671945');
INSERT INTO [Order](CustomerID, OrderDate, Status, TotalAmount) VALUES (198,'2025-11-30','Cancelled',0);
INSERT INTO OrderLines(OrderID, ProductID, Qty, UnitPrice) VALUES (1979,41,2,1409);
INSERT INTO OrderLines(OrderID, ProductID, Qty, UnitPrice) VALUES (1979,18,1,217);
INSERT INTO OrderLines(OrderID, ProductID, Qty, UnitPrice) VALUES (1979,37,2,672);
INSERT INTO OrderLines(OrderID, ProductID, Qty, UnitPrice) VALUES (1979,44,3,765);
UPDATE [Order] SET TotalAmount=6674 WHERE OrderID=1979;
INSERT INTO Payment(OrderID, PaymentDate, Amount, PaymentMethod, TransactionRef) VALUES (1979,'2025-12-02',6674,'Cash','TXN894306');
INSERT INTO [Order](CustomerID, OrderDate, Status, TotalAmount) VALUES (198,'2025-02-27','Shipped',0);
INSERT INTO OrderLines(OrderID, ProductID, Qty, UnitPrice) VALUES (1980,24,2,1485);
INSERT INTO OrderLines(OrderID, ProductID, Qty, UnitPrice) VALUES (1980,22,2,153);
INSERT INTO OrderLines(OrderID, ProductID, Qty, UnitPrice) VALUES (1980,38,2,1165);
INSERT INTO OrderLines(OrderID, ProductID, Qty, UnitPrice) VALUES (1980,29,3,1185);
UPDATE [Order] SET TotalAmount=9161 WHERE OrderID=1980;
INSERT INTO Payment(OrderID, PaymentDate, Amount, PaymentMethod, TransactionRef) VALUES (1980,'2025-02-27',9161,'Card','TXN350578');
INSERT INTO [Order](CustomerID, OrderDate, Status, TotalAmount) VALUES (199,'2025-02-24','Shipped',0);
INSERT INTO OrderLines(OrderID, ProductID, Qty, UnitPrice) VALUES (1981,44,3,773);
INSERT INTO OrderLines(OrderID, ProductID, Qty, UnitPrice) VALUES (1981,30,3,533);
INSERT INTO OrderLines(OrderID, ProductID, Qty, UnitPrice) VALUES (1981,31,1,1139);
INSERT INTO OrderLines(OrderID, ProductID, Qty, UnitPrice) VALUES (1981,7,3,642);
UPDATE [Order] SET TotalAmount=6983 WHERE OrderID=1981;
INSERT INTO Payment(OrderID, PaymentDate, Amount, PaymentMethod, TransactionRef) VALUES (1981,'2025-02-27',6983,'Card','TXN233410');
INSERT INTO [Order](CustomerID, OrderDate, Status, TotalAmount) VALUES (199,'2025-09-02','Cancelled',0);
INSERT INTO OrderLines(OrderID, ProductID, Qty, UnitPrice) VALUES (1982,21,1,485);
INSERT INTO OrderLines(OrderID, ProductID, Qty, UnitPrice) VALUES (1982,31,2,382);
INSERT INTO OrderLines(OrderID, ProductID, Qty, UnitPrice) VALUES (1982,36,2,386);
INSERT INTO OrderLines(OrderID, ProductID, Qty, UnitPrice) VALUES (1982,39,3,909);
UPDATE [Order] SET TotalAmount=4748 WHERE OrderID=1982;
INSERT INTO Payment(OrderID, PaymentDate, Amount, PaymentMethod, TransactionRef) VALUES (1982,'2025-09-05',4748,'Card','TXN223486');
INSERT INTO [Order](CustomerID, OrderDate, Status, TotalAmount) VALUES (199,'2025-08-08','Processing',0);
INSERT INTO OrderLines(OrderID, ProductID, Qty, UnitPrice) VALUES (1983,15,1,334);
INSERT INTO OrderLines(OrderID, ProductID, Qty, UnitPrice) VALUES (1983,42,2,1367);
INSERT INTO OrderLines(OrderID, ProductID, Qty, UnitPrice) VALUES (1983,18,3,839);
INSERT INTO OrderLines(OrderID, ProductID, Qty, UnitPrice) VALUES (1983,22,2,365);
UPDATE [Order] SET TotalAmount=6315 WHERE OrderID=1983;
INSERT INTO Payment(OrderID, PaymentDate, Amount, PaymentMethod, TransactionRef) VALUES (1983,'2025-08-11',6315,'Cash','TXN952021');
INSERT INTO [Order](CustomerID, OrderDate, Status, TotalAmount) VALUES (199,'2025-03-25','Cancelled',0);
INSERT INTO OrderLines(OrderID, ProductID, Qty, UnitPrice) VALUES (1984,46,3,682);
INSERT INTO OrderLines(OrderID, ProductID, Qty, UnitPrice) VALUES (1984,33,1,848);
INSERT INTO OrderLines(OrderID, ProductID, Qty, UnitPrice) VALUES (1984,48,2,52);
INSERT INTO OrderLines(OrderID, ProductID, Qty, UnitPrice) VALUES (1984,50,2,450);
UPDATE [Order] SET TotalAmount=3898 WHERE OrderID=1984;
INSERT INTO Payment(OrderID, PaymentDate, Amount, PaymentMethod, TransactionRef) VALUES (1984,'2025-03-30',3898,'PayPal','TXN544221');
INSERT INTO [Order](CustomerID, OrderDate, Status, TotalAmount) VALUES (199,'2025-04-16','Delivered',0);
INSERT INTO OrderLines(OrderID, ProductID, Qty, UnitPrice) VALUES (1985,16,2,1120);
INSERT INTO OrderLines(OrderID, ProductID, Qty, UnitPrice) VALUES (1985,7,2,569);
INSERT INTO OrderLines(OrderID, ProductID, Qty, UnitPrice) VALUES (1985,11,2,186);
INSERT INTO OrderLines(OrderID, ProductID, Qty, UnitPrice) VALUES (1985,48,3,1060);
UPDATE [Order] SET TotalAmount=6930 WHERE OrderID=1985;
INSERT INTO Payment(OrderID, PaymentDate, Amount, PaymentMethod, TransactionRef) VALUES (1985,'2025-04-19',6930,'PayPal','TXN457879');
INSERT INTO [Order](CustomerID, OrderDate, Status, TotalAmount) VALUES (199,'2025-05-02','Shipped',0);
INSERT INTO OrderLines(OrderID, ProductID, Qty, UnitPrice) VALUES (1986,34,2,449);
INSERT INTO OrderLines(OrderID, ProductID, Qty, UnitPrice) VALUES (1986,9,2,354);
INSERT INTO OrderLines(OrderID, ProductID, Qty, UnitPrice) VALUES (1986,44,1,727);
INSERT INTO OrderLines(OrderID, ProductID, Qty, UnitPrice) VALUES (1986,29,1,859);
UPDATE [Order] SET TotalAmount=3192 WHERE OrderID=1986;
INSERT INTO Payment(OrderID, PaymentDate, Amount, PaymentMethod, TransactionRef) VALUES (1986,'2025-05-07',3192,'Cash','TXN974422');
INSERT INTO [Order](CustomerID, OrderDate, Status, TotalAmount) VALUES (199,'2025-05-15','Processing',0);
INSERT INTO OrderLines(OrderID, ProductID, Qty, UnitPrice) VALUES (1987,30,2,833);
INSERT INTO OrderLines(OrderID, ProductID, Qty, UnitPrice) VALUES (1987,15,2,1227);
INSERT INTO OrderLines(OrderID, ProductID, Qty, UnitPrice) VALUES (1987,23,1,484);
INSERT INTO OrderLines(OrderID, ProductID, Qty, UnitPrice) VALUES (1987,16,2,723);
UPDATE [Order] SET TotalAmount=6050 WHERE OrderID=1987;
INSERT INTO Payment(OrderID, PaymentDate, Amount, PaymentMethod, TransactionRef) VALUES (1987,'2025-05-16',6050,'Cash','TXN982424');
INSERT INTO [Order](CustomerID, OrderDate, Status, TotalAmount) VALUES (199,'2025-10-03','Delivered',0);
INSERT INTO OrderLines(OrderID, ProductID, Qty, UnitPrice) VALUES (1988,41,1,706);
INSERT INTO OrderLines(OrderID, ProductID, Qty, UnitPrice) VALUES (1988,43,3,951);
INSERT INTO OrderLines(OrderID, ProductID, Qty, UnitPrice) VALUES (1988,8,3,618);
INSERT INTO OrderLines(OrderID, ProductID, Qty, UnitPrice) VALUES (1988,47,2,404);
UPDATE [Order] SET TotalAmount=6221 WHERE OrderID=1988;
INSERT INTO Payment(OrderID, PaymentDate, Amount, PaymentMethod, TransactionRef) VALUES (1988,'2025-10-08',6221,'Cash','TXN446045');
INSERT INTO [Order](CustomerID, OrderDate, Status, TotalAmount) VALUES (199,'2025-12-22','Delivered',0);
INSERT INTO OrderLines(OrderID, ProductID, Qty, UnitPrice) VALUES (1989,15,1,1268);
INSERT INTO OrderLines(OrderID, ProductID, Qty, UnitPrice) VALUES (1989,11,3,629);
INSERT INTO OrderLines(OrderID, ProductID, Qty, UnitPrice) VALUES (1989,2,3,1494);
INSERT INTO OrderLines(OrderID, ProductID, Qty, UnitPrice) VALUES (1989,16,1,368);
UPDATE [Order] SET TotalAmount=8005 WHERE OrderID=1989;
INSERT INTO Payment(OrderID, PaymentDate, Amount, PaymentMethod, TransactionRef) VALUES (1989,'2025-12-22',8005,'PayPal','TXN759586');
INSERT INTO [Order](CustomerID, OrderDate, Status, TotalAmount) VALUES (199,'2025-04-10','Shipped',0);
INSERT INTO OrderLines(OrderID, ProductID, Qty, UnitPrice) VALUES (1990,19,1,612);
INSERT INTO OrderLines(OrderID, ProductID, Qty, UnitPrice) VALUES (1990,17,2,1463);
INSERT INTO OrderLines(OrderID, ProductID, Qty, UnitPrice) VALUES (1990,1,1,199);
INSERT INTO OrderLines(OrderID, ProductID, Qty, UnitPrice) VALUES (1990,48,2,1045);
UPDATE [Order] SET TotalAmount=5827 WHERE OrderID=1990;
INSERT INTO Payment(OrderID, PaymentDate, Amount, PaymentMethod, TransactionRef) VALUES (1990,'2025-04-13',5827,'Card','TXN403680');
INSERT INTO [Order](CustomerID, OrderDate, Status, TotalAmount) VALUES (200,'2025-07-21','Processing',0);
INSERT INTO OrderLines(OrderID, ProductID, Qty, UnitPrice) VALUES (1991,25,2,451);
INSERT INTO OrderLines(OrderID, ProductID, Qty, UnitPrice) VALUES (1991,23,1,38);
INSERT INTO OrderLines(OrderID, ProductID, Qty, UnitPrice) VALUES (1991,12,1,444);
INSERT INTO OrderLines(OrderID, ProductID, Qty, UnitPrice) VALUES (1991,29,1,668);
UPDATE [Order] SET TotalAmount=2052 WHERE OrderID=1991;
INSERT INTO Payment(OrderID, PaymentDate, Amount, PaymentMethod, TransactionRef) VALUES (1991,'2025-07-21',2052,'PayPal','TXN163690');
INSERT INTO [Order](CustomerID, OrderDate, Status, TotalAmount) VALUES (200,'2025-07-13','Shipped',0);
INSERT INTO OrderLines(OrderID, ProductID, Qty, UnitPrice) VALUES (1992,5,3,818);
INSERT INTO OrderLines(OrderID, ProductID, Qty, UnitPrice) VALUES (1992,26,2,141);
INSERT INTO OrderLines(OrderID, ProductID, Qty, UnitPrice) VALUES (1992,32,1,1148);
INSERT INTO OrderLines(OrderID, ProductID, Qty, UnitPrice) VALUES (1992,18,1,1433);
UPDATE [Order] SET TotalAmount=5317 WHERE OrderID=1992;
INSERT INTO Payment(OrderID, PaymentDate, Amount, PaymentMethod, TransactionRef) VALUES (1992,'2025-07-14',5317,'PayPal','TXN212398');
INSERT INTO [Order](CustomerID, OrderDate, Status, TotalAmount) VALUES (200,'2025-05-09','Shipped',0);
INSERT INTO OrderLines(OrderID, ProductID, Qty, UnitPrice) VALUES (1993,18,2,923);
INSERT INTO OrderLines(OrderID, ProductID, Qty, UnitPrice) VALUES (1993,21,2,638);
INSERT INTO OrderLines(OrderID, ProductID, Qty, UnitPrice) VALUES (1993,18,3,967);
INSERT INTO OrderLines(OrderID, ProductID, Qty, UnitPrice) VALUES (1993,12,3,860);
UPDATE [Order] SET TotalAmount=8603 WHERE OrderID=1993;
INSERT INTO Payment(OrderID, PaymentDate, Amount, PaymentMethod, TransactionRef) VALUES (1993,'2025-05-12',8603,'PayPal','TXN420387');
INSERT INTO [Order](CustomerID, OrderDate, Status, TotalAmount) VALUES (200,'2025-06-29','Delivered',0);
INSERT INTO OrderLines(OrderID, ProductID, Qty, UnitPrice) VALUES (1994,22,2,291);
INSERT INTO OrderLines(OrderID, ProductID, Qty, UnitPrice) VALUES (1994,42,3,721);
INSERT INTO OrderLines(OrderID, ProductID, Qty, UnitPrice) VALUES (1994,44,2,863);
INSERT INTO OrderLines(OrderID, ProductID, Qty, UnitPrice) VALUES (1994,4,3,808);
UPDATE [Order] SET TotalAmount=6895 WHERE OrderID=1994;
INSERT INTO Payment(OrderID, PaymentDate, Amount, PaymentMethod, TransactionRef) VALUES (1994,'2025-07-02',6895,'Card','TXN785532');
INSERT INTO [Order](CustomerID, OrderDate, Status, TotalAmount) VALUES (200,'2025-12-24','Shipped',0);
INSERT INTO OrderLines(OrderID, ProductID, Qty, UnitPrice) VALUES (1995,5,3,248);
INSERT INTO OrderLines(OrderID, ProductID, Qty, UnitPrice) VALUES (1995,27,1,160);
INSERT INTO OrderLines(OrderID, ProductID, Qty, UnitPrice) VALUES (1995,43,2,484);
INSERT INTO OrderLines(OrderID, ProductID, Qty, UnitPrice) VALUES (1995,9,1,340);
UPDATE [Order] SET TotalAmount=2212 WHERE OrderID=1995;
INSERT INTO Payment(OrderID, PaymentDate, Amount, PaymentMethod, TransactionRef) VALUES (1995,'2025-12-28',2212,'Card','TXN700650');
INSERT INTO [Order](CustomerID, OrderDate, Status, TotalAmount) VALUES (200,'2025-02-14','Shipped',0);
INSERT INTO OrderLines(OrderID, ProductID, Qty, UnitPrice) VALUES (1996,15,2,36);
INSERT INTO OrderLines(OrderID, ProductID, Qty, UnitPrice) VALUES (1996,3,2,1459);
INSERT INTO OrderLines(OrderID, ProductID, Qty, UnitPrice) VALUES (1996,49,2,90);
INSERT INTO OrderLines(OrderID, ProductID, Qty, UnitPrice) VALUES (1996,31,1,1298);
UPDATE [Order] SET TotalAmount=4468 WHERE OrderID=1996;
INSERT INTO Payment(OrderID, PaymentDate, Amount, PaymentMethod, TransactionRef) VALUES (1996,'2025-02-18',4468,'Card','TXN269102');
INSERT INTO [Order](CustomerID, OrderDate, Status, TotalAmount) VALUES (200,'2025-07-05','Processing',0);
INSERT INTO OrderLines(OrderID, ProductID, Qty, UnitPrice) VALUES (1997,25,3,1208);
INSERT INTO OrderLines(OrderID, ProductID, Qty, UnitPrice) VALUES (1997,14,2,33);
INSERT INTO OrderLines(OrderID, ProductID, Qty, UnitPrice) VALUES (1997,36,3,1169);
INSERT INTO OrderLines(OrderID, ProductID, Qty, UnitPrice) VALUES (1997,48,2,1290);
UPDATE [Order] SET TotalAmount=9777 WHERE OrderID=1997;
INSERT INTO Payment(OrderID, PaymentDate, Amount, PaymentMethod, TransactionRef) VALUES (1997,'2025-07-07',9777,'Cash','TXN796091');
INSERT INTO [Order](CustomerID, OrderDate, Status, TotalAmount) VALUES (200,'2025-02-10','Cancelled',0);
INSERT INTO OrderLines(OrderID, ProductID, Qty, UnitPrice) VALUES (1998,21,2,1374);
INSERT INTO OrderLines(OrderID, ProductID, Qty, UnitPrice) VALUES (1998,31,1,1468);
INSERT INTO OrderLines(OrderID, ProductID, Qty, UnitPrice) VALUES (1998,4,2,523);
INSERT INTO OrderLines(OrderID, ProductID, Qty, UnitPrice) VALUES (1998,13,2,161);
UPDATE [Order] SET TotalAmount=5584 WHERE OrderID=1998;
INSERT INTO Payment(OrderID, PaymentDate, Amount, PaymentMethod, TransactionRef) VALUES (1998,'2025-02-10',5584,'Card','TXN293184');
INSERT INTO [Order](CustomerID, OrderDate, Status, TotalAmount) VALUES (200,'2025-03-30','Delivered',0);
INSERT INTO OrderLines(OrderID, ProductID, Qty, UnitPrice) VALUES (1999,32,3,537);
INSERT INTO OrderLines(OrderID, ProductID, Qty, UnitPrice) VALUES (1999,36,1,974);
INSERT INTO OrderLines(OrderID, ProductID, Qty, UnitPrice) VALUES (1999,16,3,1494);
INSERT INTO OrderLines(OrderID, ProductID, Qty, UnitPrice) VALUES (1999,4,3,119);
UPDATE [Order] SET TotalAmount=7424 WHERE OrderID=1999;
INSERT INTO Payment(OrderID, PaymentDate, Amount, PaymentMethod, TransactionRef) VALUES (1999,'2025-04-02',7424,'PayPal','TXN722244');
INSERT INTO [Order](CustomerID, OrderDate, Status, TotalAmount) VALUES (200,'2025-06-07','Processing',0);
INSERT INTO OrderLines(OrderID, ProductID, Qty, UnitPrice) VALUES (2000,48,2,933);
INSERT INTO OrderLines(OrderID, ProductID, Qty, UnitPrice) VALUES (2000,44,1,678);
INSERT INTO OrderLines(OrderID, ProductID, Qty, UnitPrice) VALUES (2000,37,1,682);
INSERT INTO OrderLines(OrderID, ProductID, Qty, UnitPrice) VALUES (2000,9,3,170);
UPDATE [Order] SET TotalAmount=3736 WHERE OrderID=2000;
INSERT INTO Payment(OrderID, PaymentDate, Amount, PaymentMethod, TransactionRef) VALUES (2000,'2025-06-08',3736,'Cash','TXN754270');
INSERT INTO [Order](CustomerID, OrderDate, Status, TotalAmount) VALUES (201,'2025-09-21','Cancelled',0);
INSERT INTO OrderLines(OrderID, ProductID, Qty, UnitPrice) VALUES (2001,47,3,820);
INSERT INTO OrderLines(OrderID, ProductID, Qty, UnitPrice) VALUES (2001,40,2,452);
INSERT INTO OrderLines(OrderID, ProductID, Qty, UnitPrice) VALUES (2001,38,1,631);
INSERT INTO OrderLines(OrderID, ProductID, Qty, UnitPrice) VALUES (2001,31,2,920);
UPDATE [Order] SET TotalAmount=5835 WHERE OrderID=2001;
INSERT INTO Payment(OrderID, PaymentDate, Amount, PaymentMethod, TransactionRef) VALUES (2001,'2025-09-26',5835,'PayPal','TXN162280');
INSERT INTO [Order](CustomerID, OrderDate, Status, TotalAmount) VALUES (201,'2025-11-24','Shipped',0);
INSERT INTO OrderLines(OrderID, ProductID, Qty, UnitPrice) VALUES (2002,29,1,590);
INSERT INTO OrderLines(OrderID, ProductID, Qty, UnitPrice) VALUES (2002,26,2,1076);
INSERT INTO OrderLines(OrderID, ProductID, Qty, UnitPrice) VALUES (2002,34,1,1465);
INSERT INTO OrderLines(OrderID, ProductID, Qty, UnitPrice) VALUES (2002,42,2,1411);
UPDATE [Order] SET TotalAmount=7029 WHERE OrderID=2002;
INSERT INTO Payment(OrderID, PaymentDate, Amount, PaymentMethod, TransactionRef) VALUES (2002,'2025-11-27',7029,'Cash','TXN940232');
INSERT INTO [Order](CustomerID, OrderDate, Status, TotalAmount) VALUES (201,'2025-09-18','Processing',0);
INSERT INTO OrderLines(OrderID, ProductID, Qty, UnitPrice) VALUES (2003,22,3,600);
INSERT INTO OrderLines(OrderID, ProductID, Qty, UnitPrice) VALUES (2003,10,2,1151);
INSERT INTO OrderLines(OrderID, ProductID, Qty, UnitPrice) VALUES (2003,33,2,922);
INSERT INTO OrderLines(OrderID, ProductID, Qty, UnitPrice) VALUES (2003,40,3,1302);
UPDATE [Order] SET TotalAmount=9852 WHERE OrderID=2003;
INSERT INTO Payment(OrderID, PaymentDate, Amount, PaymentMethod, TransactionRef) VALUES (2003,'2025-09-18',9852,'Card','TXN754330');
INSERT INTO [Order](CustomerID, OrderDate, Status, TotalAmount) VALUES (201,'2025-05-15','Shipped',0);
INSERT INTO OrderLines(OrderID, ProductID, Qty, UnitPrice) VALUES (2004,44,1,220);
INSERT INTO OrderLines(OrderID, ProductID, Qty, UnitPrice) VALUES (2004,50,3,623);
INSERT INTO OrderLines(OrderID, ProductID, Qty, UnitPrice) VALUES (2004,31,1,234);
INSERT INTO OrderLines(OrderID, ProductID, Qty, UnitPrice) VALUES (2004,8,3,431);
UPDATE [Order] SET TotalAmount=3616 WHERE OrderID=2004;
INSERT INTO Payment(OrderID, PaymentDate, Amount, PaymentMethod, TransactionRef) VALUES (2004,'2025-05-20',3616,'Cash','TXN714521');
INSERT INTO [Order](CustomerID, OrderDate, Status, TotalAmount) VALUES (201,'2025-10-23','Shipped',0);
INSERT INTO OrderLines(OrderID, ProductID, Qty, UnitPrice) VALUES (2005,11,1,1346);
INSERT INTO OrderLines(OrderID, ProductID, Qty, UnitPrice) VALUES (2005,23,3,146);
INSERT INTO OrderLines(OrderID, ProductID, Qty, UnitPrice) VALUES (2005,29,2,192);
INSERT INTO OrderLines(OrderID, ProductID, Qty, UnitPrice) VALUES (2005,48,2,196);
UPDATE [Order] SET TotalAmount=2560 WHERE OrderID=2005;
INSERT INTO Payment(OrderID, PaymentDate, Amount, PaymentMethod, TransactionRef) VALUES (2005,'2025-10-28',2560,'Cash','TXN189993');
INSERT INTO [Order](CustomerID, OrderDate, Status, TotalAmount) VALUES (201,'2025-04-24','Processing',0);
INSERT INTO OrderLines(OrderID, ProductID, Qty, UnitPrice) VALUES (2006,19,2,1337);
INSERT INTO OrderLines(OrderID, ProductID, Qty, UnitPrice) VALUES (2006,23,2,1416);
INSERT INTO OrderLines(OrderID, ProductID, Qty, UnitPrice) VALUES (2006,8,2,883);
INSERT INTO OrderLines(OrderID, ProductID, Qty, UnitPrice) VALUES (2006,23,1,870);
UPDATE [Order] SET TotalAmount=8142 WHERE OrderID=2006;
INSERT INTO Payment(OrderID, PaymentDate, Amount, PaymentMethod, TransactionRef) VALUES (2006,'2025-04-28',8142,'PayPal','TXN287776');
INSERT INTO [Order](CustomerID, OrderDate, Status, TotalAmount) VALUES (201,'2025-01-02','Cancelled',0);
INSERT INTO OrderLines(OrderID, ProductID, Qty, UnitPrice) VALUES (2007,20,3,131);
INSERT INTO OrderLines(OrderID, ProductID, Qty, UnitPrice) VALUES (2007,6,2,256);
INSERT INTO OrderLines(OrderID, ProductID, Qty, UnitPrice) VALUES (2007,8,2,23);
INSERT INTO OrderLines(OrderID, ProductID, Qty, UnitPrice) VALUES (2007,24,3,1210);
UPDATE [Order] SET TotalAmount=4581 WHERE OrderID=2007;
INSERT INTO Payment(OrderID, PaymentDate, Amount, PaymentMethod, TransactionRef) VALUES (2007,'2025-01-06',4581,'Cash','TXN671727');
INSERT INTO [Order](CustomerID, OrderDate, Status, TotalAmount) VALUES (201,'2025-02-22','Processing',0);
INSERT INTO OrderLines(OrderID, ProductID, Qty, UnitPrice) VALUES (2008,17,2,201);
INSERT INTO OrderLines(OrderID, ProductID, Qty, UnitPrice) VALUES (2008,25,1,258);
INSERT INTO OrderLines(OrderID, ProductID, Qty, UnitPrice) VALUES (2008,26,3,1389);
INSERT INTO OrderLines(OrderID, ProductID, Qty, UnitPrice) VALUES (2008,50,2,1340);
UPDATE [Order] SET TotalAmount=7507 WHERE OrderID=2008;
INSERT INTO Payment(OrderID, PaymentDate, Amount, PaymentMethod, TransactionRef) VALUES (2008,'2025-02-23',7507,'Card','TXN372043');
INSERT INTO [Order](CustomerID, OrderDate, Status, TotalAmount) VALUES (201,'2025-06-05','Shipped',0);
INSERT INTO OrderLines(OrderID, ProductID, Qty, UnitPrice) VALUES (2009,31,2,663);
INSERT INTO OrderLines(OrderID, ProductID, Qty, UnitPrice) VALUES (2009,39,2,1425);
INSERT INTO OrderLines(OrderID, ProductID, Qty, UnitPrice) VALUES (2009,28,1,1150);
INSERT INTO OrderLines(OrderID, ProductID, Qty, UnitPrice) VALUES (2009,41,1,821);
UPDATE [Order] SET TotalAmount=6147 WHERE OrderID=2009;
INSERT INTO Payment(OrderID, PaymentDate, Amount, PaymentMethod, TransactionRef) VALUES (2009,'2025-06-09',6147,'PayPal','TXN782646');
INSERT INTO [Order](CustomerID, OrderDate, Status, TotalAmount) VALUES (201,'2025-03-01','Processing',0);
INSERT INTO OrderLines(OrderID, ProductID, Qty, UnitPrice) VALUES (2010,9,2,602);
INSERT INTO OrderLines(OrderID, ProductID, Qty, UnitPrice) VALUES (2010,36,2,925);
INSERT INTO OrderLines(OrderID, ProductID, Qty, UnitPrice) VALUES (2010,22,1,1424);
INSERT INTO OrderLines(OrderID, ProductID, Qty, UnitPrice) VALUES (2010,39,1,1424);
UPDATE [Order] SET TotalAmount=5902 WHERE OrderID=2010;
INSERT INTO Payment(OrderID, PaymentDate, Amount, PaymentMethod, TransactionRef) VALUES (2010,'2025-03-02',5902,'PayPal','TXN740068');
INSERT INTO [Order](CustomerID, OrderDate, Status, TotalAmount) VALUES (202,'2025-01-09','Shipped',0);
INSERT INTO OrderLines(OrderID, ProductID, Qty, UnitPrice) VALUES (2011,5,3,453);
INSERT INTO OrderLines(OrderID, ProductID, Qty, UnitPrice) VALUES (2011,8,1,1470);
INSERT INTO OrderLines(OrderID, ProductID, Qty, UnitPrice) VALUES (2011,37,1,345);
INSERT INTO OrderLines(OrderID, ProductID, Qty, UnitPrice) VALUES (2011,36,3,637);
UPDATE [Order] SET TotalAmount=5085 WHERE OrderID=2011;
INSERT INTO Payment(OrderID, PaymentDate, Amount, PaymentMethod, TransactionRef) VALUES (2011,'2025-01-09',5085,'Card','TXN336252');
INSERT INTO [Order](CustomerID, OrderDate, Status, TotalAmount) VALUES (202,'2025-01-23','Delivered',0);
INSERT INTO OrderLines(OrderID, ProductID, Qty, UnitPrice) VALUES (2012,4,2,1410);
INSERT INTO OrderLines(OrderID, ProductID, Qty, UnitPrice) VALUES (2012,41,2,979);
INSERT INTO OrderLines(OrderID, ProductID, Qty, UnitPrice) VALUES (2012,7,1,556);
INSERT INTO OrderLines(OrderID, ProductID, Qty, UnitPrice) VALUES (2012,20,1,242);
UPDATE [Order] SET TotalAmount=5576 WHERE OrderID=2012;
INSERT INTO Payment(OrderID, PaymentDate, Amount, PaymentMethod, TransactionRef) VALUES (2012,'2025-01-23',5576,'Cash','TXN276008');
INSERT INTO [Order](CustomerID, OrderDate, Status, TotalAmount) VALUES (202,'2025-02-08','Cancelled',0);
INSERT INTO OrderLines(OrderID, ProductID, Qty, UnitPrice) VALUES (2013,16,1,209);
INSERT INTO OrderLines(OrderID, ProductID, Qty, UnitPrice) VALUES (2013,29,1,922);
INSERT INTO OrderLines(OrderID, ProductID, Qty, UnitPrice) VALUES (2013,25,3,1153);
INSERT INTO OrderLines(OrderID, ProductID, Qty, UnitPrice) VALUES (2013,38,1,67);
UPDATE [Order] SET TotalAmount=4657 WHERE OrderID=2013;
INSERT INTO Payment(OrderID, PaymentDate, Amount, PaymentMethod, TransactionRef) VALUES (2013,'2025-02-13',4657,'Cash','TXN219322');
INSERT INTO [Order](CustomerID, OrderDate, Status, TotalAmount) VALUES (202,'2025-11-22','Processing',0);
INSERT INTO OrderLines(OrderID, ProductID, Qty, UnitPrice) VALUES (2014,48,3,1244);
INSERT INTO OrderLines(OrderID, ProductID, Qty, UnitPrice) VALUES (2014,13,3,455);
INSERT INTO OrderLines(OrderID, ProductID, Qty, UnitPrice) VALUES (2014,15,2,74);
INSERT INTO OrderLines(OrderID, ProductID, Qty, UnitPrice) VALUES (2014,15,2,59);
UPDATE [Order] SET TotalAmount=5363 WHERE OrderID=2014;
INSERT INTO Payment(OrderID, PaymentDate, Amount, PaymentMethod, TransactionRef) VALUES (2014,'2025-11-25',5363,'Card','TXN185651');
INSERT INTO [Order](CustomerID, OrderDate, Status, TotalAmount) VALUES (202,'2025-06-02','Cancelled',0);
INSERT INTO OrderLines(OrderID, ProductID, Qty, UnitPrice) VALUES (2015,10,3,257);
INSERT INTO OrderLines(OrderID, ProductID, Qty, UnitPrice) VALUES (2015,33,2,989);
INSERT INTO OrderLines(OrderID, ProductID, Qty, UnitPrice) VALUES (2015,21,3,39);
INSERT INTO OrderLines(OrderID, ProductID, Qty, UnitPrice) VALUES (2015,17,1,151);
UPDATE [Order] SET TotalAmount=3017 WHERE OrderID=2015;
INSERT INTO Payment(OrderID, PaymentDate, Amount, PaymentMethod, TransactionRef) VALUES (2015,'2025-06-06',3017,'PayPal','TXN993177');
INSERT INTO [Order](CustomerID, OrderDate, Status, TotalAmount) VALUES (202,'2025-05-06','Cancelled',0);
INSERT INTO OrderLines(OrderID, ProductID, Qty, UnitPrice) VALUES (2016,12,1,348);
INSERT INTO OrderLines(OrderID, ProductID, Qty, UnitPrice) VALUES (2016,1,2,928);
INSERT INTO OrderLines(OrderID, ProductID, Qty, UnitPrice) VALUES (2016,43,1,1168);
INSERT INTO OrderLines(OrderID, ProductID, Qty, UnitPrice) VALUES (2016,2,2,1163);
UPDATE [Order] SET TotalAmount=5698 WHERE OrderID=2016;
INSERT INTO Payment(OrderID, PaymentDate, Amount, PaymentMethod, TransactionRef) VALUES (2016,'2025-05-07',5698,'Cash','TXN345845');
INSERT INTO [Order](CustomerID, OrderDate, Status, TotalAmount) VALUES (202,'2025-09-01','Processing',0);
INSERT INTO OrderLines(OrderID, ProductID, Qty, UnitPrice) VALUES (2017,29,2,643);
INSERT INTO OrderLines(OrderID, ProductID, Qty, UnitPrice) VALUES (2017,21,3,1463);
INSERT INTO OrderLines(OrderID, ProductID, Qty, UnitPrice) VALUES (2017,47,1,98);
INSERT INTO OrderLines(OrderID, ProductID, Qty, UnitPrice) VALUES (2017,3,1,1076);
UPDATE [Order] SET TotalAmount=6849 WHERE OrderID=2017;
INSERT INTO Payment(OrderID, PaymentDate, Amount, PaymentMethod, TransactionRef) VALUES (2017,'2025-09-06',6849,'Card','TXN390556');
INSERT INTO [Order](CustomerID, OrderDate, Status, TotalAmount) VALUES (202,'2025-01-23','Processing',0);
INSERT INTO OrderLines(OrderID, ProductID, Qty, UnitPrice) VALUES (2018,13,1,1091);
INSERT INTO OrderLines(OrderID, ProductID, Qty, UnitPrice) VALUES (2018,18,1,1253);
INSERT INTO OrderLines(OrderID, ProductID, Qty, UnitPrice) VALUES (2018,2,1,818);
INSERT INTO OrderLines(OrderID, ProductID, Qty, UnitPrice) VALUES (2018,11,3,411);
UPDATE [Order] SET TotalAmount=4395 WHERE OrderID=2018;
INSERT INTO Payment(OrderID, PaymentDate, Amount, PaymentMethod, TransactionRef) VALUES (2018,'2025-01-23',4395,'Card','TXN761731');
INSERT INTO [Order](CustomerID, OrderDate, Status, TotalAmount) VALUES (202,'2025-04-11','Delivered',0);
INSERT INTO OrderLines(OrderID, ProductID, Qty, UnitPrice) VALUES (2019,1,3,817);
INSERT INTO OrderLines(OrderID, ProductID, Qty, UnitPrice) VALUES (2019,2,3,839);
INSERT INTO OrderLines(OrderID, ProductID, Qty, UnitPrice) VALUES (2019,25,2,1420);
INSERT INTO OrderLines(OrderID, ProductID, Qty, UnitPrice) VALUES (2019,40,1,529);
UPDATE [Order] SET TotalAmount=8337 WHERE OrderID=2019;
INSERT INTO Payment(OrderID, PaymentDate, Amount, PaymentMethod, TransactionRef) VALUES (2019,'2025-04-16',8337,'Card','TXN687203');
INSERT INTO [Order](CustomerID, OrderDate, Status, TotalAmount) VALUES (202,'2025-02-26','Cancelled',0);
INSERT INTO OrderLines(OrderID, ProductID, Qty, UnitPrice) VALUES (2020,21,2,822);
INSERT INTO OrderLines(OrderID, ProductID, Qty, UnitPrice) VALUES (2020,19,2,545);
INSERT INTO OrderLines(OrderID, ProductID, Qty, UnitPrice) VALUES (2020,50,2,1437);
INSERT INTO OrderLines(OrderID, ProductID, Qty, UnitPrice) VALUES (2020,19,3,895);
UPDATE [Order] SET TotalAmount=8293 WHERE OrderID=2020;
INSERT INTO Payment(OrderID, PaymentDate, Amount, PaymentMethod, TransactionRef) VALUES (2020,'2025-02-28',8293,'Cash','TXN592519');
INSERT INTO [Order](CustomerID, OrderDate, Status, TotalAmount) VALUES (203,'2025-07-16','Delivered',0);
INSERT INTO OrderLines(OrderID, ProductID, Qty, UnitPrice) VALUES (2021,5,1,555);
INSERT INTO OrderLines(OrderID, ProductID, Qty, UnitPrice) VALUES (2021,37,2,1205);
INSERT INTO OrderLines(OrderID, ProductID, Qty, UnitPrice) VALUES (2021,16,2,1058);
INSERT INTO OrderLines(OrderID, ProductID, Qty, UnitPrice) VALUES (2021,19,2,257);
UPDATE [Order] SET TotalAmount=5595 WHERE OrderID=2021;
INSERT INTO Payment(OrderID, PaymentDate, Amount, PaymentMethod, TransactionRef) VALUES (2021,'2025-07-19',5595,'Card','TXN663752');
INSERT INTO [Order](CustomerID, OrderDate, Status, TotalAmount) VALUES (203,'2025-12-19','Shipped',0);
INSERT INTO OrderLines(OrderID, ProductID, Qty, UnitPrice) VALUES (2022,42,1,55);
INSERT INTO OrderLines(OrderID, ProductID, Qty, UnitPrice) VALUES (2022,50,2,887);
INSERT INTO OrderLines(OrderID, ProductID, Qty, UnitPrice) VALUES (2022,6,3,654);
INSERT INTO OrderLines(OrderID, ProductID, Qty, UnitPrice) VALUES (2022,18,3,895);
UPDATE [Order] SET TotalAmount=6476 WHERE OrderID=2022;
INSERT INTO Payment(OrderID, PaymentDate, Amount, PaymentMethod, TransactionRef) VALUES (2022,'2025-12-21',6476,'Cash','TXN334925');
INSERT INTO [Order](CustomerID, OrderDate, Status, TotalAmount) VALUES (203,'2025-11-04','Processing',0);
INSERT INTO OrderLines(OrderID, ProductID, Qty, UnitPrice) VALUES (2023,32,2,1015);
INSERT INTO OrderLines(OrderID, ProductID, Qty, UnitPrice) VALUES (2023,36,2,186);
INSERT INTO OrderLines(OrderID, ProductID, Qty, UnitPrice) VALUES (2023,9,2,1138);
INSERT INTO OrderLines(OrderID, ProductID, Qty, UnitPrice) VALUES (2023,28,3,763);
UPDATE [Order] SET TotalAmount=6967 WHERE OrderID=2023;
INSERT INTO Payment(OrderID, PaymentDate, Amount, PaymentMethod, TransactionRef) VALUES (2023,'2025-11-06',6967,'Cash','TXN765602');
INSERT INTO [Order](CustomerID, OrderDate, Status, TotalAmount) VALUES (203,'2025-08-15','Delivered',0);
INSERT INTO OrderLines(OrderID, ProductID, Qty, UnitPrice) VALUES (2024,16,3,508);
INSERT INTO OrderLines(OrderID, ProductID, Qty, UnitPrice) VALUES (2024,12,3,205);
INSERT INTO OrderLines(OrderID, ProductID, Qty, UnitPrice) VALUES (2024,47,3,227);
INSERT INTO OrderLines(OrderID, ProductID, Qty, UnitPrice) VALUES (2024,15,1,1172);
UPDATE [Order] SET TotalAmount=3992 WHERE OrderID=2024;
INSERT INTO Payment(OrderID, PaymentDate, Amount, PaymentMethod, TransactionRef) VALUES (2024,'2025-08-19',3992,'Cash','TXN506598');
INSERT INTO [Order](CustomerID, OrderDate, Status, TotalAmount) VALUES (203,'2025-11-02','Processing',0);
INSERT INTO OrderLines(OrderID, ProductID, Qty, UnitPrice) VALUES (2025,18,1,811);
INSERT INTO OrderLines(OrderID, ProductID, Qty, UnitPrice) VALUES (2025,38,2,96);
INSERT INTO OrderLines(OrderID, ProductID, Qty, UnitPrice) VALUES (2025,38,3,1274);
INSERT INTO OrderLines(OrderID, ProductID, Qty, UnitPrice) VALUES (2025,49,3,428);
UPDATE [Order] SET TotalAmount=6109 WHERE OrderID=2025;
INSERT INTO Payment(OrderID, PaymentDate, Amount, PaymentMethod, TransactionRef) VALUES (2025,'2025-11-06',6109,'Card','TXN816344');
INSERT INTO [Order](CustomerID, OrderDate, Status, TotalAmount) VALUES (203,'2025-11-15','Processing',0);
INSERT INTO OrderLines(OrderID, ProductID, Qty, UnitPrice) VALUES (2026,41,3,891);
INSERT INTO OrderLines(OrderID, ProductID, Qty, UnitPrice) VALUES (2026,14,3,1265);
INSERT INTO OrderLines(OrderID, ProductID, Qty, UnitPrice) VALUES (2026,47,2,455);
INSERT INTO OrderLines(OrderID, ProductID, Qty, UnitPrice) VALUES (2026,25,3,892);
UPDATE [Order] SET TotalAmount=10054 WHERE OrderID=2026;
INSERT INTO Payment(OrderID, PaymentDate, Amount, PaymentMethod, TransactionRef) VALUES (2026,'2025-11-19',10054,'Card','TXN424242');
INSERT INTO [Order](CustomerID, OrderDate, Status, TotalAmount) VALUES (203,'2025-11-11','Processing',0);
INSERT INTO OrderLines(OrderID, ProductID, Qty, UnitPrice) VALUES (2027,20,1,817);
INSERT INTO OrderLines(OrderID, ProductID, Qty, UnitPrice) VALUES (2027,20,3,1025);
INSERT INTO OrderLines(OrderID, ProductID, Qty, UnitPrice) VALUES (2027,13,2,252);
INSERT INTO OrderLines(OrderID, ProductID, Qty, UnitPrice) VALUES (2027,21,3,425);
UPDATE [Order] SET TotalAmount=5671 WHERE OrderID=2027;
INSERT INTO Payment(OrderID, PaymentDate, Amount, PaymentMethod, TransactionRef) VALUES (2027,'2025-11-15',5671,'Cash','TXN790710');
INSERT INTO [Order](CustomerID, OrderDate, Status, TotalAmount) VALUES (203,'2025-07-05','Delivered',0);
INSERT INTO OrderLines(OrderID, ProductID, Qty, UnitPrice) VALUES (2028,33,3,278);
INSERT INTO OrderLines(OrderID, ProductID, Qty, UnitPrice) VALUES (2028,6,1,263);
INSERT INTO OrderLines(OrderID, ProductID, Qty, UnitPrice) VALUES (2028,2,2,409);
INSERT INTO OrderLines(OrderID, ProductID, Qty, UnitPrice) VALUES (2028,33,3,1205);
UPDATE [Order] SET TotalAmount=5530 WHERE OrderID=2028;
INSERT INTO Payment(OrderID, PaymentDate, Amount, PaymentMethod, TransactionRef) VALUES (2028,'2025-07-10',5530,'Card','TXN212423');
INSERT INTO [Order](CustomerID, OrderDate, Status, TotalAmount) VALUES (203,'2025-12-15','Delivered',0);
INSERT INTO OrderLines(OrderID, ProductID, Qty, UnitPrice) VALUES (2029,31,3,1053);
INSERT INTO OrderLines(OrderID, ProductID, Qty, UnitPrice) VALUES (2029,9,2,705);
INSERT INTO OrderLines(OrderID, ProductID, Qty, UnitPrice) VALUES (2029,16,2,1499);
INSERT INTO OrderLines(OrderID, ProductID, Qty, UnitPrice) VALUES (2029,21,2,291);
UPDATE [Order] SET TotalAmount=8149 WHERE OrderID=2029;
INSERT INTO Payment(OrderID, PaymentDate, Amount, PaymentMethod, TransactionRef) VALUES (2029,'2025-12-19',8149,'Cash','TXN877298');
INSERT INTO [Order](CustomerID, OrderDate, Status, TotalAmount) VALUES (203,'2025-12-05','Processing',0);
INSERT INTO OrderLines(OrderID, ProductID, Qty, UnitPrice) VALUES (2030,15,2,1153);
INSERT INTO OrderLines(OrderID, ProductID, Qty, UnitPrice) VALUES (2030,25,3,582);
INSERT INTO OrderLines(OrderID, ProductID, Qty, UnitPrice) VALUES (2030,23,3,693);
INSERT INTO OrderLines(OrderID, ProductID, Qty, UnitPrice) VALUES (2030,49,1,346);
UPDATE [Order] SET TotalAmount=6477 WHERE OrderID=2030;
INSERT INTO Payment(OrderID, PaymentDate, Amount, PaymentMethod, TransactionRef) VALUES (2030,'2025-12-07',6477,'Card','TXN141127');
INSERT INTO [Order](CustomerID, OrderDate, Status, TotalAmount) VALUES (204,'2025-04-27','Shipped',0);
INSERT INTO OrderLines(OrderID, ProductID, Qty, UnitPrice) VALUES (2031,47,1,39);
INSERT INTO OrderLines(OrderID, ProductID, Qty, UnitPrice) VALUES (2031,46,1,671);
INSERT INTO OrderLines(OrderID, ProductID, Qty, UnitPrice) VALUES (2031,48,3,968);
INSERT INTO OrderLines(OrderID, ProductID, Qty, UnitPrice) VALUES (2031,1,2,517);
UPDATE [Order] SET TotalAmount=4648 WHERE OrderID=2031;
INSERT INTO Payment(OrderID, PaymentDate, Amount, PaymentMethod, TransactionRef) VALUES (2031,'2025-04-27',4648,'Cash','TXN967355');
INSERT INTO [Order](CustomerID, OrderDate, Status, TotalAmount) VALUES (204,'2025-05-20','Delivered',0);
INSERT INTO OrderLines(OrderID, ProductID, Qty, UnitPrice) VALUES (2032,5,2,856);
INSERT INTO OrderLines(OrderID, ProductID, Qty, UnitPrice) VALUES (2032,25,2,57);
INSERT INTO OrderLines(OrderID, ProductID, Qty, UnitPrice) VALUES (2032,27,1,933);
INSERT INTO OrderLines(OrderID, ProductID, Qty, UnitPrice) VALUES (2032,22,1,171);
UPDATE [Order] SET TotalAmount=2930 WHERE OrderID=2032;
INSERT INTO Payment(OrderID, PaymentDate, Amount, PaymentMethod, TransactionRef) VALUES (2032,'2025-05-23',2930,'Card','TXN814530');
INSERT INTO [Order](CustomerID, OrderDate, Status, TotalAmount) VALUES (204,'2025-02-17','Delivered',0);
INSERT INTO OrderLines(OrderID, ProductID, Qty, UnitPrice) VALUES (2033,14,1,154);
INSERT INTO OrderLines(OrderID, ProductID, Qty, UnitPrice) VALUES (2033,50,3,861);
INSERT INTO OrderLines(OrderID, ProductID, Qty, UnitPrice) VALUES (2033,15,1,1274);
INSERT INTO OrderLines(OrderID, ProductID, Qty, UnitPrice) VALUES (2033,28,3,999);
UPDATE [Order] SET TotalAmount=7008 WHERE OrderID=2033;
INSERT INTO Payment(OrderID, PaymentDate, Amount, PaymentMethod, TransactionRef) VALUES (2033,'2025-02-21',7008,'PayPal','TXN266092');
INSERT INTO [Order](CustomerID, OrderDate, Status, TotalAmount) VALUES (204,'2025-06-03','Delivered',0);
INSERT INTO OrderLines(OrderID, ProductID, Qty, UnitPrice) VALUES (2034,19,1,426);
INSERT INTO OrderLines(OrderID, ProductID, Qty, UnitPrice) VALUES (2034,20,1,655);
INSERT INTO OrderLines(OrderID, ProductID, Qty, UnitPrice) VALUES (2034,13,1,1453);
INSERT INTO OrderLines(OrderID, ProductID, Qty, UnitPrice) VALUES (2034,19,1,631);
UPDATE [Order] SET TotalAmount=3165 WHERE OrderID=2034;
INSERT INTO Payment(OrderID, PaymentDate, Amount, PaymentMethod, TransactionRef) VALUES (2034,'2025-06-03',3165,'Cash','TXN350396');
INSERT INTO [Order](CustomerID, OrderDate, Status, TotalAmount) VALUES (204,'2025-01-27','Processing',0);
INSERT INTO OrderLines(OrderID, ProductID, Qty, UnitPrice) VALUES (2035,6,1,902);
INSERT INTO OrderLines(OrderID, ProductID, Qty, UnitPrice) VALUES (2035,39,2,21);
INSERT INTO OrderLines(OrderID, ProductID, Qty, UnitPrice) VALUES (2035,31,2,185);
INSERT INTO OrderLines(OrderID, ProductID, Qty, UnitPrice) VALUES (2035,49,2,1316);
UPDATE [Order] SET TotalAmount=3946 WHERE OrderID=2035;
INSERT INTO Payment(OrderID, PaymentDate, Amount, PaymentMethod, TransactionRef) VALUES (2035,'2025-02-01',3946,'PayPal','TXN243218');
INSERT INTO [Order](CustomerID, OrderDate, Status, TotalAmount) VALUES (204,'2025-11-07','Shipped',0);
INSERT INTO OrderLines(OrderID, ProductID, Qty, UnitPrice) VALUES (2036,48,2,666);
INSERT INTO OrderLines(OrderID, ProductID, Qty, UnitPrice) VALUES (2036,46,3,88);
INSERT INTO OrderLines(OrderID, ProductID, Qty, UnitPrice) VALUES (2036,10,2,987);
INSERT INTO OrderLines(OrderID, ProductID, Qty, UnitPrice) VALUES (2036,40,2,447);
UPDATE [Order] SET TotalAmount=4464 WHERE OrderID=2036;
INSERT INTO Payment(OrderID, PaymentDate, Amount, PaymentMethod, TransactionRef) VALUES (2036,'2025-11-10',4464,'Card','TXN677576');
INSERT INTO [Order](CustomerID, OrderDate, Status, TotalAmount) VALUES (204,'2025-06-01','Delivered',0);
INSERT INTO OrderLines(OrderID, ProductID, Qty, UnitPrice) VALUES (2037,14,2,1227);
INSERT INTO OrderLines(OrderID, ProductID, Qty, UnitPrice) VALUES (2037,28,2,1054);
INSERT INTO OrderLines(OrderID, ProductID, Qty, UnitPrice) VALUES (2037,17,2,962);
INSERT INTO OrderLines(OrderID, ProductID, Qty, UnitPrice) VALUES (2037,41,3,1082);
UPDATE [Order] SET TotalAmount=9732 WHERE OrderID=2037;
INSERT INTO Payment(OrderID, PaymentDate, Amount, PaymentMethod, TransactionRef) VALUES (2037,'2025-06-02',9732,'Card','TXN443681');
INSERT INTO [Order](CustomerID, OrderDate, Status, TotalAmount) VALUES (204,'2025-10-23','Processing',0);
INSERT INTO OrderLines(OrderID, ProductID, Qty, UnitPrice) VALUES (2038,4,2,448);
INSERT INTO OrderLines(OrderID, ProductID, Qty, UnitPrice) VALUES (2038,23,3,477);
INSERT INTO OrderLines(OrderID, ProductID, Qty, UnitPrice) VALUES (2038,46,2,903);
INSERT INTO OrderLines(OrderID, ProductID, Qty, UnitPrice) VALUES (2038,30,2,928);
UPDATE [Order] SET TotalAmount=5989 WHERE OrderID=2038;
INSERT INTO Payment(OrderID, PaymentDate, Amount, PaymentMethod, TransactionRef) VALUES (2038,'2025-10-23',5989,'PayPal','TXN353178');
INSERT INTO [Order](CustomerID, OrderDate, Status, TotalAmount) VALUES (204,'2025-05-11','Shipped',0);
INSERT INTO OrderLines(OrderID, ProductID, Qty, UnitPrice) VALUES (2039,11,3,753);
INSERT INTO OrderLines(OrderID, ProductID, Qty, UnitPrice) VALUES (2039,25,1,622);
INSERT INTO OrderLines(OrderID, ProductID, Qty, UnitPrice) VALUES (2039,20,1,1008);
INSERT INTO OrderLines(OrderID, ProductID, Qty, UnitPrice) VALUES (2039,6,3,194);
UPDATE [Order] SET TotalAmount=4471 WHERE OrderID=2039;
INSERT INTO Payment(OrderID, PaymentDate, Amount, PaymentMethod, TransactionRef) VALUES (2039,'2025-05-12',4471,'Cash','TXN977013');
INSERT INTO [Order](CustomerID, OrderDate, Status, TotalAmount) VALUES (204,'2025-03-14','Processing',0);
INSERT INTO OrderLines(OrderID, ProductID, Qty, UnitPrice) VALUES (2040,14,2,1407);
INSERT INTO OrderLines(OrderID, ProductID, Qty, UnitPrice) VALUES (2040,14,1,842);
INSERT INTO OrderLines(OrderID, ProductID, Qty, UnitPrice) VALUES (2040,2,1,349);
INSERT INTO OrderLines(OrderID, ProductID, Qty, UnitPrice) VALUES (2040,14,2,1178);
UPDATE [Order] SET TotalAmount=6361 WHERE OrderID=2040;
INSERT INTO Payment(OrderID, PaymentDate, Amount, PaymentMethod, TransactionRef) VALUES (2040,'2025-03-18',6361,'PayPal','TXN132554');
INSERT INTO [Order](CustomerID, OrderDate, Status, TotalAmount) VALUES (205,'2025-06-15','Shipped',0);
INSERT INTO OrderLines(OrderID, ProductID, Qty, UnitPrice) VALUES (2041,3,1,1238);
INSERT INTO OrderLines(OrderID, ProductID, Qty, UnitPrice) VALUES (2041,47,1,1440);
INSERT INTO OrderLines(OrderID, ProductID, Qty, UnitPrice) VALUES (2041,4,3,1401);
INSERT INTO OrderLines(OrderID, ProductID, Qty, UnitPrice) VALUES (2041,33,3,1007);
UPDATE [Order] SET TotalAmount=9902 WHERE OrderID=2041;
INSERT INTO Payment(OrderID, PaymentDate, Amount, PaymentMethod, TransactionRef) VALUES (2041,'2025-06-18',9902,'Cash','TXN332454');
INSERT INTO [Order](CustomerID, OrderDate, Status, TotalAmount) VALUES (205,'2025-01-31','Processing',0);
INSERT INTO OrderLines(OrderID, ProductID, Qty, UnitPrice) VALUES (2042,5,2,775);
INSERT INTO OrderLines(OrderID, ProductID, Qty, UnitPrice) VALUES (2042,47,3,1059);
INSERT INTO OrderLines(OrderID, ProductID, Qty, UnitPrice) VALUES (2042,9,2,1491);
INSERT INTO OrderLines(OrderID, ProductID, Qty, UnitPrice) VALUES (2042,15,2,1405);
UPDATE [Order] SET TotalAmount=10519 WHERE OrderID=2042;
INSERT INTO Payment(OrderID, PaymentDate, Amount, PaymentMethod, TransactionRef) VALUES (2042,'2025-02-03',10519,'Cash','TXN788144');
INSERT INTO [Order](CustomerID, OrderDate, Status, TotalAmount) VALUES (205,'2025-04-11','Shipped',0);
INSERT INTO OrderLines(OrderID, ProductID, Qty, UnitPrice) VALUES (2043,13,1,1239);
INSERT INTO OrderLines(OrderID, ProductID, Qty, UnitPrice) VALUES (2043,2,3,121);
INSERT INTO OrderLines(OrderID, ProductID, Qty, UnitPrice) VALUES (2043,4,3,616);
INSERT INTO OrderLines(OrderID, ProductID, Qty, UnitPrice) VALUES (2043,12,2,620);
UPDATE [Order] SET TotalAmount=4690 WHERE OrderID=2043;
INSERT INTO Payment(OrderID, PaymentDate, Amount, PaymentMethod, TransactionRef) VALUES (2043,'2025-04-15',4690,'Cash','TXN351080');
INSERT INTO [Order](CustomerID, OrderDate, Status, TotalAmount) VALUES (205,'2025-09-19','Processing',0);
INSERT INTO OrderLines(OrderID, ProductID, Qty, UnitPrice) VALUES (2044,28,3,1479);
INSERT INTO OrderLines(OrderID, ProductID, Qty, UnitPrice) VALUES (2044,15,1,148);
INSERT INTO OrderLines(OrderID, ProductID, Qty, UnitPrice) VALUES (2044,37,1,1226);
INSERT INTO OrderLines(OrderID, ProductID, Qty, UnitPrice) VALUES (2044,42,2,1193);
UPDATE [Order] SET TotalAmount=8197 WHERE OrderID=2044;
INSERT INTO Payment(OrderID, PaymentDate, Amount, PaymentMethod, TransactionRef) VALUES (2044,'2025-09-24',8197,'Card','TXN317264');
INSERT INTO [Order](CustomerID, OrderDate, Status, TotalAmount) VALUES (205,'2025-01-04','Processing',0);
INSERT INTO OrderLines(OrderID, ProductID, Qty, UnitPrice) VALUES (2045,4,2,1271);
INSERT INTO OrderLines(OrderID, ProductID, Qty, UnitPrice) VALUES (2045,38,2,808);
INSERT INTO OrderLines(OrderID, ProductID, Qty, UnitPrice) VALUES (2045,29,2,915);
INSERT INTO OrderLines(OrderID, ProductID, Qty, UnitPrice) VALUES (2045,24,3,895);
UPDATE [Order] SET TotalAmount=8673 WHERE OrderID=2045;
INSERT INTO Payment(OrderID, PaymentDate, Amount, PaymentMethod, TransactionRef) VALUES (2045,'2025-01-04',8673,'Card','TXN684914');
INSERT INTO [Order](CustomerID, OrderDate, Status, TotalAmount) VALUES (205,'2025-03-28','Cancelled',0);
INSERT INTO OrderLines(OrderID, ProductID, Qty, UnitPrice) VALUES (2046,17,3,1133);
INSERT INTO OrderLines(OrderID, ProductID, Qty, UnitPrice) VALUES (2046,25,3,1012);
INSERT INTO OrderLines(OrderID, ProductID, Qty, UnitPrice) VALUES (2046,48,2,1090);
INSERT INTO OrderLines(OrderID, ProductID, Qty, UnitPrice) VALUES (2046,25,2,545);
UPDATE [Order] SET TotalAmount=9705 WHERE OrderID=2046;
INSERT INTO Payment(OrderID, PaymentDate, Amount, PaymentMethod, TransactionRef) VALUES (2046,'2025-04-02',9705,'Card','TXN188679');
INSERT INTO [Order](CustomerID, OrderDate, Status, TotalAmount) VALUES (205,'2025-06-25','Delivered',0);
INSERT INTO OrderLines(OrderID, ProductID, Qty, UnitPrice) VALUES (2047,49,2,706);
INSERT INTO OrderLines(OrderID, ProductID, Qty, UnitPrice) VALUES (2047,4,3,229);
INSERT INTO OrderLines(OrderID, ProductID, Qty, UnitPrice) VALUES (2047,12,2,994);
INSERT INTO OrderLines(OrderID, ProductID, Qty, UnitPrice) VALUES (2047,23,1,914);
UPDATE [Order] SET TotalAmount=5001 WHERE OrderID=2047;
INSERT INTO Payment(OrderID, PaymentDate, Amount, PaymentMethod, TransactionRef) VALUES (2047,'2025-06-26',5001,'Card','TXN660598');
INSERT INTO [Order](CustomerID, OrderDate, Status, TotalAmount) VALUES (205,'2025-09-09','Delivered',0);
INSERT INTO OrderLines(OrderID, ProductID, Qty, UnitPrice) VALUES (2048,16,1,1443);
INSERT INTO OrderLines(OrderID, ProductID, Qty, UnitPrice) VALUES (2048,42,3,517);
INSERT INTO OrderLines(OrderID, ProductID, Qty, UnitPrice) VALUES (2048,16,2,252);
INSERT INTO OrderLines(OrderID, ProductID, Qty, UnitPrice) VALUES (2048,12,1,1133);
UPDATE [Order] SET TotalAmount=4631 WHERE OrderID=2048;
INSERT INTO Payment(OrderID, PaymentDate, Amount, PaymentMethod, TransactionRef) VALUES (2048,'2025-09-14',4631,'Cash','TXN890671');
INSERT INTO [Order](CustomerID, OrderDate, Status, TotalAmount) VALUES (205,'2025-09-03','Delivered',0);
INSERT INTO OrderLines(OrderID, ProductID, Qty, UnitPrice) VALUES (2049,18,3,844);
INSERT INTO OrderLines(OrderID, ProductID, Qty, UnitPrice) VALUES (2049,48,1,837);
INSERT INTO OrderLines(OrderID, ProductID, Qty, UnitPrice) VALUES (2049,41,2,135);
INSERT INTO OrderLines(OrderID, ProductID, Qty, UnitPrice) VALUES (2049,21,2,920);
UPDATE [Order] SET TotalAmount=5479 WHERE OrderID=2049;
INSERT INTO Payment(OrderID, PaymentDate, Amount, PaymentMethod, TransactionRef) VALUES (2049,'2025-09-05',5479,'PayPal','TXN192557');
INSERT INTO [Order](CustomerID, OrderDate, Status, TotalAmount) VALUES (205,'2025-12-10','Processing',0);
INSERT INTO OrderLines(OrderID, ProductID, Qty, UnitPrice) VALUES (2050,23,2,962);
INSERT INTO OrderLines(OrderID, ProductID, Qty, UnitPrice) VALUES (2050,36,2,133);
INSERT INTO OrderLines(OrderID, ProductID, Qty, UnitPrice) VALUES (2050,25,2,1374);
INSERT INTO OrderLines(OrderID, ProductID, Qty, UnitPrice) VALUES (2050,50,1,1158);
UPDATE [Order] SET TotalAmount=6096 WHERE OrderID=2050;
INSERT INTO Payment(OrderID, PaymentDate, Amount, PaymentMethod, TransactionRef) VALUES (2050,'2025-12-14',6096,'Cash','TXN458742');
INSERT INTO [Order](CustomerID, OrderDate, Status, TotalAmount) VALUES (206,'2025-07-03','Processing',0);
INSERT INTO OrderLines(OrderID, ProductID, Qty, UnitPrice) VALUES (2051,45,1,1208);
INSERT INTO OrderLines(OrderID, ProductID, Qty, UnitPrice) VALUES (2051,35,2,805);
INSERT INTO OrderLines(OrderID, ProductID, Qty, UnitPrice) VALUES (2051,25,1,717);
INSERT INTO OrderLines(OrderID, ProductID, Qty, UnitPrice) VALUES (2051,14,3,493);
UPDATE [Order] SET TotalAmount=5014 WHERE OrderID=2051;
INSERT INTO Payment(OrderID, PaymentDate, Amount, PaymentMethod, TransactionRef) VALUES (2051,'2025-07-05',5014,'PayPal','TXN989835');
INSERT INTO [Order](CustomerID, OrderDate, Status, TotalAmount) VALUES (206,'2025-07-27','Cancelled',0);
INSERT INTO OrderLines(OrderID, ProductID, Qty, UnitPrice) VALUES (2052,7,3,557);
INSERT INTO OrderLines(OrderID, ProductID, Qty, UnitPrice) VALUES (2052,24,3,158);
INSERT INTO OrderLines(OrderID, ProductID, Qty, UnitPrice) VALUES (2052,10,3,317);
INSERT INTO OrderLines(OrderID, ProductID, Qty, UnitPrice) VALUES (2052,26,3,999);
UPDATE [Order] SET TotalAmount=6093 WHERE OrderID=2052;
INSERT INTO Payment(OrderID, PaymentDate, Amount, PaymentMethod, TransactionRef) VALUES (2052,'2025-07-31',6093,'Cash','TXN535700');
INSERT INTO [Order](CustomerID, OrderDate, Status, TotalAmount) VALUES (206,'2025-03-12','Processing',0);
INSERT INTO OrderLines(OrderID, ProductID, Qty, UnitPrice) VALUES (2053,2,1,577);
INSERT INTO OrderLines(OrderID, ProductID, Qty, UnitPrice) VALUES (2053,26,1,862);
INSERT INTO OrderLines(OrderID, ProductID, Qty, UnitPrice) VALUES (2053,6,1,433);
INSERT INTO OrderLines(OrderID, ProductID, Qty, UnitPrice) VALUES (2053,6,3,1355);
UPDATE [Order] SET TotalAmount=5937 WHERE OrderID=2053;
INSERT INTO Payment(OrderID, PaymentDate, Amount, PaymentMethod, TransactionRef) VALUES (2053,'2025-03-17',5937,'Cash','TXN382561');
INSERT INTO [Order](CustomerID, OrderDate, Status, TotalAmount) VALUES (206,'2025-06-05','Processing',0);
INSERT INTO OrderLines(OrderID, ProductID, Qty, UnitPrice) VALUES (2054,48,3,567);
INSERT INTO OrderLines(OrderID, ProductID, Qty, UnitPrice) VALUES (2054,45,1,1358);
INSERT INTO OrderLines(OrderID, ProductID, Qty, UnitPrice) VALUES (2054,12,1,93);
INSERT INTO OrderLines(OrderID, ProductID, Qty, UnitPrice) VALUES (2054,4,3,936);
UPDATE [Order] SET TotalAmount=5960 WHERE OrderID=2054;
INSERT INTO Payment(OrderID, PaymentDate, Amount, PaymentMethod, TransactionRef) VALUES (2054,'2025-06-09',5960,'Cash','TXN761228');
INSERT INTO [Order](CustomerID, OrderDate, Status, TotalAmount) VALUES (206,'2025-02-28','Shipped',0);
INSERT INTO OrderLines(OrderID, ProductID, Qty, UnitPrice) VALUES (2055,44,1,1028);
INSERT INTO OrderLines(OrderID, ProductID, Qty, UnitPrice) VALUES (2055,46,3,208);
INSERT INTO OrderLines(OrderID, ProductID, Qty, UnitPrice) VALUES (2055,49,3,557);
INSERT INTO OrderLines(OrderID, ProductID, Qty, UnitPrice) VALUES (2055,33,2,853);
UPDATE [Order] SET TotalAmount=5029 WHERE OrderID=2055;
INSERT INTO Payment(OrderID, PaymentDate, Amount, PaymentMethod, TransactionRef) VALUES (2055,'2025-02-28',5029,'PayPal','TXN615696');
INSERT INTO [Order](CustomerID, OrderDate, Status, TotalAmount) VALUES (206,'2025-12-10','Shipped',0);
INSERT INTO OrderLines(OrderID, ProductID, Qty, UnitPrice) VALUES (2056,35,3,619);
INSERT INTO OrderLines(OrderID, ProductID, Qty, UnitPrice) VALUES (2056,35,2,439);
INSERT INTO OrderLines(OrderID, ProductID, Qty, UnitPrice) VALUES (2056,29,2,1118);
INSERT INTO OrderLines(OrderID, ProductID, Qty, UnitPrice) VALUES (2056,9,3,213);
UPDATE [Order] SET TotalAmount=5610 WHERE OrderID=2056;
INSERT INTO Payment(OrderID, PaymentDate, Amount, PaymentMethod, TransactionRef) VALUES (2056,'2025-12-10',5610,'Card','TXN973310');
INSERT INTO [Order](CustomerID, OrderDate, Status, TotalAmount) VALUES (206,'2025-07-10','Delivered',0);
INSERT INTO OrderLines(OrderID, ProductID, Qty, UnitPrice) VALUES (2057,49,1,692);
INSERT INTO OrderLines(OrderID, ProductID, Qty, UnitPrice) VALUES (2057,29,2,620);
INSERT INTO OrderLines(OrderID, ProductID, Qty, UnitPrice) VALUES (2057,44,2,1288);
INSERT INTO OrderLines(OrderID, ProductID, Qty, UnitPrice) VALUES (2057,16,1,349);
UPDATE [Order] SET TotalAmount=4857 WHERE OrderID=2057;
INSERT INTO Payment(OrderID, PaymentDate, Amount, PaymentMethod, TransactionRef) VALUES (2057,'2025-07-10',4857,'Card','TXN359286');
INSERT INTO [Order](CustomerID, OrderDate, Status, TotalAmount) VALUES (206,'2025-07-17','Processing',0);
INSERT INTO OrderLines(OrderID, ProductID, Qty, UnitPrice) VALUES (2058,50,1,754);
INSERT INTO OrderLines(OrderID, ProductID, Qty, UnitPrice) VALUES (2058,39,3,301);
INSERT INTO OrderLines(OrderID, ProductID, Qty, UnitPrice) VALUES (2058,18,1,920);
INSERT INTO OrderLines(OrderID, ProductID, Qty, UnitPrice) VALUES (2058,18,1,1011);
UPDATE [Order] SET TotalAmount=3588 WHERE OrderID=2058;
INSERT INTO Payment(OrderID, PaymentDate, Amount, PaymentMethod, TransactionRef) VALUES (2058,'2025-07-21',3588,'Cash','TXN717464');
INSERT INTO [Order](CustomerID, OrderDate, Status, TotalAmount) VALUES (206,'2025-02-13','Processing',0);
INSERT INTO OrderLines(OrderID, ProductID, Qty, UnitPrice) VALUES (2059,5,2,54);
INSERT INTO OrderLines(OrderID, ProductID, Qty, UnitPrice) VALUES (2059,19,2,582);
INSERT INTO OrderLines(OrderID, ProductID, Qty, UnitPrice) VALUES (2059,25,2,423);
INSERT INTO OrderLines(OrderID, ProductID, Qty, UnitPrice) VALUES (2059,14,1,603);
UPDATE [Order] SET TotalAmount=2721 WHERE OrderID=2059;
INSERT INTO Payment(OrderID, PaymentDate, Amount, PaymentMethod, TransactionRef) VALUES (2059,'2025-02-13',2721,'Cash','TXN875895');
INSERT INTO [Order](CustomerID, OrderDate, Status, TotalAmount) VALUES (206,'2025-01-25','Delivered',0);
INSERT INTO OrderLines(OrderID, ProductID, Qty, UnitPrice) VALUES (2060,42,1,484);
INSERT INTO OrderLines(OrderID, ProductID, Qty, UnitPrice) VALUES (2060,48,2,1115);
INSERT INTO OrderLines(OrderID, ProductID, Qty, UnitPrice) VALUES (2060,28,3,705);
INSERT INTO OrderLines(OrderID, ProductID, Qty, UnitPrice) VALUES (2060,42,3,1485);
UPDATE [Order] SET TotalAmount=9284 WHERE OrderID=2060;
INSERT INTO Payment(OrderID, PaymentDate, Amount, PaymentMethod, TransactionRef) VALUES (2060,'2025-01-29',9284,'Card','TXN835101');
INSERT INTO [Order](CustomerID, OrderDate, Status, TotalAmount) VALUES (207,'2025-09-13','Delivered',0);
INSERT INTO OrderLines(OrderID, ProductID, Qty, UnitPrice) VALUES (2061,16,1,1299);
INSERT INTO OrderLines(OrderID, ProductID, Qty, UnitPrice) VALUES (2061,37,2,562);
INSERT INTO OrderLines(OrderID, ProductID, Qty, UnitPrice) VALUES (2061,12,1,1094);
INSERT INTO OrderLines(OrderID, ProductID, Qty, UnitPrice) VALUES (2061,37,1,331);
UPDATE [Order] SET TotalAmount=3848 WHERE OrderID=2061;
INSERT INTO Payment(OrderID, PaymentDate, Amount, PaymentMethod, TransactionRef) VALUES (2061,'2025-09-13',3848,'PayPal','TXN529081');
INSERT INTO [Order](CustomerID, OrderDate, Status, TotalAmount) VALUES (207,'2025-07-11','Delivered',0);
INSERT INTO OrderLines(OrderID, ProductID, Qty, UnitPrice) VALUES (2062,43,3,1000);
INSERT INTO OrderLines(OrderID, ProductID, Qty, UnitPrice) VALUES (2062,32,1,684);
INSERT INTO OrderLines(OrderID, ProductID, Qty, UnitPrice) VALUES (2062,12,2,1209);
INSERT INTO OrderLines(OrderID, ProductID, Qty, UnitPrice) VALUES (2062,17,1,757);
UPDATE [Order] SET TotalAmount=6859 WHERE OrderID=2062;
INSERT INTO Payment(OrderID, PaymentDate, Amount, PaymentMethod, TransactionRef) VALUES (2062,'2025-07-12',6859,'Card','TXN262461');
INSERT INTO [Order](CustomerID, OrderDate, Status, TotalAmount) VALUES (207,'2025-08-29','Delivered',0);
INSERT INTO OrderLines(OrderID, ProductID, Qty, UnitPrice) VALUES (2063,23,2,1458);
INSERT INTO OrderLines(OrderID, ProductID, Qty, UnitPrice) VALUES (2063,46,1,1070);
INSERT INTO OrderLines(OrderID, ProductID, Qty, UnitPrice) VALUES (2063,29,3,156);
INSERT INTO OrderLines(OrderID, ProductID, Qty, UnitPrice) VALUES (2063,30,3,583);
UPDATE [Order] SET TotalAmount=6203 WHERE OrderID=2063;
INSERT INTO Payment(OrderID, PaymentDate, Amount, PaymentMethod, TransactionRef) VALUES (2063,'2025-08-30',6203,'Card','TXN204986');
INSERT INTO [Order](CustomerID, OrderDate, Status, TotalAmount) VALUES (207,'2025-04-10','Cancelled',0);
INSERT INTO OrderLines(OrderID, ProductID, Qty, UnitPrice) VALUES (2064,13,2,31);
INSERT INTO OrderLines(OrderID, ProductID, Qty, UnitPrice) VALUES (2064,37,3,1049);
INSERT INTO OrderLines(OrderID, ProductID, Qty, UnitPrice) VALUES (2064,18,1,988);
INSERT INTO OrderLines(OrderID, ProductID, Qty, UnitPrice) VALUES (2064,23,2,875);
UPDATE [Order] SET TotalAmount=5947 WHERE OrderID=2064;
INSERT INTO Payment(OrderID, PaymentDate, Amount, PaymentMethod, TransactionRef) VALUES (2064,'2025-04-10',5947,'Cash','TXN719931');
INSERT INTO [Order](CustomerID, OrderDate, Status, TotalAmount) VALUES (207,'2025-05-08','Cancelled',0);
INSERT INTO OrderLines(OrderID, ProductID, Qty, UnitPrice) VALUES (2065,1,3,535);
INSERT INTO OrderLines(OrderID, ProductID, Qty, UnitPrice) VALUES (2065,5,1,868);
INSERT INTO OrderLines(OrderID, ProductID, Qty, UnitPrice) VALUES (2065,34,1,901);
INSERT INTO OrderLines(OrderID, ProductID, Qty, UnitPrice) VALUES (2065,9,2,234);
UPDATE [Order] SET TotalAmount=3842 WHERE OrderID=2065;
INSERT INTO Payment(OrderID, PaymentDate, Amount, PaymentMethod, TransactionRef) VALUES (2065,'2025-05-12',3842,'Card','TXN823352');
INSERT INTO [Order](CustomerID, OrderDate, Status, TotalAmount) VALUES (207,'2025-02-11','Delivered',0);
INSERT INTO OrderLines(OrderID, ProductID, Qty, UnitPrice) VALUES (2066,43,2,998);
INSERT INTO OrderLines(OrderID, ProductID, Qty, UnitPrice) VALUES (2066,28,1,1178);
INSERT INTO OrderLines(OrderID, ProductID, Qty, UnitPrice) VALUES (2066,38,3,1424);
INSERT INTO OrderLines(OrderID, ProductID, Qty, UnitPrice) VALUES (2066,19,3,967);
UPDATE [Order] SET TotalAmount=10347 WHERE OrderID=2066;
INSERT INTO Payment(OrderID, PaymentDate, Amount, PaymentMethod, TransactionRef) VALUES (2066,'2025-02-13',10347,'Cash','TXN290564');
INSERT INTO [Order](CustomerID, OrderDate, Status, TotalAmount) VALUES (207,'2025-03-05','Delivered',0);
INSERT INTO OrderLines(OrderID, ProductID, Qty, UnitPrice) VALUES (2067,12,1,1397);
INSERT INTO OrderLines(OrderID, ProductID, Qty, UnitPrice) VALUES (2067,39,3,930);
INSERT INTO OrderLines(OrderID, ProductID, Qty, UnitPrice) VALUES (2067,46,1,1034);
INSERT INTO OrderLines(OrderID, ProductID, Qty, UnitPrice) VALUES (2067,41,1,309);
UPDATE [Order] SET TotalAmount=5530 WHERE OrderID=2067;
INSERT INTO Payment(OrderID, PaymentDate, Amount, PaymentMethod, TransactionRef) VALUES (2067,'2025-03-05',5530,'PayPal','TXN923922');
INSERT INTO [Order](CustomerID, OrderDate, Status, TotalAmount) VALUES (207,'2025-10-26','Processing',0);
INSERT INTO OrderLines(OrderID, ProductID, Qty, UnitPrice) VALUES (2068,16,3,1223);
INSERT INTO OrderLines(OrderID, ProductID, Qty, UnitPrice) VALUES (2068,28,3,185);
INSERT INTO OrderLines(OrderID, ProductID, Qty, UnitPrice) VALUES (2068,44,3,83);
INSERT INTO OrderLines(OrderID, ProductID, Qty, UnitPrice) VALUES (2068,20,3,268);
UPDATE [Order] SET TotalAmount=5277 WHERE OrderID=2068;
INSERT INTO Payment(OrderID, PaymentDate, Amount, PaymentMethod, TransactionRef) VALUES (2068,'2025-10-29',5277,'Cash','TXN564827');
INSERT INTO [Order](CustomerID, OrderDate, Status, TotalAmount) VALUES (207,'2025-02-06','Processing',0);
INSERT INTO OrderLines(OrderID, ProductID, Qty, UnitPrice) VALUES (2069,24,3,1439);
INSERT INTO OrderLines(OrderID, ProductID, Qty, UnitPrice) VALUES (2069,27,1,1026);
INSERT INTO OrderLines(OrderID, ProductID, Qty, UnitPrice) VALUES (2069,5,1,358);
INSERT INTO OrderLines(OrderID, ProductID, Qty, UnitPrice) VALUES (2069,4,2,447);
UPDATE [Order] SET TotalAmount=6595 WHERE OrderID=2069;
INSERT INTO Payment(OrderID, PaymentDate, Amount, PaymentMethod, TransactionRef) VALUES (2069,'2025-02-06',6595,'Cash','TXN578624');
INSERT INTO [Order](CustomerID, OrderDate, Status, TotalAmount) VALUES (207,'2025-12-11','Shipped',0);
INSERT INTO OrderLines(OrderID, ProductID, Qty, UnitPrice) VALUES (2070,43,1,837);
INSERT INTO OrderLines(OrderID, ProductID, Qty, UnitPrice) VALUES (2070,8,2,846);
INSERT INTO OrderLines(OrderID, ProductID, Qty, UnitPrice) VALUES (2070,49,3,1057);
INSERT INTO OrderLines(OrderID, ProductID, Qty, UnitPrice) VALUES (2070,13,2,807);
UPDATE [Order] SET TotalAmount=7314 WHERE OrderID=2070;
INSERT INTO Payment(OrderID, PaymentDate, Amount, PaymentMethod, TransactionRef) VALUES (2070,'2025-12-13',7314,'Cash','TXN816946');
INSERT INTO [Order](CustomerID, OrderDate, Status, TotalAmount) VALUES (208,'2025-06-09','Processing',0);
INSERT INTO OrderLines(OrderID, ProductID, Qty, UnitPrice) VALUES (2071,24,1,543);
INSERT INTO OrderLines(OrderID, ProductID, Qty, UnitPrice) VALUES (2071,15,1,439);
INSERT INTO OrderLines(OrderID, ProductID, Qty, UnitPrice) VALUES (2071,49,3,1091);
INSERT INTO OrderLines(OrderID, ProductID, Qty, UnitPrice) VALUES (2071,17,1,414);
UPDATE [Order] SET TotalAmount=4669 WHERE OrderID=2071;
INSERT INTO Payment(OrderID, PaymentDate, Amount, PaymentMethod, TransactionRef) VALUES (2071,'2025-06-11',4669,'Cash','TXN652573');
INSERT INTO [Order](CustomerID, OrderDate, Status, TotalAmount) VALUES (208,'2025-09-25','Shipped',0);
INSERT INTO OrderLines(OrderID, ProductID, Qty, UnitPrice) VALUES (2072,50,2,1265);
INSERT INTO OrderLines(OrderID, ProductID, Qty, UnitPrice) VALUES (2072,27,2,1121);
INSERT INTO OrderLines(OrderID, ProductID, Qty, UnitPrice) VALUES (2072,34,2,565);
INSERT INTO OrderLines(OrderID, ProductID, Qty, UnitPrice) VALUES (2072,44,2,1345);
UPDATE [Order] SET TotalAmount=8592 WHERE OrderID=2072;
INSERT INTO Payment(OrderID, PaymentDate, Amount, PaymentMethod, TransactionRef) VALUES (2072,'2025-09-28',8592,'Card','TXN457737');
INSERT INTO [Order](CustomerID, OrderDate, Status, TotalAmount) VALUES (208,'2025-12-11','Cancelled',0);
INSERT INTO OrderLines(OrderID, ProductID, Qty, UnitPrice) VALUES (2073,15,1,554);
INSERT INTO OrderLines(OrderID, ProductID, Qty, UnitPrice) VALUES (2073,48,3,61);
INSERT INTO OrderLines(OrderID, ProductID, Qty, UnitPrice) VALUES (2073,9,1,32);
INSERT INTO OrderLines(OrderID, ProductID, Qty, UnitPrice) VALUES (2073,3,3,823);
UPDATE [Order] SET TotalAmount=3238 WHERE OrderID=2073;
INSERT INTO Payment(OrderID, PaymentDate, Amount, PaymentMethod, TransactionRef) VALUES (2073,'2025-12-12',3238,'PayPal','TXN576711');
INSERT INTO [Order](CustomerID, OrderDate, Status, TotalAmount) VALUES (208,'2025-03-20','Cancelled',0);
INSERT INTO OrderLines(OrderID, ProductID, Qty, UnitPrice) VALUES (2074,4,2,1427);
INSERT INTO OrderLines(OrderID, ProductID, Qty, UnitPrice) VALUES (2074,8,1,989);
INSERT INTO OrderLines(OrderID, ProductID, Qty, UnitPrice) VALUES (2074,41,1,952);
INSERT INTO OrderLines(OrderID, ProductID, Qty, UnitPrice) VALUES (2074,39,2,1308);
UPDATE [Order] SET TotalAmount=7411 WHERE OrderID=2074;
INSERT INTO Payment(OrderID, PaymentDate, Amount, PaymentMethod, TransactionRef) VALUES (2074,'2025-03-23',7411,'PayPal','TXN608834');
INSERT INTO [Order](CustomerID, OrderDate, Status, TotalAmount) VALUES (208,'2025-10-12','Cancelled',0);
INSERT INTO OrderLines(OrderID, ProductID, Qty, UnitPrice) VALUES (2075,38,3,1401);
INSERT INTO OrderLines(OrderID, ProductID, Qty, UnitPrice) VALUES (2075,34,1,166);
INSERT INTO OrderLines(OrderID, ProductID, Qty, UnitPrice) VALUES (2075,48,1,243);
INSERT INTO OrderLines(OrderID, ProductID, Qty, UnitPrice) VALUES (2075,32,3,415);
UPDATE [Order] SET TotalAmount=5857 WHERE OrderID=2075;
INSERT INTO Payment(OrderID, PaymentDate, Amount, PaymentMethod, TransactionRef) VALUES (2075,'2025-10-12',5857,'Cash','TXN104771');
INSERT INTO [Order](CustomerID, OrderDate, Status, TotalAmount) VALUES (208,'2025-11-06','Processing',0);
INSERT INTO OrderLines(OrderID, ProductID, Qty, UnitPrice) VALUES (2076,41,2,1139);
INSERT INTO OrderLines(OrderID, ProductID, Qty, UnitPrice) VALUES (2076,5,2,676);
INSERT INTO OrderLines(OrderID, ProductID, Qty, UnitPrice) VALUES (2076,33,1,728);
INSERT INTO OrderLines(OrderID, ProductID, Qty, UnitPrice) VALUES (2076,47,3,496);
UPDATE [Order] SET TotalAmount=5846 WHERE OrderID=2076;
INSERT INTO Payment(OrderID, PaymentDate, Amount, PaymentMethod, TransactionRef) VALUES (2076,'2025-11-08',5846,'PayPal','TXN901842');
INSERT INTO [Order](CustomerID, OrderDate, Status, TotalAmount) VALUES (208,'2025-03-19','Delivered',0);
INSERT INTO OrderLines(OrderID, ProductID, Qty, UnitPrice) VALUES (2077,18,3,881);
INSERT INTO OrderLines(OrderID, ProductID, Qty, UnitPrice) VALUES (2077,30,2,570);
INSERT INTO OrderLines(OrderID, ProductID, Qty, UnitPrice) VALUES (2077,48,2,553);
INSERT INTO OrderLines(OrderID, ProductID, Qty, UnitPrice) VALUES (2077,37,2,1211);
UPDATE [Order] SET TotalAmount=7311 WHERE OrderID=2077;
INSERT INTO Payment(OrderID, PaymentDate, Amount, PaymentMethod, TransactionRef) VALUES (2077,'2025-03-21',7311,'PayPal','TXN109252');
INSERT INTO [Order](CustomerID, OrderDate, Status, TotalAmount) VALUES (208,'2025-11-10','Cancelled',0);
INSERT INTO OrderLines(OrderID, ProductID, Qty, UnitPrice) VALUES (2078,44,1,1270);
INSERT INTO OrderLines(OrderID, ProductID, Qty, UnitPrice) VALUES (2078,36,1,1191);
INSERT INTO OrderLines(OrderID, ProductID, Qty, UnitPrice) VALUES (2078,12,2,356);
INSERT INTO OrderLines(OrderID, ProductID, Qty, UnitPrice) VALUES (2078,1,1,37);
UPDATE [Order] SET TotalAmount=3210 WHERE OrderID=2078;
INSERT INTO Payment(OrderID, PaymentDate, Amount, PaymentMethod, TransactionRef) VALUES (2078,'2025-11-11',3210,'PayPal','TXN749789');
INSERT INTO [Order](CustomerID, OrderDate, Status, TotalAmount) VALUES (208,'2025-05-24','Processing',0);
INSERT INTO OrderLines(OrderID, ProductID, Qty, UnitPrice) VALUES (2079,43,1,339);
INSERT INTO OrderLines(OrderID, ProductID, Qty, UnitPrice) VALUES (2079,40,1,362);
INSERT INTO OrderLines(OrderID, ProductID, Qty, UnitPrice) VALUES (2079,17,3,1226);
INSERT INTO OrderLines(OrderID, ProductID, Qty, UnitPrice) VALUES (2079,34,2,1364);
UPDATE [Order] SET TotalAmount=7107 WHERE OrderID=2079;
INSERT INTO Payment(OrderID, PaymentDate, Amount, PaymentMethod, TransactionRef) VALUES (2079,'2025-05-26',7107,'Cash','TXN670040');
INSERT INTO [Order](CustomerID, OrderDate, Status, TotalAmount) VALUES (208,'2025-12-26','Delivered',0);
INSERT INTO OrderLines(OrderID, ProductID, Qty, UnitPrice) VALUES (2080,27,3,713);
INSERT INTO OrderLines(OrderID, ProductID, Qty, UnitPrice) VALUES (2080,27,1,319);
INSERT INTO OrderLines(OrderID, ProductID, Qty, UnitPrice) VALUES (2080,16,1,501);
INSERT INTO OrderLines(OrderID, ProductID, Qty, UnitPrice) VALUES (2080,37,1,1372);
UPDATE [Order] SET TotalAmount=4331 WHERE OrderID=2080;
INSERT INTO Payment(OrderID, PaymentDate, Amount, PaymentMethod, TransactionRef) VALUES (2080,'2025-12-27',4331,'Cash','TXN403543');
INSERT INTO [Order](CustomerID, OrderDate, Status, TotalAmount) VALUES (209,'2025-02-05','Cancelled',0);
INSERT INTO OrderLines(OrderID, ProductID, Qty, UnitPrice) VALUES (2081,12,1,1137);
INSERT INTO OrderLines(OrderID, ProductID, Qty, UnitPrice) VALUES (2081,50,1,1491);
INSERT INTO OrderLines(OrderID, ProductID, Qty, UnitPrice) VALUES (2081,49,2,663);
INSERT INTO OrderLines(OrderID, ProductID, Qty, UnitPrice) VALUES (2081,17,2,550);
UPDATE [Order] SET TotalAmount=5054 WHERE OrderID=2081;
INSERT INTO Payment(OrderID, PaymentDate, Amount, PaymentMethod, TransactionRef) VALUES (2081,'2025-02-06',5054,'Card','TXN521031');
INSERT INTO [Order](CustomerID, OrderDate, Status, TotalAmount) VALUES (209,'2025-06-23','Shipped',0);
INSERT INTO OrderLines(OrderID, ProductID, Qty, UnitPrice) VALUES (2082,4,3,508);
INSERT INTO OrderLines(OrderID, ProductID, Qty, UnitPrice) VALUES (2082,42,3,198);
INSERT INTO OrderLines(OrderID, ProductID, Qty, UnitPrice) VALUES (2082,5,2,440);
INSERT INTO OrderLines(OrderID, ProductID, Qty, UnitPrice) VALUES (2082,37,3,680);
UPDATE [Order] SET TotalAmount=5038 WHERE OrderID=2082;
INSERT INTO Payment(OrderID, PaymentDate, Amount, PaymentMethod, TransactionRef) VALUES (2082,'2025-06-25',5038,'PayPal','TXN526013');
INSERT INTO [Order](CustomerID, OrderDate, Status, TotalAmount) VALUES (209,'2025-12-01','Cancelled',0);
INSERT INTO OrderLines(OrderID, ProductID, Qty, UnitPrice) VALUES (2083,40,3,124);
INSERT INTO OrderLines(OrderID, ProductID, Qty, UnitPrice) VALUES (2083,37,1,459);
INSERT INTO OrderLines(OrderID, ProductID, Qty, UnitPrice) VALUES (2083,1,2,44);
INSERT INTO OrderLines(OrderID, ProductID, Qty, UnitPrice) VALUES (2083,43,3,332);
UPDATE [Order] SET TotalAmount=1915 WHERE OrderID=2083;
INSERT INTO Payment(OrderID, PaymentDate, Amount, PaymentMethod, TransactionRef) VALUES (2083,'2025-12-02',1915,'PayPal','TXN389134');
INSERT INTO [Order](CustomerID, OrderDate, Status, TotalAmount) VALUES (209,'2025-12-23','Shipped',0);
INSERT INTO OrderLines(OrderID, ProductID, Qty, UnitPrice) VALUES (2084,46,2,436);
INSERT INTO OrderLines(OrderID, ProductID, Qty, UnitPrice) VALUES (2084,1,3,830);
INSERT INTO OrderLines(OrderID, ProductID, Qty, UnitPrice) VALUES (2084,43,2,1432);
INSERT INTO OrderLines(OrderID, ProductID, Qty, UnitPrice) VALUES (2084,22,2,1029);
UPDATE [Order] SET TotalAmount=8284 WHERE OrderID=2084;
INSERT INTO Payment(OrderID, PaymentDate, Amount, PaymentMethod, TransactionRef) VALUES (2084,'2025-12-23',8284,'PayPal','TXN183149');
INSERT INTO [Order](CustomerID, OrderDate, Status, TotalAmount) VALUES (209,'2025-08-12','Cancelled',0);
INSERT INTO OrderLines(OrderID, ProductID, Qty, UnitPrice) VALUES (2085,29,3,773);
INSERT INTO OrderLines(OrderID, ProductID, Qty, UnitPrice) VALUES (2085,31,1,967);
INSERT INTO OrderLines(OrderID, ProductID, Qty, UnitPrice) VALUES (2085,24,2,543);
INSERT INTO OrderLines(OrderID, ProductID, Qty, UnitPrice) VALUES (2085,8,1,1247);
UPDATE [Order] SET TotalAmount=5619 WHERE OrderID=2085;
INSERT INTO Payment(OrderID, PaymentDate, Amount, PaymentMethod, TransactionRef) VALUES (2085,'2025-08-13',5619,'PayPal','TXN891353');
INSERT INTO [Order](CustomerID, OrderDate, Status, TotalAmount) VALUES (209,'2025-07-06','Cancelled',0);
INSERT INTO OrderLines(OrderID, ProductID, Qty, UnitPrice) VALUES (2086,2,3,1310);
INSERT INTO OrderLines(OrderID, ProductID, Qty, UnitPrice) VALUES (2086,49,2,636);
INSERT INTO OrderLines(OrderID, ProductID, Qty, UnitPrice) VALUES (2086,31,2,1009);
INSERT INTO OrderLines(OrderID, ProductID, Qty, UnitPrice) VALUES (2086,13,1,1008);
UPDATE [Order] SET TotalAmount=8228 WHERE OrderID=2086;
INSERT INTO Payment(OrderID, PaymentDate, Amount, PaymentMethod, TransactionRef) VALUES (2086,'2025-07-07',8228,'PayPal','TXN422683');
INSERT INTO [Order](CustomerID, OrderDate, Status, TotalAmount) VALUES (209,'2025-05-30','Shipped',0);
INSERT INTO OrderLines(OrderID, ProductID, Qty, UnitPrice) VALUES (2087,12,1,473);
INSERT INTO OrderLines(OrderID, ProductID, Qty, UnitPrice) VALUES (2087,26,2,666);
INSERT INTO OrderLines(OrderID, ProductID, Qty, UnitPrice) VALUES (2087,13,2,1253);
INSERT INTO OrderLines(OrderID, ProductID, Qty, UnitPrice) VALUES (2087,25,1,489);
UPDATE [Order] SET TotalAmount=4800 WHERE OrderID=2087;
INSERT INTO Payment(OrderID, PaymentDate, Amount, PaymentMethod, TransactionRef) VALUES (2087,'2025-06-03',4800,'Card','TXN988537');
INSERT INTO [Order](CustomerID, OrderDate, Status, TotalAmount) VALUES (209,'2025-09-17','Delivered',0);
INSERT INTO OrderLines(OrderID, ProductID, Qty, UnitPrice) VALUES (2088,49,3,737);
INSERT INTO OrderLines(OrderID, ProductID, Qty, UnitPrice) VALUES (2088,45,2,251);
INSERT INTO OrderLines(OrderID, ProductID, Qty, UnitPrice) VALUES (2088,6,3,743);
INSERT INTO OrderLines(OrderID, ProductID, Qty, UnitPrice) VALUES (2088,38,3,740);
UPDATE [Order] SET TotalAmount=7162 WHERE OrderID=2088;
INSERT INTO Payment(OrderID, PaymentDate, Amount, PaymentMethod, TransactionRef) VALUES (2088,'2025-09-21',7162,'Card','TXN590484');
INSERT INTO [Order](CustomerID, OrderDate, Status, TotalAmount) VALUES (209,'2025-05-03','Shipped',0);
INSERT INTO OrderLines(OrderID, ProductID, Qty, UnitPrice) VALUES (2089,1,1,652);
INSERT INTO OrderLines(OrderID, ProductID, Qty, UnitPrice) VALUES (2089,4,3,1459);
INSERT INTO OrderLines(OrderID, ProductID, Qty, UnitPrice) VALUES (2089,8,1,1132);
INSERT INTO OrderLines(OrderID, ProductID, Qty, UnitPrice) VALUES (2089,1,2,49);
UPDATE [Order] SET TotalAmount=6259 WHERE OrderID=2089;
INSERT INTO Payment(OrderID, PaymentDate, Amount, PaymentMethod, TransactionRef) VALUES (2089,'2025-05-06',6259,'PayPal','TXN370351');
INSERT INTO [Order](CustomerID, OrderDate, Status, TotalAmount) VALUES (209,'2025-11-08','Delivered',0);
INSERT INTO OrderLines(OrderID, ProductID, Qty, UnitPrice) VALUES (2090,20,3,1017);
INSERT INTO OrderLines(OrderID, ProductID, Qty, UnitPrice) VALUES (2090,9,1,1391);
INSERT INTO OrderLines(OrderID, ProductID, Qty, UnitPrice) VALUES (2090,39,2,1483);
INSERT INTO OrderLines(OrderID, ProductID, Qty, UnitPrice) VALUES (2090,28,1,470);
UPDATE [Order] SET TotalAmount=7878 WHERE OrderID=2090;
INSERT INTO Payment(OrderID, PaymentDate, Amount, PaymentMethod, TransactionRef) VALUES (2090,'2025-11-13',7878,'Cash','TXN523457');
INSERT INTO [Order](CustomerID, OrderDate, Status, TotalAmount) VALUES (210,'2025-01-01','Processing',0);
INSERT INTO OrderLines(OrderID, ProductID, Qty, UnitPrice) VALUES (2091,2,1,951);
INSERT INTO OrderLines(OrderID, ProductID, Qty, UnitPrice) VALUES (2091,41,2,1138);
INSERT INTO OrderLines(OrderID, ProductID, Qty, UnitPrice) VALUES (2091,45,2,267);
INSERT INTO OrderLines(OrderID, ProductID, Qty, UnitPrice) VALUES (2091,30,2,661);
UPDATE [Order] SET TotalAmount=5083 WHERE OrderID=2091;
INSERT INTO Payment(OrderID, PaymentDate, Amount, PaymentMethod, TransactionRef) VALUES (2091,'2025-01-02',5083,'Cash','TXN575210');
INSERT INTO [Order](CustomerID, OrderDate, Status, TotalAmount) VALUES (210,'2025-04-20','Cancelled',0);
INSERT INTO OrderLines(OrderID, ProductID, Qty, UnitPrice) VALUES (2092,48,2,1418);
INSERT INTO OrderLines(OrderID, ProductID, Qty, UnitPrice) VALUES (2092,14,2,1314);
INSERT INTO OrderLines(OrderID, ProductID, Qty, UnitPrice) VALUES (2092,21,1,1414);
INSERT INTO OrderLines(OrderID, ProductID, Qty, UnitPrice) VALUES (2092,12,1,1346);
UPDATE [Order] SET TotalAmount=8224 WHERE OrderID=2092;
INSERT INTO Payment(OrderID, PaymentDate, Amount, PaymentMethod, TransactionRef) VALUES (2092,'2025-04-22',8224,'Cash','TXN225861');
INSERT INTO [Order](CustomerID, OrderDate, Status, TotalAmount) VALUES (210,'2025-09-19','Cancelled',0);
INSERT INTO OrderLines(OrderID, ProductID, Qty, UnitPrice) VALUES (2093,6,1,627);
INSERT INTO OrderLines(OrderID, ProductID, Qty, UnitPrice) VALUES (2093,42,2,1042);
INSERT INTO OrderLines(OrderID, ProductID, Qty, UnitPrice) VALUES (2093,39,2,790);
INSERT INTO OrderLines(OrderID, ProductID, Qty, UnitPrice) VALUES (2093,20,3,340);
UPDATE [Order] SET TotalAmount=5311 WHERE OrderID=2093;
INSERT INTO Payment(OrderID, PaymentDate, Amount, PaymentMethod, TransactionRef) VALUES (2093,'2025-09-24',5311,'Cash','TXN684641');
INSERT INTO [Order](CustomerID, OrderDate, Status, TotalAmount) VALUES (210,'2025-04-15','Cancelled',0);
INSERT INTO OrderLines(OrderID, ProductID, Qty, UnitPrice) VALUES (2094,36,1,740);
INSERT INTO OrderLines(OrderID, ProductID, Qty, UnitPrice) VALUES (2094,33,2,1120);
INSERT INTO OrderLines(OrderID, ProductID, Qty, UnitPrice) VALUES (2094,44,1,714);
INSERT INTO OrderLines(OrderID, ProductID, Qty, UnitPrice) VALUES (2094,19,1,915);
UPDATE [Order] SET TotalAmount=4609 WHERE OrderID=2094;
INSERT INTO Payment(OrderID, PaymentDate, Amount, PaymentMethod, TransactionRef) VALUES (2094,'2025-04-18',4609,'Card','TXN378799');
INSERT INTO [Order](CustomerID, OrderDate, Status, TotalAmount) VALUES (210,'2025-10-28','Delivered',0);
INSERT INTO OrderLines(OrderID, ProductID, Qty, UnitPrice) VALUES (2095,50,3,447);
INSERT INTO OrderLines(OrderID, ProductID, Qty, UnitPrice) VALUES (2095,30,1,353);
INSERT INTO OrderLines(OrderID, ProductID, Qty, UnitPrice) VALUES (2095,30,3,1043);
INSERT INTO OrderLines(OrderID, ProductID, Qty, UnitPrice) VALUES (2095,1,1,152);
UPDATE [Order] SET TotalAmount=4975 WHERE OrderID=2095;
INSERT INTO Payment(OrderID, PaymentDate, Amount, PaymentMethod, TransactionRef) VALUES (2095,'2025-11-01',4975,'Card','TXN439058');
INSERT INTO [Order](CustomerID, OrderDate, Status, TotalAmount) VALUES (210,'2025-08-02','Processing',0);
INSERT INTO OrderLines(OrderID, ProductID, Qty, UnitPrice) VALUES (2096,17,3,1371);
INSERT INTO OrderLines(OrderID, ProductID, Qty, UnitPrice) VALUES (2096,37,3,1417);
INSERT INTO OrderLines(OrderID, ProductID, Qty, UnitPrice) VALUES (2096,17,3,956);
INSERT INTO OrderLines(OrderID, ProductID, Qty, UnitPrice) VALUES (2096,15,1,1220);
UPDATE [Order] SET TotalAmount=12452 WHERE OrderID=2096;
INSERT INTO Payment(OrderID, PaymentDate, Amount, PaymentMethod, TransactionRef) VALUES (2096,'2025-08-02',12452,'PayPal','TXN586768');
INSERT INTO [Order](CustomerID, OrderDate, Status, TotalAmount) VALUES (210,'2025-05-21','Cancelled',0);
INSERT INTO OrderLines(OrderID, ProductID, Qty, UnitPrice) VALUES (2097,30,3,819);
INSERT INTO OrderLines(OrderID, ProductID, Qty, UnitPrice) VALUES (2097,27,2,1238);
INSERT INTO OrderLines(OrderID, ProductID, Qty, UnitPrice) VALUES (2097,32,1,1232);
INSERT INTO OrderLines(OrderID, ProductID, Qty, UnitPrice) VALUES (2097,37,1,999);
UPDATE [Order] SET TotalAmount=7164 WHERE OrderID=2097;
INSERT INTO Payment(OrderID, PaymentDate, Amount, PaymentMethod, TransactionRef) VALUES (2097,'2025-05-24',7164,'Card','TXN103888');
INSERT INTO [Order](CustomerID, OrderDate, Status, TotalAmount) VALUES (210,'2025-12-01','Shipped',0);
INSERT INTO OrderLines(OrderID, ProductID, Qty, UnitPrice) VALUES (2098,16,1,498);
INSERT INTO OrderLines(OrderID, ProductID, Qty, UnitPrice) VALUES (2098,25,2,1413);
INSERT INTO OrderLines(OrderID, ProductID, Qty, UnitPrice) VALUES (2098,32,2,126);
INSERT INTO OrderLines(OrderID, ProductID, Qty, UnitPrice) VALUES (2098,24,2,1198);
UPDATE [Order] SET TotalAmount=5972 WHERE OrderID=2098;
INSERT INTO Payment(OrderID, PaymentDate, Amount, PaymentMethod, TransactionRef) VALUES (2098,'2025-12-05',5972,'PayPal','TXN110399');
INSERT INTO [Order](CustomerID, OrderDate, Status, TotalAmount) VALUES (210,'2025-04-30','Cancelled',0);
INSERT INTO OrderLines(OrderID, ProductID, Qty, UnitPrice) VALUES (2099,47,3,385);
INSERT INTO OrderLines(OrderID, ProductID, Qty, UnitPrice) VALUES (2099,38,1,940);
INSERT INTO OrderLines(OrderID, ProductID, Qty, UnitPrice) VALUES (2099,37,3,422);
INSERT INTO OrderLines(OrderID, ProductID, Qty, UnitPrice) VALUES (2099,28,1,530);
UPDATE [Order] SET TotalAmount=3891 WHERE OrderID=2099;
INSERT INTO Payment(OrderID, PaymentDate, Amount, PaymentMethod, TransactionRef) VALUES (2099,'2025-04-30',3891,'Cash','TXN784144');
INSERT INTO [Order](CustomerID, OrderDate, Status, TotalAmount) VALUES (210,'2025-11-12','Processing',0);
INSERT INTO OrderLines(OrderID, ProductID, Qty, UnitPrice) VALUES (2100,43,2,39);
INSERT INTO OrderLines(OrderID, ProductID, Qty, UnitPrice) VALUES (2100,40,1,838);
INSERT INTO OrderLines(OrderID, ProductID, Qty, UnitPrice) VALUES (2100,27,1,1357);
INSERT INTO OrderLines(OrderID, ProductID, Qty, UnitPrice) VALUES (2100,28,2,369);
UPDATE [Order] SET TotalAmount=3011 WHERE OrderID=2100;
INSERT INTO Payment(OrderID, PaymentDate, Amount, PaymentMethod, TransactionRef) VALUES (2100,'2025-11-14',3011,'Cash','TXN852665');
INSERT INTO [Order](CustomerID, OrderDate, Status, TotalAmount) VALUES (211,'2025-02-09','Cancelled',0);
INSERT INTO OrderLines(OrderID, ProductID, Qty, UnitPrice) VALUES (2101,17,3,26);
INSERT INTO OrderLines(OrderID, ProductID, Qty, UnitPrice) VALUES (2101,11,2,923);
INSERT INTO OrderLines(OrderID, ProductID, Qty, UnitPrice) VALUES (2101,2,2,1207);
INSERT INTO OrderLines(OrderID, ProductID, Qty, UnitPrice) VALUES (2101,39,1,1468);
UPDATE [Order] SET TotalAmount=5806 WHERE OrderID=2101;
INSERT INTO Payment(OrderID, PaymentDate, Amount, PaymentMethod, TransactionRef) VALUES (2101,'2025-02-10',5806,'Card','TXN576724');
INSERT INTO [Order](CustomerID, OrderDate, Status, TotalAmount) VALUES (211,'2025-04-05','Processing',0);
INSERT INTO OrderLines(OrderID, ProductID, Qty, UnitPrice) VALUES (2102,20,3,1277);
INSERT INTO OrderLines(OrderID, ProductID, Qty, UnitPrice) VALUES (2102,28,3,843);
INSERT INTO OrderLines(OrderID, ProductID, Qty, UnitPrice) VALUES (2102,39,1,1359);
INSERT INTO OrderLines(OrderID, ProductID, Qty, UnitPrice) VALUES (2102,42,3,1092);
UPDATE [Order] SET TotalAmount=10995 WHERE OrderID=2102;
INSERT INTO Payment(OrderID, PaymentDate, Amount, PaymentMethod, TransactionRef) VALUES (2102,'2025-04-09',10995,'Card','TXN736154');
INSERT INTO [Order](CustomerID, OrderDate, Status, TotalAmount) VALUES (211,'2025-09-17','Shipped',0);
INSERT INTO OrderLines(OrderID, ProductID, Qty, UnitPrice) VALUES (2103,37,2,267);
INSERT INTO OrderLines(OrderID, ProductID, Qty, UnitPrice) VALUES (2103,42,1,624);
INSERT INTO OrderLines(OrderID, ProductID, Qty, UnitPrice) VALUES (2103,33,1,813);
INSERT INTO OrderLines(OrderID, ProductID, Qty, UnitPrice) VALUES (2103,11,2,1280);
UPDATE [Order] SET TotalAmount=4531 WHERE OrderID=2103;
INSERT INTO Payment(OrderID, PaymentDate, Amount, PaymentMethod, TransactionRef) VALUES (2103,'2025-09-20',4531,'PayPal','TXN746734');
INSERT INTO [Order](CustomerID, OrderDate, Status, TotalAmount) VALUES (211,'2025-03-24','Cancelled',0);
INSERT INTO OrderLines(OrderID, ProductID, Qty, UnitPrice) VALUES (2104,24,1,893);
INSERT INTO OrderLines(OrderID, ProductID, Qty, UnitPrice) VALUES (2104,31,1,61);
INSERT INTO OrderLines(OrderID, ProductID, Qty, UnitPrice) VALUES (2104,25,2,1428);
INSERT INTO OrderLines(OrderID, ProductID, Qty, UnitPrice) VALUES (2104,13,2,286);
UPDATE [Order] SET TotalAmount=4382 WHERE OrderID=2104;
INSERT INTO Payment(OrderID, PaymentDate, Amount, PaymentMethod, TransactionRef) VALUES (2104,'2025-03-27',4382,'Card','TXN661248');
INSERT INTO [Order](CustomerID, OrderDate, Status, TotalAmount) VALUES (211,'2025-12-12','Processing',0);
INSERT INTO OrderLines(OrderID, ProductID, Qty, UnitPrice) VALUES (2105,43,1,509);
INSERT INTO OrderLines(OrderID, ProductID, Qty, UnitPrice) VALUES (2105,6,1,861);
INSERT INTO OrderLines(OrderID, ProductID, Qty, UnitPrice) VALUES (2105,31,2,328);
INSERT INTO OrderLines(OrderID, ProductID, Qty, UnitPrice) VALUES (2105,44,3,1028);
UPDATE [Order] SET TotalAmount=5110 WHERE OrderID=2105;
INSERT INTO Payment(OrderID, PaymentDate, Amount, PaymentMethod, TransactionRef) VALUES (2105,'2025-12-17',5110,'Card','TXN489282');
INSERT INTO [Order](CustomerID, OrderDate, Status, TotalAmount) VALUES (211,'2025-04-07','Delivered',0);
INSERT INTO OrderLines(OrderID, ProductID, Qty, UnitPrice) VALUES (2106,11,1,1394);
INSERT INTO OrderLines(OrderID, ProductID, Qty, UnitPrice) VALUES (2106,18,2,1157);
INSERT INTO OrderLines(OrderID, ProductID, Qty, UnitPrice) VALUES (2106,34,2,638);
INSERT INTO OrderLines(OrderID, ProductID, Qty, UnitPrice) VALUES (2106,12,2,1439);
UPDATE [Order] SET TotalAmount=7862 WHERE OrderID=2106;
INSERT INTO Payment(OrderID, PaymentDate, Amount, PaymentMethod, TransactionRef) VALUES (2106,'2025-04-08',7862,'Card','TXN960450');
INSERT INTO [Order](CustomerID, OrderDate, Status, TotalAmount) VALUES (211,'2025-01-02','Delivered',0);
INSERT INTO OrderLines(OrderID, ProductID, Qty, UnitPrice) VALUES (2107,45,3,381);
INSERT INTO OrderLines(OrderID, ProductID, Qty, UnitPrice) VALUES (2107,27,1,1157);
INSERT INTO OrderLines(OrderID, ProductID, Qty, UnitPrice) VALUES (2107,27,1,115);
INSERT INTO OrderLines(OrderID, ProductID, Qty, UnitPrice) VALUES (2107,2,2,927);
UPDATE [Order] SET TotalAmount=4269 WHERE OrderID=2107;
INSERT INTO Payment(OrderID, PaymentDate, Amount, PaymentMethod, TransactionRef) VALUES (2107,'2025-01-04',4269,'Cash','TXN201057');
INSERT INTO [Order](CustomerID, OrderDate, Status, TotalAmount) VALUES (211,'2025-03-21','Delivered',0);
INSERT INTO OrderLines(OrderID, ProductID, Qty, UnitPrice) VALUES (2108,9,1,1008);
INSERT INTO OrderLines(OrderID, ProductID, Qty, UnitPrice) VALUES (2108,10,2,875);
INSERT INTO OrderLines(OrderID, ProductID, Qty, UnitPrice) VALUES (2108,19,3,1377);
INSERT INTO OrderLines(OrderID, ProductID, Qty, UnitPrice) VALUES (2108,9,2,277);
UPDATE [Order] SET TotalAmount=7443 WHERE OrderID=2108;
INSERT INTO Payment(OrderID, PaymentDate, Amount, PaymentMethod, TransactionRef) VALUES (2108,'2025-03-23',7443,'Cash','TXN637965');
INSERT INTO [Order](CustomerID, OrderDate, Status, TotalAmount) VALUES (211,'2025-02-04','Delivered',0);
INSERT INTO OrderLines(OrderID, ProductID, Qty, UnitPrice) VALUES (2109,37,2,106);
INSERT INTO OrderLines(OrderID, ProductID, Qty, UnitPrice) VALUES (2109,9,2,540);
INSERT INTO OrderLines(OrderID, ProductID, Qty, UnitPrice) VALUES (2109,44,2,1413);
INSERT INTO OrderLines(OrderID, ProductID, Qty, UnitPrice) VALUES (2109,50,3,94);
UPDATE [Order] SET TotalAmount=4400 WHERE OrderID=2109;
INSERT INTO Payment(OrderID, PaymentDate, Amount, PaymentMethod, TransactionRef) VALUES (2109,'2025-02-04',4400,'Card','TXN179979');
INSERT INTO [Order](CustomerID, OrderDate, Status, TotalAmount) VALUES (211,'2025-10-17','Cancelled',0);
INSERT INTO OrderLines(OrderID, ProductID, Qty, UnitPrice) VALUES (2110,26,1,1210);
INSERT INTO OrderLines(OrderID, ProductID, Qty, UnitPrice) VALUES (2110,36,2,77);
INSERT INTO OrderLines(OrderID, ProductID, Qty, UnitPrice) VALUES (2110,17,2,271);
INSERT INTO OrderLines(OrderID, ProductID, Qty, UnitPrice) VALUES (2110,48,2,1249);
UPDATE [Order] SET TotalAmount=4404 WHERE OrderID=2110;
INSERT INTO Payment(OrderID, PaymentDate, Amount, PaymentMethod, TransactionRef) VALUES (2110,'2025-10-20',4404,'Card','TXN296905');
INSERT INTO [Order](CustomerID, OrderDate, Status, TotalAmount) VALUES (212,'2025-03-24','Cancelled',0);
INSERT INTO OrderLines(OrderID, ProductID, Qty, UnitPrice) VALUES (2111,35,1,855);
INSERT INTO OrderLines(OrderID, ProductID, Qty, UnitPrice) VALUES (2111,45,3,713);
INSERT INTO OrderLines(OrderID, ProductID, Qty, UnitPrice) VALUES (2111,12,3,1176);
INSERT INTO OrderLines(OrderID, ProductID, Qty, UnitPrice) VALUES (2111,38,2,1462);
UPDATE [Order] SET TotalAmount=9446 WHERE OrderID=2111;
INSERT INTO Payment(OrderID, PaymentDate, Amount, PaymentMethod, TransactionRef) VALUES (2111,'2025-03-27',9446,'Card','TXN898391');
INSERT INTO [Order](CustomerID, OrderDate, Status, TotalAmount) VALUES (212,'2025-09-17','Cancelled',0);
INSERT INTO OrderLines(OrderID, ProductID, Qty, UnitPrice) VALUES (2112,24,3,1321);
INSERT INTO OrderLines(OrderID, ProductID, Qty, UnitPrice) VALUES (2112,7,2,299);
INSERT INTO OrderLines(OrderID, ProductID, Qty, UnitPrice) VALUES (2112,9,3,843);
INSERT INTO OrderLines(OrderID, ProductID, Qty, UnitPrice) VALUES (2112,6,2,598);
UPDATE [Order] SET TotalAmount=8286 WHERE OrderID=2112;
INSERT INTO Payment(OrderID, PaymentDate, Amount, PaymentMethod, TransactionRef) VALUES (2112,'2025-09-21',8286,'Card','TXN438714');
INSERT INTO [Order](CustomerID, OrderDate, Status, TotalAmount) VALUES (212,'2025-10-06','Shipped',0);
INSERT INTO OrderLines(OrderID, ProductID, Qty, UnitPrice) VALUES (2113,33,3,177);
INSERT INTO OrderLines(OrderID, ProductID, Qty, UnitPrice) VALUES (2113,16,3,276);
INSERT INTO OrderLines(OrderID, ProductID, Qty, UnitPrice) VALUES (2113,49,1,21);
INSERT INTO OrderLines(OrderID, ProductID, Qty, UnitPrice) VALUES (2113,37,3,773);
UPDATE [Order] SET TotalAmount=3699 WHERE OrderID=2113;
INSERT INTO Payment(OrderID, PaymentDate, Amount, PaymentMethod, TransactionRef) VALUES (2113,'2025-10-07',3699,'Card','TXN692652');
INSERT INTO [Order](CustomerID, OrderDate, Status, TotalAmount) VALUES (212,'2025-08-27','Delivered',0);
INSERT INTO OrderLines(OrderID, ProductID, Qty, UnitPrice) VALUES (2114,4,1,400);
INSERT INTO OrderLines(OrderID, ProductID, Qty, UnitPrice) VALUES (2114,46,3,324);
INSERT INTO OrderLines(OrderID, ProductID, Qty, UnitPrice) VALUES (2114,16,1,1344);
INSERT INTO OrderLines(OrderID, ProductID, Qty, UnitPrice) VALUES (2114,33,3,1483);
UPDATE [Order] SET TotalAmount=7165 WHERE OrderID=2114;
INSERT INTO Payment(OrderID, PaymentDate, Amount, PaymentMethod, TransactionRef) VALUES (2114,'2025-08-31',7165,'PayPal','TXN379520');
INSERT INTO [Order](CustomerID, OrderDate, Status, TotalAmount) VALUES (212,'2025-02-19','Shipped',0);
INSERT INTO OrderLines(OrderID, ProductID, Qty, UnitPrice) VALUES (2115,27,1,1167);
INSERT INTO OrderLines(OrderID, ProductID, Qty, UnitPrice) VALUES (2115,46,3,342);
INSERT INTO OrderLines(OrderID, ProductID, Qty, UnitPrice) VALUES (2115,50,1,670);
INSERT INTO OrderLines(OrderID, ProductID, Qty, UnitPrice) VALUES (2115,33,1,1401);
UPDATE [Order] SET TotalAmount=4264 WHERE OrderID=2115;
INSERT INTO Payment(OrderID, PaymentDate, Amount, PaymentMethod, TransactionRef) VALUES (2115,'2025-02-22',4264,'PayPal','TXN590670');
INSERT INTO [Order](CustomerID, OrderDate, Status, TotalAmount) VALUES (212,'2025-12-15','Cancelled',0);
INSERT INTO OrderLines(OrderID, ProductID, Qty, UnitPrice) VALUES (2116,28,1,1419);
INSERT INTO OrderLines(OrderID, ProductID, Qty, UnitPrice) VALUES (2116,49,2,910);
INSERT INTO OrderLines(OrderID, ProductID, Qty, UnitPrice) VALUES (2116,29,2,1138);
INSERT INTO OrderLines(OrderID, ProductID, Qty, UnitPrice) VALUES (2116,17,2,1168);
UPDATE [Order] SET TotalAmount=7851 WHERE OrderID=2116;
INSERT INTO Payment(OrderID, PaymentDate, Amount, PaymentMethod, TransactionRef) VALUES (2116,'2025-12-16',7851,'Cash','TXN856009');
INSERT INTO [Order](CustomerID, OrderDate, Status, TotalAmount) VALUES (212,'2025-01-30','Processing',0);
INSERT INTO OrderLines(OrderID, ProductID, Qty, UnitPrice) VALUES (2117,46,3,1174);
INSERT INTO OrderLines(OrderID, ProductID, Qty, UnitPrice) VALUES (2117,20,3,1467);
INSERT INTO OrderLines(OrderID, ProductID, Qty, UnitPrice) VALUES (2117,26,1,267);
INSERT INTO OrderLines(OrderID, ProductID, Qty, UnitPrice) VALUES (2117,24,1,599);
UPDATE [Order] SET TotalAmount=8789 WHERE OrderID=2117;
INSERT INTO Payment(OrderID, PaymentDate, Amount, PaymentMethod, TransactionRef) VALUES (2117,'2025-02-04',8789,'Cash','TXN340703');
INSERT INTO [Order](CustomerID, OrderDate, Status, TotalAmount) VALUES (212,'2025-02-09','Cancelled',0);
INSERT INTO OrderLines(OrderID, ProductID, Qty, UnitPrice) VALUES (2118,2,3,607);
INSERT INTO OrderLines(OrderID, ProductID, Qty, UnitPrice) VALUES (2118,2,3,808);
INSERT INTO OrderLines(OrderID, ProductID, Qty, UnitPrice) VALUES (2118,18,1,1407);
INSERT INTO OrderLines(OrderID, ProductID, Qty, UnitPrice) VALUES (2118,33,1,468);
UPDATE [Order] SET TotalAmount=6120 WHERE OrderID=2118;
INSERT INTO Payment(OrderID, PaymentDate, Amount, PaymentMethod, TransactionRef) VALUES (2118,'2025-02-09',6120,'Cash','TXN859533');
INSERT INTO [Order](CustomerID, OrderDate, Status, TotalAmount) VALUES (212,'2025-12-01','Cancelled',0);
INSERT INTO OrderLines(OrderID, ProductID, Qty, UnitPrice) VALUES (2119,10,2,289);
INSERT INTO OrderLines(OrderID, ProductID, Qty, UnitPrice) VALUES (2119,44,3,984);
INSERT INTO OrderLines(OrderID, ProductID, Qty, UnitPrice) VALUES (2119,2,1,1499);
INSERT INTO OrderLines(OrderID, ProductID, Qty, UnitPrice) VALUES (2119,46,1,692);
UPDATE [Order] SET TotalAmount=5721 WHERE OrderID=2119;
INSERT INTO Payment(OrderID, PaymentDate, Amount, PaymentMethod, TransactionRef) VALUES (2119,'2025-12-04',5721,'Card','TXN482408');
INSERT INTO [Order](CustomerID, OrderDate, Status, TotalAmount) VALUES (212,'2025-03-27','Shipped',0);
INSERT INTO OrderLines(OrderID, ProductID, Qty, UnitPrice) VALUES (2120,22,2,716);
INSERT INTO OrderLines(OrderID, ProductID, Qty, UnitPrice) VALUES (2120,30,1,499);
INSERT INTO OrderLines(OrderID, ProductID, Qty, UnitPrice) VALUES (2120,42,2,1219);
INSERT INTO OrderLines(OrderID, ProductID, Qty, UnitPrice) VALUES (2120,16,2,507);
UPDATE [Order] SET TotalAmount=5383 WHERE OrderID=2120;
INSERT INTO Payment(OrderID, PaymentDate, Amount, PaymentMethod, TransactionRef) VALUES (2120,'2025-03-30',5383,'Card','TXN630887');
INSERT INTO [Order](CustomerID, OrderDate, Status, TotalAmount) VALUES (213,'2025-06-26','Processing',0);
INSERT INTO OrderLines(OrderID, ProductID, Qty, UnitPrice) VALUES (2121,44,3,412);
INSERT INTO OrderLines(OrderID, ProductID, Qty, UnitPrice) VALUES (2121,50,3,1417);
INSERT INTO OrderLines(OrderID, ProductID, Qty, UnitPrice) VALUES (2121,4,1,485);
INSERT INTO OrderLines(OrderID, ProductID, Qty, UnitPrice) VALUES (2121,39,1,407);
UPDATE [Order] SET TotalAmount=6379 WHERE OrderID=2121;
INSERT INTO Payment(OrderID, PaymentDate, Amount, PaymentMethod, TransactionRef) VALUES (2121,'2025-07-01',6379,'PayPal','TXN361682');
INSERT INTO [Order](CustomerID, OrderDate, Status, TotalAmount) VALUES (213,'2025-08-11','Delivered',0);
INSERT INTO OrderLines(OrderID, ProductID, Qty, UnitPrice) VALUES (2122,6,3,1423);
INSERT INTO OrderLines(OrderID, ProductID, Qty, UnitPrice) VALUES (2122,38,2,513);
INSERT INTO OrderLines(OrderID, ProductID, Qty, UnitPrice) VALUES (2122,20,1,674);
INSERT INTO OrderLines(OrderID, ProductID, Qty, UnitPrice) VALUES (2122,24,2,842);
UPDATE [Order] SET TotalAmount=7653 WHERE OrderID=2122;
INSERT INTO Payment(OrderID, PaymentDate, Amount, PaymentMethod, TransactionRef) VALUES (2122,'2025-08-13',7653,'PayPal','TXN528781');
INSERT INTO [Order](CustomerID, OrderDate, Status, TotalAmount) VALUES (213,'2025-06-09','Processing',0);
INSERT INTO OrderLines(OrderID, ProductID, Qty, UnitPrice) VALUES (2123,18,3,506);
INSERT INTO OrderLines(OrderID, ProductID, Qty, UnitPrice) VALUES (2123,4,3,780);
INSERT INTO OrderLines(OrderID, ProductID, Qty, UnitPrice) VALUES (2123,27,2,177);
INSERT INTO OrderLines(OrderID, ProductID, Qty, UnitPrice) VALUES (2123,17,2,122);
UPDATE [Order] SET TotalAmount=4456 WHERE OrderID=2123;
INSERT INTO Payment(OrderID, PaymentDate, Amount, PaymentMethod, TransactionRef) VALUES (2123,'2025-06-09',4456,'Card','TXN795946');
INSERT INTO [Order](CustomerID, OrderDate, Status, TotalAmount) VALUES (213,'2025-12-02','Shipped',0);
INSERT INTO OrderLines(OrderID, ProductID, Qty, UnitPrice) VALUES (2124,2,2,751);
INSERT INTO OrderLines(OrderID, ProductID, Qty, UnitPrice) VALUES (2124,26,3,1008);
INSERT INTO OrderLines(OrderID, ProductID, Qty, UnitPrice) VALUES (2124,19,1,317);
INSERT INTO OrderLines(OrderID, ProductID, Qty, UnitPrice) VALUES (2124,3,1,1493);
UPDATE [Order] SET TotalAmount=6336 WHERE OrderID=2124;
INSERT INTO Payment(OrderID, PaymentDate, Amount, PaymentMethod, TransactionRef) VALUES (2124,'2025-12-02',6336,'Card','TXN296434');
INSERT INTO [Order](CustomerID, OrderDate, Status, TotalAmount) VALUES (213,'2025-02-13','Processing',0);
INSERT INTO OrderLines(OrderID, ProductID, Qty, UnitPrice) VALUES (2125,1,1,850);
INSERT INTO OrderLines(OrderID, ProductID, Qty, UnitPrice) VALUES (2125,25,2,873);
INSERT INTO OrderLines(OrderID, ProductID, Qty, UnitPrice) VALUES (2125,8,3,1096);
INSERT INTO OrderLines(OrderID, ProductID, Qty, UnitPrice) VALUES (2125,46,1,824);
UPDATE [Order] SET TotalAmount=6708 WHERE OrderID=2125;
INSERT INTO Payment(OrderID, PaymentDate, Amount, PaymentMethod, TransactionRef) VALUES (2125,'2025-02-17',6708,'Cash','TXN718970');
INSERT INTO [Order](CustomerID, OrderDate, Status, TotalAmount) VALUES (213,'2025-10-12','Processing',0);
INSERT INTO OrderLines(OrderID, ProductID, Qty, UnitPrice) VALUES (2126,2,1,229);
INSERT INTO OrderLines(OrderID, ProductID, Qty, UnitPrice) VALUES (2126,24,1,1400);
INSERT INTO OrderLines(OrderID, ProductID, Qty, UnitPrice) VALUES (2126,45,2,1247);
INSERT INTO OrderLines(OrderID, ProductID, Qty, UnitPrice) VALUES (2126,22,3,861);
UPDATE [Order] SET TotalAmount=6706 WHERE OrderID=2126;
INSERT INTO Payment(OrderID, PaymentDate, Amount, PaymentMethod, TransactionRef) VALUES (2126,'2025-10-16',6706,'Card','TXN188059');
INSERT INTO [Order](CustomerID, OrderDate, Status, TotalAmount) VALUES (213,'2025-02-19','Shipped',0);
INSERT INTO OrderLines(OrderID, ProductID, Qty, UnitPrice) VALUES (2127,37,2,998);
INSERT INTO OrderLines(OrderID, ProductID, Qty, UnitPrice) VALUES (2127,26,1,1076);
INSERT INTO OrderLines(OrderID, ProductID, Qty, UnitPrice) VALUES (2127,22,2,1364);
INSERT INTO OrderLines(OrderID, ProductID, Qty, UnitPrice) VALUES (2127,25,1,1429);
UPDATE [Order] SET TotalAmount=7229 WHERE OrderID=2127;
INSERT INTO Payment(OrderID, PaymentDate, Amount, PaymentMethod, TransactionRef) VALUES (2127,'2025-02-19',7229,'Card','TXN237615');
INSERT INTO [Order](CustomerID, OrderDate, Status, TotalAmount) VALUES (213,'2025-11-08','Shipped',0);
INSERT INTO OrderLines(OrderID, ProductID, Qty, UnitPrice) VALUES (2128,29,2,261);
INSERT INTO OrderLines(OrderID, ProductID, Qty, UnitPrice) VALUES (2128,38,3,1440);
INSERT INTO OrderLines(OrderID, ProductID, Qty, UnitPrice) VALUES (2128,49,3,1134);
INSERT INTO OrderLines(OrderID, ProductID, Qty, UnitPrice) VALUES (2128,7,2,1087);
UPDATE [Order] SET TotalAmount=10418 WHERE OrderID=2128;
INSERT INTO Payment(OrderID, PaymentDate, Amount, PaymentMethod, TransactionRef) VALUES (2128,'2025-11-08',10418,'PayPal','TXN736941');
INSERT INTO [Order](CustomerID, OrderDate, Status, TotalAmount) VALUES (213,'2025-02-15','Delivered',0);
INSERT INTO OrderLines(OrderID, ProductID, Qty, UnitPrice) VALUES (2129,28,1,165);
INSERT INTO OrderLines(OrderID, ProductID, Qty, UnitPrice) VALUES (2129,32,3,53);
INSERT INTO OrderLines(OrderID, ProductID, Qty, UnitPrice) VALUES (2129,1,3,140);
INSERT INTO OrderLines(OrderID, ProductID, Qty, UnitPrice) VALUES (2129,39,3,1419);
UPDATE [Order] SET TotalAmount=5001 WHERE OrderID=2129;
INSERT INTO Payment(OrderID, PaymentDate, Amount, PaymentMethod, TransactionRef) VALUES (2129,'2025-02-16',5001,'Card','TXN107748');
INSERT INTO [Order](CustomerID, OrderDate, Status, TotalAmount) VALUES (213,'2025-10-07','Cancelled',0);
INSERT INTO OrderLines(OrderID, ProductID, Qty, UnitPrice) VALUES (2130,2,3,902);
INSERT INTO OrderLines(OrderID, ProductID, Qty, UnitPrice) VALUES (2130,36,3,835);
INSERT INTO OrderLines(OrderID, ProductID, Qty, UnitPrice) VALUES (2130,12,2,125);
INSERT INTO OrderLines(OrderID, ProductID, Qty, UnitPrice) VALUES (2130,42,3,206);
UPDATE [Order] SET TotalAmount=6079 WHERE OrderID=2130;
INSERT INTO Payment(OrderID, PaymentDate, Amount, PaymentMethod, TransactionRef) VALUES (2130,'2025-10-12',6079,'PayPal','TXN812072');
INSERT INTO [Order](CustomerID, OrderDate, Status, TotalAmount) VALUES (214,'2025-07-29','Shipped',0);
INSERT INTO OrderLines(OrderID, ProductID, Qty, UnitPrice) VALUES (2131,11,3,829);
INSERT INTO OrderLines(OrderID, ProductID, Qty, UnitPrice) VALUES (2131,38,1,529);
INSERT INTO OrderLines(OrderID, ProductID, Qty, UnitPrice) VALUES (2131,50,1,1270);
INSERT INTO OrderLines(OrderID, ProductID, Qty, UnitPrice) VALUES (2131,44,3,1103);
UPDATE [Order] SET TotalAmount=7595 WHERE OrderID=2131;
INSERT INTO Payment(OrderID, PaymentDate, Amount, PaymentMethod, TransactionRef) VALUES (2131,'2025-07-30',7595,'PayPal','TXN115555');
INSERT INTO [Order](CustomerID, OrderDate, Status, TotalAmount) VALUES (214,'2025-03-10','Shipped',0);
INSERT INTO OrderLines(OrderID, ProductID, Qty, UnitPrice) VALUES (2132,21,2,1061);
INSERT INTO OrderLines(OrderID, ProductID, Qty, UnitPrice) VALUES (2132,16,3,509);
INSERT INTO OrderLines(OrderID, ProductID, Qty, UnitPrice) VALUES (2132,12,3,263);
INSERT INTO OrderLines(OrderID, ProductID, Qty, UnitPrice) VALUES (2132,2,1,1283);
UPDATE [Order] SET TotalAmount=5721 WHERE OrderID=2132;
INSERT INTO Payment(OrderID, PaymentDate, Amount, PaymentMethod, TransactionRef) VALUES (2132,'2025-03-13',5721,'Card','TXN541431');
INSERT INTO [Order](CustomerID, OrderDate, Status, TotalAmount) VALUES (214,'2025-01-25','Shipped',0);
INSERT INTO OrderLines(OrderID, ProductID, Qty, UnitPrice) VALUES (2133,6,2,1153);
INSERT INTO OrderLines(OrderID, ProductID, Qty, UnitPrice) VALUES (2133,38,1,120);
INSERT INTO OrderLines(OrderID, ProductID, Qty, UnitPrice) VALUES (2133,42,1,763);
INSERT INTO OrderLines(OrderID, ProductID, Qty, UnitPrice) VALUES (2133,40,3,886);
UPDATE [Order] SET TotalAmount=5847 WHERE OrderID=2133;
INSERT INTO Payment(OrderID, PaymentDate, Amount, PaymentMethod, TransactionRef) VALUES (2133,'2025-01-27',5847,'Card','TXN644021');
INSERT INTO [Order](CustomerID, OrderDate, Status, TotalAmount) VALUES (214,'2025-01-04','Shipped',0);
INSERT INTO OrderLines(OrderID, ProductID, Qty, UnitPrice) VALUES (2134,10,2,282);
INSERT INTO OrderLines(OrderID, ProductID, Qty, UnitPrice) VALUES (2134,4,2,1474);
INSERT INTO OrderLines(OrderID, ProductID, Qty, UnitPrice) VALUES (2134,23,2,718);
INSERT INTO OrderLines(OrderID, ProductID, Qty, UnitPrice) VALUES (2134,44,2,1355);
UPDATE [Order] SET TotalAmount=7658 WHERE OrderID=2134;
INSERT INTO Payment(OrderID, PaymentDate, Amount, PaymentMethod, TransactionRef) VALUES (2134,'2025-01-04',7658,'Cash','TXN844096');
INSERT INTO [Order](CustomerID, OrderDate, Status, TotalAmount) VALUES (214,'2025-12-16','Processing',0);
INSERT INTO OrderLines(OrderID, ProductID, Qty, UnitPrice) VALUES (2135,20,3,447);
INSERT INTO OrderLines(OrderID, ProductID, Qty, UnitPrice) VALUES (2135,41,2,1414);
INSERT INTO OrderLines(OrderID, ProductID, Qty, UnitPrice) VALUES (2135,5,3,1167);
INSERT INTO OrderLines(OrderID, ProductID, Qty, UnitPrice) VALUES (2135,23,1,621);
UPDATE [Order] SET TotalAmount=8291 WHERE OrderID=2135;
INSERT INTO Payment(OrderID, PaymentDate, Amount, PaymentMethod, TransactionRef) VALUES (2135,'2025-12-18',8291,'Cash','TXN226471');
INSERT INTO [Order](CustomerID, OrderDate, Status, TotalAmount) VALUES (214,'2025-04-14','Shipped',0);
INSERT INTO OrderLines(OrderID, ProductID, Qty, UnitPrice) VALUES (2136,1,2,263);
INSERT INTO OrderLines(OrderID, ProductID, Qty, UnitPrice) VALUES (2136,21,2,27);
INSERT INTO OrderLines(OrderID, ProductID, Qty, UnitPrice) VALUES (2136,34,2,911);
INSERT INTO OrderLines(OrderID, ProductID, Qty, UnitPrice) VALUES (2136,10,2,249);
UPDATE [Order] SET TotalAmount=2900 WHERE OrderID=2136;
INSERT INTO Payment(OrderID, PaymentDate, Amount, PaymentMethod, TransactionRef) VALUES (2136,'2025-04-19',2900,'Cash','TXN556541');
INSERT INTO [Order](CustomerID, OrderDate, Status, TotalAmount) VALUES (214,'2025-11-20','Processing',0);
INSERT INTO OrderLines(OrderID, ProductID, Qty, UnitPrice) VALUES (2137,9,3,208);
INSERT INTO OrderLines(OrderID, ProductID, Qty, UnitPrice) VALUES (2137,38,2,1295);
INSERT INTO OrderLines(OrderID, ProductID, Qty, UnitPrice) VALUES (2137,48,1,1481);
INSERT INTO OrderLines(OrderID, ProductID, Qty, UnitPrice) VALUES (2137,47,1,1167);
UPDATE [Order] SET TotalAmount=5862 WHERE OrderID=2137;
INSERT INTO Payment(OrderID, PaymentDate, Amount, PaymentMethod, TransactionRef) VALUES (2137,'2025-11-23',5862,'Cash','TXN619440');
INSERT INTO [Order](CustomerID, OrderDate, Status, TotalAmount) VALUES (214,'2025-11-19','Processing',0);
INSERT INTO OrderLines(OrderID, ProductID, Qty, UnitPrice) VALUES (2138,23,3,168);
INSERT INTO OrderLines(OrderID, ProductID, Qty, UnitPrice) VALUES (2138,44,2,1306);
INSERT INTO OrderLines(OrderID, ProductID, Qty, UnitPrice) VALUES (2138,16,2,175);
INSERT INTO OrderLines(OrderID, ProductID, Qty, UnitPrice) VALUES (2138,1,3,351);
UPDATE [Order] SET TotalAmount=4519 WHERE OrderID=2138;
INSERT INTO Payment(OrderID, PaymentDate, Amount, PaymentMethod, TransactionRef) VALUES (2138,'2025-11-23',4519,'PayPal','TXN878804');
INSERT INTO [Order](CustomerID, OrderDate, Status, TotalAmount) VALUES (214,'2025-05-03','Shipped',0);
INSERT INTO OrderLines(OrderID, ProductID, Qty, UnitPrice) VALUES (2139,19,2,1231);
INSERT INTO OrderLines(OrderID, ProductID, Qty, UnitPrice) VALUES (2139,37,3,477);
INSERT INTO OrderLines(OrderID, ProductID, Qty, UnitPrice) VALUES (2139,43,3,1184);
INSERT INTO OrderLines(OrderID, ProductID, Qty, UnitPrice) VALUES (2139,49,1,788);
UPDATE [Order] SET TotalAmount=8233 WHERE OrderID=2139;
INSERT INTO Payment(OrderID, PaymentDate, Amount, PaymentMethod, TransactionRef) VALUES (2139,'2025-05-05',8233,'PayPal','TXN826278');
INSERT INTO [Order](CustomerID, OrderDate, Status, TotalAmount) VALUES (214,'2025-12-15','Cancelled',0);
INSERT INTO OrderLines(OrderID, ProductID, Qty, UnitPrice) VALUES (2140,38,2,1348);
INSERT INTO OrderLines(OrderID, ProductID, Qty, UnitPrice) VALUES (2140,47,3,994);
INSERT INTO OrderLines(OrderID, ProductID, Qty, UnitPrice) VALUES (2140,13,3,975);
INSERT INTO OrderLines(OrderID, ProductID, Qty, UnitPrice) VALUES (2140,49,3,1304);
UPDATE [Order] SET TotalAmount=12515 WHERE OrderID=2140;
INSERT INTO Payment(OrderID, PaymentDate, Amount, PaymentMethod, TransactionRef) VALUES (2140,'2025-12-19',12515,'PayPal','TXN535979');
INSERT INTO [Order](CustomerID, OrderDate, Status, TotalAmount) VALUES (215,'2025-07-18','Cancelled',0);
INSERT INTO OrderLines(OrderID, ProductID, Qty, UnitPrice) VALUES (2141,2,1,941);
INSERT INTO OrderLines(OrderID, ProductID, Qty, UnitPrice) VALUES (2141,11,3,547);
INSERT INTO OrderLines(OrderID, ProductID, Qty, UnitPrice) VALUES (2141,15,1,402);
INSERT INTO OrderLines(OrderID, ProductID, Qty, UnitPrice) VALUES (2141,48,1,272);
UPDATE [Order] SET TotalAmount=3256 WHERE OrderID=2141;
INSERT INTO Payment(OrderID, PaymentDate, Amount, PaymentMethod, TransactionRef) VALUES (2141,'2025-07-18',3256,'Card','TXN180945');
INSERT INTO [Order](CustomerID, OrderDate, Status, TotalAmount) VALUES (215,'2025-06-20','Cancelled',0);
INSERT INTO OrderLines(OrderID, ProductID, Qty, UnitPrice) VALUES (2142,27,2,263);
INSERT INTO OrderLines(OrderID, ProductID, Qty, UnitPrice) VALUES (2142,26,1,264);
INSERT INTO OrderLines(OrderID, ProductID, Qty, UnitPrice) VALUES (2142,23,1,990);
INSERT INTO OrderLines(OrderID, ProductID, Qty, UnitPrice) VALUES (2142,9,2,1275);
UPDATE [Order] SET TotalAmount=4330 WHERE OrderID=2142;
INSERT INTO Payment(OrderID, PaymentDate, Amount, PaymentMethod, TransactionRef) VALUES (2142,'2025-06-25',4330,'PayPal','TXN857411');
INSERT INTO [Order](CustomerID, OrderDate, Status, TotalAmount) VALUES (215,'2025-09-20','Cancelled',0);
INSERT INTO OrderLines(OrderID, ProductID, Qty, UnitPrice) VALUES (2143,37,3,536);
INSERT INTO OrderLines(OrderID, ProductID, Qty, UnitPrice) VALUES (2143,5,3,531);
INSERT INTO OrderLines(OrderID, ProductID, Qty, UnitPrice) VALUES (2143,20,3,1436);
INSERT INTO OrderLines(OrderID, ProductID, Qty, UnitPrice) VALUES (2143,32,1,634);
UPDATE [Order] SET TotalAmount=8143 WHERE OrderID=2143;
INSERT INTO Payment(OrderID, PaymentDate, Amount, PaymentMethod, TransactionRef) VALUES (2143,'2025-09-25',8143,'Cash','TXN372755');
INSERT INTO [Order](CustomerID, OrderDate, Status, TotalAmount) VALUES (215,'2025-12-04','Cancelled',0);
INSERT INTO OrderLines(OrderID, ProductID, Qty, UnitPrice) VALUES (2144,8,2,323);
INSERT INTO OrderLines(OrderID, ProductID, Qty, UnitPrice) VALUES (2144,50,3,126);
INSERT INTO OrderLines(OrderID, ProductID, Qty, UnitPrice) VALUES (2144,15,3,583);
INSERT INTO OrderLines(OrderID, ProductID, Qty, UnitPrice) VALUES (2144,49,2,1161);
UPDATE [Order] SET TotalAmount=5095 WHERE OrderID=2144;
INSERT INTO Payment(OrderID, PaymentDate, Amount, PaymentMethod, TransactionRef) VALUES (2144,'2025-12-08',5095,'PayPal','TXN879463');
INSERT INTO [Order](CustomerID, OrderDate, Status, TotalAmount) VALUES (215,'2025-08-10','Cancelled',0);
INSERT INTO OrderLines(OrderID, ProductID, Qty, UnitPrice) VALUES (2145,38,3,1493);
INSERT INTO OrderLines(OrderID, ProductID, Qty, UnitPrice) VALUES (2145,29,3,296);
INSERT INTO OrderLines(OrderID, ProductID, Qty, UnitPrice) VALUES (2145,40,3,122);
INSERT INTO OrderLines(OrderID, ProductID, Qty, UnitPrice) VALUES (2145,22,3,897);
UPDATE [Order] SET TotalAmount=8424 WHERE OrderID=2145;
INSERT INTO Payment(OrderID, PaymentDate, Amount, PaymentMethod, TransactionRef) VALUES (2145,'2025-08-12',8424,'Card','TXN736935');
INSERT INTO [Order](CustomerID, OrderDate, Status, TotalAmount) VALUES (215,'2025-06-24','Delivered',0);
INSERT INTO OrderLines(OrderID, ProductID, Qty, UnitPrice) VALUES (2146,39,2,189);
INSERT INTO OrderLines(OrderID, ProductID, Qty, UnitPrice) VALUES (2146,30,2,855);
INSERT INTO OrderLines(OrderID, ProductID, Qty, UnitPrice) VALUES (2146,48,2,1145);
INSERT INTO OrderLines(OrderID, ProductID, Qty, UnitPrice) VALUES (2146,28,2,551);
UPDATE [Order] SET TotalAmount=5480 WHERE OrderID=2146;
INSERT INTO Payment(OrderID, PaymentDate, Amount, PaymentMethod, TransactionRef) VALUES (2146,'2025-06-28',5480,'Cash','TXN984448');
INSERT INTO [Order](CustomerID, OrderDate, Status, TotalAmount) VALUES (215,'2025-04-22','Shipped',0);
INSERT INTO OrderLines(OrderID, ProductID, Qty, UnitPrice) VALUES (2147,23,1,397);
INSERT INTO OrderLines(OrderID, ProductID, Qty, UnitPrice) VALUES (2147,21,2,1065);
INSERT INTO OrderLines(OrderID, ProductID, Qty, UnitPrice) VALUES (2147,32,1,619);
INSERT INTO OrderLines(OrderID, ProductID, Qty, UnitPrice) VALUES (2147,43,3,1096);
UPDATE [Order] SET TotalAmount=6434 WHERE OrderID=2147;
INSERT INTO Payment(OrderID, PaymentDate, Amount, PaymentMethod, TransactionRef) VALUES (2147,'2025-04-22',6434,'Card','TXN847994');
INSERT INTO [Order](CustomerID, OrderDate, Status, TotalAmount) VALUES (215,'2025-02-28','Shipped',0);
INSERT INTO OrderLines(OrderID, ProductID, Qty, UnitPrice) VALUES (2148,9,3,59);
INSERT INTO OrderLines(OrderID, ProductID, Qty, UnitPrice) VALUES (2148,20,1,1140);
INSERT INTO OrderLines(OrderID, ProductID, Qty, UnitPrice) VALUES (2148,46,2,1188);
INSERT INTO OrderLines(OrderID, ProductID, Qty, UnitPrice) VALUES (2148,42,2,1490);
UPDATE [Order] SET TotalAmount=6673 WHERE OrderID=2148;
INSERT INTO Payment(OrderID, PaymentDate, Amount, PaymentMethod, TransactionRef) VALUES (2148,'2025-02-28',6673,'Cash','TXN420268');
INSERT INTO [Order](CustomerID, OrderDate, Status, TotalAmount) VALUES (215,'2025-04-18','Processing',0);
INSERT INTO OrderLines(OrderID, ProductID, Qty, UnitPrice) VALUES (2149,6,3,866);
INSERT INTO OrderLines(OrderID, ProductID, Qty, UnitPrice) VALUES (2149,37,2,1128);
INSERT INTO OrderLines(OrderID, ProductID, Qty, UnitPrice) VALUES (2149,7,3,835);
INSERT INTO OrderLines(OrderID, ProductID, Qty, UnitPrice) VALUES (2149,48,1,1037);
UPDATE [Order] SET TotalAmount=8396 WHERE OrderID=2149;
INSERT INTO Payment(OrderID, PaymentDate, Amount, PaymentMethod, TransactionRef) VALUES (2149,'2025-04-20',8396,'PayPal','TXN319116');
INSERT INTO [Order](CustomerID, OrderDate, Status, TotalAmount) VALUES (215,'2025-10-03','Shipped',0);
INSERT INTO OrderLines(OrderID, ProductID, Qty, UnitPrice) VALUES (2150,19,3,638);
INSERT INTO OrderLines(OrderID, ProductID, Qty, UnitPrice) VALUES (2150,4,2,99);
INSERT INTO OrderLines(OrderID, ProductID, Qty, UnitPrice) VALUES (2150,48,2,120);
INSERT INTO OrderLines(OrderID, ProductID, Qty, UnitPrice) VALUES (2150,34,1,1064);
UPDATE [Order] SET TotalAmount=3416 WHERE OrderID=2150;
INSERT INTO Payment(OrderID, PaymentDate, Amount, PaymentMethod, TransactionRef) VALUES (2150,'2025-10-04',3416,'PayPal','TXN150674');
INSERT INTO [Order](CustomerID, OrderDate, Status, TotalAmount) VALUES (216,'2025-07-21','Cancelled',0);
INSERT INTO OrderLines(OrderID, ProductID, Qty, UnitPrice) VALUES (2151,48,2,659);
INSERT INTO OrderLines(OrderID, ProductID, Qty, UnitPrice) VALUES (2151,16,1,574);
INSERT INTO OrderLines(OrderID, ProductID, Qty, UnitPrice) VALUES (2151,1,1,1032);
INSERT INTO OrderLines(OrderID, ProductID, Qty, UnitPrice) VALUES (2151,41,3,130);
UPDATE [Order] SET TotalAmount=3314 WHERE OrderID=2151;
INSERT INTO Payment(OrderID, PaymentDate, Amount, PaymentMethod, TransactionRef) VALUES (2151,'2025-07-26',3314,'Cash','TXN968484');
INSERT INTO [Order](CustomerID, OrderDate, Status, TotalAmount) VALUES (216,'2025-08-18','Processing',0);
INSERT INTO OrderLines(OrderID, ProductID, Qty, UnitPrice) VALUES (2152,16,3,394);
INSERT INTO OrderLines(OrderID, ProductID, Qty, UnitPrice) VALUES (2152,10,1,1048);
INSERT INTO OrderLines(OrderID, ProductID, Qty, UnitPrice) VALUES (2152,49,1,780);
INSERT INTO OrderLines(OrderID, ProductID, Qty, UnitPrice) VALUES (2152,17,1,1311);
UPDATE [Order] SET TotalAmount=4321 WHERE OrderID=2152;
INSERT INTO Payment(OrderID, PaymentDate, Amount, PaymentMethod, TransactionRef) VALUES (2152,'2025-08-20',4321,'Card','TXN193582');
INSERT INTO [Order](CustomerID, OrderDate, Status, TotalAmount) VALUES (216,'2025-08-05','Processing',0);
INSERT INTO OrderLines(OrderID, ProductID, Qty, UnitPrice) VALUES (2153,3,3,194);
INSERT INTO OrderLines(OrderID, ProductID, Qty, UnitPrice) VALUES (2153,24,1,835);
INSERT INTO OrderLines(OrderID, ProductID, Qty, UnitPrice) VALUES (2153,21,3,1043);
INSERT INTO OrderLines(OrderID, ProductID, Qty, UnitPrice) VALUES (2153,18,3,167);
UPDATE [Order] SET TotalAmount=5047 WHERE OrderID=2153;
INSERT INTO Payment(OrderID, PaymentDate, Amount, PaymentMethod, TransactionRef) VALUES (2153,'2025-08-08',5047,'Cash','TXN682386');
INSERT INTO [Order](CustomerID, OrderDate, Status, TotalAmount) VALUES (216,'2025-07-08','Cancelled',0);
INSERT INTO OrderLines(OrderID, ProductID, Qty, UnitPrice) VALUES (2154,32,1,1307);
INSERT INTO OrderLines(OrderID, ProductID, Qty, UnitPrice) VALUES (2154,39,2,197);
INSERT INTO OrderLines(OrderID, ProductID, Qty, UnitPrice) VALUES (2154,5,1,1236);
INSERT INTO OrderLines(OrderID, ProductID, Qty, UnitPrice) VALUES (2154,26,3,1280);
UPDATE [Order] SET TotalAmount=6777 WHERE OrderID=2154;
INSERT INTO Payment(OrderID, PaymentDate, Amount, PaymentMethod, TransactionRef) VALUES (2154,'2025-07-10',6777,'Cash','TXN825400');
INSERT INTO [Order](CustomerID, OrderDate, Status, TotalAmount) VALUES (216,'2025-11-09','Processing',0);
INSERT INTO OrderLines(OrderID, ProductID, Qty, UnitPrice) VALUES (2155,14,3,1096);
INSERT INTO OrderLines(OrderID, ProductID, Qty, UnitPrice) VALUES (2155,23,3,770);
INSERT INTO OrderLines(OrderID, ProductID, Qty, UnitPrice) VALUES (2155,22,1,797);
INSERT INTO OrderLines(OrderID, ProductID, Qty, UnitPrice) VALUES (2155,39,2,415);
UPDATE [Order] SET TotalAmount=7225 WHERE OrderID=2155;
INSERT INTO Payment(OrderID, PaymentDate, Amount, PaymentMethod, TransactionRef) VALUES (2155,'2025-11-11',7225,'Cash','TXN677875');
INSERT INTO [Order](CustomerID, OrderDate, Status, TotalAmount) VALUES (216,'2025-06-26','Processing',0);
INSERT INTO OrderLines(OrderID, ProductID, Qty, UnitPrice) VALUES (2156,4,2,1205);
INSERT INTO OrderLines(OrderID, ProductID, Qty, UnitPrice) VALUES (2156,44,1,1273);
INSERT INTO OrderLines(OrderID, ProductID, Qty, UnitPrice) VALUES (2156,38,1,1136);
INSERT INTO OrderLines(OrderID, ProductID, Qty, UnitPrice) VALUES (2156,34,3,765);
UPDATE [Order] SET TotalAmount=7114 WHERE OrderID=2156;
INSERT INTO Payment(OrderID, PaymentDate, Amount, PaymentMethod, TransactionRef) VALUES (2156,'2025-06-28',7114,'Cash','TXN483506');
INSERT INTO [Order](CustomerID, OrderDate, Status, TotalAmount) VALUES (216,'2025-08-14','Shipped',0);
INSERT INTO OrderLines(OrderID, ProductID, Qty, UnitPrice) VALUES (2157,12,3,692);
INSERT INTO OrderLines(OrderID, ProductID, Qty, UnitPrice) VALUES (2157,50,1,770);
INSERT INTO OrderLines(OrderID, ProductID, Qty, UnitPrice) VALUES (2157,23,3,720);
INSERT INTO OrderLines(OrderID, ProductID, Qty, UnitPrice) VALUES (2157,10,2,1264);
UPDATE [Order] SET TotalAmount=7534 WHERE OrderID=2157;
INSERT INTO Payment(OrderID, PaymentDate, Amount, PaymentMethod, TransactionRef) VALUES (2157,'2025-08-16',7534,'Cash','TXN225208');
INSERT INTO [Order](CustomerID, OrderDate, Status, TotalAmount) VALUES (216,'2025-06-07','Processing',0);
INSERT INTO OrderLines(OrderID, ProductID, Qty, UnitPrice) VALUES (2158,30,2,411);
INSERT INTO OrderLines(OrderID, ProductID, Qty, UnitPrice) VALUES (2158,33,2,378);
INSERT INTO OrderLines(OrderID, ProductID, Qty, UnitPrice) VALUES (2158,38,2,750);
INSERT INTO OrderLines(OrderID, ProductID, Qty, UnitPrice) VALUES (2158,31,1,1433);
UPDATE [Order] SET TotalAmount=4511 WHERE OrderID=2158;
INSERT INTO Payment(OrderID, PaymentDate, Amount, PaymentMethod, TransactionRef) VALUES (2158,'2025-06-09',4511,'PayPal','TXN166951');
INSERT INTO [Order](CustomerID, OrderDate, Status, TotalAmount) VALUES (216,'2025-04-28','Delivered',0);
INSERT INTO OrderLines(OrderID, ProductID, Qty, UnitPrice) VALUES (2159,2,2,607);
INSERT INTO OrderLines(OrderID, ProductID, Qty, UnitPrice) VALUES (2159,41,2,1162);
INSERT INTO OrderLines(OrderID, ProductID, Qty, UnitPrice) VALUES (2159,5,3,1153);
INSERT INTO OrderLines(OrderID, ProductID, Qty, UnitPrice) VALUES (2159,10,2,554);
UPDATE [Order] SET TotalAmount=8105 WHERE OrderID=2159;
INSERT INTO Payment(OrderID, PaymentDate, Amount, PaymentMethod, TransactionRef) VALUES (2159,'2025-04-30',8105,'Card','TXN671659');
INSERT INTO [Order](CustomerID, OrderDate, Status, TotalAmount) VALUES (216,'2025-02-23','Delivered',0);
INSERT INTO OrderLines(OrderID, ProductID, Qty, UnitPrice) VALUES (2160,5,3,1265);
INSERT INTO OrderLines(OrderID, ProductID, Qty, UnitPrice) VALUES (2160,8,2,1109);
INSERT INTO OrderLines(OrderID, ProductID, Qty, UnitPrice) VALUES (2160,20,1,1473);
INSERT INTO OrderLines(OrderID, ProductID, Qty, UnitPrice) VALUES (2160,43,2,388);
UPDATE [Order] SET TotalAmount=8262 WHERE OrderID=2160;
INSERT INTO Payment(OrderID, PaymentDate, Amount, PaymentMethod, TransactionRef) VALUES (2160,'2025-02-27',8262,'PayPal','TXN406986');
INSERT INTO [Order](CustomerID, OrderDate, Status, TotalAmount) VALUES (217,'2025-09-26','Shipped',0);
INSERT INTO OrderLines(OrderID, ProductID, Qty, UnitPrice) VALUES (2161,42,2,1135);
INSERT INTO OrderLines(OrderID, ProductID, Qty, UnitPrice) VALUES (2161,47,1,1376);
INSERT INTO OrderLines(OrderID, ProductID, Qty, UnitPrice) VALUES (2161,32,1,988);
INSERT INTO OrderLines(OrderID, ProductID, Qty, UnitPrice) VALUES (2161,44,3,101);
UPDATE [Order] SET TotalAmount=4937 WHERE OrderID=2161;
INSERT INTO Payment(OrderID, PaymentDate, Amount, PaymentMethod, TransactionRef) VALUES (2161,'2025-09-26',4937,'Card','TXN559197');
INSERT INTO [Order](CustomerID, OrderDate, Status, TotalAmount) VALUES (217,'2025-12-16','Delivered',0);
INSERT INTO OrderLines(OrderID, ProductID, Qty, UnitPrice) VALUES (2162,14,2,423);
INSERT INTO OrderLines(OrderID, ProductID, Qty, UnitPrice) VALUES (2162,28,2,946);
INSERT INTO OrderLines(OrderID, ProductID, Qty, UnitPrice) VALUES (2162,16,1,1343);
INSERT INTO OrderLines(OrderID, ProductID, Qty, UnitPrice) VALUES (2162,16,1,88);
UPDATE [Order] SET TotalAmount=4169 WHERE OrderID=2162;
INSERT INTO Payment(OrderID, PaymentDate, Amount, PaymentMethod, TransactionRef) VALUES (2162,'2025-12-21',4169,'Cash','TXN590181');
INSERT INTO [Order](CustomerID, OrderDate, Status, TotalAmount) VALUES (217,'2025-01-29','Shipped',0);
INSERT INTO OrderLines(OrderID, ProductID, Qty, UnitPrice) VALUES (2163,43,2,1084);
INSERT INTO OrderLines(OrderID, ProductID, Qty, UnitPrice) VALUES (2163,48,3,1465);
INSERT INTO OrderLines(OrderID, ProductID, Qty, UnitPrice) VALUES (2163,16,2,1486);
INSERT INTO OrderLines(OrderID, ProductID, Qty, UnitPrice) VALUES (2163,1,1,760);
UPDATE [Order] SET TotalAmount=10295 WHERE OrderID=2163;
INSERT INTO Payment(OrderID, PaymentDate, Amount, PaymentMethod, TransactionRef) VALUES (2163,'2025-02-02',10295,'PayPal','TXN244343');
INSERT INTO [Order](CustomerID, OrderDate, Status, TotalAmount) VALUES (217,'2025-05-05','Processing',0);
INSERT INTO OrderLines(OrderID, ProductID, Qty, UnitPrice) VALUES (2164,48,2,136);
INSERT INTO OrderLines(OrderID, ProductID, Qty, UnitPrice) VALUES (2164,24,3,626);
INSERT INTO OrderLines(OrderID, ProductID, Qty, UnitPrice) VALUES (2164,26,2,1473);
INSERT INTO OrderLines(OrderID, ProductID, Qty, UnitPrice) VALUES (2164,41,2,802);
UPDATE [Order] SET TotalAmount=6700 WHERE OrderID=2164;
INSERT INTO Payment(OrderID, PaymentDate, Amount, PaymentMethod, TransactionRef) VALUES (2164,'2025-05-05',6700,'Cash','TXN851468');
INSERT INTO [Order](CustomerID, OrderDate, Status, TotalAmount) VALUES (217,'2025-09-19','Cancelled',0);
INSERT INTO OrderLines(OrderID, ProductID, Qty, UnitPrice) VALUES (2165,22,1,1140);
INSERT INTO OrderLines(OrderID, ProductID, Qty, UnitPrice) VALUES (2165,6,2,837);
INSERT INTO OrderLines(OrderID, ProductID, Qty, UnitPrice) VALUES (2165,30,2,1292);
INSERT INTO OrderLines(OrderID, ProductID, Qty, UnitPrice) VALUES (2165,40,2,1111);
UPDATE [Order] SET TotalAmount=7620 WHERE OrderID=2165;
INSERT INTO Payment(OrderID, PaymentDate, Amount, PaymentMethod, TransactionRef) VALUES (2165,'2025-09-23',7620,'Card','TXN518087');
INSERT INTO [Order](CustomerID, OrderDate, Status, TotalAmount) VALUES (217,'2025-08-23','Delivered',0);
INSERT INTO OrderLines(OrderID, ProductID, Qty, UnitPrice) VALUES (2166,8,1,375);
INSERT INTO OrderLines(OrderID, ProductID, Qty, UnitPrice) VALUES (2166,33,1,1359);
INSERT INTO OrderLines(OrderID, ProductID, Qty, UnitPrice) VALUES (2166,41,2,1209);
INSERT INTO OrderLines(OrderID, ProductID, Qty, UnitPrice) VALUES (2166,49,3,697);
UPDATE [Order] SET TotalAmount=6243 WHERE OrderID=2166;
INSERT INTO Payment(OrderID, PaymentDate, Amount, PaymentMethod, TransactionRef) VALUES (2166,'2025-08-24',6243,'PayPal','TXN740106');
INSERT INTO [Order](CustomerID, OrderDate, Status, TotalAmount) VALUES (217,'2025-04-15','Cancelled',0);
INSERT INTO OrderLines(OrderID, ProductID, Qty, UnitPrice) VALUES (2167,13,2,547);
INSERT INTO OrderLines(OrderID, ProductID, Qty, UnitPrice) VALUES (2167,18,3,791);
INSERT INTO OrderLines(OrderID, ProductID, Qty, UnitPrice) VALUES (2167,9,2,1376);
INSERT INTO OrderLines(OrderID, ProductID, Qty, UnitPrice) VALUES (2167,6,3,200);
UPDATE [Order] SET TotalAmount=6819 WHERE OrderID=2167;
INSERT INTO Payment(OrderID, PaymentDate, Amount, PaymentMethod, TransactionRef) VALUES (2167,'2025-04-15',6819,'PayPal','TXN107427');
INSERT INTO [Order](CustomerID, OrderDate, Status, TotalAmount) VALUES (217,'2025-01-01','Cancelled',0);
INSERT INTO OrderLines(OrderID, ProductID, Qty, UnitPrice) VALUES (2168,49,1,956);
INSERT INTO OrderLines(OrderID, ProductID, Qty, UnitPrice) VALUES (2168,13,3,805);
INSERT INTO OrderLines(OrderID, ProductID, Qty, UnitPrice) VALUES (2168,49,2,403);
INSERT INTO OrderLines(OrderID, ProductID, Qty, UnitPrice) VALUES (2168,50,3,111);
UPDATE [Order] SET TotalAmount=4510 WHERE OrderID=2168;
INSERT INTO Payment(OrderID, PaymentDate, Amount, PaymentMethod, TransactionRef) VALUES (2168,'2025-01-03',4510,'PayPal','TXN646012');
INSERT INTO [Order](CustomerID, OrderDate, Status, TotalAmount) VALUES (217,'2025-10-11','Shipped',0);
INSERT INTO OrderLines(OrderID, ProductID, Qty, UnitPrice) VALUES (2169,10,3,988);
INSERT INTO OrderLines(OrderID, ProductID, Qty, UnitPrice) VALUES (2169,10,2,559);
INSERT INTO OrderLines(OrderID, ProductID, Qty, UnitPrice) VALUES (2169,11,3,1258);
INSERT INTO OrderLines(OrderID, ProductID, Qty, UnitPrice) VALUES (2169,42,1,1211);
UPDATE [Order] SET TotalAmount=9067 WHERE OrderID=2169;
INSERT INTO Payment(OrderID, PaymentDate, Amount, PaymentMethod, TransactionRef) VALUES (2169,'2025-10-14',9067,'PayPal','TXN656536');
INSERT INTO [Order](CustomerID, OrderDate, Status, TotalAmount) VALUES (217,'2025-05-10','Delivered',0);
INSERT INTO OrderLines(OrderID, ProductID, Qty, UnitPrice) VALUES (2170,10,3,1436);
INSERT INTO OrderLines(OrderID, ProductID, Qty, UnitPrice) VALUES (2170,26,1,104);
INSERT INTO OrderLines(OrderID, ProductID, Qty, UnitPrice) VALUES (2170,40,3,1342);
INSERT INTO OrderLines(OrderID, ProductID, Qty, UnitPrice) VALUES (2170,30,3,850);
UPDATE [Order] SET TotalAmount=10988 WHERE OrderID=2170;
INSERT INTO Payment(OrderID, PaymentDate, Amount, PaymentMethod, TransactionRef) VALUES (2170,'2025-05-14',10988,'PayPal','TXN858004');
INSERT INTO [Order](CustomerID, OrderDate, Status, TotalAmount) VALUES (218,'2025-09-11','Cancelled',0);
INSERT INTO OrderLines(OrderID, ProductID, Qty, UnitPrice) VALUES (2171,10,1,922);
INSERT INTO OrderLines(OrderID, ProductID, Qty, UnitPrice) VALUES (2171,22,1,1349);
INSERT INTO OrderLines(OrderID, ProductID, Qty, UnitPrice) VALUES (2171,8,3,1343);
INSERT INTO OrderLines(OrderID, ProductID, Qty, UnitPrice) VALUES (2171,31,2,1450);
UPDATE [Order] SET TotalAmount=9200 WHERE OrderID=2171;
INSERT INTO Payment(OrderID, PaymentDate, Amount, PaymentMethod, TransactionRef) VALUES (2171,'2025-09-11',9200,'Cash','TXN474594');
INSERT INTO [Order](CustomerID, OrderDate, Status, TotalAmount) VALUES (218,'2025-08-31','Cancelled',0);
INSERT INTO OrderLines(OrderID, ProductID, Qty, UnitPrice) VALUES (2172,31,2,222);
INSERT INTO OrderLines(OrderID, ProductID, Qty, UnitPrice) VALUES (2172,41,1,692);
INSERT INTO OrderLines(OrderID, ProductID, Qty, UnitPrice) VALUES (2172,36,2,992);
INSERT INTO OrderLines(OrderID, ProductID, Qty, UnitPrice) VALUES (2172,18,1,629);
UPDATE [Order] SET TotalAmount=3749 WHERE OrderID=2172;
INSERT INTO Payment(OrderID, PaymentDate, Amount, PaymentMethod, TransactionRef) VALUES (2172,'2025-09-05',3749,'PayPal','TXN998277');
INSERT INTO [Order](CustomerID, OrderDate, Status, TotalAmount) VALUES (218,'2025-02-28','Processing',0);
INSERT INTO OrderLines(OrderID, ProductID, Qty, UnitPrice) VALUES (2173,32,2,1043);
INSERT INTO OrderLines(OrderID, ProductID, Qty, UnitPrice) VALUES (2173,35,2,1466);
INSERT INTO OrderLines(OrderID, ProductID, Qty, UnitPrice) VALUES (2173,2,1,854);
INSERT INTO OrderLines(OrderID, ProductID, Qty, UnitPrice) VALUES (2173,39,1,1127);
UPDATE [Order] SET TotalAmount=6999 WHERE OrderID=2173;
INSERT INTO Payment(OrderID, PaymentDate, Amount, PaymentMethod, TransactionRef) VALUES (2173,'2025-03-04',6999,'Card','TXN910660');
INSERT INTO [Order](CustomerID, OrderDate, Status, TotalAmount) VALUES (218,'2025-05-09','Cancelled',0);
INSERT INTO OrderLines(OrderID, ProductID, Qty, UnitPrice) VALUES (2174,13,3,468);
INSERT INTO OrderLines(OrderID, ProductID, Qty, UnitPrice) VALUES (2174,22,2,1109);
INSERT INTO OrderLines(OrderID, ProductID, Qty, UnitPrice) VALUES (2174,35,3,417);
INSERT INTO OrderLines(OrderID, ProductID, Qty, UnitPrice) VALUES (2174,28,3,1119);
UPDATE [Order] SET TotalAmount=8230 WHERE OrderID=2174;
INSERT INTO Payment(OrderID, PaymentDate, Amount, PaymentMethod, TransactionRef) VALUES (2174,'2025-05-14',8230,'Card','TXN332196');
INSERT INTO [Order](CustomerID, OrderDate, Status, TotalAmount) VALUES (218,'2025-05-17','Delivered',0);
INSERT INTO OrderLines(OrderID, ProductID, Qty, UnitPrice) VALUES (2175,28,1,777);
INSERT INTO OrderLines(OrderID, ProductID, Qty, UnitPrice) VALUES (2175,6,2,953);
INSERT INTO OrderLines(OrderID, ProductID, Qty, UnitPrice) VALUES (2175,23,3,1073);
INSERT INTO OrderLines(OrderID, ProductID, Qty, UnitPrice) VALUES (2175,8,1,1306);
UPDATE [Order] SET TotalAmount=7208 WHERE OrderID=2175;
INSERT INTO Payment(OrderID, PaymentDate, Amount, PaymentMethod, TransactionRef) VALUES (2175,'2025-05-22',7208,'Card','TXN181654');
INSERT INTO [Order](CustomerID, OrderDate, Status, TotalAmount) VALUES (218,'2025-11-28','Processing',0);
INSERT INTO OrderLines(OrderID, ProductID, Qty, UnitPrice) VALUES (2176,6,3,928);
INSERT INTO OrderLines(OrderID, ProductID, Qty, UnitPrice) VALUES (2176,22,2,830);
INSERT INTO OrderLines(OrderID, ProductID, Qty, UnitPrice) VALUES (2176,46,2,1424);
INSERT INTO OrderLines(OrderID, ProductID, Qty, UnitPrice) VALUES (2176,35,1,864);
UPDATE [Order] SET TotalAmount=8156 WHERE OrderID=2176;
INSERT INTO Payment(OrderID, PaymentDate, Amount, PaymentMethod, TransactionRef) VALUES (2176,'2025-11-28',8156,'Cash','TXN942037');
INSERT INTO [Order](CustomerID, OrderDate, Status, TotalAmount) VALUES (218,'2025-06-18','Cancelled',0);
INSERT INTO OrderLines(OrderID, ProductID, Qty, UnitPrice) VALUES (2177,41,3,1457);
INSERT INTO OrderLines(OrderID, ProductID, Qty, UnitPrice) VALUES (2177,30,2,488);
INSERT INTO OrderLines(OrderID, ProductID, Qty, UnitPrice) VALUES (2177,3,2,20);
INSERT INTO OrderLines(OrderID, ProductID, Qty, UnitPrice) VALUES (2177,19,3,95);
UPDATE [Order] SET TotalAmount=5672 WHERE OrderID=2177;
INSERT INTO Payment(OrderID, PaymentDate, Amount, PaymentMethod, TransactionRef) VALUES (2177,'2025-06-18',5672,'Cash','TXN351690');
INSERT INTO [Order](CustomerID, OrderDate, Status, TotalAmount) VALUES (218,'2025-08-24','Delivered',0);
INSERT INTO OrderLines(OrderID, ProductID, Qty, UnitPrice) VALUES (2178,5,2,1209);
INSERT INTO OrderLines(OrderID, ProductID, Qty, UnitPrice) VALUES (2178,30,2,978);
INSERT INTO OrderLines(OrderID, ProductID, Qty, UnitPrice) VALUES (2178,39,1,657);
INSERT INTO OrderLines(OrderID, ProductID, Qty, UnitPrice) VALUES (2178,7,1,557);
UPDATE [Order] SET TotalAmount=5588 WHERE OrderID=2178;
INSERT INTO Payment(OrderID, PaymentDate, Amount, PaymentMethod, TransactionRef) VALUES (2178,'2025-08-26',5588,'PayPal','TXN288045');
INSERT INTO [Order](CustomerID, OrderDate, Status, TotalAmount) VALUES (218,'2025-10-27','Shipped',0);
INSERT INTO OrderLines(OrderID, ProductID, Qty, UnitPrice) VALUES (2179,39,3,1471);
INSERT INTO OrderLines(OrderID, ProductID, Qty, UnitPrice) VALUES (2179,28,1,1379);
INSERT INTO OrderLines(OrderID, ProductID, Qty, UnitPrice) VALUES (2179,43,1,351);
INSERT INTO OrderLines(OrderID, ProductID, Qty, UnitPrice) VALUES (2179,22,2,23);
UPDATE [Order] SET TotalAmount=6189 WHERE OrderID=2179;
INSERT INTO Payment(OrderID, PaymentDate, Amount, PaymentMethod, TransactionRef) VALUES (2179,'2025-10-28',6189,'Cash','TXN537355');
INSERT INTO [Order](CustomerID, OrderDate, Status, TotalAmount) VALUES (218,'2025-05-03','Shipped',0);
INSERT INTO OrderLines(OrderID, ProductID, Qty, UnitPrice) VALUES (2180,2,3,86);
INSERT INTO OrderLines(OrderID, ProductID, Qty, UnitPrice) VALUES (2180,27,3,1284);
INSERT INTO OrderLines(OrderID, ProductID, Qty, UnitPrice) VALUES (2180,49,2,1499);
INSERT INTO OrderLines(OrderID, ProductID, Qty, UnitPrice) VALUES (2180,50,1,1028);
UPDATE [Order] SET TotalAmount=8136 WHERE OrderID=2180;
INSERT INTO Payment(OrderID, PaymentDate, Amount, PaymentMethod, TransactionRef) VALUES (2180,'2025-05-04',8136,'Cash','TXN112150');
INSERT INTO [Order](CustomerID, OrderDate, Status, TotalAmount) VALUES (219,'2025-01-03','Processing',0);
INSERT INTO OrderLines(OrderID, ProductID, Qty, UnitPrice) VALUES (2181,36,2,866);
INSERT INTO OrderLines(OrderID, ProductID, Qty, UnitPrice) VALUES (2181,9,2,693);
INSERT INTO OrderLines(OrderID, ProductID, Qty, UnitPrice) VALUES (2181,46,2,580);
INSERT INTO OrderLines(OrderID, ProductID, Qty, UnitPrice) VALUES (2181,1,1,1407);
UPDATE [Order] SET TotalAmount=5685 WHERE OrderID=2181;
INSERT INTO Payment(OrderID, PaymentDate, Amount, PaymentMethod, TransactionRef) VALUES (2181,'2025-01-08',5685,'PayPal','TXN168907');
INSERT INTO [Order](CustomerID, OrderDate, Status, TotalAmount) VALUES (219,'2025-11-10','Cancelled',0);
INSERT INTO OrderLines(OrderID, ProductID, Qty, UnitPrice) VALUES (2182,27,1,1072);
INSERT INTO OrderLines(OrderID, ProductID, Qty, UnitPrice) VALUES (2182,32,2,56);
INSERT INTO OrderLines(OrderID, ProductID, Qty, UnitPrice) VALUES (2182,32,2,175);
INSERT INTO OrderLines(OrderID, ProductID, Qty, UnitPrice) VALUES (2182,9,2,1078);
UPDATE [Order] SET TotalAmount=3690 WHERE OrderID=2182;
INSERT INTO Payment(OrderID, PaymentDate, Amount, PaymentMethod, TransactionRef) VALUES (2182,'2025-11-10',3690,'PayPal','TXN711270');
INSERT INTO [Order](CustomerID, OrderDate, Status, TotalAmount) VALUES (219,'2025-05-10','Delivered',0);
INSERT INTO OrderLines(OrderID, ProductID, Qty, UnitPrice) VALUES (2183,26,1,1150);
INSERT INTO OrderLines(OrderID, ProductID, Qty, UnitPrice) VALUES (2183,41,3,1373);
INSERT INTO OrderLines(OrderID, ProductID, Qty, UnitPrice) VALUES (2183,34,1,1168);
INSERT INTO OrderLines(OrderID, ProductID, Qty, UnitPrice) VALUES (2183,42,2,422);
UPDATE [Order] SET TotalAmount=7281 WHERE OrderID=2183;
INSERT INTO Payment(OrderID, PaymentDate, Amount, PaymentMethod, TransactionRef) VALUES (2183,'2025-05-11',7281,'Cash','TXN173963');
INSERT INTO [Order](CustomerID, OrderDate, Status, TotalAmount) VALUES (219,'2025-10-09','Processing',0);
INSERT INTO OrderLines(OrderID, ProductID, Qty, UnitPrice) VALUES (2184,19,3,614);
INSERT INTO OrderLines(OrderID, ProductID, Qty, UnitPrice) VALUES (2184,44,1,1149);
INSERT INTO OrderLines(OrderID, ProductID, Qty, UnitPrice) VALUES (2184,24,3,532);
INSERT INTO OrderLines(OrderID, ProductID, Qty, UnitPrice) VALUES (2184,24,2,205);
UPDATE [Order] SET TotalAmount=4997 WHERE OrderID=2184;
INSERT INTO Payment(OrderID, PaymentDate, Amount, PaymentMethod, TransactionRef) VALUES (2184,'2025-10-09',4997,'Cash','TXN434590');
INSERT INTO [Order](CustomerID, OrderDate, Status, TotalAmount) VALUES (219,'2025-03-08','Cancelled',0);
INSERT INTO OrderLines(OrderID, ProductID, Qty, UnitPrice) VALUES (2185,27,3,1202);
INSERT INTO OrderLines(OrderID, ProductID, Qty, UnitPrice) VALUES (2185,27,2,233);
INSERT INTO OrderLines(OrderID, ProductID, Qty, UnitPrice) VALUES (2185,39,2,1061);
INSERT INTO OrderLines(OrderID, ProductID, Qty, UnitPrice) VALUES (2185,1,1,796);
UPDATE [Order] SET TotalAmount=6990 WHERE OrderID=2185;
INSERT INTO Payment(OrderID, PaymentDate, Amount, PaymentMethod, TransactionRef) VALUES (2185,'2025-03-13',6990,'PayPal','TXN545622');
INSERT INTO [Order](CustomerID, OrderDate, Status, TotalAmount) VALUES (219,'2025-01-05','Processing',0);
INSERT INTO OrderLines(OrderID, ProductID, Qty, UnitPrice) VALUES (2186,25,2,1021);
INSERT INTO OrderLines(OrderID, ProductID, Qty, UnitPrice) VALUES (2186,33,2,545);
INSERT INTO OrderLines(OrderID, ProductID, Qty, UnitPrice) VALUES (2186,23,3,1215);
INSERT INTO OrderLines(OrderID, ProductID, Qty, UnitPrice) VALUES (2186,31,3,309);
UPDATE [Order] SET TotalAmount=7704 WHERE OrderID=2186;
INSERT INTO Payment(OrderID, PaymentDate, Amount, PaymentMethod, TransactionRef) VALUES (2186,'2025-01-06',7704,'PayPal','TXN512486');
INSERT INTO [Order](CustomerID, OrderDate, Status, TotalAmount) VALUES (219,'2025-11-18','Processing',0);
INSERT INTO OrderLines(OrderID, ProductID, Qty, UnitPrice) VALUES (2187,9,2,1136);
INSERT INTO OrderLines(OrderID, ProductID, Qty, UnitPrice) VALUES (2187,40,2,1253);
INSERT INTO OrderLines(OrderID, ProductID, Qty, UnitPrice) VALUES (2187,5,2,603);
INSERT INTO OrderLines(OrderID, ProductID, Qty, UnitPrice) VALUES (2187,44,3,35);
UPDATE [Order] SET TotalAmount=6089 WHERE OrderID=2187;
INSERT INTO Payment(OrderID, PaymentDate, Amount, PaymentMethod, TransactionRef) VALUES (2187,'2025-11-19',6089,'Card','TXN186321');
INSERT INTO [Order](CustomerID, OrderDate, Status, TotalAmount) VALUES (219,'2025-01-18','Delivered',0);
INSERT INTO OrderLines(OrderID, ProductID, Qty, UnitPrice) VALUES (2188,48,1,538);
INSERT INTO OrderLines(OrderID, ProductID, Qty, UnitPrice) VALUES (2188,2,3,996);
INSERT INTO OrderLines(OrderID, ProductID, Qty, UnitPrice) VALUES (2188,26,3,1280);
INSERT INTO OrderLines(OrderID, ProductID, Qty, UnitPrice) VALUES (2188,23,1,271);
UPDATE [Order] SET TotalAmount=7637 WHERE OrderID=2188;
INSERT INTO Payment(OrderID, PaymentDate, Amount, PaymentMethod, TransactionRef) VALUES (2188,'2025-01-22',7637,'Cash','TXN208625');
INSERT INTO [Order](CustomerID, OrderDate, Status, TotalAmount) VALUES (219,'2025-06-07','Shipped',0);
INSERT INTO OrderLines(OrderID, ProductID, Qty, UnitPrice) VALUES (2189,41,1,1176);
INSERT INTO OrderLines(OrderID, ProductID, Qty, UnitPrice) VALUES (2189,45,1,982);
INSERT INTO OrderLines(OrderID, ProductID, Qty, UnitPrice) VALUES (2189,37,3,730);
INSERT INTO OrderLines(OrderID, ProductID, Qty, UnitPrice) VALUES (2189,47,2,1283);
UPDATE [Order] SET TotalAmount=6914 WHERE OrderID=2189;
INSERT INTO Payment(OrderID, PaymentDate, Amount, PaymentMethod, TransactionRef) VALUES (2189,'2025-06-09',6914,'Cash','TXN641813');
INSERT INTO [Order](CustomerID, OrderDate, Status, TotalAmount) VALUES (219,'2025-10-27','Cancelled',0);
INSERT INTO OrderLines(OrderID, ProductID, Qty, UnitPrice) VALUES (2190,42,3,939);
INSERT INTO OrderLines(OrderID, ProductID, Qty, UnitPrice) VALUES (2190,49,2,1417);
INSERT INTO OrderLines(OrderID, ProductID, Qty, UnitPrice) VALUES (2190,1,1,1035);
INSERT INTO OrderLines(OrderID, ProductID, Qty, UnitPrice) VALUES (2190,40,2,1135);
UPDATE [Order] SET TotalAmount=8956 WHERE OrderID=2190;
INSERT INTO Payment(OrderID, PaymentDate, Amount, PaymentMethod, TransactionRef) VALUES (2190,'2025-10-31',8956,'PayPal','TXN449738');
INSERT INTO [Order](CustomerID, OrderDate, Status, TotalAmount) VALUES (220,'2025-10-07','Shipped',0);
INSERT INTO OrderLines(OrderID, ProductID, Qty, UnitPrice) VALUES (2191,43,1,897);
INSERT INTO OrderLines(OrderID, ProductID, Qty, UnitPrice) VALUES (2191,39,3,702);
INSERT INTO OrderLines(OrderID, ProductID, Qty, UnitPrice) VALUES (2191,12,3,361);
INSERT INTO OrderLines(OrderID, ProductID, Qty, UnitPrice) VALUES (2191,37,1,768);
UPDATE [Order] SET TotalAmount=4854 WHERE OrderID=2191;
INSERT INTO Payment(OrderID, PaymentDate, Amount, PaymentMethod, TransactionRef) VALUES (2191,'2025-10-11',4854,'Cash','TXN815157');
INSERT INTO [Order](CustomerID, OrderDate, Status, TotalAmount) VALUES (220,'2025-02-17','Processing',0);
INSERT INTO OrderLines(OrderID, ProductID, Qty, UnitPrice) VALUES (2192,36,2,1309);
INSERT INTO OrderLines(OrderID, ProductID, Qty, UnitPrice) VALUES (2192,34,1,1385);
INSERT INTO OrderLines(OrderID, ProductID, Qty, UnitPrice) VALUES (2192,44,2,933);
INSERT INTO OrderLines(OrderID, ProductID, Qty, UnitPrice) VALUES (2192,12,1,1105);
UPDATE [Order] SET TotalAmount=6974 WHERE OrderID=2192;
INSERT INTO Payment(OrderID, PaymentDate, Amount, PaymentMethod, TransactionRef) VALUES (2192,'2025-02-19',6974,'Cash','TXN952241');
INSERT INTO [Order](CustomerID, OrderDate, Status, TotalAmount) VALUES (220,'2025-09-29','Delivered',0);
INSERT INTO OrderLines(OrderID, ProductID, Qty, UnitPrice) VALUES (2193,24,3,1485);
INSERT INTO OrderLines(OrderID, ProductID, Qty, UnitPrice) VALUES (2193,43,3,1270);
INSERT INTO OrderLines(OrderID, ProductID, Qty, UnitPrice) VALUES (2193,38,3,1416);
INSERT INTO OrderLines(OrderID, ProductID, Qty, UnitPrice) VALUES (2193,44,2,421);
UPDATE [Order] SET TotalAmount=13355 WHERE OrderID=2193;
INSERT INTO Payment(OrderID, PaymentDate, Amount, PaymentMethod, TransactionRef) VALUES (2193,'2025-10-04',13355,'Cash','TXN137436');
INSERT INTO [Order](CustomerID, OrderDate, Status, TotalAmount) VALUES (220,'2025-02-09','Shipped',0);
INSERT INTO OrderLines(OrderID, ProductID, Qty, UnitPrice) VALUES (2194,41,2,1118);
INSERT INTO OrderLines(OrderID, ProductID, Qty, UnitPrice) VALUES (2194,4,2,34);
INSERT INTO OrderLines(OrderID, ProductID, Qty, UnitPrice) VALUES (2194,48,3,508);
INSERT INTO OrderLines(OrderID, ProductID, Qty, UnitPrice) VALUES (2194,33,1,755);
UPDATE [Order] SET TotalAmount=4583 WHERE OrderID=2194;
INSERT INTO Payment(OrderID, PaymentDate, Amount, PaymentMethod, TransactionRef) VALUES (2194,'2025-02-13',4583,'Card','TXN939114');
INSERT INTO [Order](CustomerID, OrderDate, Status, TotalAmount) VALUES (220,'2025-08-12','Shipped',0);
INSERT INTO OrderLines(OrderID, ProductID, Qty, UnitPrice) VALUES (2195,31,2,1158);
INSERT INTO OrderLines(OrderID, ProductID, Qty, UnitPrice) VALUES (2195,35,3,526);
INSERT INTO OrderLines(OrderID, ProductID, Qty, UnitPrice) VALUES (2195,11,3,198);
INSERT INTO OrderLines(OrderID, ProductID, Qty, UnitPrice) VALUES (2195,39,2,73);
UPDATE [Order] SET TotalAmount=4634 WHERE OrderID=2195;
INSERT INTO Payment(OrderID, PaymentDate, Amount, PaymentMethod, TransactionRef) VALUES (2195,'2025-08-17',4634,'PayPal','TXN635278');
INSERT INTO [Order](CustomerID, OrderDate, Status, TotalAmount) VALUES (220,'2025-03-29','Processing',0);
INSERT INTO OrderLines(OrderID, ProductID, Qty, UnitPrice) VALUES (2196,9,2,1160);
INSERT INTO OrderLines(OrderID, ProductID, Qty, UnitPrice) VALUES (2196,38,3,1307);
INSERT INTO OrderLines(OrderID, ProductID, Qty, UnitPrice) VALUES (2196,20,1,1085);
INSERT INTO OrderLines(OrderID, ProductID, Qty, UnitPrice) VALUES (2196,18,1,1063);
UPDATE [Order] SET TotalAmount=8389 WHERE OrderID=2196;
INSERT INTO Payment(OrderID, PaymentDate, Amount, PaymentMethod, TransactionRef) VALUES (2196,'2025-03-30',8389,'Cash','TXN640285');
INSERT INTO [Order](CustomerID, OrderDate, Status, TotalAmount) VALUES (220,'2025-04-03','Shipped',0);
INSERT INTO OrderLines(OrderID, ProductID, Qty, UnitPrice) VALUES (2197,34,1,1292);
INSERT INTO OrderLines(OrderID, ProductID, Qty, UnitPrice) VALUES (2197,17,1,843);
INSERT INTO OrderLines(OrderID, ProductID, Qty, UnitPrice) VALUES (2197,47,2,1253);
INSERT INTO OrderLines(OrderID, ProductID, Qty, UnitPrice) VALUES (2197,4,2,1096);
UPDATE [Order] SET TotalAmount=6833 WHERE OrderID=2197;
INSERT INTO Payment(OrderID, PaymentDate, Amount, PaymentMethod, TransactionRef) VALUES (2197,'2025-04-04',6833,'Cash','TXN149031');
INSERT INTO [Order](CustomerID, OrderDate, Status, TotalAmount) VALUES (220,'2025-04-02','Shipped',0);
INSERT INTO OrderLines(OrderID, ProductID, Qty, UnitPrice) VALUES (2198,43,2,143);
INSERT INTO OrderLines(OrderID, ProductID, Qty, UnitPrice) VALUES (2198,3,1,665);
INSERT INTO OrderLines(OrderID, ProductID, Qty, UnitPrice) VALUES (2198,47,1,1499);
INSERT INTO OrderLines(OrderID, ProductID, Qty, UnitPrice) VALUES (2198,23,1,1307);
UPDATE [Order] SET TotalAmount=3757 WHERE OrderID=2198;
INSERT INTO Payment(OrderID, PaymentDate, Amount, PaymentMethod, TransactionRef) VALUES (2198,'2025-04-04',3757,'Card','TXN432719');
INSERT INTO [Order](CustomerID, OrderDate, Status, TotalAmount) VALUES (220,'2025-08-31','Shipped',0);
INSERT INTO OrderLines(OrderID, ProductID, Qty, UnitPrice) VALUES (2199,30,1,838);
INSERT INTO OrderLines(OrderID, ProductID, Qty, UnitPrice) VALUES (2199,11,3,101);
INSERT INTO OrderLines(OrderID, ProductID, Qty, UnitPrice) VALUES (2199,10,1,1178);
INSERT INTO OrderLines(OrderID, ProductID, Qty, UnitPrice) VALUES (2199,3,1,1259);
UPDATE [Order] SET TotalAmount=3578 WHERE OrderID=2199;
INSERT INTO Payment(OrderID, PaymentDate, Amount, PaymentMethod, TransactionRef) VALUES (2199,'2025-09-02',3578,'Card','TXN879378');
INSERT INTO [Order](CustomerID, OrderDate, Status, TotalAmount) VALUES (220,'2025-09-17','Delivered',0);
INSERT INTO OrderLines(OrderID, ProductID, Qty, UnitPrice) VALUES (2200,17,3,256);
INSERT INTO OrderLines(OrderID, ProductID, Qty, UnitPrice) VALUES (2200,2,2,1056);
INSERT INTO OrderLines(OrderID, ProductID, Qty, UnitPrice) VALUES (2200,44,1,1467);
INSERT INTO OrderLines(OrderID, ProductID, Qty, UnitPrice) VALUES (2200,49,2,140);
UPDATE [Order] SET TotalAmount=4627 WHERE OrderID=2200;
INSERT INTO Payment(OrderID, PaymentDate, Amount, PaymentMethod, TransactionRef) VALUES (2200,'2025-09-20',4627,'Cash','TXN730980');
INSERT INTO [Order](CustomerID, OrderDate, Status, TotalAmount) VALUES (221,'2025-12-17','Shipped',0);
INSERT INTO OrderLines(OrderID, ProductID, Qty, UnitPrice) VALUES (2201,4,2,810);
INSERT INTO OrderLines(OrderID, ProductID, Qty, UnitPrice) VALUES (2201,36,1,664);
INSERT INTO OrderLines(OrderID, ProductID, Qty, UnitPrice) VALUES (2201,28,2,173);
INSERT INTO OrderLines(OrderID, ProductID, Qty, UnitPrice) VALUES (2201,33,2,357);
UPDATE [Order] SET TotalAmount=3344 WHERE OrderID=2201;
INSERT INTO Payment(OrderID, PaymentDate, Amount, PaymentMethod, TransactionRef) VALUES (2201,'2025-12-18',3344,'Card','TXN641082');
INSERT INTO [Order](CustomerID, OrderDate, Status, TotalAmount) VALUES (221,'2025-11-23','Delivered',0);
INSERT INTO OrderLines(OrderID, ProductID, Qty, UnitPrice) VALUES (2202,32,1,645);
INSERT INTO OrderLines(OrderID, ProductID, Qty, UnitPrice) VALUES (2202,11,3,634);
INSERT INTO OrderLines(OrderID, ProductID, Qty, UnitPrice) VALUES (2202,1,2,400);
INSERT INTO OrderLines(OrderID, ProductID, Qty, UnitPrice) VALUES (2202,14,3,1232);
UPDATE [Order] SET TotalAmount=7043 WHERE OrderID=2202;
INSERT INTO Payment(OrderID, PaymentDate, Amount, PaymentMethod, TransactionRef) VALUES (2202,'2025-11-25',7043,'PayPal','TXN764452');
INSERT INTO [Order](CustomerID, OrderDate, Status, TotalAmount) VALUES (221,'2025-10-27','Processing',0);
INSERT INTO OrderLines(OrderID, ProductID, Qty, UnitPrice) VALUES (2203,16,2,1292);
INSERT INTO OrderLines(OrderID, ProductID, Qty, UnitPrice) VALUES (2203,40,3,1073);
INSERT INTO OrderLines(OrderID, ProductID, Qty, UnitPrice) VALUES (2203,38,2,871);
INSERT INTO OrderLines(OrderID, ProductID, Qty, UnitPrice) VALUES (2203,37,2,1348);
UPDATE [Order] SET TotalAmount=10241 WHERE OrderID=2203;
INSERT INTO Payment(OrderID, PaymentDate, Amount, PaymentMethod, TransactionRef) VALUES (2203,'2025-10-27',10241,'Cash','TXN926413');
INSERT INTO [Order](CustomerID, OrderDate, Status, TotalAmount) VALUES (221,'2025-07-06','Processing',0);
INSERT INTO OrderLines(OrderID, ProductID, Qty, UnitPrice) VALUES (2204,31,2,919);
INSERT INTO OrderLines(OrderID, ProductID, Qty, UnitPrice) VALUES (2204,50,2,1058);
INSERT INTO OrderLines(OrderID, ProductID, Qty, UnitPrice) VALUES (2204,16,2,1484);
INSERT INTO OrderLines(OrderID, ProductID, Qty, UnitPrice) VALUES (2204,50,2,1043);
UPDATE [Order] SET TotalAmount=9008 WHERE OrderID=2204;
INSERT INTO Payment(OrderID, PaymentDate, Amount, PaymentMethod, TransactionRef) VALUES (2204,'2025-07-10',9008,'Cash','TXN776841');
INSERT INTO [Order](CustomerID, OrderDate, Status, TotalAmount) VALUES (221,'2025-05-19','Delivered',0);
INSERT INTO OrderLines(OrderID, ProductID, Qty, UnitPrice) VALUES (2205,9,3,53);
INSERT INTO OrderLines(OrderID, ProductID, Qty, UnitPrice) VALUES (2205,5,1,816);
INSERT INTO OrderLines(OrderID, ProductID, Qty, UnitPrice) VALUES (2205,7,1,470);
INSERT INTO OrderLines(OrderID, ProductID, Qty, UnitPrice) VALUES (2205,23,3,1274);
UPDATE [Order] SET TotalAmount=5267 WHERE OrderID=2205;
INSERT INTO Payment(OrderID, PaymentDate, Amount, PaymentMethod, TransactionRef) VALUES (2205,'2025-05-24',5267,'Card','TXN846635');
INSERT INTO [Order](CustomerID, OrderDate, Status, TotalAmount) VALUES (221,'2025-11-23','Shipped',0);
INSERT INTO OrderLines(OrderID, ProductID, Qty, UnitPrice) VALUES (2206,46,3,550);
INSERT INTO OrderLines(OrderID, ProductID, Qty, UnitPrice) VALUES (2206,25,2,1396);
INSERT INTO OrderLines(OrderID, ProductID, Qty, UnitPrice) VALUES (2206,48,2,266);
INSERT INTO OrderLines(OrderID, ProductID, Qty, UnitPrice) VALUES (2206,37,2,273);
UPDATE [Order] SET TotalAmount=5520 WHERE OrderID=2206;
INSERT INTO Payment(OrderID, PaymentDate, Amount, PaymentMethod, TransactionRef) VALUES (2206,'2025-11-25',5520,'Card','TXN380695');
INSERT INTO [Order](CustomerID, OrderDate, Status, TotalAmount) VALUES (221,'2025-04-07','Shipped',0);
INSERT INTO OrderLines(OrderID, ProductID, Qty, UnitPrice) VALUES (2207,45,2,1377);
INSERT INTO OrderLines(OrderID, ProductID, Qty, UnitPrice) VALUES (2207,3,2,588);
INSERT INTO OrderLines(OrderID, ProductID, Qty, UnitPrice) VALUES (2207,23,2,1242);
INSERT INTO OrderLines(OrderID, ProductID, Qty, UnitPrice) VALUES (2207,5,1,655);
UPDATE [Order] SET TotalAmount=7069 WHERE OrderID=2207;
INSERT INTO Payment(OrderID, PaymentDate, Amount, PaymentMethod, TransactionRef) VALUES (2207,'2025-04-12',7069,'Cash','TXN606652');
INSERT INTO [Order](CustomerID, OrderDate, Status, TotalAmount) VALUES (221,'2025-06-20','Shipped',0);
INSERT INTO OrderLines(OrderID, ProductID, Qty, UnitPrice) VALUES (2208,12,3,114);
INSERT INTO OrderLines(OrderID, ProductID, Qty, UnitPrice) VALUES (2208,4,3,845);
INSERT INTO OrderLines(OrderID, ProductID, Qty, UnitPrice) VALUES (2208,16,1,1468);
INSERT INTO OrderLines(OrderID, ProductID, Qty, UnitPrice) VALUES (2208,45,1,1375);
UPDATE [Order] SET TotalAmount=5720 WHERE OrderID=2208;
INSERT INTO Payment(OrderID, PaymentDate, Amount, PaymentMethod, TransactionRef) VALUES (2208,'2025-06-23',5720,'Cash','TXN258964');
INSERT INTO [Order](CustomerID, OrderDate, Status, TotalAmount) VALUES (221,'2025-03-08','Shipped',0);
INSERT INTO OrderLines(OrderID, ProductID, Qty, UnitPrice) VALUES (2209,14,3,613);
INSERT INTO OrderLines(OrderID, ProductID, Qty, UnitPrice) VALUES (2209,35,1,39);
INSERT INTO OrderLines(OrderID, ProductID, Qty, UnitPrice) VALUES (2209,11,2,679);
INSERT INTO OrderLines(OrderID, ProductID, Qty, UnitPrice) VALUES (2209,47,3,773);
UPDATE [Order] SET TotalAmount=5555 WHERE OrderID=2209;
INSERT INTO Payment(OrderID, PaymentDate, Amount, PaymentMethod, TransactionRef) VALUES (2209,'2025-03-10',5555,'Cash','TXN725773');
INSERT INTO [Order](CustomerID, OrderDate, Status, TotalAmount) VALUES (221,'2025-08-06','Delivered',0);
INSERT INTO OrderLines(OrderID, ProductID, Qty, UnitPrice) VALUES (2210,28,2,730);
INSERT INTO OrderLines(OrderID, ProductID, Qty, UnitPrice) VALUES (2210,45,2,901);
INSERT INTO OrderLines(OrderID, ProductID, Qty, UnitPrice) VALUES (2210,31,3,1238);
INSERT INTO OrderLines(OrderID, ProductID, Qty, UnitPrice) VALUES (2210,39,1,336);
UPDATE [Order] SET TotalAmount=7312 WHERE OrderID=2210;
INSERT INTO Payment(OrderID, PaymentDate, Amount, PaymentMethod, TransactionRef) VALUES (2210,'2025-08-06',7312,'Cash','TXN859709');
INSERT INTO [Order](CustomerID, OrderDate, Status, TotalAmount) VALUES (222,'2025-07-23','Processing',0);
INSERT INTO OrderLines(OrderID, ProductID, Qty, UnitPrice) VALUES (2211,44,3,1144);
INSERT INTO OrderLines(OrderID, ProductID, Qty, UnitPrice) VALUES (2211,40,1,1484);
INSERT INTO OrderLines(OrderID, ProductID, Qty, UnitPrice) VALUES (2211,25,2,497);
INSERT INTO OrderLines(OrderID, ProductID, Qty, UnitPrice) VALUES (2211,42,3,599);
UPDATE [Order] SET TotalAmount=7707 WHERE OrderID=2211;
INSERT INTO Payment(OrderID, PaymentDate, Amount, PaymentMethod, TransactionRef) VALUES (2211,'2025-07-25',7707,'PayPal','TXN924152');
INSERT INTO [Order](CustomerID, OrderDate, Status, TotalAmount) VALUES (222,'2025-04-11','Shipped',0);
INSERT INTO OrderLines(OrderID, ProductID, Qty, UnitPrice) VALUES (2212,39,1,1024);
INSERT INTO OrderLines(OrderID, ProductID, Qty, UnitPrice) VALUES (2212,49,3,1201);
INSERT INTO OrderLines(OrderID, ProductID, Qty, UnitPrice) VALUES (2212,44,1,833);
INSERT INTO OrderLines(OrderID, ProductID, Qty, UnitPrice) VALUES (2212,49,2,282);
UPDATE [Order] SET TotalAmount=6024 WHERE OrderID=2212;
INSERT INTO Payment(OrderID, PaymentDate, Amount, PaymentMethod, TransactionRef) VALUES (2212,'2025-04-12',6024,'Cash','TXN973273');
INSERT INTO [Order](CustomerID, OrderDate, Status, TotalAmount) VALUES (222,'2025-10-07','Shipped',0);
INSERT INTO OrderLines(OrderID, ProductID, Qty, UnitPrice) VALUES (2213,13,2,387);
INSERT INTO OrderLines(OrderID, ProductID, Qty, UnitPrice) VALUES (2213,36,1,452);
INSERT INTO OrderLines(OrderID, ProductID, Qty, UnitPrice) VALUES (2213,42,1,462);
INSERT INTO OrderLines(OrderID, ProductID, Qty, UnitPrice) VALUES (2213,45,3,109);
UPDATE [Order] SET TotalAmount=2015 WHERE OrderID=2213;
INSERT INTO Payment(OrderID, PaymentDate, Amount, PaymentMethod, TransactionRef) VALUES (2213,'2025-10-10',2015,'Cash','TXN691265');
INSERT INTO [Order](CustomerID, OrderDate, Status, TotalAmount) VALUES (222,'2025-04-04','Shipped',0);
INSERT INTO OrderLines(OrderID, ProductID, Qty, UnitPrice) VALUES (2214,36,1,1222);
INSERT INTO OrderLines(OrderID, ProductID, Qty, UnitPrice) VALUES (2214,28,1,86);
INSERT INTO OrderLines(OrderID, ProductID, Qty, UnitPrice) VALUES (2214,12,3,441);
INSERT INTO OrderLines(OrderID, ProductID, Qty, UnitPrice) VALUES (2214,27,3,193);
UPDATE [Order] SET TotalAmount=3210 WHERE OrderID=2214;
INSERT INTO Payment(OrderID, PaymentDate, Amount, PaymentMethod, TransactionRef) VALUES (2214,'2025-04-09',3210,'Cash','TXN331455');
INSERT INTO [Order](CustomerID, OrderDate, Status, TotalAmount) VALUES (222,'2025-02-12','Cancelled',0);
INSERT INTO OrderLines(OrderID, ProductID, Qty, UnitPrice) VALUES (2215,38,3,1242);
INSERT INTO OrderLines(OrderID, ProductID, Qty, UnitPrice) VALUES (2215,5,1,1135);
INSERT INTO OrderLines(OrderID, ProductID, Qty, UnitPrice) VALUES (2215,9,3,1245);
INSERT INTO OrderLines(OrderID, ProductID, Qty, UnitPrice) VALUES (2215,18,1,888);
UPDATE [Order] SET TotalAmount=9484 WHERE OrderID=2215;
INSERT INTO Payment(OrderID, PaymentDate, Amount, PaymentMethod, TransactionRef) VALUES (2215,'2025-02-16',9484,'PayPal','TXN927862');
INSERT INTO [Order](CustomerID, OrderDate, Status, TotalAmount) VALUES (222,'2025-11-25','Cancelled',0);
INSERT INTO OrderLines(OrderID, ProductID, Qty, UnitPrice) VALUES (2216,27,2,1380);
INSERT INTO OrderLines(OrderID, ProductID, Qty, UnitPrice) VALUES (2216,20,1,512);
INSERT INTO OrderLines(OrderID, ProductID, Qty, UnitPrice) VALUES (2216,48,2,736);
INSERT INTO OrderLines(OrderID, ProductID, Qty, UnitPrice) VALUES (2216,21,1,350);
UPDATE [Order] SET TotalAmount=5094 WHERE OrderID=2216;
INSERT INTO Payment(OrderID, PaymentDate, Amount, PaymentMethod, TransactionRef) VALUES (2216,'2025-11-27',5094,'Cash','TXN992231');
INSERT INTO [Order](CustomerID, OrderDate, Status, TotalAmount) VALUES (222,'2025-11-30','Shipped',0);
INSERT INTO OrderLines(OrderID, ProductID, Qty, UnitPrice) VALUES (2217,49,3,1488);
INSERT INTO OrderLines(OrderID, ProductID, Qty, UnitPrice) VALUES (2217,24,1,125);
INSERT INTO OrderLines(OrderID, ProductID, Qty, UnitPrice) VALUES (2217,18,1,563);
INSERT INTO OrderLines(OrderID, ProductID, Qty, UnitPrice) VALUES (2217,13,2,1384);
UPDATE [Order] SET TotalAmount=7920 WHERE OrderID=2217;
INSERT INTO Payment(OrderID, PaymentDate, Amount, PaymentMethod, TransactionRef) VALUES (2217,'2025-12-01',7920,'Card','TXN190211');
INSERT INTO [Order](CustomerID, OrderDate, Status, TotalAmount) VALUES (222,'2025-04-13','Delivered',0);
INSERT INTO OrderLines(OrderID, ProductID, Qty, UnitPrice) VALUES (2218,6,2,716);
INSERT INTO OrderLines(OrderID, ProductID, Qty, UnitPrice) VALUES (2218,10,2,1449);
INSERT INTO OrderLines(OrderID, ProductID, Qty, UnitPrice) VALUES (2218,3,2,556);
INSERT INTO OrderLines(OrderID, ProductID, Qty, UnitPrice) VALUES (2218,32,2,1368);
UPDATE [Order] SET TotalAmount=8178 WHERE OrderID=2218;
INSERT INTO Payment(OrderID, PaymentDate, Amount, PaymentMethod, TransactionRef) VALUES (2218,'2025-04-16',8178,'Cash','TXN596745');
INSERT INTO [Order](CustomerID, OrderDate, Status, TotalAmount) VALUES (222,'2025-05-14','Cancelled',0);
INSERT INTO OrderLines(OrderID, ProductID, Qty, UnitPrice) VALUES (2219,7,3,1475);
INSERT INTO OrderLines(OrderID, ProductID, Qty, UnitPrice) VALUES (2219,30,2,765);
INSERT INTO OrderLines(OrderID, ProductID, Qty, UnitPrice) VALUES (2219,12,2,1438);
INSERT INTO OrderLines(OrderID, ProductID, Qty, UnitPrice) VALUES (2219,3,3,165);
UPDATE [Order] SET TotalAmount=9326 WHERE OrderID=2219;
INSERT INTO Payment(OrderID, PaymentDate, Amount, PaymentMethod, TransactionRef) VALUES (2219,'2025-05-16',9326,'Cash','TXN398170');
INSERT INTO [Order](CustomerID, OrderDate, Status, TotalAmount) VALUES (222,'2025-12-15','Processing',0);
INSERT INTO OrderLines(OrderID, ProductID, Qty, UnitPrice) VALUES (2220,32,3,1022);
INSERT INTO OrderLines(OrderID, ProductID, Qty, UnitPrice) VALUES (2220,24,3,175);
INSERT INTO OrderLines(OrderID, ProductID, Qty, UnitPrice) VALUES (2220,16,2,1293);
INSERT INTO OrderLines(OrderID, ProductID, Qty, UnitPrice) VALUES (2220,11,2,1388);
UPDATE [Order] SET TotalAmount=8953 WHERE OrderID=2220;
INSERT INTO Payment(OrderID, PaymentDate, Amount, PaymentMethod, TransactionRef) VALUES (2220,'2025-12-19',8953,'PayPal','TXN625857');
INSERT INTO [Order](CustomerID, OrderDate, Status, TotalAmount) VALUES (223,'2025-09-01','Shipped',0);
INSERT INTO OrderLines(OrderID, ProductID, Qty, UnitPrice) VALUES (2221,32,3,272);
INSERT INTO OrderLines(OrderID, ProductID, Qty, UnitPrice) VALUES (2221,5,3,1157);
INSERT INTO OrderLines(OrderID, ProductID, Qty, UnitPrice) VALUES (2221,43,1,491);
INSERT INTO OrderLines(OrderID, ProductID, Qty, UnitPrice) VALUES (2221,3,3,1202);
UPDATE [Order] SET TotalAmount=8384 WHERE OrderID=2221;
INSERT INTO Payment(OrderID, PaymentDate, Amount, PaymentMethod, TransactionRef) VALUES (2221,'2025-09-04',8384,'PayPal','TXN868720');
INSERT INTO [Order](CustomerID, OrderDate, Status, TotalAmount) VALUES (223,'2025-07-04','Delivered',0);
INSERT INTO OrderLines(OrderID, ProductID, Qty, UnitPrice) VALUES (2222,19,1,253);
INSERT INTO OrderLines(OrderID, ProductID, Qty, UnitPrice) VALUES (2222,21,3,1354);
INSERT INTO OrderLines(OrderID, ProductID, Qty, UnitPrice) VALUES (2222,46,2,659);
INSERT INTO OrderLines(OrderID, ProductID, Qty, UnitPrice) VALUES (2222,48,3,1199);
UPDATE [Order] SET TotalAmount=9230 WHERE OrderID=2222;
INSERT INTO Payment(OrderID, PaymentDate, Amount, PaymentMethod, TransactionRef) VALUES (2222,'2025-07-06',9230,'Card','TXN278581');
INSERT INTO [Order](CustomerID, OrderDate, Status, TotalAmount) VALUES (223,'2025-12-09','Cancelled',0);
INSERT INTO OrderLines(OrderID, ProductID, Qty, UnitPrice) VALUES (2223,48,2,1057);
INSERT INTO OrderLines(OrderID, ProductID, Qty, UnitPrice) VALUES (2223,29,2,405);
INSERT INTO OrderLines(OrderID, ProductID, Qty, UnitPrice) VALUES (2223,21,3,524);
INSERT INTO OrderLines(OrderID, ProductID, Qty, UnitPrice) VALUES (2223,1,2,174);
UPDATE [Order] SET TotalAmount=4844 WHERE OrderID=2223;
INSERT INTO Payment(OrderID, PaymentDate, Amount, PaymentMethod, TransactionRef) VALUES (2223,'2025-12-10',4844,'PayPal','TXN683815');
INSERT INTO [Order](CustomerID, OrderDate, Status, TotalAmount) VALUES (223,'2025-03-31','Delivered',0);
INSERT INTO OrderLines(OrderID, ProductID, Qty, UnitPrice) VALUES (2224,18,1,473);
INSERT INTO OrderLines(OrderID, ProductID, Qty, UnitPrice) VALUES (2224,37,3,896);
INSERT INTO OrderLines(OrderID, ProductID, Qty, UnitPrice) VALUES (2224,39,2,502);
INSERT INTO OrderLines(OrderID, ProductID, Qty, UnitPrice) VALUES (2224,34,2,465);
UPDATE [Order] SET TotalAmount=5095 WHERE OrderID=2224;
INSERT INTO Payment(OrderID, PaymentDate, Amount, PaymentMethod, TransactionRef) VALUES (2224,'2025-04-05',5095,'Card','TXN700497');
INSERT INTO [Order](CustomerID, OrderDate, Status, TotalAmount) VALUES (223,'2025-01-18','Shipped',0);
INSERT INTO OrderLines(OrderID, ProductID, Qty, UnitPrice) VALUES (2225,13,3,1023);
INSERT INTO OrderLines(OrderID, ProductID, Qty, UnitPrice) VALUES (2225,22,3,711);
INSERT INTO OrderLines(OrderID, ProductID, Qty, UnitPrice) VALUES (2225,15,1,1329);
INSERT INTO OrderLines(OrderID, ProductID, Qty, UnitPrice) VALUES (2225,6,3,819);
UPDATE [Order] SET TotalAmount=8988 WHERE OrderID=2225;
INSERT INTO Payment(OrderID, PaymentDate, Amount, PaymentMethod, TransactionRef) VALUES (2225,'2025-01-22',8988,'Cash','TXN490143');
INSERT INTO [Order](CustomerID, OrderDate, Status, TotalAmount) VALUES (223,'2025-07-25','Shipped',0);
INSERT INTO OrderLines(OrderID, ProductID, Qty, UnitPrice) VALUES (2226,10,2,1294);
INSERT INTO OrderLines(OrderID, ProductID, Qty, UnitPrice) VALUES (2226,19,2,716);
INSERT INTO OrderLines(OrderID, ProductID, Qty, UnitPrice) VALUES (2226,9,3,568);
INSERT INTO OrderLines(OrderID, ProductID, Qty, UnitPrice) VALUES (2226,22,3,995);
UPDATE [Order] SET TotalAmount=8709 WHERE OrderID=2226;
INSERT INTO Payment(OrderID, PaymentDate, Amount, PaymentMethod, TransactionRef) VALUES (2226,'2025-07-30',8709,'Cash','TXN653384');
INSERT INTO [Order](CustomerID, OrderDate, Status, TotalAmount) VALUES (223,'2025-12-20','Shipped',0);
INSERT INTO OrderLines(OrderID, ProductID, Qty, UnitPrice) VALUES (2227,40,2,542);
INSERT INTO OrderLines(OrderID, ProductID, Qty, UnitPrice) VALUES (2227,35,1,1393);
INSERT INTO OrderLines(OrderID, ProductID, Qty, UnitPrice) VALUES (2227,42,1,180);
INSERT INTO OrderLines(OrderID, ProductID, Qty, UnitPrice) VALUES (2227,17,1,781);
UPDATE [Order] SET TotalAmount=3438 WHERE OrderID=2227;
INSERT INTO Payment(OrderID, PaymentDate, Amount, PaymentMethod, TransactionRef) VALUES (2227,'2025-12-20',3438,'Cash','TXN245552');
INSERT INTO [Order](CustomerID, OrderDate, Status, TotalAmount) VALUES (223,'2025-03-10','Cancelled',0);
INSERT INTO OrderLines(OrderID, ProductID, Qty, UnitPrice) VALUES (2228,21,2,580);
INSERT INTO OrderLines(OrderID, ProductID, Qty, UnitPrice) VALUES (2228,14,3,406);
INSERT INTO OrderLines(OrderID, ProductID, Qty, UnitPrice) VALUES (2228,3,2,906);
INSERT INTO OrderLines(OrderID, ProductID, Qty, UnitPrice) VALUES (2228,10,2,235);
UPDATE [Order] SET TotalAmount=4660 WHERE OrderID=2228;
INSERT INTO Payment(OrderID, PaymentDate, Amount, PaymentMethod, TransactionRef) VALUES (2228,'2025-03-14',4660,'PayPal','TXN593957');
INSERT INTO [Order](CustomerID, OrderDate, Status, TotalAmount) VALUES (223,'2025-06-14','Cancelled',0);
INSERT INTO OrderLines(OrderID, ProductID, Qty, UnitPrice) VALUES (2229,39,3,617);
INSERT INTO OrderLines(OrderID, ProductID, Qty, UnitPrice) VALUES (2229,8,3,593);
INSERT INTO OrderLines(OrderID, ProductID, Qty, UnitPrice) VALUES (2229,24,3,1208);
INSERT INTO OrderLines(OrderID, ProductID, Qty, UnitPrice) VALUES (2229,5,1,385);
UPDATE [Order] SET TotalAmount=7639 WHERE OrderID=2229;
INSERT INTO Payment(OrderID, PaymentDate, Amount, PaymentMethod, TransactionRef) VALUES (2229,'2025-06-16',7639,'PayPal','TXN332696');
INSERT INTO [Order](CustomerID, OrderDate, Status, TotalAmount) VALUES (223,'2025-01-02','Processing',0);
INSERT INTO OrderLines(OrderID, ProductID, Qty, UnitPrice) VALUES (2230,45,2,1336);
INSERT INTO OrderLines(OrderID, ProductID, Qty, UnitPrice) VALUES (2230,32,3,1166);
INSERT INTO OrderLines(OrderID, ProductID, Qty, UnitPrice) VALUES (2230,21,2,1271);
INSERT INTO OrderLines(OrderID, ProductID, Qty, UnitPrice) VALUES (2230,42,1,103);
UPDATE [Order] SET TotalAmount=8815 WHERE OrderID=2230;
INSERT INTO Payment(OrderID, PaymentDate, Amount, PaymentMethod, TransactionRef) VALUES (2230,'2025-01-06',8815,'PayPal','TXN895060');
INSERT INTO [Order](CustomerID, OrderDate, Status, TotalAmount) VALUES (224,'2025-12-12','Cancelled',0);
INSERT INTO OrderLines(OrderID, ProductID, Qty, UnitPrice) VALUES (2231,17,3,206);
INSERT INTO OrderLines(OrderID, ProductID, Qty, UnitPrice) VALUES (2231,45,2,80);
INSERT INTO OrderLines(OrderID, ProductID, Qty, UnitPrice) VALUES (2231,41,3,797);
INSERT INTO OrderLines(OrderID, ProductID, Qty, UnitPrice) VALUES (2231,27,3,1293);
UPDATE [Order] SET TotalAmount=7048 WHERE OrderID=2231;
INSERT INTO Payment(OrderID, PaymentDate, Amount, PaymentMethod, TransactionRef) VALUES (2231,'2025-12-13',7048,'PayPal','TXN261834');
INSERT INTO [Order](CustomerID, OrderDate, Status, TotalAmount) VALUES (224,'2025-12-06','Cancelled',0);
INSERT INTO OrderLines(OrderID, ProductID, Qty, UnitPrice) VALUES (2232,8,1,359);
INSERT INTO OrderLines(OrderID, ProductID, Qty, UnitPrice) VALUES (2232,25,2,1018);
INSERT INTO OrderLines(OrderID, ProductID, Qty, UnitPrice) VALUES (2232,28,1,1443);
INSERT INTO OrderLines(OrderID, ProductID, Qty, UnitPrice) VALUES (2232,26,2,1358);
UPDATE [Order] SET TotalAmount=6554 WHERE OrderID=2232;
INSERT INTO Payment(OrderID, PaymentDate, Amount, PaymentMethod, TransactionRef) VALUES (2232,'2025-12-07',6554,'Card','TXN486684');
INSERT INTO [Order](CustomerID, OrderDate, Status, TotalAmount) VALUES (224,'2025-08-11','Processing',0);
INSERT INTO OrderLines(OrderID, ProductID, Qty, UnitPrice) VALUES (2233,32,2,519);
INSERT INTO OrderLines(OrderID, ProductID, Qty, UnitPrice) VALUES (2233,38,2,914);
INSERT INTO OrderLines(OrderID, ProductID, Qty, UnitPrice) VALUES (2233,20,3,1060);
INSERT INTO OrderLines(OrderID, ProductID, Qty, UnitPrice) VALUES (2233,19,1,464);
UPDATE [Order] SET TotalAmount=6510 WHERE OrderID=2233;
INSERT INTO Payment(OrderID, PaymentDate, Amount, PaymentMethod, TransactionRef) VALUES (2233,'2025-08-16',6510,'PayPal','TXN589961');
INSERT INTO [Order](CustomerID, OrderDate, Status, TotalAmount) VALUES (224,'2025-05-09','Shipped',0);
INSERT INTO OrderLines(OrderID, ProductID, Qty, UnitPrice) VALUES (2234,39,2,326);
INSERT INTO OrderLines(OrderID, ProductID, Qty, UnitPrice) VALUES (2234,25,2,1066);
INSERT INTO OrderLines(OrderID, ProductID, Qty, UnitPrice) VALUES (2234,13,1,1203);
INSERT INTO OrderLines(OrderID, ProductID, Qty, UnitPrice) VALUES (2234,30,1,1151);
UPDATE [Order] SET TotalAmount=5138 WHERE OrderID=2234;
INSERT INTO Payment(OrderID, PaymentDate, Amount, PaymentMethod, TransactionRef) VALUES (2234,'2025-05-09',5138,'PayPal','TXN176503');
INSERT INTO [Order](CustomerID, OrderDate, Status, TotalAmount) VALUES (224,'2025-02-11','Delivered',0);
INSERT INTO OrderLines(OrderID, ProductID, Qty, UnitPrice) VALUES (2235,1,2,498);
INSERT INTO OrderLines(OrderID, ProductID, Qty, UnitPrice) VALUES (2235,23,1,569);
INSERT INTO OrderLines(OrderID, ProductID, Qty, UnitPrice) VALUES (2235,43,1,1157);
INSERT INTO OrderLines(OrderID, ProductID, Qty, UnitPrice) VALUES (2235,32,3,698);
UPDATE [Order] SET TotalAmount=4816 WHERE OrderID=2235;
INSERT INTO Payment(OrderID, PaymentDate, Amount, PaymentMethod, TransactionRef) VALUES (2235,'2025-02-11',4816,'Card','TXN167144');
INSERT INTO [Order](CustomerID, OrderDate, Status, TotalAmount) VALUES (224,'2025-08-06','Cancelled',0);
INSERT INTO OrderLines(OrderID, ProductID, Qty, UnitPrice) VALUES (2236,15,1,800);
INSERT INTO OrderLines(OrderID, ProductID, Qty, UnitPrice) VALUES (2236,28,2,202);
INSERT INTO OrderLines(OrderID, ProductID, Qty, UnitPrice) VALUES (2236,11,2,89);
INSERT INTO OrderLines(OrderID, ProductID, Qty, UnitPrice) VALUES (2236,50,3,211);
UPDATE [Order] SET TotalAmount=2015 WHERE OrderID=2236;
INSERT INTO Payment(OrderID, PaymentDate, Amount, PaymentMethod, TransactionRef) VALUES (2236,'2025-08-07',2015,'Card','TXN945533');
INSERT INTO [Order](CustomerID, OrderDate, Status, TotalAmount) VALUES (224,'2025-04-10','Cancelled',0);
INSERT INTO OrderLines(OrderID, ProductID, Qty, UnitPrice) VALUES (2237,9,3,394);
INSERT INTO OrderLines(OrderID, ProductID, Qty, UnitPrice) VALUES (2237,30,1,797);
INSERT INTO OrderLines(OrderID, ProductID, Qty, UnitPrice) VALUES (2237,39,2,520);
INSERT INTO OrderLines(OrderID, ProductID, Qty, UnitPrice) VALUES (2237,29,1,778);
UPDATE [Order] SET TotalAmount=3797 WHERE OrderID=2237;
INSERT INTO Payment(OrderID, PaymentDate, Amount, PaymentMethod, TransactionRef) VALUES (2237,'2025-04-14',3797,'Cash','TXN878348');
INSERT INTO [Order](CustomerID, OrderDate, Status, TotalAmount) VALUES (224,'2025-02-18','Shipped',0);
INSERT INTO OrderLines(OrderID, ProductID, Qty, UnitPrice) VALUES (2238,10,3,1395);
INSERT INTO OrderLines(OrderID, ProductID, Qty, UnitPrice) VALUES (2238,11,3,288);
INSERT INTO OrderLines(OrderID, ProductID, Qty, UnitPrice) VALUES (2238,33,3,517);
INSERT INTO OrderLines(OrderID, ProductID, Qty, UnitPrice) VALUES (2238,5,1,1083);
UPDATE [Order] SET TotalAmount=7683 WHERE OrderID=2238;
INSERT INTO Payment(OrderID, PaymentDate, Amount, PaymentMethod, TransactionRef) VALUES (2238,'2025-02-19',7683,'Card','TXN801082');
INSERT INTO [Order](CustomerID, OrderDate, Status, TotalAmount) VALUES (224,'2025-12-13','Shipped',0);
INSERT INTO OrderLines(OrderID, ProductID, Qty, UnitPrice) VALUES (2239,4,1,320);
INSERT INTO OrderLines(OrderID, ProductID, Qty, UnitPrice) VALUES (2239,3,1,405);
INSERT INTO OrderLines(OrderID, ProductID, Qty, UnitPrice) VALUES (2239,21,3,1162);
INSERT INTO OrderLines(OrderID, ProductID, Qty, UnitPrice) VALUES (2239,8,1,43);
UPDATE [Order] SET TotalAmount=4254 WHERE OrderID=2239;
INSERT INTO Payment(OrderID, PaymentDate, Amount, PaymentMethod, TransactionRef) VALUES (2239,'2025-12-13',4254,'Cash','TXN136060');
INSERT INTO [Order](CustomerID, OrderDate, Status, TotalAmount) VALUES (224,'2025-05-14','Cancelled',0);
INSERT INTO OrderLines(OrderID, ProductID, Qty, UnitPrice) VALUES (2240,10,2,477);
INSERT INTO OrderLines(OrderID, ProductID, Qty, UnitPrice) VALUES (2240,34,3,1487);
INSERT INTO OrderLines(OrderID, ProductID, Qty, UnitPrice) VALUES (2240,17,3,696);
INSERT INTO OrderLines(OrderID, ProductID, Qty, UnitPrice) VALUES (2240,42,1,510);
UPDATE [Order] SET TotalAmount=8013 WHERE OrderID=2240;
INSERT INTO Payment(OrderID, PaymentDate, Amount, PaymentMethod, TransactionRef) VALUES (2240,'2025-05-19',8013,'Cash','TXN664016');
INSERT INTO [Order](CustomerID, OrderDate, Status, TotalAmount) VALUES (225,'2025-10-09','Shipped',0);
INSERT INTO OrderLines(OrderID, ProductID, Qty, UnitPrice) VALUES (2241,37,1,593);
INSERT INTO OrderLines(OrderID, ProductID, Qty, UnitPrice) VALUES (2241,41,1,867);
INSERT INTO OrderLines(OrderID, ProductID, Qty, UnitPrice) VALUES (2241,40,3,757);
INSERT INTO OrderLines(OrderID, ProductID, Qty, UnitPrice) VALUES (2241,10,3,905);
UPDATE [Order] SET TotalAmount=6446 WHERE OrderID=2241;
INSERT INTO Payment(OrderID, PaymentDate, Amount, PaymentMethod, TransactionRef) VALUES (2241,'2025-10-13',6446,'Cash','TXN834645');
INSERT INTO [Order](CustomerID, OrderDate, Status, TotalAmount) VALUES (225,'2025-12-27','Delivered',0);
INSERT INTO OrderLines(OrderID, ProductID, Qty, UnitPrice) VALUES (2242,32,3,253);
INSERT INTO OrderLines(OrderID, ProductID, Qty, UnitPrice) VALUES (2242,43,3,1405);
INSERT INTO OrderLines(OrderID, ProductID, Qty, UnitPrice) VALUES (2242,46,1,1491);
INSERT INTO OrderLines(OrderID, ProductID, Qty, UnitPrice) VALUES (2242,39,3,1320);
UPDATE [Order] SET TotalAmount=10425 WHERE OrderID=2242;
INSERT INTO Payment(OrderID, PaymentDate, Amount, PaymentMethod, TransactionRef) VALUES (2242,'2025-12-29',10425,'Card','TXN631006');
INSERT INTO [Order](CustomerID, OrderDate, Status, TotalAmount) VALUES (225,'2025-08-07','Shipped',0);
INSERT INTO OrderLines(OrderID, ProductID, Qty, UnitPrice) VALUES (2243,46,1,186);
INSERT INTO OrderLines(OrderID, ProductID, Qty, UnitPrice) VALUES (2243,11,2,1067);
INSERT INTO OrderLines(OrderID, ProductID, Qty, UnitPrice) VALUES (2243,37,2,856);
INSERT INTO OrderLines(OrderID, ProductID, Qty, UnitPrice) VALUES (2243,24,1,404);
UPDATE [Order] SET TotalAmount=4436 WHERE OrderID=2243;
INSERT INTO Payment(OrderID, PaymentDate, Amount, PaymentMethod, TransactionRef) VALUES (2243,'2025-08-08',4436,'Card','TXN361764');
INSERT INTO [Order](CustomerID, OrderDate, Status, TotalAmount) VALUES (225,'2025-09-29','Shipped',0);
INSERT INTO OrderLines(OrderID, ProductID, Qty, UnitPrice) VALUES (2244,26,3,1122);
INSERT INTO OrderLines(OrderID, ProductID, Qty, UnitPrice) VALUES (2244,15,3,367);
INSERT INTO OrderLines(OrderID, ProductID, Qty, UnitPrice) VALUES (2244,16,1,1071);
INSERT INTO OrderLines(OrderID, ProductID, Qty, UnitPrice) VALUES (2244,42,3,420);
UPDATE [Order] SET TotalAmount=6798 WHERE OrderID=2244;
INSERT INTO Payment(OrderID, PaymentDate, Amount, PaymentMethod, TransactionRef) VALUES (2244,'2025-09-29',6798,'Card','TXN468379');
INSERT INTO [Order](CustomerID, OrderDate, Status, TotalAmount) VALUES (225,'2025-08-06','Processing',0);
INSERT INTO OrderLines(OrderID, ProductID, Qty, UnitPrice) VALUES (2245,5,1,781);
INSERT INTO OrderLines(OrderID, ProductID, Qty, UnitPrice) VALUES (2245,32,3,1026);
INSERT INTO OrderLines(OrderID, ProductID, Qty, UnitPrice) VALUES (2245,46,1,345);
INSERT INTO OrderLines(OrderID, ProductID, Qty, UnitPrice) VALUES (2245,13,2,1445);
UPDATE [Order] SET TotalAmount=7094 WHERE OrderID=2245;
INSERT INTO Payment(OrderID, PaymentDate, Amount, PaymentMethod, TransactionRef) VALUES (2245,'2025-08-10',7094,'Cash','TXN420273');
INSERT INTO [Order](CustomerID, OrderDate, Status, TotalAmount) VALUES (225,'2025-05-09','Delivered',0);
INSERT INTO OrderLines(OrderID, ProductID, Qty, UnitPrice) VALUES (2246,1,3,1205);
INSERT INTO OrderLines(OrderID, ProductID, Qty, UnitPrice) VALUES (2246,22,3,776);
INSERT INTO OrderLines(OrderID, ProductID, Qty, UnitPrice) VALUES (2246,5,1,608);
INSERT INTO OrderLines(OrderID, ProductID, Qty, UnitPrice) VALUES (2246,10,2,233);
UPDATE [Order] SET TotalAmount=7017 WHERE OrderID=2246;
INSERT INTO Payment(OrderID, PaymentDate, Amount, PaymentMethod, TransactionRef) VALUES (2246,'2025-05-13',7017,'Cash','TXN569232');
INSERT INTO [Order](CustomerID, OrderDate, Status, TotalAmount) VALUES (225,'2025-11-09','Delivered',0);
INSERT INTO OrderLines(OrderID, ProductID, Qty, UnitPrice) VALUES (2247,49,3,858);
INSERT INTO OrderLines(OrderID, ProductID, Qty, UnitPrice) VALUES (2247,5,3,23);
INSERT INTO OrderLines(OrderID, ProductID, Qty, UnitPrice) VALUES (2247,23,1,98);
INSERT INTO OrderLines(OrderID, ProductID, Qty, UnitPrice) VALUES (2247,24,1,578);
UPDATE [Order] SET TotalAmount=3319 WHERE OrderID=2247;
INSERT INTO Payment(OrderID, PaymentDate, Amount, PaymentMethod, TransactionRef) VALUES (2247,'2025-11-13',3319,'Cash','TXN239997');
INSERT INTO [Order](CustomerID, OrderDate, Status, TotalAmount) VALUES (225,'2025-08-20','Cancelled',0);
INSERT INTO OrderLines(OrderID, ProductID, Qty, UnitPrice) VALUES (2248,49,1,935);
INSERT INTO OrderLines(OrderID, ProductID, Qty, UnitPrice) VALUES (2248,38,3,1291);
INSERT INTO OrderLines(OrderID, ProductID, Qty, UnitPrice) VALUES (2248,29,3,905);
INSERT INTO OrderLines(OrderID, ProductID, Qty, UnitPrice) VALUES (2248,2,1,1492);
UPDATE [Order] SET TotalAmount=9015 WHERE OrderID=2248;
INSERT INTO Payment(OrderID, PaymentDate, Amount, PaymentMethod, TransactionRef) VALUES (2248,'2025-08-22',9015,'PayPal','TXN661043');
INSERT INTO [Order](CustomerID, OrderDate, Status, TotalAmount) VALUES (225,'2025-04-14','Shipped',0);
INSERT INTO OrderLines(OrderID, ProductID, Qty, UnitPrice) VALUES (2249,20,3,1065);
INSERT INTO OrderLines(OrderID, ProductID, Qty, UnitPrice) VALUES (2249,4,3,1436);
INSERT INTO OrderLines(OrderID, ProductID, Qty, UnitPrice) VALUES (2249,33,3,397);
INSERT INTO OrderLines(OrderID, ProductID, Qty, UnitPrice) VALUES (2249,1,1,477);
UPDATE [Order] SET TotalAmount=9171 WHERE OrderID=2249;
INSERT INTO Payment(OrderID, PaymentDate, Amount, PaymentMethod, TransactionRef) VALUES (2249,'2025-04-19',9171,'Cash','TXN162849');
INSERT INTO [Order](CustomerID, OrderDate, Status, TotalAmount) VALUES (225,'2025-02-03','Shipped',0);
INSERT INTO OrderLines(OrderID, ProductID, Qty, UnitPrice) VALUES (2250,35,3,1141);
INSERT INTO OrderLines(OrderID, ProductID, Qty, UnitPrice) VALUES (2250,32,2,1326);
INSERT INTO OrderLines(OrderID, ProductID, Qty, UnitPrice) VALUES (2250,39,1,356);
INSERT INTO OrderLines(OrderID, ProductID, Qty, UnitPrice) VALUES (2250,1,3,1355);
UPDATE [Order] SET TotalAmount=10496 WHERE OrderID=2250;
INSERT INTO Payment(OrderID, PaymentDate, Amount, PaymentMethod, TransactionRef) VALUES (2250,'2025-02-06',10496,'PayPal','TXN501040');
INSERT INTO [Order](CustomerID, OrderDate, Status, TotalAmount) VALUES (226,'2025-12-04','Delivered',0);
INSERT INTO OrderLines(OrderID, ProductID, Qty, UnitPrice) VALUES (2251,12,3,702);
INSERT INTO OrderLines(OrderID, ProductID, Qty, UnitPrice) VALUES (2251,36,1,828);
INSERT INTO OrderLines(OrderID, ProductID, Qty, UnitPrice) VALUES (2251,30,3,1331);
INSERT INTO OrderLines(OrderID, ProductID, Qty, UnitPrice) VALUES (2251,28,2,475);
UPDATE [Order] SET TotalAmount=7877 WHERE OrderID=2251;
INSERT INTO Payment(OrderID, PaymentDate, Amount, PaymentMethod, TransactionRef) VALUES (2251,'2025-12-08',7877,'Cash','TXN330905');
INSERT INTO [Order](CustomerID, OrderDate, Status, TotalAmount) VALUES (226,'2025-09-27','Shipped',0);
INSERT INTO OrderLines(OrderID, ProductID, Qty, UnitPrice) VALUES (2252,31,2,756);
INSERT INTO OrderLines(OrderID, ProductID, Qty, UnitPrice) VALUES (2252,27,2,1398);
INSERT INTO OrderLines(OrderID, ProductID, Qty, UnitPrice) VALUES (2252,37,1,1205);
INSERT INTO OrderLines(OrderID, ProductID, Qty, UnitPrice) VALUES (2252,5,2,1393);
UPDATE [Order] SET TotalAmount=8299 WHERE OrderID=2252;
INSERT INTO Payment(OrderID, PaymentDate, Amount, PaymentMethod, TransactionRef) VALUES (2252,'2025-09-30',8299,'Card','TXN999466');
INSERT INTO [Order](CustomerID, OrderDate, Status, TotalAmount) VALUES (226,'2025-12-07','Cancelled',0);
INSERT INTO OrderLines(OrderID, ProductID, Qty, UnitPrice) VALUES (2253,34,2,315);
INSERT INTO OrderLines(OrderID, ProductID, Qty, UnitPrice) VALUES (2253,30,1,1079);
INSERT INTO OrderLines(OrderID, ProductID, Qty, UnitPrice) VALUES (2253,1,2,1314);
INSERT INTO OrderLines(OrderID, ProductID, Qty, UnitPrice) VALUES (2253,3,1,1440);
UPDATE [Order] SET TotalAmount=5777 WHERE OrderID=2253;
INSERT INTO Payment(OrderID, PaymentDate, Amount, PaymentMethod, TransactionRef) VALUES (2253,'2025-12-07',5777,'Card','TXN222315');
INSERT INTO [Order](CustomerID, OrderDate, Status, TotalAmount) VALUES (226,'2025-03-27','Cancelled',0);
INSERT INTO OrderLines(OrderID, ProductID, Qty, UnitPrice) VALUES (2254,6,3,80);
INSERT INTO OrderLines(OrderID, ProductID, Qty, UnitPrice) VALUES (2254,28,3,308);
INSERT INTO OrderLines(OrderID, ProductID, Qty, UnitPrice) VALUES (2254,33,2,1047);
INSERT INTO OrderLines(OrderID, ProductID, Qty, UnitPrice) VALUES (2254,2,1,1495);
UPDATE [Order] SET TotalAmount=4753 WHERE OrderID=2254;
INSERT INTO Payment(OrderID, PaymentDate, Amount, PaymentMethod, TransactionRef) VALUES (2254,'2025-03-27',4753,'Card','TXN132772');
INSERT INTO [Order](CustomerID, OrderDate, Status, TotalAmount) VALUES (226,'2025-11-22','Processing',0);
INSERT INTO OrderLines(OrderID, ProductID, Qty, UnitPrice) VALUES (2255,39,2,828);
INSERT INTO OrderLines(OrderID, ProductID, Qty, UnitPrice) VALUES (2255,26,2,809);
INSERT INTO OrderLines(OrderID, ProductID, Qty, UnitPrice) VALUES (2255,18,3,657);
INSERT INTO OrderLines(OrderID, ProductID, Qty, UnitPrice) VALUES (2255,27,1,735);
UPDATE [Order] SET TotalAmount=5980 WHERE OrderID=2255;
INSERT INTO Payment(OrderID, PaymentDate, Amount, PaymentMethod, TransactionRef) VALUES (2255,'2025-11-22',5980,'PayPal','TXN347940');
INSERT INTO [Order](CustomerID, OrderDate, Status, TotalAmount) VALUES (226,'2025-03-16','Delivered',0);
INSERT INTO OrderLines(OrderID, ProductID, Qty, UnitPrice) VALUES (2256,10,2,891);
INSERT INTO OrderLines(OrderID, ProductID, Qty, UnitPrice) VALUES (2256,44,2,534);
INSERT INTO OrderLines(OrderID, ProductID, Qty, UnitPrice) VALUES (2256,11,2,41);
INSERT INTO OrderLines(OrderID, ProductID, Qty, UnitPrice) VALUES (2256,39,3,277);
UPDATE [Order] SET TotalAmount=3763 WHERE OrderID=2256;
INSERT INTO Payment(OrderID, PaymentDate, Amount, PaymentMethod, TransactionRef) VALUES (2256,'2025-03-17',3763,'Cash','TXN440730');
INSERT INTO [Order](CustomerID, OrderDate, Status, TotalAmount) VALUES (226,'2025-07-26','Processing',0);
INSERT INTO OrderLines(OrderID, ProductID, Qty, UnitPrice) VALUES (2257,3,3,447);
INSERT INTO OrderLines(OrderID, ProductID, Qty, UnitPrice) VALUES (2257,7,2,1356);
INSERT INTO OrderLines(OrderID, ProductID, Qty, UnitPrice) VALUES (2257,39,1,942);
INSERT INTO OrderLines(OrderID, ProductID, Qty, UnitPrice) VALUES (2257,12,3,140);
UPDATE [Order] SET TotalAmount=5415 WHERE OrderID=2257;
INSERT INTO Payment(OrderID, PaymentDate, Amount, PaymentMethod, TransactionRef) VALUES (2257,'2025-07-30',5415,'PayPal','TXN484766');
INSERT INTO [Order](CustomerID, OrderDate, Status, TotalAmount) VALUES (226,'2025-12-02','Processing',0);
INSERT INTO OrderLines(OrderID, ProductID, Qty, UnitPrice) VALUES (2258,1,3,785);
INSERT INTO OrderLines(OrderID, ProductID, Qty, UnitPrice) VALUES (2258,38,2,326);
INSERT INTO OrderLines(OrderID, ProductID, Qty, UnitPrice) VALUES (2258,50,3,769);
INSERT INTO OrderLines(OrderID, ProductID, Qty, UnitPrice) VALUES (2258,34,2,990);
UPDATE [Order] SET TotalAmount=7294 WHERE OrderID=2258;
INSERT INTO Payment(OrderID, PaymentDate, Amount, PaymentMethod, TransactionRef) VALUES (2258,'2025-12-07',7294,'Cash','TXN879192');
INSERT INTO [Order](CustomerID, OrderDate, Status, TotalAmount) VALUES (226,'2025-09-13','Shipped',0);
INSERT INTO OrderLines(OrderID, ProductID, Qty, UnitPrice) VALUES (2259,19,1,1083);
INSERT INTO OrderLines(OrderID, ProductID, Qty, UnitPrice) VALUES (2259,32,1,170);
INSERT INTO OrderLines(OrderID, ProductID, Qty, UnitPrice) VALUES (2259,42,2,199);
INSERT INTO OrderLines(OrderID, ProductID, Qty, UnitPrice) VALUES (2259,20,3,280);
UPDATE [Order] SET TotalAmount=2491 WHERE OrderID=2259;
INSERT INTO Payment(OrderID, PaymentDate, Amount, PaymentMethod, TransactionRef) VALUES (2259,'2025-09-15',2491,'Card','TXN433572');
INSERT INTO [Order](CustomerID, OrderDate, Status, TotalAmount) VALUES (226,'2025-03-02','Processing',0);
INSERT INTO OrderLines(OrderID, ProductID, Qty, UnitPrice) VALUES (2260,35,2,487);
INSERT INTO OrderLines(OrderID, ProductID, Qty, UnitPrice) VALUES (2260,13,1,1302);
INSERT INTO OrderLines(OrderID, ProductID, Qty, UnitPrice) VALUES (2260,35,3,62);
INSERT INTO OrderLines(OrderID, ProductID, Qty, UnitPrice) VALUES (2260,5,2,634);
UPDATE [Order] SET TotalAmount=3730 WHERE OrderID=2260;
INSERT INTO Payment(OrderID, PaymentDate, Amount, PaymentMethod, TransactionRef) VALUES (2260,'2025-03-07',3730,'PayPal','TXN769066');
INSERT INTO [Order](CustomerID, OrderDate, Status, TotalAmount) VALUES (227,'2025-01-07','Cancelled',0);
INSERT INTO OrderLines(OrderID, ProductID, Qty, UnitPrice) VALUES (2261,11,2,1394);
INSERT INTO OrderLines(OrderID, ProductID, Qty, UnitPrice) VALUES (2261,48,2,1430);
INSERT INTO OrderLines(OrderID, ProductID, Qty, UnitPrice) VALUES (2261,35,3,791);
INSERT INTO OrderLines(OrderID, ProductID, Qty, UnitPrice) VALUES (2261,41,3,387);
UPDATE [Order] SET TotalAmount=9182 WHERE OrderID=2261;
INSERT INTO Payment(OrderID, PaymentDate, Amount, PaymentMethod, TransactionRef) VALUES (2261,'2025-01-08',9182,'Card','TXN450369');
INSERT INTO [Order](CustomerID, OrderDate, Status, TotalAmount) VALUES (227,'2025-09-19','Delivered',0);
INSERT INTO OrderLines(OrderID, ProductID, Qty, UnitPrice) VALUES (2262,43,2,261);
INSERT INTO OrderLines(OrderID, ProductID, Qty, UnitPrice) VALUES (2262,12,2,844);
INSERT INTO OrderLines(OrderID, ProductID, Qty, UnitPrice) VALUES (2262,18,3,1124);
INSERT INTO OrderLines(OrderID, ProductID, Qty, UnitPrice) VALUES (2262,47,2,838);
UPDATE [Order] SET TotalAmount=7258 WHERE OrderID=2262;
INSERT INTO Payment(OrderID, PaymentDate, Amount, PaymentMethod, TransactionRef) VALUES (2262,'2025-09-24',7258,'Cash','TXN255236');
INSERT INTO [Order](CustomerID, OrderDate, Status, TotalAmount) VALUES (227,'2025-03-02','Shipped',0);
INSERT INTO OrderLines(OrderID, ProductID, Qty, UnitPrice) VALUES (2263,19,3,994);
INSERT INTO OrderLines(OrderID, ProductID, Qty, UnitPrice) VALUES (2263,2,2,191);
INSERT INTO OrderLines(OrderID, ProductID, Qty, UnitPrice) VALUES (2263,10,2,352);
INSERT INTO OrderLines(OrderID, ProductID, Qty, UnitPrice) VALUES (2263,38,2,254);
UPDATE [Order] SET TotalAmount=4576 WHERE OrderID=2263;
INSERT INTO Payment(OrderID, PaymentDate, Amount, PaymentMethod, TransactionRef) VALUES (2263,'2025-03-07',4576,'Cash','TXN720513');
INSERT INTO [Order](CustomerID, OrderDate, Status, TotalAmount) VALUES (227,'2025-11-06','Processing',0);
INSERT INTO OrderLines(OrderID, ProductID, Qty, UnitPrice) VALUES (2264,23,1,171);
INSERT INTO OrderLines(OrderID, ProductID, Qty, UnitPrice) VALUES (2264,39,3,893);
INSERT INTO OrderLines(OrderID, ProductID, Qty, UnitPrice) VALUES (2264,11,2,1225);
INSERT INTO OrderLines(OrderID, ProductID, Qty, UnitPrice) VALUES (2264,15,1,1142);
UPDATE [Order] SET TotalAmount=6442 WHERE OrderID=2264;
INSERT INTO Payment(OrderID, PaymentDate, Amount, PaymentMethod, TransactionRef) VALUES (2264,'2025-11-11',6442,'Cash','TXN857823');
INSERT INTO [Order](CustomerID, OrderDate, Status, TotalAmount) VALUES (227,'2025-12-18','Cancelled',0);
INSERT INTO OrderLines(OrderID, ProductID, Qty, UnitPrice) VALUES (2265,11,1,1074);
INSERT INTO OrderLines(OrderID, ProductID, Qty, UnitPrice) VALUES (2265,6,2,195);
INSERT INTO OrderLines(OrderID, ProductID, Qty, UnitPrice) VALUES (2265,3,2,238);
INSERT INTO OrderLines(OrderID, ProductID, Qty, UnitPrice) VALUES (2265,17,3,647);
UPDATE [Order] SET TotalAmount=3881 WHERE OrderID=2265;
INSERT INTO Payment(OrderID, PaymentDate, Amount, PaymentMethod, TransactionRef) VALUES (2265,'2025-12-21',3881,'Card','TXN243738');
INSERT INTO [Order](CustomerID, OrderDate, Status, TotalAmount) VALUES (227,'2025-12-13','Delivered',0);
INSERT INTO OrderLines(OrderID, ProductID, Qty, UnitPrice) VALUES (2266,44,3,110);
INSERT INTO OrderLines(OrderID, ProductID, Qty, UnitPrice) VALUES (2266,24,3,832);
INSERT INTO OrderLines(OrderID, ProductID, Qty, UnitPrice) VALUES (2266,24,3,175);
INSERT INTO OrderLines(OrderID, ProductID, Qty, UnitPrice) VALUES (2266,47,2,1290);
UPDATE [Order] SET TotalAmount=5931 WHERE OrderID=2266;
INSERT INTO Payment(OrderID, PaymentDate, Amount, PaymentMethod, TransactionRef) VALUES (2266,'2025-12-16',5931,'PayPal','TXN383681');
INSERT INTO [Order](CustomerID, OrderDate, Status, TotalAmount) VALUES (227,'2025-11-09','Delivered',0);
INSERT INTO OrderLines(OrderID, ProductID, Qty, UnitPrice) VALUES (2267,17,3,1364);
INSERT INTO OrderLines(OrderID, ProductID, Qty, UnitPrice) VALUES (2267,15,3,1449);
INSERT INTO OrderLines(OrderID, ProductID, Qty, UnitPrice) VALUES (2267,45,1,558);
INSERT INTO OrderLines(OrderID, ProductID, Qty, UnitPrice) VALUES (2267,14,2,424);
UPDATE [Order] SET TotalAmount=9845 WHERE OrderID=2267;
INSERT INTO Payment(OrderID, PaymentDate, Amount, PaymentMethod, TransactionRef) VALUES (2267,'2025-11-14',9845,'Cash','TXN283236');
INSERT INTO [Order](CustomerID, OrderDate, Status, TotalAmount) VALUES (227,'2025-01-02','Processing',0);
INSERT INTO OrderLines(OrderID, ProductID, Qty, UnitPrice) VALUES (2268,35,1,785);
INSERT INTO OrderLines(OrderID, ProductID, Qty, UnitPrice) VALUES (2268,13,1,636);
INSERT INTO OrderLines(OrderID, ProductID, Qty, UnitPrice) VALUES (2268,45,3,711);
INSERT INTO OrderLines(OrderID, ProductID, Qty, UnitPrice) VALUES (2268,38,1,261);
UPDATE [Order] SET TotalAmount=3815 WHERE OrderID=2268;
INSERT INTO Payment(OrderID, PaymentDate, Amount, PaymentMethod, TransactionRef) VALUES (2268,'2025-01-07',3815,'PayPal','TXN866838');
INSERT INTO [Order](CustomerID, OrderDate, Status, TotalAmount) VALUES (227,'2025-06-12','Delivered',0);
INSERT INTO OrderLines(OrderID, ProductID, Qty, UnitPrice) VALUES (2269,46,1,40);
INSERT INTO OrderLines(OrderID, ProductID, Qty, UnitPrice) VALUES (2269,29,2,1084);
INSERT INTO OrderLines(OrderID, ProductID, Qty, UnitPrice) VALUES (2269,44,1,1430);
INSERT INTO OrderLines(OrderID, ProductID, Qty, UnitPrice) VALUES (2269,43,2,617);
UPDATE [Order] SET TotalAmount=4872 WHERE OrderID=2269;
INSERT INTO Payment(OrderID, PaymentDate, Amount, PaymentMethod, TransactionRef) VALUES (2269,'2025-06-12',4872,'Cash','TXN368250');
INSERT INTO [Order](CustomerID, OrderDate, Status, TotalAmount) VALUES (227,'2025-07-18','Processing',0);
INSERT INTO OrderLines(OrderID, ProductID, Qty, UnitPrice) VALUES (2270,38,3,827);
INSERT INTO OrderLines(OrderID, ProductID, Qty, UnitPrice) VALUES (2270,16,2,466);
INSERT INTO OrderLines(OrderID, ProductID, Qty, UnitPrice) VALUES (2270,16,1,47);
INSERT INTO OrderLines(OrderID, ProductID, Qty, UnitPrice) VALUES (2270,8,3,1410);
UPDATE [Order] SET TotalAmount=7690 WHERE OrderID=2270;
INSERT INTO Payment(OrderID, PaymentDate, Amount, PaymentMethod, TransactionRef) VALUES (2270,'2025-07-21',7690,'Card','TXN729302');
INSERT INTO [Order](CustomerID, OrderDate, Status, TotalAmount) VALUES (228,'2025-06-28','Processing',0);
INSERT INTO OrderLines(OrderID, ProductID, Qty, UnitPrice) VALUES (2271,19,3,903);
INSERT INTO OrderLines(OrderID, ProductID, Qty, UnitPrice) VALUES (2271,13,1,1306);
INSERT INTO OrderLines(OrderID, ProductID, Qty, UnitPrice) VALUES (2271,18,3,491);
INSERT INTO OrderLines(OrderID, ProductID, Qty, UnitPrice) VALUES (2271,1,3,700);
UPDATE [Order] SET TotalAmount=7588 WHERE OrderID=2271;
INSERT INTO Payment(OrderID, PaymentDate, Amount, PaymentMethod, TransactionRef) VALUES (2271,'2025-07-02',7588,'Card','TXN374885');
INSERT INTO [Order](CustomerID, OrderDate, Status, TotalAmount) VALUES (228,'2025-11-20','Processing',0);
INSERT INTO OrderLines(OrderID, ProductID, Qty, UnitPrice) VALUES (2272,46,1,1498);
INSERT INTO OrderLines(OrderID, ProductID, Qty, UnitPrice) VALUES (2272,31,3,984);
INSERT INTO OrderLines(OrderID, ProductID, Qty, UnitPrice) VALUES (2272,24,1,829);
INSERT INTO OrderLines(OrderID, ProductID, Qty, UnitPrice) VALUES (2272,32,1,1159);
UPDATE [Order] SET TotalAmount=6438 WHERE OrderID=2272;
INSERT INTO Payment(OrderID, PaymentDate, Amount, PaymentMethod, TransactionRef) VALUES (2272,'2025-11-23',6438,'PayPal','TXN694597');
INSERT INTO [Order](CustomerID, OrderDate, Status, TotalAmount) VALUES (228,'2025-05-28','Delivered',0);
INSERT INTO OrderLines(OrderID, ProductID, Qty, UnitPrice) VALUES (2273,11,1,1282);
INSERT INTO OrderLines(OrderID, ProductID, Qty, UnitPrice) VALUES (2273,21,2,716);
INSERT INTO OrderLines(OrderID, ProductID, Qty, UnitPrice) VALUES (2273,8,2,1055);
INSERT INTO OrderLines(OrderID, ProductID, Qty, UnitPrice) VALUES (2273,43,1,370);
UPDATE [Order] SET TotalAmount=5194 WHERE OrderID=2273;
INSERT INTO Payment(OrderID, PaymentDate, Amount, PaymentMethod, TransactionRef) VALUES (2273,'2025-06-01',5194,'Card','TXN540790');
INSERT INTO [Order](CustomerID, OrderDate, Status, TotalAmount) VALUES (228,'2025-08-06','Cancelled',0);
INSERT INTO OrderLines(OrderID, ProductID, Qty, UnitPrice) VALUES (2274,13,1,449);
INSERT INTO OrderLines(OrderID, ProductID, Qty, UnitPrice) VALUES (2274,14,1,612);
INSERT INTO OrderLines(OrderID, ProductID, Qty, UnitPrice) VALUES (2274,17,3,1011);
INSERT INTO OrderLines(OrderID, ProductID, Qty, UnitPrice) VALUES (2274,32,1,1285);
UPDATE [Order] SET TotalAmount=5379 WHERE OrderID=2274;
INSERT INTO Payment(OrderID, PaymentDate, Amount, PaymentMethod, TransactionRef) VALUES (2274,'2025-08-07',5379,'Cash','TXN507750');
INSERT INTO [Order](CustomerID, OrderDate, Status, TotalAmount) VALUES (228,'2025-06-18','Processing',0);
INSERT INTO OrderLines(OrderID, ProductID, Qty, UnitPrice) VALUES (2275,33,1,1062);
INSERT INTO OrderLines(OrderID, ProductID, Qty, UnitPrice) VALUES (2275,20,3,312);
INSERT INTO OrderLines(OrderID, ProductID, Qty, UnitPrice) VALUES (2275,9,3,656);
INSERT INTO OrderLines(OrderID, ProductID, Qty, UnitPrice) VALUES (2275,13,3,865);
UPDATE [Order] SET TotalAmount=6561 WHERE OrderID=2275;
INSERT INTO Payment(OrderID, PaymentDate, Amount, PaymentMethod, TransactionRef) VALUES (2275,'2025-06-19',6561,'PayPal','TXN253604');
INSERT INTO [Order](CustomerID, OrderDate, Status, TotalAmount) VALUES (228,'2025-04-03','Delivered',0);
INSERT INTO OrderLines(OrderID, ProductID, Qty, UnitPrice) VALUES (2276,12,2,1282);
INSERT INTO OrderLines(OrderID, ProductID, Qty, UnitPrice) VALUES (2276,15,3,948);
INSERT INTO OrderLines(OrderID, ProductID, Qty, UnitPrice) VALUES (2276,4,1,793);
INSERT INTO OrderLines(OrderID, ProductID, Qty, UnitPrice) VALUES (2276,50,3,1343);
UPDATE [Order] SET TotalAmount=10230 WHERE OrderID=2276;
INSERT INTO Payment(OrderID, PaymentDate, Amount, PaymentMethod, TransactionRef) VALUES (2276,'2025-04-07',10230,'Card','TXN851270');
INSERT INTO [Order](CustomerID, OrderDate, Status, TotalAmount) VALUES (228,'2025-03-21','Cancelled',0);
INSERT INTO OrderLines(OrderID, ProductID, Qty, UnitPrice) VALUES (2277,18,1,1355);
INSERT INTO OrderLines(OrderID, ProductID, Qty, UnitPrice) VALUES (2277,27,1,716);
INSERT INTO OrderLines(OrderID, ProductID, Qty, UnitPrice) VALUES (2277,12,2,107);
INSERT INTO OrderLines(OrderID, ProductID, Qty, UnitPrice) VALUES (2277,35,3,612);
UPDATE [Order] SET TotalAmount=4121 WHERE OrderID=2277;
INSERT INTO Payment(OrderID, PaymentDate, Amount, PaymentMethod, TransactionRef) VALUES (2277,'2025-03-21',4121,'PayPal','TXN867857');
INSERT INTO [Order](CustomerID, OrderDate, Status, TotalAmount) VALUES (228,'2025-04-09','Delivered',0);
INSERT INTO OrderLines(OrderID, ProductID, Qty, UnitPrice) VALUES (2278,50,3,666);
INSERT INTO OrderLines(OrderID, ProductID, Qty, UnitPrice) VALUES (2278,42,3,914);
INSERT INTO OrderLines(OrderID, ProductID, Qty, UnitPrice) VALUES (2278,40,3,1273);
INSERT INTO OrderLines(OrderID, ProductID, Qty, UnitPrice) VALUES (2278,1,3,832);
UPDATE [Order] SET TotalAmount=11055 WHERE OrderID=2278;
INSERT INTO Payment(OrderID, PaymentDate, Amount, PaymentMethod, TransactionRef) VALUES (2278,'2025-04-11',11055,'PayPal','TXN513312');
INSERT INTO [Order](CustomerID, OrderDate, Status, TotalAmount) VALUES (228,'2025-08-19','Cancelled',0);
INSERT INTO OrderLines(OrderID, ProductID, Qty, UnitPrice) VALUES (2279,19,1,1321);
INSERT INTO OrderLines(OrderID, ProductID, Qty, UnitPrice) VALUES (2279,44,3,1132);
INSERT INTO OrderLines(OrderID, ProductID, Qty, UnitPrice) VALUES (2279,26,2,567);
INSERT INTO OrderLines(OrderID, ProductID, Qty, UnitPrice) VALUES (2279,45,1,399);
UPDATE [Order] SET TotalAmount=6250 WHERE OrderID=2279;
INSERT INTO Payment(OrderID, PaymentDate, Amount, PaymentMethod, TransactionRef) VALUES (2279,'2025-08-23',6250,'Cash','TXN112517');
INSERT INTO [Order](CustomerID, OrderDate, Status, TotalAmount) VALUES (228,'2025-06-19','Delivered',0);
INSERT INTO OrderLines(OrderID, ProductID, Qty, UnitPrice) VALUES (2280,43,3,679);
INSERT INTO OrderLines(OrderID, ProductID, Qty, UnitPrice) VALUES (2280,40,1,626);
INSERT INTO OrderLines(OrderID, ProductID, Qty, UnitPrice) VALUES (2280,17,1,700);
INSERT INTO OrderLines(OrderID, ProductID, Qty, UnitPrice) VALUES (2280,24,2,799);
UPDATE [Order] SET TotalAmount=4961 WHERE OrderID=2280;
INSERT INTO Payment(OrderID, PaymentDate, Amount, PaymentMethod, TransactionRef) VALUES (2280,'2025-06-22',4961,'PayPal','TXN783540');
INSERT INTO [Order](CustomerID, OrderDate, Status, TotalAmount) VALUES (229,'2025-07-30','Shipped',0);
INSERT INTO OrderLines(OrderID, ProductID, Qty, UnitPrice) VALUES (2281,4,3,881);
INSERT INTO OrderLines(OrderID, ProductID, Qty, UnitPrice) VALUES (2281,15,1,1347);
INSERT INTO OrderLines(OrderID, ProductID, Qty, UnitPrice) VALUES (2281,11,1,317);
INSERT INTO OrderLines(OrderID, ProductID, Qty, UnitPrice) VALUES (2281,42,2,1310);
UPDATE [Order] SET TotalAmount=6927 WHERE OrderID=2281;
INSERT INTO Payment(OrderID, PaymentDate, Amount, PaymentMethod, TransactionRef) VALUES (2281,'2025-07-31',6927,'PayPal','TXN536492');
INSERT INTO [Order](CustomerID, OrderDate, Status, TotalAmount) VALUES (229,'2025-12-02','Cancelled',0);
INSERT INTO OrderLines(OrderID, ProductID, Qty, UnitPrice) VALUES (2282,45,3,377);
INSERT INTO OrderLines(OrderID, ProductID, Qty, UnitPrice) VALUES (2282,36,2,290);
INSERT INTO OrderLines(OrderID, ProductID, Qty, UnitPrice) VALUES (2282,14,1,490);
INSERT INTO OrderLines(OrderID, ProductID, Qty, UnitPrice) VALUES (2282,49,3,1440);
UPDATE [Order] SET TotalAmount=6521 WHERE OrderID=2282;
INSERT INTO Payment(OrderID, PaymentDate, Amount, PaymentMethod, TransactionRef) VALUES (2282,'2025-12-07',6521,'PayPal','TXN712995');
INSERT INTO [Order](CustomerID, OrderDate, Status, TotalAmount) VALUES (229,'2025-12-13','Shipped',0);
INSERT INTO OrderLines(OrderID, ProductID, Qty, UnitPrice) VALUES (2283,12,3,590);
INSERT INTO OrderLines(OrderID, ProductID, Qty, UnitPrice) VALUES (2283,14,3,476);
INSERT INTO OrderLines(OrderID, ProductID, Qty, UnitPrice) VALUES (2283,10,2,58);
INSERT INTO OrderLines(OrderID, ProductID, Qty, UnitPrice) VALUES (2283,31,2,113);
UPDATE [Order] SET TotalAmount=3540 WHERE OrderID=2283;
INSERT INTO Payment(OrderID, PaymentDate, Amount, PaymentMethod, TransactionRef) VALUES (2283,'2025-12-16',3540,'Card','TXN832980');
INSERT INTO [Order](CustomerID, OrderDate, Status, TotalAmount) VALUES (229,'2025-07-31','Delivered',0);
INSERT INTO OrderLines(OrderID, ProductID, Qty, UnitPrice) VALUES (2284,39,3,124);
INSERT INTO OrderLines(OrderID, ProductID, Qty, UnitPrice) VALUES (2284,20,2,1233);
INSERT INTO OrderLines(OrderID, ProductID, Qty, UnitPrice) VALUES (2284,5,2,1293);
INSERT INTO OrderLines(OrderID, ProductID, Qty, UnitPrice) VALUES (2284,10,1,1037);
UPDATE [Order] SET TotalAmount=6461 WHERE OrderID=2284;
INSERT INTO Payment(OrderID, PaymentDate, Amount, PaymentMethod, TransactionRef) VALUES (2284,'2025-08-01',6461,'PayPal','TXN612688');
INSERT INTO [Order](CustomerID, OrderDate, Status, TotalAmount) VALUES (229,'2025-12-26','Processing',0);
INSERT INTO OrderLines(OrderID, ProductID, Qty, UnitPrice) VALUES (2285,33,2,409);
INSERT INTO OrderLines(OrderID, ProductID, Qty, UnitPrice) VALUES (2285,18,3,1127);
INSERT INTO OrderLines(OrderID, ProductID, Qty, UnitPrice) VALUES (2285,23,3,233);
INSERT INTO OrderLines(OrderID, ProductID, Qty, UnitPrice) VALUES (2285,19,3,1243);
UPDATE [Order] SET TotalAmount=8627 WHERE OrderID=2285;
INSERT INTO Payment(OrderID, PaymentDate, Amount, PaymentMethod, TransactionRef) VALUES (2285,'2025-12-30',8627,'Card','TXN351062');
INSERT INTO [Order](CustomerID, OrderDate, Status, TotalAmount) VALUES (229,'2025-01-27','Shipped',0);
INSERT INTO OrderLines(OrderID, ProductID, Qty, UnitPrice) VALUES (2286,15,1,704);
INSERT INTO OrderLines(OrderID, ProductID, Qty, UnitPrice) VALUES (2286,9,2,788);
INSERT INTO OrderLines(OrderID, ProductID, Qty, UnitPrice) VALUES (2286,27,1,980);
INSERT INTO OrderLines(OrderID, ProductID, Qty, UnitPrice) VALUES (2286,21,1,835);
UPDATE [Order] SET TotalAmount=4095 WHERE OrderID=2286;
INSERT INTO Payment(OrderID, PaymentDate, Amount, PaymentMethod, TransactionRef) VALUES (2286,'2025-01-30',4095,'PayPal','TXN709625');
INSERT INTO [Order](CustomerID, OrderDate, Status, TotalAmount) VALUES (229,'2025-09-15','Shipped',0);
INSERT INTO OrderLines(OrderID, ProductID, Qty, UnitPrice) VALUES (2287,8,3,1435);
INSERT INTO OrderLines(OrderID, ProductID, Qty, UnitPrice) VALUES (2287,37,3,691);
INSERT INTO OrderLines(OrderID, ProductID, Qty, UnitPrice) VALUES (2287,21,2,73);
INSERT INTO OrderLines(OrderID, ProductID, Qty, UnitPrice) VALUES (2287,40,3,827);
UPDATE [Order] SET TotalAmount=9005 WHERE OrderID=2287;
INSERT INTO Payment(OrderID, PaymentDate, Amount, PaymentMethod, TransactionRef) VALUES (2287,'2025-09-18',9005,'Cash','TXN314876');
INSERT INTO [Order](CustomerID, OrderDate, Status, TotalAmount) VALUES (229,'2025-05-19','Cancelled',0);
INSERT INTO OrderLines(OrderID, ProductID, Qty, UnitPrice) VALUES (2288,15,1,928);
INSERT INTO OrderLines(OrderID, ProductID, Qty, UnitPrice) VALUES (2288,42,1,695);
INSERT INTO OrderLines(OrderID, ProductID, Qty, UnitPrice) VALUES (2288,12,2,1148);
INSERT INTO OrderLines(OrderID, ProductID, Qty, UnitPrice) VALUES (2288,3,1,1207);
UPDATE [Order] SET TotalAmount=5126 WHERE OrderID=2288;
INSERT INTO Payment(OrderID, PaymentDate, Amount, PaymentMethod, TransactionRef) VALUES (2288,'2025-05-21',5126,'Card','TXN299091');
INSERT INTO [Order](CustomerID, OrderDate, Status, TotalAmount) VALUES (229,'2025-11-21','Delivered',0);
INSERT INTO OrderLines(OrderID, ProductID, Qty, UnitPrice) VALUES (2289,37,1,899);
INSERT INTO OrderLines(OrderID, ProductID, Qty, UnitPrice) VALUES (2289,18,3,1366);
INSERT INTO OrderLines(OrderID, ProductID, Qty, UnitPrice) VALUES (2289,20,1,202);
INSERT INTO OrderLines(OrderID, ProductID, Qty, UnitPrice) VALUES (2289,25,1,189);
UPDATE [Order] SET TotalAmount=5388 WHERE OrderID=2289;
INSERT INTO Payment(OrderID, PaymentDate, Amount, PaymentMethod, TransactionRef) VALUES (2289,'2025-11-24',5388,'Card','TXN646494');
INSERT INTO [Order](CustomerID, OrderDate, Status, TotalAmount) VALUES (229,'2025-07-17','Shipped',0);
INSERT INTO OrderLines(OrderID, ProductID, Qty, UnitPrice) VALUES (2290,23,1,1071);
INSERT INTO OrderLines(OrderID, ProductID, Qty, UnitPrice) VALUES (2290,1,2,184);
INSERT INTO OrderLines(OrderID, ProductID, Qty, UnitPrice) VALUES (2290,7,2,111);
INSERT INTO OrderLines(OrderID, ProductID, Qty, UnitPrice) VALUES (2290,2,1,619);
UPDATE [Order] SET TotalAmount=2280 WHERE OrderID=2290;
INSERT INTO Payment(OrderID, PaymentDate, Amount, PaymentMethod, TransactionRef) VALUES (2290,'2025-07-22',2280,'Cash','TXN838543');
INSERT INTO [Order](CustomerID, OrderDate, Status, TotalAmount) VALUES (230,'2025-02-21','Shipped',0);
INSERT INTO OrderLines(OrderID, ProductID, Qty, UnitPrice) VALUES (2291,34,1,1043);
INSERT INTO OrderLines(OrderID, ProductID, Qty, UnitPrice) VALUES (2291,50,3,595);
INSERT INTO OrderLines(OrderID, ProductID, Qty, UnitPrice) VALUES (2291,24,1,106);
INSERT INTO OrderLines(OrderID, ProductID, Qty, UnitPrice) VALUES (2291,49,1,1142);
UPDATE [Order] SET TotalAmount=4076 WHERE OrderID=2291;
INSERT INTO Payment(OrderID, PaymentDate, Amount, PaymentMethod, TransactionRef) VALUES (2291,'2025-02-21',4076,'Card','TXN600362');
INSERT INTO [Order](CustomerID, OrderDate, Status, TotalAmount) VALUES (230,'2025-12-26','Shipped',0);
INSERT INTO OrderLines(OrderID, ProductID, Qty, UnitPrice) VALUES (2292,4,1,1305);
INSERT INTO OrderLines(OrderID, ProductID, Qty, UnitPrice) VALUES (2292,3,1,1084);
INSERT INTO OrderLines(OrderID, ProductID, Qty, UnitPrice) VALUES (2292,4,1,76);
INSERT INTO OrderLines(OrderID, ProductID, Qty, UnitPrice) VALUES (2292,42,2,1016);
UPDATE [Order] SET TotalAmount=4497 WHERE OrderID=2292;
INSERT INTO Payment(OrderID, PaymentDate, Amount, PaymentMethod, TransactionRef) VALUES (2292,'2025-12-31',4497,'PayPal','TXN620751');
INSERT INTO [Order](CustomerID, OrderDate, Status, TotalAmount) VALUES (230,'2025-12-26','Delivered',0);
INSERT INTO OrderLines(OrderID, ProductID, Qty, UnitPrice) VALUES (2293,28,3,568);
INSERT INTO OrderLines(OrderID, ProductID, Qty, UnitPrice) VALUES (2293,18,3,191);
INSERT INTO OrderLines(OrderID, ProductID, Qty, UnitPrice) VALUES (2293,49,3,440);
INSERT INTO OrderLines(OrderID, ProductID, Qty, UnitPrice) VALUES (2293,8,1,538);
UPDATE [Order] SET TotalAmount=4135 WHERE OrderID=2293;
INSERT INTO Payment(OrderID, PaymentDate, Amount, PaymentMethod, TransactionRef) VALUES (2293,'2025-12-30',4135,'Cash','TXN783835');
INSERT INTO [Order](CustomerID, OrderDate, Status, TotalAmount) VALUES (230,'2025-09-11','Shipped',0);
INSERT INTO OrderLines(OrderID, ProductID, Qty, UnitPrice) VALUES (2294,14,2,572);
INSERT INTO OrderLines(OrderID, ProductID, Qty, UnitPrice) VALUES (2294,23,2,33);
INSERT INTO OrderLines(OrderID, ProductID, Qty, UnitPrice) VALUES (2294,2,1,484);
INSERT INTO OrderLines(OrderID, ProductID, Qty, UnitPrice) VALUES (2294,23,2,143);
UPDATE [Order] SET TotalAmount=1980 WHERE OrderID=2294;
INSERT INTO Payment(OrderID, PaymentDate, Amount, PaymentMethod, TransactionRef) VALUES (2294,'2025-09-14',1980,'PayPal','TXN996228');
INSERT INTO [Order](CustomerID, OrderDate, Status, TotalAmount) VALUES (230,'2025-11-06','Cancelled',0);
INSERT INTO OrderLines(OrderID, ProductID, Qty, UnitPrice) VALUES (2295,26,3,471);
INSERT INTO OrderLines(OrderID, ProductID, Qty, UnitPrice) VALUES (2295,29,3,677);
INSERT INTO OrderLines(OrderID, ProductID, Qty, UnitPrice) VALUES (2295,29,1,665);
INSERT INTO OrderLines(OrderID, ProductID, Qty, UnitPrice) VALUES (2295,29,1,854);
UPDATE [Order] SET TotalAmount=4963 WHERE OrderID=2295;
INSERT INTO Payment(OrderID, PaymentDate, Amount, PaymentMethod, TransactionRef) VALUES (2295,'2025-11-11',4963,'Cash','TXN931569');
INSERT INTO [Order](CustomerID, OrderDate, Status, TotalAmount) VALUES (230,'2025-03-11','Cancelled',0);
INSERT INTO OrderLines(OrderID, ProductID, Qty, UnitPrice) VALUES (2296,3,1,198);
INSERT INTO OrderLines(OrderID, ProductID, Qty, UnitPrice) VALUES (2296,6,1,1257);
INSERT INTO OrderLines(OrderID, ProductID, Qty, UnitPrice) VALUES (2296,8,3,1392);
INSERT INTO OrderLines(OrderID, ProductID, Qty, UnitPrice) VALUES (2296,36,2,1100);
UPDATE [Order] SET TotalAmount=7831 WHERE OrderID=2296;
INSERT INTO Payment(OrderID, PaymentDate, Amount, PaymentMethod, TransactionRef) VALUES (2296,'2025-03-15',7831,'PayPal','TXN185020');
INSERT INTO [Order](CustomerID, OrderDate, Status, TotalAmount) VALUES (230,'2025-02-06','Cancelled',0);
INSERT INTO OrderLines(OrderID, ProductID, Qty, UnitPrice) VALUES (2297,44,1,1084);
INSERT INTO OrderLines(OrderID, ProductID, Qty, UnitPrice) VALUES (2297,16,1,350);
INSERT INTO OrderLines(OrderID, ProductID, Qty, UnitPrice) VALUES (2297,45,2,286);
INSERT INTO OrderLines(OrderID, ProductID, Qty, UnitPrice) VALUES (2297,37,2,216);
UPDATE [Order] SET TotalAmount=2438 WHERE OrderID=2297;
INSERT INTO Payment(OrderID, PaymentDate, Amount, PaymentMethod, TransactionRef) VALUES (2297,'2025-02-09',2438,'Cash','TXN400384');
INSERT INTO [Order](CustomerID, OrderDate, Status, TotalAmount) VALUES (230,'2025-08-13','Shipped',0);
INSERT INTO OrderLines(OrderID, ProductID, Qty, UnitPrice) VALUES (2298,22,2,995);
INSERT INTO OrderLines(OrderID, ProductID, Qty, UnitPrice) VALUES (2298,44,2,1423);
INSERT INTO OrderLines(OrderID, ProductID, Qty, UnitPrice) VALUES (2298,17,3,242);
INSERT INTO OrderLines(OrderID, ProductID, Qty, UnitPrice) VALUES (2298,19,2,25);
UPDATE [Order] SET TotalAmount=5612 WHERE OrderID=2298;
INSERT INTO Payment(OrderID, PaymentDate, Amount, PaymentMethod, TransactionRef) VALUES (2298,'2025-08-16',5612,'Card','TXN138752');
INSERT INTO [Order](CustomerID, OrderDate, Status, TotalAmount) VALUES (230,'2025-06-13','Shipped',0);
INSERT INTO OrderLines(OrderID, ProductID, Qty, UnitPrice) VALUES (2299,5,2,1100);
INSERT INTO OrderLines(OrderID, ProductID, Qty, UnitPrice) VALUES (2299,12,2,77);
INSERT INTO OrderLines(OrderID, ProductID, Qty, UnitPrice) VALUES (2299,27,1,767);
INSERT INTO OrderLines(OrderID, ProductID, Qty, UnitPrice) VALUES (2299,20,3,58);
UPDATE [Order] SET TotalAmount=3295 WHERE OrderID=2299;
INSERT INTO Payment(OrderID, PaymentDate, Amount, PaymentMethod, TransactionRef) VALUES (2299,'2025-06-17',3295,'Cash','TXN707347');
INSERT INTO [Order](CustomerID, OrderDate, Status, TotalAmount) VALUES (230,'2025-04-14','Shipped',0);
INSERT INTO OrderLines(OrderID, ProductID, Qty, UnitPrice) VALUES (2300,14,1,1252);
INSERT INTO OrderLines(OrderID, ProductID, Qty, UnitPrice) VALUES (2300,1,1,671);
INSERT INTO OrderLines(OrderID, ProductID, Qty, UnitPrice) VALUES (2300,3,2,977);
INSERT INTO OrderLines(OrderID, ProductID, Qty, UnitPrice) VALUES (2300,32,2,1005);
UPDATE [Order] SET TotalAmount=5887 WHERE OrderID=2300;
INSERT INTO Payment(OrderID, PaymentDate, Amount, PaymentMethod, TransactionRef) VALUES (2300,'2025-04-16',5887,'Card','TXN668554');
INSERT INTO [Order](CustomerID, OrderDate, Status, TotalAmount) VALUES (231,'2025-12-04','Delivered',0);
INSERT INTO OrderLines(OrderID, ProductID, Qty, UnitPrice) VALUES (2301,8,1,686);
INSERT INTO OrderLines(OrderID, ProductID, Qty, UnitPrice) VALUES (2301,17,1,631);
INSERT INTO OrderLines(OrderID, ProductID, Qty, UnitPrice) VALUES (2301,13,3,882);
INSERT INTO OrderLines(OrderID, ProductID, Qty, UnitPrice) VALUES (2301,10,1,553);
UPDATE [Order] SET TotalAmount=4516 WHERE OrderID=2301;
INSERT INTO Payment(OrderID, PaymentDate, Amount, PaymentMethod, TransactionRef) VALUES (2301,'2025-12-06',4516,'Card','TXN116250');
INSERT INTO [Order](CustomerID, OrderDate, Status, TotalAmount) VALUES (231,'2025-04-10','Shipped',0);
INSERT INTO OrderLines(OrderID, ProductID, Qty, UnitPrice) VALUES (2302,48,1,238);
INSERT INTO OrderLines(OrderID, ProductID, Qty, UnitPrice) VALUES (2302,24,1,707);
INSERT INTO OrderLines(OrderID, ProductID, Qty, UnitPrice) VALUES (2302,10,2,53);
INSERT INTO OrderLines(OrderID, ProductID, Qty, UnitPrice) VALUES (2302,43,1,61);
UPDATE [Order] SET TotalAmount=1112 WHERE OrderID=2302;
INSERT INTO Payment(OrderID, PaymentDate, Amount, PaymentMethod, TransactionRef) VALUES (2302,'2025-04-10',1112,'Card','TXN911087');
INSERT INTO [Order](CustomerID, OrderDate, Status, TotalAmount) VALUES (231,'2025-11-03','Delivered',0);
INSERT INTO OrderLines(OrderID, ProductID, Qty, UnitPrice) VALUES (2303,14,2,824);
INSERT INTO OrderLines(OrderID, ProductID, Qty, UnitPrice) VALUES (2303,33,1,1032);
INSERT INTO OrderLines(OrderID, ProductID, Qty, UnitPrice) VALUES (2303,41,1,1242);
INSERT INTO OrderLines(OrderID, ProductID, Qty, UnitPrice) VALUES (2303,26,1,161);
UPDATE [Order] SET TotalAmount=4083 WHERE OrderID=2303;
INSERT INTO Payment(OrderID, PaymentDate, Amount, PaymentMethod, TransactionRef) VALUES (2303,'2025-11-08',4083,'Card','TXN496850');
INSERT INTO [Order](CustomerID, OrderDate, Status, TotalAmount) VALUES (231,'2025-05-01','Delivered',0);
INSERT INTO OrderLines(OrderID, ProductID, Qty, UnitPrice) VALUES (2304,7,2,1412);
INSERT INTO OrderLines(OrderID, ProductID, Qty, UnitPrice) VALUES (2304,11,2,1224);
INSERT INTO OrderLines(OrderID, ProductID, Qty, UnitPrice) VALUES (2304,36,2,1289);
INSERT INTO OrderLines(OrderID, ProductID, Qty, UnitPrice) VALUES (2304,15,1,848);
UPDATE [Order] SET TotalAmount=8698 WHERE OrderID=2304;
INSERT INTO Payment(OrderID, PaymentDate, Amount, PaymentMethod, TransactionRef) VALUES (2304,'2025-05-06',8698,'PayPal','TXN285058');
INSERT INTO [Order](CustomerID, OrderDate, Status, TotalAmount) VALUES (231,'2025-02-27','Cancelled',0);
INSERT INTO OrderLines(OrderID, ProductID, Qty, UnitPrice) VALUES (2305,6,2,1008);
INSERT INTO OrderLines(OrderID, ProductID, Qty, UnitPrice) VALUES (2305,44,2,1012);
INSERT INTO OrderLines(OrderID, ProductID, Qty, UnitPrice) VALUES (2305,36,3,374);
INSERT INTO OrderLines(OrderID, ProductID, Qty, UnitPrice) VALUES (2305,31,1,658);
UPDATE [Order] SET TotalAmount=5820 WHERE OrderID=2305;
INSERT INTO Payment(OrderID, PaymentDate, Amount, PaymentMethod, TransactionRef) VALUES (2305,'2025-03-01',5820,'Cash','TXN685016');
INSERT INTO [Order](CustomerID, OrderDate, Status, TotalAmount) VALUES (231,'2025-05-25','Shipped',0);
INSERT INTO OrderLines(OrderID, ProductID, Qty, UnitPrice) VALUES (2306,46,1,163);
INSERT INTO OrderLines(OrderID, ProductID, Qty, UnitPrice) VALUES (2306,1,2,1227);
INSERT INTO OrderLines(OrderID, ProductID, Qty, UnitPrice) VALUES (2306,24,2,364);
INSERT INTO OrderLines(OrderID, ProductID, Qty, UnitPrice) VALUES (2306,43,2,1414);
UPDATE [Order] SET TotalAmount=6173 WHERE OrderID=2306;
INSERT INTO Payment(OrderID, PaymentDate, Amount, PaymentMethod, TransactionRef) VALUES (2306,'2025-05-28',6173,'Card','TXN481496');
INSERT INTO [Order](CustomerID, OrderDate, Status, TotalAmount) VALUES (231,'2025-07-14','Delivered',0);
INSERT INTO OrderLines(OrderID, ProductID, Qty, UnitPrice) VALUES (2307,34,1,683);
INSERT INTO OrderLines(OrderID, ProductID, Qty, UnitPrice) VALUES (2307,9,3,1317);
INSERT INTO OrderLines(OrderID, ProductID, Qty, UnitPrice) VALUES (2307,12,1,962);
INSERT INTO OrderLines(OrderID, ProductID, Qty, UnitPrice) VALUES (2307,9,3,422);
UPDATE [Order] SET TotalAmount=6862 WHERE OrderID=2307;
INSERT INTO Payment(OrderID, PaymentDate, Amount, PaymentMethod, TransactionRef) VALUES (2307,'2025-07-19',6862,'Card','TXN598336');
INSERT INTO [Order](CustomerID, OrderDate, Status, TotalAmount) VALUES (231,'2025-06-30','Delivered',0);
INSERT INTO OrderLines(OrderID, ProductID, Qty, UnitPrice) VALUES (2308,2,2,759);
INSERT INTO OrderLines(OrderID, ProductID, Qty, UnitPrice) VALUES (2308,26,1,330);
INSERT INTO OrderLines(OrderID, ProductID, Qty, UnitPrice) VALUES (2308,7,2,933);
INSERT INTO OrderLines(OrderID, ProductID, Qty, UnitPrice) VALUES (2308,37,1,33);
UPDATE [Order] SET TotalAmount=3747 WHERE OrderID=2308;
INSERT INTO Payment(OrderID, PaymentDate, Amount, PaymentMethod, TransactionRef) VALUES (2308,'2025-07-04',3747,'Card','TXN378110');
INSERT INTO [Order](CustomerID, OrderDate, Status, TotalAmount) VALUES (231,'2025-06-18','Delivered',0);
INSERT INTO OrderLines(OrderID, ProductID, Qty, UnitPrice) VALUES (2309,12,2,1282);
INSERT INTO OrderLines(OrderID, ProductID, Qty, UnitPrice) VALUES (2309,21,2,1039);
INSERT INTO OrderLines(OrderID, ProductID, Qty, UnitPrice) VALUES (2309,2,1,1184);
INSERT INTO OrderLines(OrderID, ProductID, Qty, UnitPrice) VALUES (2309,47,2,954);
UPDATE [Order] SET TotalAmount=7734 WHERE OrderID=2309;
INSERT INTO Payment(OrderID, PaymentDate, Amount, PaymentMethod, TransactionRef) VALUES (2309,'2025-06-21',7734,'PayPal','TXN761048');
INSERT INTO [Order](CustomerID, OrderDate, Status, TotalAmount) VALUES (231,'2025-02-28','Cancelled',0);
INSERT INTO OrderLines(OrderID, ProductID, Qty, UnitPrice) VALUES (2310,31,2,1386);
INSERT INTO OrderLines(OrderID, ProductID, Qty, UnitPrice) VALUES (2310,22,3,747);
INSERT INTO OrderLines(OrderID, ProductID, Qty, UnitPrice) VALUES (2310,32,1,516);
INSERT INTO OrderLines(OrderID, ProductID, Qty, UnitPrice) VALUES (2310,25,1,1497);
UPDATE [Order] SET TotalAmount=7026 WHERE OrderID=2310;
INSERT INTO Payment(OrderID, PaymentDate, Amount, PaymentMethod, TransactionRef) VALUES (2310,'2025-02-28',7026,'PayPal','TXN108141');
INSERT INTO [Order](CustomerID, OrderDate, Status, TotalAmount) VALUES (232,'2025-10-11','Cancelled',0);
INSERT INTO OrderLines(OrderID, ProductID, Qty, UnitPrice) VALUES (2311,39,1,1198);
INSERT INTO OrderLines(OrderID, ProductID, Qty, UnitPrice) VALUES (2311,2,3,618);
INSERT INTO OrderLines(OrderID, ProductID, Qty, UnitPrice) VALUES (2311,47,3,109);
INSERT INTO OrderLines(OrderID, ProductID, Qty, UnitPrice) VALUES (2311,17,1,184);
UPDATE [Order] SET TotalAmount=3563 WHERE OrderID=2311;
INSERT INTO Payment(OrderID, PaymentDate, Amount, PaymentMethod, TransactionRef) VALUES (2311,'2025-10-16',3563,'Card','TXN620294');
INSERT INTO [Order](CustomerID, OrderDate, Status, TotalAmount) VALUES (232,'2025-09-16','Shipped',0);
INSERT INTO OrderLines(OrderID, ProductID, Qty, UnitPrice) VALUES (2312,31,3,202);
INSERT INTO OrderLines(OrderID, ProductID, Qty, UnitPrice) VALUES (2312,46,1,509);
INSERT INTO OrderLines(OrderID, ProductID, Qty, UnitPrice) VALUES (2312,11,2,514);
INSERT INTO OrderLines(OrderID, ProductID, Qty, UnitPrice) VALUES (2312,20,1,367);
UPDATE [Order] SET TotalAmount=2510 WHERE OrderID=2312;
INSERT INTO Payment(OrderID, PaymentDate, Amount, PaymentMethod, TransactionRef) VALUES (2312,'2025-09-21',2510,'Card','TXN823224');
INSERT INTO [Order](CustomerID, OrderDate, Status, TotalAmount) VALUES (232,'2025-05-30','Delivered',0);
INSERT INTO OrderLines(OrderID, ProductID, Qty, UnitPrice) VALUES (2313,16,3,337);
INSERT INTO OrderLines(OrderID, ProductID, Qty, UnitPrice) VALUES (2313,3,1,466);
INSERT INTO OrderLines(OrderID, ProductID, Qty, UnitPrice) VALUES (2313,1,2,1284);
INSERT INTO OrderLines(OrderID, ProductID, Qty, UnitPrice) VALUES (2313,4,2,626);
UPDATE [Order] SET TotalAmount=5297 WHERE OrderID=2313;
INSERT INTO Payment(OrderID, PaymentDate, Amount, PaymentMethod, TransactionRef) VALUES (2313,'2025-06-03',5297,'PayPal','TXN314902');
INSERT INTO [Order](CustomerID, OrderDate, Status, TotalAmount) VALUES (232,'2025-06-14','Shipped',0);
INSERT INTO OrderLines(OrderID, ProductID, Qty, UnitPrice) VALUES (2314,11,1,1221);
INSERT INTO OrderLines(OrderID, ProductID, Qty, UnitPrice) VALUES (2314,2,2,612);
INSERT INTO OrderLines(OrderID, ProductID, Qty, UnitPrice) VALUES (2314,26,2,1327);
INSERT INTO OrderLines(OrderID, ProductID, Qty, UnitPrice) VALUES (2314,11,3,875);
UPDATE [Order] SET TotalAmount=7724 WHERE OrderID=2314;
INSERT INTO Payment(OrderID, PaymentDate, Amount, PaymentMethod, TransactionRef) VALUES (2314,'2025-06-16',7724,'Cash','TXN175725');
INSERT INTO [Order](CustomerID, OrderDate, Status, TotalAmount) VALUES (232,'2025-12-24','Shipped',0);
INSERT INTO OrderLines(OrderID, ProductID, Qty, UnitPrice) VALUES (2315,18,2,565);
INSERT INTO OrderLines(OrderID, ProductID, Qty, UnitPrice) VALUES (2315,49,2,677);
INSERT INTO OrderLines(OrderID, ProductID, Qty, UnitPrice) VALUES (2315,48,2,29);
INSERT INTO OrderLines(OrderID, ProductID, Qty, UnitPrice) VALUES (2315,48,1,1193);
UPDATE [Order] SET TotalAmount=3735 WHERE OrderID=2315;
INSERT INTO Payment(OrderID, PaymentDate, Amount, PaymentMethod, TransactionRef) VALUES (2315,'2025-12-24',3735,'PayPal','TXN111651');
INSERT INTO [Order](CustomerID, OrderDate, Status, TotalAmount) VALUES (232,'2025-08-06','Shipped',0);
INSERT INTO OrderLines(OrderID, ProductID, Qty, UnitPrice) VALUES (2316,27,2,840);
INSERT INTO OrderLines(OrderID, ProductID, Qty, UnitPrice) VALUES (2316,10,1,1330);
INSERT INTO OrderLines(OrderID, ProductID, Qty, UnitPrice) VALUES (2316,9,3,1432);
INSERT INTO OrderLines(OrderID, ProductID, Qty, UnitPrice) VALUES (2316,12,2,240);
UPDATE [Order] SET TotalAmount=7786 WHERE OrderID=2316;
INSERT INTO Payment(OrderID, PaymentDate, Amount, PaymentMethod, TransactionRef) VALUES (2316,'2025-08-09',7786,'Card','TXN153916');
INSERT INTO [Order](CustomerID, OrderDate, Status, TotalAmount) VALUES (232,'2025-06-10','Cancelled',0);
INSERT INTO OrderLines(OrderID, ProductID, Qty, UnitPrice) VALUES (2317,30,3,637);
INSERT INTO OrderLines(OrderID, ProductID, Qty, UnitPrice) VALUES (2317,33,2,1282);
INSERT INTO OrderLines(OrderID, ProductID, Qty, UnitPrice) VALUES (2317,26,3,1370);
INSERT INTO OrderLines(OrderID, ProductID, Qty, UnitPrice) VALUES (2317,23,3,1444);
UPDATE [Order] SET TotalAmount=12917 WHERE OrderID=2317;
INSERT INTO Payment(OrderID, PaymentDate, Amount, PaymentMethod, TransactionRef) VALUES (2317,'2025-06-11',12917,'PayPal','TXN878073');
INSERT INTO [Order](CustomerID, OrderDate, Status, TotalAmount) VALUES (232,'2025-02-09','Cancelled',0);
INSERT INTO OrderLines(OrderID, ProductID, Qty, UnitPrice) VALUES (2318,2,3,425);
INSERT INTO OrderLines(OrderID, ProductID, Qty, UnitPrice) VALUES (2318,36,2,67);
INSERT INTO OrderLines(OrderID, ProductID, Qty, UnitPrice) VALUES (2318,3,2,1225);
INSERT INTO OrderLines(OrderID, ProductID, Qty, UnitPrice) VALUES (2318,4,1,276);
UPDATE [Order] SET TotalAmount=4135 WHERE OrderID=2318;
INSERT INTO Payment(OrderID, PaymentDate, Amount, PaymentMethod, TransactionRef) VALUES (2318,'2025-02-12',4135,'Card','TXN332189');
INSERT INTO [Order](CustomerID, OrderDate, Status, TotalAmount) VALUES (232,'2025-02-09','Shipped',0);
INSERT INTO OrderLines(OrderID, ProductID, Qty, UnitPrice) VALUES (2319,13,2,156);
INSERT INTO OrderLines(OrderID, ProductID, Qty, UnitPrice) VALUES (2319,7,3,722);
INSERT INTO OrderLines(OrderID, ProductID, Qty, UnitPrice) VALUES (2319,11,1,1488);
INSERT INTO OrderLines(OrderID, ProductID, Qty, UnitPrice) VALUES (2319,47,3,608);
UPDATE [Order] SET TotalAmount=5790 WHERE OrderID=2319;
INSERT INTO Payment(OrderID, PaymentDate, Amount, PaymentMethod, TransactionRef) VALUES (2319,'2025-02-09',5790,'Cash','TXN707893');
INSERT INTO [Order](CustomerID, OrderDate, Status, TotalAmount) VALUES (232,'2025-01-31','Processing',0);
INSERT INTO OrderLines(OrderID, ProductID, Qty, UnitPrice) VALUES (2320,47,1,79);
INSERT INTO OrderLines(OrderID, ProductID, Qty, UnitPrice) VALUES (2320,29,3,798);
INSERT INTO OrderLines(OrderID, ProductID, Qty, UnitPrice) VALUES (2320,22,2,527);
INSERT INTO OrderLines(OrderID, ProductID, Qty, UnitPrice) VALUES (2320,19,1,1224);
UPDATE [Order] SET TotalAmount=4751 WHERE OrderID=2320;
INSERT INTO Payment(OrderID, PaymentDate, Amount, PaymentMethod, TransactionRef) VALUES (2320,'2025-02-03',4751,'PayPal','TXN529865');
INSERT INTO [Order](CustomerID, OrderDate, Status, TotalAmount) VALUES (233,'2025-04-13','Cancelled',0);
INSERT INTO OrderLines(OrderID, ProductID, Qty, UnitPrice) VALUES (2321,43,2,51);
INSERT INTO OrderLines(OrderID, ProductID, Qty, UnitPrice) VALUES (2321,10,2,44);
INSERT INTO OrderLines(OrderID, ProductID, Qty, UnitPrice) VALUES (2321,30,3,1188);
INSERT INTO OrderLines(OrderID, ProductID, Qty, UnitPrice) VALUES (2321,47,3,159);
UPDATE [Order] SET TotalAmount=4231 WHERE OrderID=2321;
INSERT INTO Payment(OrderID, PaymentDate, Amount, PaymentMethod, TransactionRef) VALUES (2321,'2025-04-18',4231,'Cash','TXN423938');
INSERT INTO [Order](CustomerID, OrderDate, Status, TotalAmount) VALUES (233,'2025-02-14','Delivered',0);
INSERT INTO OrderLines(OrderID, ProductID, Qty, UnitPrice) VALUES (2322,38,3,515);
INSERT INTO OrderLines(OrderID, ProductID, Qty, UnitPrice) VALUES (2322,7,3,626);
INSERT INTO OrderLines(OrderID, ProductID, Qty, UnitPrice) VALUES (2322,12,1,583);
INSERT INTO OrderLines(OrderID, ProductID, Qty, UnitPrice) VALUES (2322,15,1,919);
UPDATE [Order] SET TotalAmount=4925 WHERE OrderID=2322;
INSERT INTO Payment(OrderID, PaymentDate, Amount, PaymentMethod, TransactionRef) VALUES (2322,'2025-02-18',4925,'Cash','TXN731134');
INSERT INTO [Order](CustomerID, OrderDate, Status, TotalAmount) VALUES (233,'2025-03-28','Shipped',0);
INSERT INTO OrderLines(OrderID, ProductID, Qty, UnitPrice) VALUES (2323,41,1,127);
INSERT INTO OrderLines(OrderID, ProductID, Qty, UnitPrice) VALUES (2323,3,2,768);
INSERT INTO OrderLines(OrderID, ProductID, Qty, UnitPrice) VALUES (2323,27,3,770);
INSERT INTO OrderLines(OrderID, ProductID, Qty, UnitPrice) VALUES (2323,23,1,251);
UPDATE [Order] SET TotalAmount=4224 WHERE OrderID=2323;
INSERT INTO Payment(OrderID, PaymentDate, Amount, PaymentMethod, TransactionRef) VALUES (2323,'2025-04-01',4224,'Card','TXN376670');
INSERT INTO [Order](CustomerID, OrderDate, Status, TotalAmount) VALUES (233,'2025-05-26','Shipped',0);
INSERT INTO OrderLines(OrderID, ProductID, Qty, UnitPrice) VALUES (2324,36,1,522);
INSERT INTO OrderLines(OrderID, ProductID, Qty, UnitPrice) VALUES (2324,34,3,1184);
INSERT INTO OrderLines(OrderID, ProductID, Qty, UnitPrice) VALUES (2324,34,3,1146);
INSERT INTO OrderLines(OrderID, ProductID, Qty, UnitPrice) VALUES (2324,10,3,111);
UPDATE [Order] SET TotalAmount=7845 WHERE OrderID=2324;
INSERT INTO Payment(OrderID, PaymentDate, Amount, PaymentMethod, TransactionRef) VALUES (2324,'2025-05-27',7845,'Card','TXN728556');
INSERT INTO [Order](CustomerID, OrderDate, Status, TotalAmount) VALUES (233,'2025-01-31','Cancelled',0);
INSERT INTO OrderLines(OrderID, ProductID, Qty, UnitPrice) VALUES (2325,9,1,792);
INSERT INTO OrderLines(OrderID, ProductID, Qty, UnitPrice) VALUES (2325,48,1,34);
INSERT INTO OrderLines(OrderID, ProductID, Qty, UnitPrice) VALUES (2325,20,3,1072);
INSERT INTO OrderLines(OrderID, ProductID, Qty, UnitPrice) VALUES (2325,34,1,773);
UPDATE [Order] SET TotalAmount=4815 WHERE OrderID=2325;
INSERT INTO Payment(OrderID, PaymentDate, Amount, PaymentMethod, TransactionRef) VALUES (2325,'2025-02-03',4815,'Card','TXN165316');
INSERT INTO [Order](CustomerID, OrderDate, Status, TotalAmount) VALUES (233,'2025-08-14','Processing',0);
INSERT INTO OrderLines(OrderID, ProductID, Qty, UnitPrice) VALUES (2326,15,1,925);
INSERT INTO OrderLines(OrderID, ProductID, Qty, UnitPrice) VALUES (2326,32,3,175);
INSERT INTO OrderLines(OrderID, ProductID, Qty, UnitPrice) VALUES (2326,44,1,1150);
INSERT INTO OrderLines(OrderID, ProductID, Qty, UnitPrice) VALUES (2326,37,1,345);
UPDATE [Order] SET TotalAmount=2945 WHERE OrderID=2326;
INSERT INTO Payment(OrderID, PaymentDate, Amount, PaymentMethod, TransactionRef) VALUES (2326,'2025-08-15',2945,'Card','TXN694571');
INSERT INTO [Order](CustomerID, OrderDate, Status, TotalAmount) VALUES (233,'2025-11-06','Cancelled',0);
INSERT INTO OrderLines(OrderID, ProductID, Qty, UnitPrice) VALUES (2327,42,2,703);
INSERT INTO OrderLines(OrderID, ProductID, Qty, UnitPrice) VALUES (2327,28,2,686);
INSERT INTO OrderLines(OrderID, ProductID, Qty, UnitPrice) VALUES (2327,39,2,452);
INSERT INTO OrderLines(OrderID, ProductID, Qty, UnitPrice) VALUES (2327,18,2,457);
UPDATE [Order] SET TotalAmount=4596 WHERE OrderID=2327;
INSERT INTO Payment(OrderID, PaymentDate, Amount, PaymentMethod, TransactionRef) VALUES (2327,'2025-11-09',4596,'Cash','TXN875462');
INSERT INTO [Order](CustomerID, OrderDate, Status, TotalAmount) VALUES (233,'2025-06-29','Shipped',0);
INSERT INTO OrderLines(OrderID, ProductID, Qty, UnitPrice) VALUES (2328,16,2,749);
INSERT INTO OrderLines(OrderID, ProductID, Qty, UnitPrice) VALUES (2328,13,2,760);
INSERT INTO OrderLines(OrderID, ProductID, Qty, UnitPrice) VALUES (2328,48,2,1083);
INSERT INTO OrderLines(OrderID, ProductID, Qty, UnitPrice) VALUES (2328,16,1,360);
UPDATE [Order] SET TotalAmount=5544 WHERE OrderID=2328;
INSERT INTO Payment(OrderID, PaymentDate, Amount, PaymentMethod, TransactionRef) VALUES (2328,'2025-07-03',5544,'Card','TXN824514');
INSERT INTO [Order](CustomerID, OrderDate, Status, TotalAmount) VALUES (233,'2025-08-04','Shipped',0);
INSERT INTO OrderLines(OrderID, ProductID, Qty, UnitPrice) VALUES (2329,25,1,796);
INSERT INTO OrderLines(OrderID, ProductID, Qty, UnitPrice) VALUES (2329,16,2,331);
INSERT INTO OrderLines(OrderID, ProductID, Qty, UnitPrice) VALUES (2329,13,3,143);
INSERT INTO OrderLines(OrderID, ProductID, Qty, UnitPrice) VALUES (2329,2,3,872);
UPDATE [Order] SET TotalAmount=4503 WHERE OrderID=2329;
INSERT INTO Payment(OrderID, PaymentDate, Amount, PaymentMethod, TransactionRef) VALUES (2329,'2025-08-05',4503,'Cash','TXN893844');
INSERT INTO [Order](CustomerID, OrderDate, Status, TotalAmount) VALUES (233,'2025-06-17','Delivered',0);
INSERT INTO OrderLines(OrderID, ProductID, Qty, UnitPrice) VALUES (2330,33,3,271);
INSERT INTO OrderLines(OrderID, ProductID, Qty, UnitPrice) VALUES (2330,41,2,365);
INSERT INTO OrderLines(OrderID, ProductID, Qty, UnitPrice) VALUES (2330,16,1,346);
INSERT INTO OrderLines(OrderID, ProductID, Qty, UnitPrice) VALUES (2330,17,2,304);
UPDATE [Order] SET TotalAmount=2497 WHERE OrderID=2330;
INSERT INTO Payment(OrderID, PaymentDate, Amount, PaymentMethod, TransactionRef) VALUES (2330,'2025-06-19',2497,'PayPal','TXN146460');
INSERT INTO [Order](CustomerID, OrderDate, Status, TotalAmount) VALUES (234,'2025-06-08','Delivered',0);
INSERT INTO OrderLines(OrderID, ProductID, Qty, UnitPrice) VALUES (2331,47,2,33);
INSERT INTO OrderLines(OrderID, ProductID, Qty, UnitPrice) VALUES (2331,2,2,1087);
INSERT INTO OrderLines(OrderID, ProductID, Qty, UnitPrice) VALUES (2331,50,2,500);
INSERT INTO OrderLines(OrderID, ProductID, Qty, UnitPrice) VALUES (2331,48,3,699);
UPDATE [Order] SET TotalAmount=5337 WHERE OrderID=2331;
INSERT INTO Payment(OrderID, PaymentDate, Amount, PaymentMethod, TransactionRef) VALUES (2331,'2025-06-10',5337,'Cash','TXN951144');
INSERT INTO [Order](CustomerID, OrderDate, Status, TotalAmount) VALUES (234,'2025-02-01','Processing',0);
INSERT INTO OrderLines(OrderID, ProductID, Qty, UnitPrice) VALUES (2332,22,1,764);
INSERT INTO OrderLines(OrderID, ProductID, Qty, UnitPrice) VALUES (2332,1,1,1089);
INSERT INTO OrderLines(OrderID, ProductID, Qty, UnitPrice) VALUES (2332,31,3,409);
INSERT INTO OrderLines(OrderID, ProductID, Qty, UnitPrice) VALUES (2332,34,3,802);
UPDATE [Order] SET TotalAmount=5486 WHERE OrderID=2332;
INSERT INTO Payment(OrderID, PaymentDate, Amount, PaymentMethod, TransactionRef) VALUES (2332,'2025-02-05',5486,'PayPal','TXN895692');
INSERT INTO [Order](CustomerID, OrderDate, Status, TotalAmount) VALUES (234,'2025-02-16','Delivered',0);
INSERT INTO OrderLines(OrderID, ProductID, Qty, UnitPrice) VALUES (2333,19,2,1430);
INSERT INTO OrderLines(OrderID, ProductID, Qty, UnitPrice) VALUES (2333,16,1,300);
INSERT INTO OrderLines(OrderID, ProductID, Qty, UnitPrice) VALUES (2333,46,1,819);
INSERT INTO OrderLines(OrderID, ProductID, Qty, UnitPrice) VALUES (2333,6,2,992);
UPDATE [Order] SET TotalAmount=5963 WHERE OrderID=2333;
INSERT INTO Payment(OrderID, PaymentDate, Amount, PaymentMethod, TransactionRef) VALUES (2333,'2025-02-21',5963,'Card','TXN249558');
INSERT INTO [Order](CustomerID, OrderDate, Status, TotalAmount) VALUES (234,'2025-09-12','Cancelled',0);
INSERT INTO OrderLines(OrderID, ProductID, Qty, UnitPrice) VALUES (2334,29,2,1339);
INSERT INTO OrderLines(OrderID, ProductID, Qty, UnitPrice) VALUES (2334,38,1,359);
INSERT INTO OrderLines(OrderID, ProductID, Qty, UnitPrice) VALUES (2334,8,2,1112);
INSERT INTO OrderLines(OrderID, ProductID, Qty, UnitPrice) VALUES (2334,2,3,1471);
UPDATE [Order] SET TotalAmount=9674 WHERE OrderID=2334;
INSERT INTO Payment(OrderID, PaymentDate, Amount, PaymentMethod, TransactionRef) VALUES (2334,'2025-09-17',9674,'Cash','TXN120531');
INSERT INTO [Order](CustomerID, OrderDate, Status, TotalAmount) VALUES (234,'2025-03-14','Processing',0);
INSERT INTO OrderLines(OrderID, ProductID, Qty, UnitPrice) VALUES (2335,8,3,735);
INSERT INTO OrderLines(OrderID, ProductID, Qty, UnitPrice) VALUES (2335,8,3,1340);
INSERT INTO OrderLines(OrderID, ProductID, Qty, UnitPrice) VALUES (2335,46,3,66);
INSERT INTO OrderLines(OrderID, ProductID, Qty, UnitPrice) VALUES (2335,9,3,723);
UPDATE [Order] SET TotalAmount=8592 WHERE OrderID=2335;
INSERT INTO Payment(OrderID, PaymentDate, Amount, PaymentMethod, TransactionRef) VALUES (2335,'2025-03-15',8592,'Card','TXN316646');
INSERT INTO [Order](CustomerID, OrderDate, Status, TotalAmount) VALUES (234,'2025-10-17','Cancelled',0);
INSERT INTO OrderLines(OrderID, ProductID, Qty, UnitPrice) VALUES (2336,41,2,317);
INSERT INTO OrderLines(OrderID, ProductID, Qty, UnitPrice) VALUES (2336,32,1,1302);
INSERT INTO OrderLines(OrderID, ProductID, Qty, UnitPrice) VALUES (2336,29,2,415);
INSERT INTO OrderLines(OrderID, ProductID, Qty, UnitPrice) VALUES (2336,17,1,186);
UPDATE [Order] SET TotalAmount=2952 WHERE OrderID=2336;
INSERT INTO Payment(OrderID, PaymentDate, Amount, PaymentMethod, TransactionRef) VALUES (2336,'2025-10-22',2952,'Cash','TXN679168');
INSERT INTO [Order](CustomerID, OrderDate, Status, TotalAmount) VALUES (234,'2025-12-27','Cancelled',0);
INSERT INTO OrderLines(OrderID, ProductID, Qty, UnitPrice) VALUES (2337,31,3,708);
INSERT INTO OrderLines(OrderID, ProductID, Qty, UnitPrice) VALUES (2337,9,3,589);
INSERT INTO OrderLines(OrderID, ProductID, Qty, UnitPrice) VALUES (2337,42,1,940);
INSERT INTO OrderLines(OrderID, ProductID, Qty, UnitPrice) VALUES (2337,12,3,225);
UPDATE [Order] SET TotalAmount=5506 WHERE OrderID=2337;
INSERT INTO Payment(OrderID, PaymentDate, Amount, PaymentMethod, TransactionRef) VALUES (2337,'2025-12-27',5506,'PayPal','TXN357808');
INSERT INTO [Order](CustomerID, OrderDate, Status, TotalAmount) VALUES (234,'2025-04-21','Shipped',0);
INSERT INTO OrderLines(OrderID, ProductID, Qty, UnitPrice) VALUES (2338,25,1,751);
INSERT INTO OrderLines(OrderID, ProductID, Qty, UnitPrice) VALUES (2338,32,1,1357);
INSERT INTO OrderLines(OrderID, ProductID, Qty, UnitPrice) VALUES (2338,43,1,1216);
INSERT INTO OrderLines(OrderID, ProductID, Qty, UnitPrice) VALUES (2338,18,2,379);
UPDATE [Order] SET TotalAmount=4082 WHERE OrderID=2338;
INSERT INTO Payment(OrderID, PaymentDate, Amount, PaymentMethod, TransactionRef) VALUES (2338,'2025-04-25',4082,'PayPal','TXN176082');
INSERT INTO [Order](CustomerID, OrderDate, Status, TotalAmount) VALUES (234,'2025-06-08','Delivered',0);
INSERT INTO OrderLines(OrderID, ProductID, Qty, UnitPrice) VALUES (2339,12,2,326);
INSERT INTO OrderLines(OrderID, ProductID, Qty, UnitPrice) VALUES (2339,22,1,1326);
INSERT INTO OrderLines(OrderID, ProductID, Qty, UnitPrice) VALUES (2339,15,1,1034);
INSERT INTO OrderLines(OrderID, ProductID, Qty, UnitPrice) VALUES (2339,43,2,1021);
UPDATE [Order] SET TotalAmount=5054 WHERE OrderID=2339;
INSERT INTO Payment(OrderID, PaymentDate, Amount, PaymentMethod, TransactionRef) VALUES (2339,'2025-06-12',5054,'Cash','TXN874998');
INSERT INTO [Order](CustomerID, OrderDate, Status, TotalAmount) VALUES (234,'2025-09-07','Shipped',0);
INSERT INTO OrderLines(OrderID, ProductID, Qty, UnitPrice) VALUES (2340,20,2,708);
INSERT INTO OrderLines(OrderID, ProductID, Qty, UnitPrice) VALUES (2340,30,1,153);
INSERT INTO OrderLines(OrderID, ProductID, Qty, UnitPrice) VALUES (2340,34,2,482);
INSERT INTO OrderLines(OrderID, ProductID, Qty, UnitPrice) VALUES (2340,46,1,1396);
UPDATE [Order] SET TotalAmount=3929 WHERE OrderID=2340;
INSERT INTO Payment(OrderID, PaymentDate, Amount, PaymentMethod, TransactionRef) VALUES (2340,'2025-09-12',3929,'Card','TXN997313');
INSERT INTO [Order](CustomerID, OrderDate, Status, TotalAmount) VALUES (235,'2025-07-10','Delivered',0);
INSERT INTO OrderLines(OrderID, ProductID, Qty, UnitPrice) VALUES (2341,36,3,1362);
INSERT INTO OrderLines(OrderID, ProductID, Qty, UnitPrice) VALUES (2341,43,2,757);
INSERT INTO OrderLines(OrderID, ProductID, Qty, UnitPrice) VALUES (2341,39,3,286);
INSERT INTO OrderLines(OrderID, ProductID, Qty, UnitPrice) VALUES (2341,29,3,334);
UPDATE [Order] SET TotalAmount=7460 WHERE OrderID=2341;
INSERT INTO Payment(OrderID, PaymentDate, Amount, PaymentMethod, TransactionRef) VALUES (2341,'2025-07-14',7460,'Card','TXN506527');
INSERT INTO [Order](CustomerID, OrderDate, Status, TotalAmount) VALUES (235,'2025-04-15','Delivered',0);
INSERT INTO OrderLines(OrderID, ProductID, Qty, UnitPrice) VALUES (2342,45,1,1497);
INSERT INTO OrderLines(OrderID, ProductID, Qty, UnitPrice) VALUES (2342,8,1,175);
INSERT INTO OrderLines(OrderID, ProductID, Qty, UnitPrice) VALUES (2342,6,2,1329);
INSERT INTO OrderLines(OrderID, ProductID, Qty, UnitPrice) VALUES (2342,32,1,1273);
UPDATE [Order] SET TotalAmount=5603 WHERE OrderID=2342;
INSERT INTO Payment(OrderID, PaymentDate, Amount, PaymentMethod, TransactionRef) VALUES (2342,'2025-04-19',5603,'PayPal','TXN777148');
INSERT INTO [Order](CustomerID, OrderDate, Status, TotalAmount) VALUES (235,'2025-08-30','Delivered',0);
INSERT INTO OrderLines(OrderID, ProductID, Qty, UnitPrice) VALUES (2343,48,2,939);
INSERT INTO OrderLines(OrderID, ProductID, Qty, UnitPrice) VALUES (2343,40,2,1316);
INSERT INTO OrderLines(OrderID, ProductID, Qty, UnitPrice) VALUES (2343,38,1,284);
INSERT INTO OrderLines(OrderID, ProductID, Qty, UnitPrice) VALUES (2343,15,2,752);
UPDATE [Order] SET TotalAmount=6298 WHERE OrderID=2343;
INSERT INTO Payment(OrderID, PaymentDate, Amount, PaymentMethod, TransactionRef) VALUES (2343,'2025-08-30',6298,'Card','TXN241239');
INSERT INTO [Order](CustomerID, OrderDate, Status, TotalAmount) VALUES (235,'2025-01-27','Processing',0);
INSERT INTO OrderLines(OrderID, ProductID, Qty, UnitPrice) VALUES (2344,16,3,860);
INSERT INTO OrderLines(OrderID, ProductID, Qty, UnitPrice) VALUES (2344,22,3,1410);
INSERT INTO OrderLines(OrderID, ProductID, Qty, UnitPrice) VALUES (2344,5,3,219);
INSERT INTO OrderLines(OrderID, ProductID, Qty, UnitPrice) VALUES (2344,48,3,1364);
UPDATE [Order] SET TotalAmount=11559 WHERE OrderID=2344;
INSERT INTO Payment(OrderID, PaymentDate, Amount, PaymentMethod, TransactionRef) VALUES (2344,'2025-01-31',11559,'Card','TXN552202');
INSERT INTO [Order](CustomerID, OrderDate, Status, TotalAmount) VALUES (235,'2025-05-18','Processing',0);
INSERT INTO OrderLines(OrderID, ProductID, Qty, UnitPrice) VALUES (2345,9,2,1189);
INSERT INTO OrderLines(OrderID, ProductID, Qty, UnitPrice) VALUES (2345,31,1,225);
INSERT INTO OrderLines(OrderID, ProductID, Qty, UnitPrice) VALUES (2345,46,3,615);
INSERT INTO OrderLines(OrderID, ProductID, Qty, UnitPrice) VALUES (2345,45,1,487);
UPDATE [Order] SET TotalAmount=4935 WHERE OrderID=2345;
INSERT INTO Payment(OrderID, PaymentDate, Amount, PaymentMethod, TransactionRef) VALUES (2345,'2025-05-22',4935,'PayPal','TXN964977');
INSERT INTO [Order](CustomerID, OrderDate, Status, TotalAmount) VALUES (235,'2025-04-21','Delivered',0);
INSERT INTO OrderLines(OrderID, ProductID, Qty, UnitPrice) VALUES (2346,44,3,887);
INSERT INTO OrderLines(OrderID, ProductID, Qty, UnitPrice) VALUES (2346,48,3,1024);
INSERT INTO OrderLines(OrderID, ProductID, Qty, UnitPrice) VALUES (2346,9,3,43);
INSERT INTO OrderLines(OrderID, ProductID, Qty, UnitPrice) VALUES (2346,36,2,576);
UPDATE [Order] SET TotalAmount=7014 WHERE OrderID=2346;
INSERT INTO Payment(OrderID, PaymentDate, Amount, PaymentMethod, TransactionRef) VALUES (2346,'2025-04-21',7014,'Cash','TXN306772');
INSERT INTO [Order](CustomerID, OrderDate, Status, TotalAmount) VALUES (235,'2025-04-14','Shipped',0);
INSERT INTO OrderLines(OrderID, ProductID, Qty, UnitPrice) VALUES (2347,29,1,629);
INSERT INTO OrderLines(OrderID, ProductID, Qty, UnitPrice) VALUES (2347,36,2,1106);
INSERT INTO OrderLines(OrderID, ProductID, Qty, UnitPrice) VALUES (2347,20,2,599);
INSERT INTO OrderLines(OrderID, ProductID, Qty, UnitPrice) VALUES (2347,25,1,123);
UPDATE [Order] SET TotalAmount=4162 WHERE OrderID=2347;
INSERT INTO Payment(OrderID, PaymentDate, Amount, PaymentMethod, TransactionRef) VALUES (2347,'2025-04-19',4162,'Card','TXN173496');
INSERT INTO [Order](CustomerID, OrderDate, Status, TotalAmount) VALUES (235,'2025-01-08','Shipped',0);
INSERT INTO OrderLines(OrderID, ProductID, Qty, UnitPrice) VALUES (2348,19,1,664);
INSERT INTO OrderLines(OrderID, ProductID, Qty, UnitPrice) VALUES (2348,43,2,100);
INSERT INTO OrderLines(OrderID, ProductID, Qty, UnitPrice) VALUES (2348,26,3,209);
INSERT INTO OrderLines(OrderID, ProductID, Qty, UnitPrice) VALUES (2348,17,3,111);
UPDATE [Order] SET TotalAmount=1824 WHERE OrderID=2348;
INSERT INTO Payment(OrderID, PaymentDate, Amount, PaymentMethod, TransactionRef) VALUES (2348,'2025-01-12',1824,'PayPal','TXN149495');
INSERT INTO [Order](CustomerID, OrderDate, Status, TotalAmount) VALUES (235,'2025-10-14','Delivered',0);
INSERT INTO OrderLines(OrderID, ProductID, Qty, UnitPrice) VALUES (2349,14,3,773);
INSERT INTO OrderLines(OrderID, ProductID, Qty, UnitPrice) VALUES (2349,12,1,1352);
INSERT INTO OrderLines(OrderID, ProductID, Qty, UnitPrice) VALUES (2349,42,1,159);
INSERT INTO OrderLines(OrderID, ProductID, Qty, UnitPrice) VALUES (2349,15,2,1365);
UPDATE [Order] SET TotalAmount=6560 WHERE OrderID=2349;
INSERT INTO Payment(OrderID, PaymentDate, Amount, PaymentMethod, TransactionRef) VALUES (2349,'2025-10-14',6560,'PayPal','TXN924681');
INSERT INTO [Order](CustomerID, OrderDate, Status, TotalAmount) VALUES (235,'2025-07-28','Shipped',0);
INSERT INTO OrderLines(OrderID, ProductID, Qty, UnitPrice) VALUES (2350,27,1,60);
INSERT INTO OrderLines(OrderID, ProductID, Qty, UnitPrice) VALUES (2350,30,3,805);
INSERT INTO OrderLines(OrderID, ProductID, Qty, UnitPrice) VALUES (2350,30,1,761);
INSERT INTO OrderLines(OrderID, ProductID, Qty, UnitPrice) VALUES (2350,26,3,1131);
UPDATE [Order] SET TotalAmount=6629 WHERE OrderID=2350;
INSERT INTO Payment(OrderID, PaymentDate, Amount, PaymentMethod, TransactionRef) VALUES (2350,'2025-08-02',6629,'Cash','TXN410430');
INSERT INTO [Order](CustomerID, OrderDate, Status, TotalAmount) VALUES (236,'2025-02-19','Delivered',0);
INSERT INTO OrderLines(OrderID, ProductID, Qty, UnitPrice) VALUES (2351,29,1,985);
INSERT INTO OrderLines(OrderID, ProductID, Qty, UnitPrice) VALUES (2351,46,1,1415);
INSERT INTO OrderLines(OrderID, ProductID, Qty, UnitPrice) VALUES (2351,49,3,405);
INSERT INTO OrderLines(OrderID, ProductID, Qty, UnitPrice) VALUES (2351,8,2,426);
UPDATE [Order] SET TotalAmount=4467 WHERE OrderID=2351;
INSERT INTO Payment(OrderID, PaymentDate, Amount, PaymentMethod, TransactionRef) VALUES (2351,'2025-02-22',4467,'Card','TXN778034');
INSERT INTO [Order](CustomerID, OrderDate, Status, TotalAmount) VALUES (236,'2025-10-15','Processing',0);
INSERT INTO OrderLines(OrderID, ProductID, Qty, UnitPrice) VALUES (2352,2,3,1334);
INSERT INTO OrderLines(OrderID, ProductID, Qty, UnitPrice) VALUES (2352,14,2,172);
INSERT INTO OrderLines(OrderID, ProductID, Qty, UnitPrice) VALUES (2352,44,2,276);
INSERT INTO OrderLines(OrderID, ProductID, Qty, UnitPrice) VALUES (2352,21,3,746);
UPDATE [Order] SET TotalAmount=7136 WHERE OrderID=2352;
INSERT INTO Payment(OrderID, PaymentDate, Amount, PaymentMethod, TransactionRef) VALUES (2352,'2025-10-18',7136,'Card','TXN720781');
INSERT INTO [Order](CustomerID, OrderDate, Status, TotalAmount) VALUES (236,'2025-07-25','Shipped',0);
INSERT INTO OrderLines(OrderID, ProductID, Qty, UnitPrice) VALUES (2353,5,3,206);
INSERT INTO OrderLines(OrderID, ProductID, Qty, UnitPrice) VALUES (2353,33,2,1486);
INSERT INTO OrderLines(OrderID, ProductID, Qty, UnitPrice) VALUES (2353,17,1,527);
INSERT INTO OrderLines(OrderID, ProductID, Qty, UnitPrice) VALUES (2353,43,3,43);
UPDATE [Order] SET TotalAmount=4246 WHERE OrderID=2353;
INSERT INTO Payment(OrderID, PaymentDate, Amount, PaymentMethod, TransactionRef) VALUES (2353,'2025-07-25',4246,'Cash','TXN267065');
INSERT INTO [Order](CustomerID, OrderDate, Status, TotalAmount) VALUES (236,'2025-08-20','Processing',0);
INSERT INTO OrderLines(OrderID, ProductID, Qty, UnitPrice) VALUES (2354,10,2,600);
INSERT INTO OrderLines(OrderID, ProductID, Qty, UnitPrice) VALUES (2354,45,1,552);
INSERT INTO OrderLines(OrderID, ProductID, Qty, UnitPrice) VALUES (2354,25,2,1364);
INSERT INTO OrderLines(OrderID, ProductID, Qty, UnitPrice) VALUES (2354,40,2,669);
UPDATE [Order] SET TotalAmount=5818 WHERE OrderID=2354;
INSERT INTO Payment(OrderID, PaymentDate, Amount, PaymentMethod, TransactionRef) VALUES (2354,'2025-08-21',5818,'Cash','TXN206671');
INSERT INTO [Order](CustomerID, OrderDate, Status, TotalAmount) VALUES (236,'2025-12-06','Processing',0);
INSERT INTO OrderLines(OrderID, ProductID, Qty, UnitPrice) VALUES (2355,25,3,1288);
INSERT INTO OrderLines(OrderID, ProductID, Qty, UnitPrice) VALUES (2355,15,2,661);
INSERT INTO OrderLines(OrderID, ProductID, Qty, UnitPrice) VALUES (2355,13,2,460);
INSERT INTO OrderLines(OrderID, ProductID, Qty, UnitPrice) VALUES (2355,34,1,1050);
UPDATE [Order] SET TotalAmount=7156 WHERE OrderID=2355;
INSERT INTO Payment(OrderID, PaymentDate, Amount, PaymentMethod, TransactionRef) VALUES (2355,'2025-12-09',7156,'Card','TXN155039');
INSERT INTO [Order](CustomerID, OrderDate, Status, TotalAmount) VALUES (236,'2025-04-24','Cancelled',0);
INSERT INTO OrderLines(OrderID, ProductID, Qty, UnitPrice) VALUES (2356,33,2,1010);
INSERT INTO OrderLines(OrderID, ProductID, Qty, UnitPrice) VALUES (2356,10,3,430);
INSERT INTO OrderLines(OrderID, ProductID, Qty, UnitPrice) VALUES (2356,16,2,993);
INSERT INTO OrderLines(OrderID, ProductID, Qty, UnitPrice) VALUES (2356,50,3,452);
UPDATE [Order] SET TotalAmount=6652 WHERE OrderID=2356;
INSERT INTO Payment(OrderID, PaymentDate, Amount, PaymentMethod, TransactionRef) VALUES (2356,'2025-04-24',6652,'Card','TXN863808');
INSERT INTO [Order](CustomerID, OrderDate, Status, TotalAmount) VALUES (236,'2025-01-07','Delivered',0);
INSERT INTO OrderLines(OrderID, ProductID, Qty, UnitPrice) VALUES (2357,29,1,96);
INSERT INTO OrderLines(OrderID, ProductID, Qty, UnitPrice) VALUES (2357,11,3,980);
INSERT INTO OrderLines(OrderID, ProductID, Qty, UnitPrice) VALUES (2357,33,2,73);
INSERT INTO OrderLines(OrderID, ProductID, Qty, UnitPrice) VALUES (2357,27,1,673);
UPDATE [Order] SET TotalAmount=3855 WHERE OrderID=2357;
INSERT INTO Payment(OrderID, PaymentDate, Amount, PaymentMethod, TransactionRef) VALUES (2357,'2025-01-10',3855,'Card','TXN919902');
INSERT INTO [Order](CustomerID, OrderDate, Status, TotalAmount) VALUES (236,'2025-07-06','Shipped',0);
INSERT INTO OrderLines(OrderID, ProductID, Qty, UnitPrice) VALUES (2358,43,3,1184);
INSERT INTO OrderLines(OrderID, ProductID, Qty, UnitPrice) VALUES (2358,39,1,810);
INSERT INTO OrderLines(OrderID, ProductID, Qty, UnitPrice) VALUES (2358,12,2,551);
INSERT INTO OrderLines(OrderID, ProductID, Qty, UnitPrice) VALUES (2358,18,1,28);
UPDATE [Order] SET TotalAmount=5492 WHERE OrderID=2358;
INSERT INTO Payment(OrderID, PaymentDate, Amount, PaymentMethod, TransactionRef) VALUES (2358,'2025-07-07',5492,'Card','TXN959310');
INSERT INTO [Order](CustomerID, OrderDate, Status, TotalAmount) VALUES (236,'2025-02-02','Shipped',0);
INSERT INTO OrderLines(OrderID, ProductID, Qty, UnitPrice) VALUES (2359,32,3,603);
INSERT INTO OrderLines(OrderID, ProductID, Qty, UnitPrice) VALUES (2359,34,3,624);
INSERT INTO OrderLines(OrderID, ProductID, Qty, UnitPrice) VALUES (2359,36,3,341);
INSERT INTO OrderLines(OrderID, ProductID, Qty, UnitPrice) VALUES (2359,29,2,776);
UPDATE [Order] SET TotalAmount=6256 WHERE OrderID=2359;
INSERT INTO Payment(OrderID, PaymentDate, Amount, PaymentMethod, TransactionRef) VALUES (2359,'2025-02-06',6256,'Card','TXN970780');
INSERT INTO [Order](CustomerID, OrderDate, Status, TotalAmount) VALUES (236,'2025-08-04','Delivered',0);
INSERT INTO OrderLines(OrderID, ProductID, Qty, UnitPrice) VALUES (2360,18,3,633);
INSERT INTO OrderLines(OrderID, ProductID, Qty, UnitPrice) VALUES (2360,24,2,1254);
INSERT INTO OrderLines(OrderID, ProductID, Qty, UnitPrice) VALUES (2360,30,3,1396);
INSERT INTO OrderLines(OrderID, ProductID, Qty, UnitPrice) VALUES (2360,32,1,148);
UPDATE [Order] SET TotalAmount=8743 WHERE OrderID=2360;
INSERT INTO Payment(OrderID, PaymentDate, Amount, PaymentMethod, TransactionRef) VALUES (2360,'2025-08-08',8743,'PayPal','TXN459640');
INSERT INTO [Order](CustomerID, OrderDate, Status, TotalAmount) VALUES (237,'2025-04-15','Processing',0);
INSERT INTO OrderLines(OrderID, ProductID, Qty, UnitPrice) VALUES (2361,39,2,1490);
INSERT INTO OrderLines(OrderID, ProductID, Qty, UnitPrice) VALUES (2361,28,1,449);
INSERT INTO OrderLines(OrderID, ProductID, Qty, UnitPrice) VALUES (2361,14,2,295);
INSERT INTO OrderLines(OrderID, ProductID, Qty, UnitPrice) VALUES (2361,17,3,206);
UPDATE [Order] SET TotalAmount=4637 WHERE OrderID=2361;
INSERT INTO Payment(OrderID, PaymentDate, Amount, PaymentMethod, TransactionRef) VALUES (2361,'2025-04-18',4637,'PayPal','TXN577436');
INSERT INTO [Order](CustomerID, OrderDate, Status, TotalAmount) VALUES (237,'2025-04-05','Delivered',0);
INSERT INTO OrderLines(OrderID, ProductID, Qty, UnitPrice) VALUES (2362,49,2,818);
INSERT INTO OrderLines(OrderID, ProductID, Qty, UnitPrice) VALUES (2362,14,2,1132);
INSERT INTO OrderLines(OrderID, ProductID, Qty, UnitPrice) VALUES (2362,18,1,861);
INSERT INTO OrderLines(OrderID, ProductID, Qty, UnitPrice) VALUES (2362,10,3,989);
UPDATE [Order] SET TotalAmount=7728 WHERE OrderID=2362;
INSERT INTO Payment(OrderID, PaymentDate, Amount, PaymentMethod, TransactionRef) VALUES (2362,'2025-04-10',7728,'Cash','TXN505508');
INSERT INTO [Order](CustomerID, OrderDate, Status, TotalAmount) VALUES (237,'2025-11-01','Cancelled',0);
INSERT INTO OrderLines(OrderID, ProductID, Qty, UnitPrice) VALUES (2363,49,1,850);
INSERT INTO OrderLines(OrderID, ProductID, Qty, UnitPrice) VALUES (2363,12,2,1093);
INSERT INTO OrderLines(OrderID, ProductID, Qty, UnitPrice) VALUES (2363,28,2,337);
INSERT INTO OrderLines(OrderID, ProductID, Qty, UnitPrice) VALUES (2363,12,3,755);
UPDATE [Order] SET TotalAmount=5975 WHERE OrderID=2363;
INSERT INTO Payment(OrderID, PaymentDate, Amount, PaymentMethod, TransactionRef) VALUES (2363,'2025-11-01',5975,'Card','TXN854114');
INSERT INTO [Order](CustomerID, OrderDate, Status, TotalAmount) VALUES (237,'2025-06-10','Shipped',0);
INSERT INTO OrderLines(OrderID, ProductID, Qty, UnitPrice) VALUES (2364,43,3,843);
INSERT INTO OrderLines(OrderID, ProductID, Qty, UnitPrice) VALUES (2364,41,3,1142);
INSERT INTO OrderLines(OrderID, ProductID, Qty, UnitPrice) VALUES (2364,8,2,437);
INSERT INTO OrderLines(OrderID, ProductID, Qty, UnitPrice) VALUES (2364,42,3,1208);
UPDATE [Order] SET TotalAmount=10453 WHERE OrderID=2364;
INSERT INTO Payment(OrderID, PaymentDate, Amount, PaymentMethod, TransactionRef) VALUES (2364,'2025-06-15',10453,'PayPal','TXN863948');
INSERT INTO [Order](CustomerID, OrderDate, Status, TotalAmount) VALUES (237,'2025-02-13','Shipped',0);
INSERT INTO OrderLines(OrderID, ProductID, Qty, UnitPrice) VALUES (2365,25,1,21);
INSERT INTO OrderLines(OrderID, ProductID, Qty, UnitPrice) VALUES (2365,4,1,172);
INSERT INTO OrderLines(OrderID, ProductID, Qty, UnitPrice) VALUES (2365,5,3,763);
INSERT INTO OrderLines(OrderID, ProductID, Qty, UnitPrice) VALUES (2365,44,3,1197);
UPDATE [Order] SET TotalAmount=6073 WHERE OrderID=2365;
INSERT INTO Payment(OrderID, PaymentDate, Amount, PaymentMethod, TransactionRef) VALUES (2365,'2025-02-16',6073,'Card','TXN172239');
INSERT INTO [Order](CustomerID, OrderDate, Status, TotalAmount) VALUES (237,'2025-07-23','Processing',0);
INSERT INTO OrderLines(OrderID, ProductID, Qty, UnitPrice) VALUES (2366,43,1,204);
INSERT INTO OrderLines(OrderID, ProductID, Qty, UnitPrice) VALUES (2366,49,2,739);
INSERT INTO OrderLines(OrderID, ProductID, Qty, UnitPrice) VALUES (2366,1,3,671);
INSERT INTO OrderLines(OrderID, ProductID, Qty, UnitPrice) VALUES (2366,21,2,408);
UPDATE [Order] SET TotalAmount=4511 WHERE OrderID=2366;
INSERT INTO Payment(OrderID, PaymentDate, Amount, PaymentMethod, TransactionRef) VALUES (2366,'2025-07-25',4511,'PayPal','TXN282971');
INSERT INTO [Order](CustomerID, OrderDate, Status, TotalAmount) VALUES (237,'2025-08-17','Shipped',0);
INSERT INTO OrderLines(OrderID, ProductID, Qty, UnitPrice) VALUES (2367,14,2,925);
INSERT INTO OrderLines(OrderID, ProductID, Qty, UnitPrice) VALUES (2367,45,3,389);
INSERT INTO OrderLines(OrderID, ProductID, Qty, UnitPrice) VALUES (2367,4,3,1002);
INSERT INTO OrderLines(OrderID, ProductID, Qty, UnitPrice) VALUES (2367,7,2,822);
UPDATE [Order] SET TotalAmount=7667 WHERE OrderID=2367;
INSERT INTO Payment(OrderID, PaymentDate, Amount, PaymentMethod, TransactionRef) VALUES (2367,'2025-08-19',7667,'Card','TXN230069');
INSERT INTO [Order](CustomerID, OrderDate, Status, TotalAmount) VALUES (237,'2025-05-16','Delivered',0);
INSERT INTO OrderLines(OrderID, ProductID, Qty, UnitPrice) VALUES (2368,25,2,438);
INSERT INTO OrderLines(OrderID, ProductID, Qty, UnitPrice) VALUES (2368,41,1,407);
INSERT INTO OrderLines(OrderID, ProductID, Qty, UnitPrice) VALUES (2368,36,1,589);
INSERT INTO OrderLines(OrderID, ProductID, Qty, UnitPrice) VALUES (2368,9,1,892);
UPDATE [Order] SET TotalAmount=2764 WHERE OrderID=2368;
INSERT INTO Payment(OrderID, PaymentDate, Amount, PaymentMethod, TransactionRef) VALUES (2368,'2025-05-18',2764,'Card','TXN603137');
INSERT INTO [Order](CustomerID, OrderDate, Status, TotalAmount) VALUES (237,'2025-09-12','Processing',0);
INSERT INTO OrderLines(OrderID, ProductID, Qty, UnitPrice) VALUES (2369,14,2,441);
INSERT INTO OrderLines(OrderID, ProductID, Qty, UnitPrice) VALUES (2369,3,1,251);
INSERT INTO OrderLines(OrderID, ProductID, Qty, UnitPrice) VALUES (2369,10,1,446);
INSERT INTO OrderLines(OrderID, ProductID, Qty, UnitPrice) VALUES (2369,37,1,911);
UPDATE [Order] SET TotalAmount=2490 WHERE OrderID=2369;
INSERT INTO Payment(OrderID, PaymentDate, Amount, PaymentMethod, TransactionRef) VALUES (2369,'2025-09-17',2490,'Card','TXN104699');
INSERT INTO [Order](CustomerID, OrderDate, Status, TotalAmount) VALUES (237,'2025-02-01','Delivered',0);
INSERT INTO OrderLines(OrderID, ProductID, Qty, UnitPrice) VALUES (2370,9,3,1176);
INSERT INTO OrderLines(OrderID, ProductID, Qty, UnitPrice) VALUES (2370,19,2,737);
INSERT INTO OrderLines(OrderID, ProductID, Qty, UnitPrice) VALUES (2370,34,3,487);
INSERT INTO OrderLines(OrderID, ProductID, Qty, UnitPrice) VALUES (2370,27,2,826);
UPDATE [Order] SET TotalAmount=8115 WHERE OrderID=2370;
INSERT INTO Payment(OrderID, PaymentDate, Amount, PaymentMethod, TransactionRef) VALUES (2370,'2025-02-05',8115,'Card','TXN421020');
INSERT INTO [Order](CustomerID, OrderDate, Status, TotalAmount) VALUES (238,'2025-03-16','Shipped',0);
INSERT INTO OrderLines(OrderID, ProductID, Qty, UnitPrice) VALUES (2371,44,3,736);
INSERT INTO OrderLines(OrderID, ProductID, Qty, UnitPrice) VALUES (2371,8,2,1314);
INSERT INTO OrderLines(OrderID, ProductID, Qty, UnitPrice) VALUES (2371,12,2,704);
INSERT INTO OrderLines(OrderID, ProductID, Qty, UnitPrice) VALUES (2371,25,1,599);
UPDATE [Order] SET TotalAmount=6843 WHERE OrderID=2371;
INSERT INTO Payment(OrderID, PaymentDate, Amount, PaymentMethod, TransactionRef) VALUES (2371,'2025-03-21',6843,'Cash','TXN754970');
INSERT INTO [Order](CustomerID, OrderDate, Status, TotalAmount) VALUES (238,'2025-02-09','Shipped',0);
INSERT INTO OrderLines(OrderID, ProductID, Qty, UnitPrice) VALUES (2372,33,3,1123);
INSERT INTO OrderLines(OrderID, ProductID, Qty, UnitPrice) VALUES (2372,35,2,528);
INSERT INTO OrderLines(OrderID, ProductID, Qty, UnitPrice) VALUES (2372,44,3,1157);
INSERT INTO OrderLines(OrderID, ProductID, Qty, UnitPrice) VALUES (2372,11,1,1161);
UPDATE [Order] SET TotalAmount=9057 WHERE OrderID=2372;
INSERT INTO Payment(OrderID, PaymentDate, Amount, PaymentMethod, TransactionRef) VALUES (2372,'2025-02-14',9057,'Cash','TXN935464');
INSERT INTO [Order](CustomerID, OrderDate, Status, TotalAmount) VALUES (238,'2025-03-25','Shipped',0);
INSERT INTO OrderLines(OrderID, ProductID, Qty, UnitPrice) VALUES (2373,39,3,1283);
INSERT INTO OrderLines(OrderID, ProductID, Qty, UnitPrice) VALUES (2373,10,1,1082);
INSERT INTO OrderLines(OrderID, ProductID, Qty, UnitPrice) VALUES (2373,35,1,434);
INSERT INTO OrderLines(OrderID, ProductID, Qty, UnitPrice) VALUES (2373,35,2,1456);
UPDATE [Order] SET TotalAmount=8277 WHERE OrderID=2373;
INSERT INTO Payment(OrderID, PaymentDate, Amount, PaymentMethod, TransactionRef) VALUES (2373,'2025-03-28',8277,'Card','TXN207455');
INSERT INTO [Order](CustomerID, OrderDate, Status, TotalAmount) VALUES (238,'2025-10-10','Processing',0);
INSERT INTO OrderLines(OrderID, ProductID, Qty, UnitPrice) VALUES (2374,46,1,266);
INSERT INTO OrderLines(OrderID, ProductID, Qty, UnitPrice) VALUES (2374,36,3,1176);
INSERT INTO OrderLines(OrderID, ProductID, Qty, UnitPrice) VALUES (2374,21,1,717);
INSERT INTO OrderLines(OrderID, ProductID, Qty, UnitPrice) VALUES (2374,1,2,908);
UPDATE [Order] SET TotalAmount=6327 WHERE OrderID=2374;
INSERT INTO Payment(OrderID, PaymentDate, Amount, PaymentMethod, TransactionRef) VALUES (2374,'2025-10-15',6327,'Cash','TXN296000');
INSERT INTO [Order](CustomerID, OrderDate, Status, TotalAmount) VALUES (238,'2025-04-23','Delivered',0);
INSERT INTO OrderLines(OrderID, ProductID, Qty, UnitPrice) VALUES (2375,11,3,169);
INSERT INTO OrderLines(OrderID, ProductID, Qty, UnitPrice) VALUES (2375,39,3,1280);
INSERT INTO OrderLines(OrderID, ProductID, Qty, UnitPrice) VALUES (2375,31,2,1256);
INSERT INTO OrderLines(OrderID, ProductID, Qty, UnitPrice) VALUES (2375,42,3,562);
UPDATE [Order] SET TotalAmount=8545 WHERE OrderID=2375;
INSERT INTO Payment(OrderID, PaymentDate, Amount, PaymentMethod, TransactionRef) VALUES (2375,'2025-04-24',8545,'Cash','TXN298981');
INSERT INTO [Order](CustomerID, OrderDate, Status, TotalAmount) VALUES (238,'2025-04-26','Cancelled',0);
INSERT INTO OrderLines(OrderID, ProductID, Qty, UnitPrice) VALUES (2376,26,1,568);
INSERT INTO OrderLines(OrderID, ProductID, Qty, UnitPrice) VALUES (2376,38,1,72);
INSERT INTO OrderLines(OrderID, ProductID, Qty, UnitPrice) VALUES (2376,32,1,1493);
INSERT INTO OrderLines(OrderID, ProductID, Qty, UnitPrice) VALUES (2376,40,3,876);
UPDATE [Order] SET TotalAmount=4761 WHERE OrderID=2376;
INSERT INTO Payment(OrderID, PaymentDate, Amount, PaymentMethod, TransactionRef) VALUES (2376,'2025-04-27',4761,'Card','TXN135570');
INSERT INTO [Order](CustomerID, OrderDate, Status, TotalAmount) VALUES (238,'2025-04-07','Cancelled',0);
INSERT INTO OrderLines(OrderID, ProductID, Qty, UnitPrice) VALUES (2377,16,3,1060);
INSERT INTO OrderLines(OrderID, ProductID, Qty, UnitPrice) VALUES (2377,29,1,841);
INSERT INTO OrderLines(OrderID, ProductID, Qty, UnitPrice) VALUES (2377,44,2,1290);
INSERT INTO OrderLines(OrderID, ProductID, Qty, UnitPrice) VALUES (2377,50,1,256);
UPDATE [Order] SET TotalAmount=6857 WHERE OrderID=2377;
INSERT INTO Payment(OrderID, PaymentDate, Amount, PaymentMethod, TransactionRef) VALUES (2377,'2025-04-07',6857,'PayPal','TXN612324');
INSERT INTO [Order](CustomerID, OrderDate, Status, TotalAmount) VALUES (238,'2025-09-10','Shipped',0);
INSERT INTO OrderLines(OrderID, ProductID, Qty, UnitPrice) VALUES (2378,17,3,778);
INSERT INTO OrderLines(OrderID, ProductID, Qty, UnitPrice) VALUES (2378,31,1,579);
INSERT INTO OrderLines(OrderID, ProductID, Qty, UnitPrice) VALUES (2378,41,3,1318);
INSERT INTO OrderLines(OrderID, ProductID, Qty, UnitPrice) VALUES (2378,38,3,677);
UPDATE [Order] SET TotalAmount=8898 WHERE OrderID=2378;
INSERT INTO Payment(OrderID, PaymentDate, Amount, PaymentMethod, TransactionRef) VALUES (2378,'2025-09-12',8898,'PayPal','TXN746259');
INSERT INTO [Order](CustomerID, OrderDate, Status, TotalAmount) VALUES (238,'2025-06-30','Cancelled',0);
INSERT INTO OrderLines(OrderID, ProductID, Qty, UnitPrice) VALUES (2379,4,3,511);
INSERT INTO OrderLines(OrderID, ProductID, Qty, UnitPrice) VALUES (2379,43,2,118);
INSERT INTO OrderLines(OrderID, ProductID, Qty, UnitPrice) VALUES (2379,21,3,1212);
INSERT INTO OrderLines(OrderID, ProductID, Qty, UnitPrice) VALUES (2379,33,1,992);
UPDATE [Order] SET TotalAmount=6397 WHERE OrderID=2379;
INSERT INTO Payment(OrderID, PaymentDate, Amount, PaymentMethod, TransactionRef) VALUES (2379,'2025-07-02',6397,'Cash','TXN173021');
INSERT INTO [Order](CustomerID, OrderDate, Status, TotalAmount) VALUES (238,'2025-04-12','Cancelled',0);
INSERT INTO OrderLines(OrderID, ProductID, Qty, UnitPrice) VALUES (2380,22,2,1490);
INSERT INTO OrderLines(OrderID, ProductID, Qty, UnitPrice) VALUES (2380,2,1,1108);
INSERT INTO OrderLines(OrderID, ProductID, Qty, UnitPrice) VALUES (2380,35,1,1034);
INSERT INTO OrderLines(OrderID, ProductID, Qty, UnitPrice) VALUES (2380,34,3,622);
UPDATE [Order] SET TotalAmount=6988 WHERE OrderID=2380;
INSERT INTO Payment(OrderID, PaymentDate, Amount, PaymentMethod, TransactionRef) VALUES (2380,'2025-04-16',6988,'Card','TXN794197');
INSERT INTO [Order](CustomerID, OrderDate, Status, TotalAmount) VALUES (239,'2025-01-04','Cancelled',0);
INSERT INTO OrderLines(OrderID, ProductID, Qty, UnitPrice) VALUES (2381,39,2,167);
INSERT INTO OrderLines(OrderID, ProductID, Qty, UnitPrice) VALUES (2381,49,1,835);
INSERT INTO OrderLines(OrderID, ProductID, Qty, UnitPrice) VALUES (2381,22,3,143);
INSERT INTO OrderLines(OrderID, ProductID, Qty, UnitPrice) VALUES (2381,41,2,264);
UPDATE [Order] SET TotalAmount=2126 WHERE OrderID=2381;
INSERT INTO Payment(OrderID, PaymentDate, Amount, PaymentMethod, TransactionRef) VALUES (2381,'2025-01-06',2126,'PayPal','TXN823254');
INSERT INTO [Order](CustomerID, OrderDate, Status, TotalAmount) VALUES (239,'2025-01-22','Processing',0);
INSERT INTO OrderLines(OrderID, ProductID, Qty, UnitPrice) VALUES (2382,2,3,508);
INSERT INTO OrderLines(OrderID, ProductID, Qty, UnitPrice) VALUES (2382,19,2,1023);
INSERT INTO OrderLines(OrderID, ProductID, Qty, UnitPrice) VALUES (2382,32,3,446);
INSERT INTO OrderLines(OrderID, ProductID, Qty, UnitPrice) VALUES (2382,23,2,70);
UPDATE [Order] SET TotalAmount=5048 WHERE OrderID=2382;
INSERT INTO Payment(OrderID, PaymentDate, Amount, PaymentMethod, TransactionRef) VALUES (2382,'2025-01-23',5048,'Card','TXN703681');
INSERT INTO [Order](CustomerID, OrderDate, Status, TotalAmount) VALUES (239,'2025-05-19','Cancelled',0);
INSERT INTO OrderLines(OrderID, ProductID, Qty, UnitPrice) VALUES (2383,4,1,348);
INSERT INTO OrderLines(OrderID, ProductID, Qty, UnitPrice) VALUES (2383,44,3,1203);
INSERT INTO OrderLines(OrderID, ProductID, Qty, UnitPrice) VALUES (2383,33,3,1102);
INSERT INTO OrderLines(OrderID, ProductID, Qty, UnitPrice) VALUES (2383,37,1,737);
UPDATE [Order] SET TotalAmount=8000 WHERE OrderID=2383;
INSERT INTO Payment(OrderID, PaymentDate, Amount, PaymentMethod, TransactionRef) VALUES (2383,'2025-05-21',8000,'Cash','TXN198392');
INSERT INTO [Order](CustomerID, OrderDate, Status, TotalAmount) VALUES (239,'2025-10-05','Delivered',0);
INSERT INTO OrderLines(OrderID, ProductID, Qty, UnitPrice) VALUES (2384,37,2,911);
INSERT INTO OrderLines(OrderID, ProductID, Qty, UnitPrice) VALUES (2384,25,3,1277);
INSERT INTO OrderLines(OrderID, ProductID, Qty, UnitPrice) VALUES (2384,8,1,987);
INSERT INTO OrderLines(OrderID, ProductID, Qty, UnitPrice) VALUES (2384,9,1,677);
UPDATE [Order] SET TotalAmount=7317 WHERE OrderID=2384;
INSERT INTO Payment(OrderID, PaymentDate, Amount, PaymentMethod, TransactionRef) VALUES (2384,'2025-10-08',7317,'Card','TXN443115');
INSERT INTO [Order](CustomerID, OrderDate, Status, TotalAmount) VALUES (239,'2025-10-19','Cancelled',0);
INSERT INTO OrderLines(OrderID, ProductID, Qty, UnitPrice) VALUES (2385,7,3,1199);
INSERT INTO OrderLines(OrderID, ProductID, Qty, UnitPrice) VALUES (2385,23,1,717);
INSERT INTO OrderLines(OrderID, ProductID, Qty, UnitPrice) VALUES (2385,47,1,1113);
INSERT INTO OrderLines(OrderID, ProductID, Qty, UnitPrice) VALUES (2385,12,3,28);
UPDATE [Order] SET TotalAmount=5511 WHERE OrderID=2385;
INSERT INTO Payment(OrderID, PaymentDate, Amount, PaymentMethod, TransactionRef) VALUES (2385,'2025-10-23',5511,'PayPal','TXN469781');
INSERT INTO [Order](CustomerID, OrderDate, Status, TotalAmount) VALUES (239,'2025-09-28','Delivered',0);
INSERT INTO OrderLines(OrderID, ProductID, Qty, UnitPrice) VALUES (2386,47,3,472);
INSERT INTO OrderLines(OrderID, ProductID, Qty, UnitPrice) VALUES (2386,19,2,1266);
INSERT INTO OrderLines(OrderID, ProductID, Qty, UnitPrice) VALUES (2386,42,1,467);
INSERT INTO OrderLines(OrderID, ProductID, Qty, UnitPrice) VALUES (2386,18,2,908);
UPDATE [Order] SET TotalAmount=6231 WHERE OrderID=2386;
INSERT INTO Payment(OrderID, PaymentDate, Amount, PaymentMethod, TransactionRef) VALUES (2386,'2025-10-01',6231,'PayPal','TXN780063');
INSERT INTO [Order](CustomerID, OrderDate, Status, TotalAmount) VALUES (239,'2025-02-27','Shipped',0);
INSERT INTO OrderLines(OrderID, ProductID, Qty, UnitPrice) VALUES (2387,9,3,979);
INSERT INTO OrderLines(OrderID, ProductID, Qty, UnitPrice) VALUES (2387,16,1,936);
INSERT INTO OrderLines(OrderID, ProductID, Qty, UnitPrice) VALUES (2387,34,1,1048);
INSERT INTO OrderLines(OrderID, ProductID, Qty, UnitPrice) VALUES (2387,48,1,809);
UPDATE [Order] SET TotalAmount=5730 WHERE OrderID=2387;
INSERT INTO Payment(OrderID, PaymentDate, Amount, PaymentMethod, TransactionRef) VALUES (2387,'2025-03-02',5730,'PayPal','TXN172977');
INSERT INTO [Order](CustomerID, OrderDate, Status, TotalAmount) VALUES (239,'2025-10-29','Cancelled',0);
INSERT INTO OrderLines(OrderID, ProductID, Qty, UnitPrice) VALUES (2388,39,1,909);
INSERT INTO OrderLines(OrderID, ProductID, Qty, UnitPrice) VALUES (2388,16,1,1106);
INSERT INTO OrderLines(OrderID, ProductID, Qty, UnitPrice) VALUES (2388,24,1,859);
INSERT INTO OrderLines(OrderID, ProductID, Qty, UnitPrice) VALUES (2388,44,1,611);
UPDATE [Order] SET TotalAmount=3485 WHERE OrderID=2388;
INSERT INTO Payment(OrderID, PaymentDate, Amount, PaymentMethod, TransactionRef) VALUES (2388,'2025-10-30',3485,'Cash','TXN381921');
INSERT INTO [Order](CustomerID, OrderDate, Status, TotalAmount) VALUES (239,'2025-11-02','Delivered',0);
INSERT INTO OrderLines(OrderID, ProductID, Qty, UnitPrice) VALUES (2389,42,3,1190);
INSERT INTO OrderLines(OrderID, ProductID, Qty, UnitPrice) VALUES (2389,42,2,368);
INSERT INTO OrderLines(OrderID, ProductID, Qty, UnitPrice) VALUES (2389,47,2,436);
INSERT INTO OrderLines(OrderID, ProductID, Qty, UnitPrice) VALUES (2389,19,1,470);
UPDATE [Order] SET TotalAmount=5648 WHERE OrderID=2389;
INSERT INTO Payment(OrderID, PaymentDate, Amount, PaymentMethod, TransactionRef) VALUES (2389,'2025-11-04',5648,'Card','TXN163203');
INSERT INTO [Order](CustomerID, OrderDate, Status, TotalAmount) VALUES (239,'2025-03-27','Cancelled',0);
INSERT INTO OrderLines(OrderID, ProductID, Qty, UnitPrice) VALUES (2390,8,1,781);
INSERT INTO OrderLines(OrderID, ProductID, Qty, UnitPrice) VALUES (2390,15,3,186);
INSERT INTO OrderLines(OrderID, ProductID, Qty, UnitPrice) VALUES (2390,5,3,1044);
INSERT INTO OrderLines(OrderID, ProductID, Qty, UnitPrice) VALUES (2390,30,1,1290);
UPDATE [Order] SET TotalAmount=5761 WHERE OrderID=2390;
INSERT INTO Payment(OrderID, PaymentDate, Amount, PaymentMethod, TransactionRef) VALUES (2390,'2025-03-28',5761,'Card','TXN993012');
INSERT INTO [Order](CustomerID, OrderDate, Status, TotalAmount) VALUES (240,'2025-01-09','Shipped',0);
INSERT INTO OrderLines(OrderID, ProductID, Qty, UnitPrice) VALUES (2391,37,3,1195);
INSERT INTO OrderLines(OrderID, ProductID, Qty, UnitPrice) VALUES (2391,24,3,267);
INSERT INTO OrderLines(OrderID, ProductID, Qty, UnitPrice) VALUES (2391,36,3,1221);
INSERT INTO OrderLines(OrderID, ProductID, Qty, UnitPrice) VALUES (2391,26,3,403);
UPDATE [Order] SET TotalAmount=9258 WHERE OrderID=2391;
INSERT INTO Payment(OrderID, PaymentDate, Amount, PaymentMethod, TransactionRef) VALUES (2391,'2025-01-10',9258,'PayPal','TXN143211');
INSERT INTO [Order](CustomerID, OrderDate, Status, TotalAmount) VALUES (240,'2025-03-26','Processing',0);
INSERT INTO OrderLines(OrderID, ProductID, Qty, UnitPrice) VALUES (2392,42,3,364);
INSERT INTO OrderLines(OrderID, ProductID, Qty, UnitPrice) VALUES (2392,28,2,258);
INSERT INTO OrderLines(OrderID, ProductID, Qty, UnitPrice) VALUES (2392,16,2,313);
INSERT INTO OrderLines(OrderID, ProductID, Qty, UnitPrice) VALUES (2392,19,1,62);
UPDATE [Order] SET TotalAmount=2296 WHERE OrderID=2392;
INSERT INTO Payment(OrderID, PaymentDate, Amount, PaymentMethod, TransactionRef) VALUES (2392,'2025-03-26',2296,'Cash','TXN276820');
INSERT INTO [Order](CustomerID, OrderDate, Status, TotalAmount) VALUES (240,'2025-01-18','Shipped',0);
INSERT INTO OrderLines(OrderID, ProductID, Qty, UnitPrice) VALUES (2393,41,3,844);
INSERT INTO OrderLines(OrderID, ProductID, Qty, UnitPrice) VALUES (2393,37,1,1483);
INSERT INTO OrderLines(OrderID, ProductID, Qty, UnitPrice) VALUES (2393,12,1,408);
INSERT INTO OrderLines(OrderID, ProductID, Qty, UnitPrice) VALUES (2393,45,3,223);
UPDATE [Order] SET TotalAmount=5092 WHERE OrderID=2393;
INSERT INTO Payment(OrderID, PaymentDate, Amount, PaymentMethod, TransactionRef) VALUES (2393,'2025-01-22',5092,'PayPal','TXN388511');
INSERT INTO [Order](CustomerID, OrderDate, Status, TotalAmount) VALUES (240,'2025-11-06','Cancelled',0);
INSERT INTO OrderLines(OrderID, ProductID, Qty, UnitPrice) VALUES (2394,35,1,1198);
INSERT INTO OrderLines(OrderID, ProductID, Qty, UnitPrice) VALUES (2394,15,3,302);
INSERT INTO OrderLines(OrderID, ProductID, Qty, UnitPrice) VALUES (2394,2,2,367);
INSERT INTO OrderLines(OrderID, ProductID, Qty, UnitPrice) VALUES (2394,19,3,1478);
UPDATE [Order] SET TotalAmount=7272 WHERE OrderID=2394;
INSERT INTO Payment(OrderID, PaymentDate, Amount, PaymentMethod, TransactionRef) VALUES (2394,'2025-11-09',7272,'PayPal','TXN217314');
INSERT INTO [Order](CustomerID, OrderDate, Status, TotalAmount) VALUES (240,'2025-05-11','Delivered',0);
INSERT INTO OrderLines(OrderID, ProductID, Qty, UnitPrice) VALUES (2395,32,3,815);
INSERT INTO OrderLines(OrderID, ProductID, Qty, UnitPrice) VALUES (2395,31,3,882);
INSERT INTO OrderLines(OrderID, ProductID, Qty, UnitPrice) VALUES (2395,50,3,702);
INSERT INTO OrderLines(OrderID, ProductID, Qty, UnitPrice) VALUES (2395,6,3,1186);
UPDATE [Order] SET TotalAmount=10755 WHERE OrderID=2395;
INSERT INTO Payment(OrderID, PaymentDate, Amount, PaymentMethod, TransactionRef) VALUES (2395,'2025-05-11',10755,'PayPal','TXN750385');
INSERT INTO [Order](CustomerID, OrderDate, Status, TotalAmount) VALUES (240,'2025-03-19','Delivered',0);
INSERT INTO OrderLines(OrderID, ProductID, Qty, UnitPrice) VALUES (2396,4,2,1453);
INSERT INTO OrderLines(OrderID, ProductID, Qty, UnitPrice) VALUES (2396,50,1,1479);
INSERT INTO OrderLines(OrderID, ProductID, Qty, UnitPrice) VALUES (2396,22,3,892);
INSERT INTO OrderLines(OrderID, ProductID, Qty, UnitPrice) VALUES (2396,41,2,1093);
UPDATE [Order] SET TotalAmount=9247 WHERE OrderID=2396;
INSERT INTO Payment(OrderID, PaymentDate, Amount, PaymentMethod, TransactionRef) VALUES (2396,'2025-03-19',9247,'PayPal','TXN862519');
INSERT INTO [Order](CustomerID, OrderDate, Status, TotalAmount) VALUES (240,'2025-05-23','Shipped',0);
INSERT INTO OrderLines(OrderID, ProductID, Qty, UnitPrice) VALUES (2397,37,2,328);
INSERT INTO OrderLines(OrderID, ProductID, Qty, UnitPrice) VALUES (2397,9,1,121);
INSERT INTO OrderLines(OrderID, ProductID, Qty, UnitPrice) VALUES (2397,10,1,277);
INSERT INTO OrderLines(OrderID, ProductID, Qty, UnitPrice) VALUES (2397,8,1,1085);
UPDATE [Order] SET TotalAmount=2139 WHERE OrderID=2397;
INSERT INTO Payment(OrderID, PaymentDate, Amount, PaymentMethod, TransactionRef) VALUES (2397,'2025-05-24',2139,'Card','TXN170397');
INSERT INTO [Order](CustomerID, OrderDate, Status, TotalAmount) VALUES (240,'2025-04-12','Shipped',0);
INSERT INTO OrderLines(OrderID, ProductID, Qty, UnitPrice) VALUES (2398,19,3,1083);
INSERT INTO OrderLines(OrderID, ProductID, Qty, UnitPrice) VALUES (2398,36,3,895);
INSERT INTO OrderLines(OrderID, ProductID, Qty, UnitPrice) VALUES (2398,25,2,1331);
INSERT INTO OrderLines(OrderID, ProductID, Qty, UnitPrice) VALUES (2398,36,3,1279);
UPDATE [Order] SET TotalAmount=12433 WHERE OrderID=2398;
INSERT INTO Payment(OrderID, PaymentDate, Amount, PaymentMethod, TransactionRef) VALUES (2398,'2025-04-13',12433,'Card','TXN180952');
INSERT INTO [Order](CustomerID, OrderDate, Status, TotalAmount) VALUES (240,'2025-03-12','Delivered',0);
INSERT INTO OrderLines(OrderID, ProductID, Qty, UnitPrice) VALUES (2399,33,1,370);
INSERT INTO OrderLines(OrderID, ProductID, Qty, UnitPrice) VALUES (2399,40,1,766);
INSERT INTO OrderLines(OrderID, ProductID, Qty, UnitPrice) VALUES (2399,29,3,1258);
INSERT INTO OrderLines(OrderID, ProductID, Qty, UnitPrice) VALUES (2399,28,3,1130);
UPDATE [Order] SET TotalAmount=8300 WHERE OrderID=2399;
INSERT INTO Payment(OrderID, PaymentDate, Amount, PaymentMethod, TransactionRef) VALUES (2399,'2025-03-14',8300,'Card','TXN287259');
INSERT INTO [Order](CustomerID, OrderDate, Status, TotalAmount) VALUES (240,'2025-02-14','Shipped',0);
INSERT INTO OrderLines(OrderID, ProductID, Qty, UnitPrice) VALUES (2400,23,3,512);
INSERT INTO OrderLines(OrderID, ProductID, Qty, UnitPrice) VALUES (2400,44,2,1411);
INSERT INTO OrderLines(OrderID, ProductID, Qty, UnitPrice) VALUES (2400,1,3,893);
INSERT INTO OrderLines(OrderID, ProductID, Qty, UnitPrice) VALUES (2400,31,1,1381);
UPDATE [Order] SET TotalAmount=8418 WHERE OrderID=2400;
INSERT INTO Payment(OrderID, PaymentDate, Amount, PaymentMethod, TransactionRef) VALUES (2400,'2025-02-14',8418,'Cash','TXN891961');
INSERT INTO [Order](CustomerID, OrderDate, Status, TotalAmount) VALUES (241,'2025-02-13','Cancelled',0);
INSERT INTO OrderLines(OrderID, ProductID, Qty, UnitPrice) VALUES (2401,30,3,205);
INSERT INTO OrderLines(OrderID, ProductID, Qty, UnitPrice) VALUES (2401,27,1,1381);
INSERT INTO OrderLines(OrderID, ProductID, Qty, UnitPrice) VALUES (2401,45,3,403);
INSERT INTO OrderLines(OrderID, ProductID, Qty, UnitPrice) VALUES (2401,20,2,151);
UPDATE [Order] SET TotalAmount=3507 WHERE OrderID=2401;
INSERT INTO Payment(OrderID, PaymentDate, Amount, PaymentMethod, TransactionRef) VALUES (2401,'2025-02-15',3507,'Card','TXN439858');
INSERT INTO [Order](CustomerID, OrderDate, Status, TotalAmount) VALUES (241,'2025-12-13','Shipped',0);
INSERT INTO OrderLines(OrderID, ProductID, Qty, UnitPrice) VALUES (2402,21,3,939);
INSERT INTO OrderLines(OrderID, ProductID, Qty, UnitPrice) VALUES (2402,12,3,1007);
INSERT INTO OrderLines(OrderID, ProductID, Qty, UnitPrice) VALUES (2402,14,2,131);
INSERT INTO OrderLines(OrderID, ProductID, Qty, UnitPrice) VALUES (2402,7,3,594);
UPDATE [Order] SET TotalAmount=7882 WHERE OrderID=2402;
INSERT INTO Payment(OrderID, PaymentDate, Amount, PaymentMethod, TransactionRef) VALUES (2402,'2025-12-15',7882,'PayPal','TXN850166');
INSERT INTO [Order](CustomerID, OrderDate, Status, TotalAmount) VALUES (241,'2025-07-02','Shipped',0);
INSERT INTO OrderLines(OrderID, ProductID, Qty, UnitPrice) VALUES (2403,45,1,1380);
INSERT INTO OrderLines(OrderID, ProductID, Qty, UnitPrice) VALUES (2403,11,2,936);
INSERT INTO OrderLines(OrderID, ProductID, Qty, UnitPrice) VALUES (2403,38,1,1210);
INSERT INTO OrderLines(OrderID, ProductID, Qty, UnitPrice) VALUES (2403,31,3,568);
UPDATE [Order] SET TotalAmount=6166 WHERE OrderID=2403;
INSERT INTO Payment(OrderID, PaymentDate, Amount, PaymentMethod, TransactionRef) VALUES (2403,'2025-07-06',6166,'Cash','TXN474047');
INSERT INTO [Order](CustomerID, OrderDate, Status, TotalAmount) VALUES (241,'2025-07-22','Processing',0);
INSERT INTO OrderLines(OrderID, ProductID, Qty, UnitPrice) VALUES (2404,37,2,780);
INSERT INTO OrderLines(OrderID, ProductID, Qty, UnitPrice) VALUES (2404,3,2,161);
INSERT INTO OrderLines(OrderID, ProductID, Qty, UnitPrice) VALUES (2404,15,2,369);
INSERT INTO OrderLines(OrderID, ProductID, Qty, UnitPrice) VALUES (2404,32,1,1008);
UPDATE [Order] SET TotalAmount=3628 WHERE OrderID=2404;
INSERT INTO Payment(OrderID, PaymentDate, Amount, PaymentMethod, TransactionRef) VALUES (2404,'2025-07-23',3628,'Cash','TXN639600');
INSERT INTO [Order](CustomerID, OrderDate, Status, TotalAmount) VALUES (241,'2025-09-01','Delivered',0);
INSERT INTO OrderLines(OrderID, ProductID, Qty, UnitPrice) VALUES (2405,29,1,634);
INSERT INTO OrderLines(OrderID, ProductID, Qty, UnitPrice) VALUES (2405,50,1,1201);
INSERT INTO OrderLines(OrderID, ProductID, Qty, UnitPrice) VALUES (2405,43,1,468);
INSERT INTO OrderLines(OrderID, ProductID, Qty, UnitPrice) VALUES (2405,42,2,1367);
UPDATE [Order] SET TotalAmount=5037 WHERE OrderID=2405;
INSERT INTO Payment(OrderID, PaymentDate, Amount, PaymentMethod, TransactionRef) VALUES (2405,'2025-09-04',5037,'Card','TXN177921');
INSERT INTO [Order](CustomerID, OrderDate, Status, TotalAmount) VALUES (241,'2025-08-05','Delivered',0);
INSERT INTO OrderLines(OrderID, ProductID, Qty, UnitPrice) VALUES (2406,20,3,652);
INSERT INTO OrderLines(OrderID, ProductID, Qty, UnitPrice) VALUES (2406,31,2,313);
INSERT INTO OrderLines(OrderID, ProductID, Qty, UnitPrice) VALUES (2406,5,1,626);
INSERT INTO OrderLines(OrderID, ProductID, Qty, UnitPrice) VALUES (2406,32,1,1414);
UPDATE [Order] SET TotalAmount=4622 WHERE OrderID=2406;
INSERT INTO Payment(OrderID, PaymentDate, Amount, PaymentMethod, TransactionRef) VALUES (2406,'2025-08-06',4622,'Card','TXN445984');
INSERT INTO [Order](CustomerID, OrderDate, Status, TotalAmount) VALUES (241,'2025-09-17','Delivered',0);
INSERT INTO OrderLines(OrderID, ProductID, Qty, UnitPrice) VALUES (2407,35,2,46);
INSERT INTO OrderLines(OrderID, ProductID, Qty, UnitPrice) VALUES (2407,42,3,1476);
INSERT INTO OrderLines(OrderID, ProductID, Qty, UnitPrice) VALUES (2407,35,1,314);
INSERT INTO OrderLines(OrderID, ProductID, Qty, UnitPrice) VALUES (2407,21,1,1058);
UPDATE [Order] SET TotalAmount=5892 WHERE OrderID=2407;
INSERT INTO Payment(OrderID, PaymentDate, Amount, PaymentMethod, TransactionRef) VALUES (2407,'2025-09-21',5892,'Card','TXN379934');
INSERT INTO [Order](CustomerID, OrderDate, Status, TotalAmount) VALUES (241,'2025-11-14','Delivered',0);
INSERT INTO OrderLines(OrderID, ProductID, Qty, UnitPrice) VALUES (2408,17,3,162);
INSERT INTO OrderLines(OrderID, ProductID, Qty, UnitPrice) VALUES (2408,37,1,752);
INSERT INTO OrderLines(OrderID, ProductID, Qty, UnitPrice) VALUES (2408,21,1,389);
INSERT INTO OrderLines(OrderID, ProductID, Qty, UnitPrice) VALUES (2408,1,3,777);
UPDATE [Order] SET TotalAmount=3958 WHERE OrderID=2408;
INSERT INTO Payment(OrderID, PaymentDate, Amount, PaymentMethod, TransactionRef) VALUES (2408,'2025-11-19',3958,'Card','TXN663526');
INSERT INTO [Order](CustomerID, OrderDate, Status, TotalAmount) VALUES (241,'2025-01-29','Cancelled',0);
INSERT INTO OrderLines(OrderID, ProductID, Qty, UnitPrice) VALUES (2409,34,3,1419);
INSERT INTO OrderLines(OrderID, ProductID, Qty, UnitPrice) VALUES (2409,9,1,589);
INSERT INTO OrderLines(OrderID, ProductID, Qty, UnitPrice) VALUES (2409,5,2,782);
INSERT INTO OrderLines(OrderID, ProductID, Qty, UnitPrice) VALUES (2409,10,1,771);
UPDATE [Order] SET TotalAmount=7181 WHERE OrderID=2409;
INSERT INTO Payment(OrderID, PaymentDate, Amount, PaymentMethod, TransactionRef) VALUES (2409,'2025-01-29',7181,'PayPal','TXN302652');
INSERT INTO [Order](CustomerID, OrderDate, Status, TotalAmount) VALUES (241,'2025-02-11','Delivered',0);
INSERT INTO OrderLines(OrderID, ProductID, Qty, UnitPrice) VALUES (2410,9,2,1221);
INSERT INTO OrderLines(OrderID, ProductID, Qty, UnitPrice) VALUES (2410,41,3,1313);
INSERT INTO OrderLines(OrderID, ProductID, Qty, UnitPrice) VALUES (2410,34,2,771);
INSERT INTO OrderLines(OrderID, ProductID, Qty, UnitPrice) VALUES (2410,14,2,1155);
UPDATE [Order] SET TotalAmount=10233 WHERE OrderID=2410;
INSERT INTO Payment(OrderID, PaymentDate, Amount, PaymentMethod, TransactionRef) VALUES (2410,'2025-02-11',10233,'Card','TXN791082');
INSERT INTO [Order](CustomerID, OrderDate, Status, TotalAmount) VALUES (242,'2025-12-21','Delivered',0);
INSERT INTO OrderLines(OrderID, ProductID, Qty, UnitPrice) VALUES (2411,13,2,1432);
INSERT INTO OrderLines(OrderID, ProductID, Qty, UnitPrice) VALUES (2411,47,3,227);
INSERT INTO OrderLines(OrderID, ProductID, Qty, UnitPrice) VALUES (2411,23,2,221);
INSERT INTO OrderLines(OrderID, ProductID, Qty, UnitPrice) VALUES (2411,33,1,974);
UPDATE [Order] SET TotalAmount=4961 WHERE OrderID=2411;
INSERT INTO Payment(OrderID, PaymentDate, Amount, PaymentMethod, TransactionRef) VALUES (2411,'2025-12-23',4961,'PayPal','TXN391352');
INSERT INTO [Order](CustomerID, OrderDate, Status, TotalAmount) VALUES (242,'2025-07-19','Cancelled',0);
INSERT INTO OrderLines(OrderID, ProductID, Qty, UnitPrice) VALUES (2412,32,3,89);
INSERT INTO OrderLines(OrderID, ProductID, Qty, UnitPrice) VALUES (2412,11,3,968);
INSERT INTO OrderLines(OrderID, ProductID, Qty, UnitPrice) VALUES (2412,8,3,814);
INSERT INTO OrderLines(OrderID, ProductID, Qty, UnitPrice) VALUES (2412,17,2,640);
UPDATE [Order] SET TotalAmount=6893 WHERE OrderID=2412;
INSERT INTO Payment(OrderID, PaymentDate, Amount, PaymentMethod, TransactionRef) VALUES (2412,'2025-07-22',6893,'PayPal','TXN422984');
INSERT INTO [Order](CustomerID, OrderDate, Status, TotalAmount) VALUES (242,'2025-07-08','Processing',0);
INSERT INTO OrderLines(OrderID, ProductID, Qty, UnitPrice) VALUES (2413,31,1,408);
INSERT INTO OrderLines(OrderID, ProductID, Qty, UnitPrice) VALUES (2413,15,2,1453);
INSERT INTO OrderLines(OrderID, ProductID, Qty, UnitPrice) VALUES (2413,2,3,1418);
INSERT INTO OrderLines(OrderID, ProductID, Qty, UnitPrice) VALUES (2413,50,3,697);
UPDATE [Order] SET TotalAmount=9659 WHERE OrderID=2413;
INSERT INTO Payment(OrderID, PaymentDate, Amount, PaymentMethod, TransactionRef) VALUES (2413,'2025-07-12',9659,'Cash','TXN411035');
INSERT INTO [Order](CustomerID, OrderDate, Status, TotalAmount) VALUES (242,'2025-04-01','Cancelled',0);
INSERT INTO OrderLines(OrderID, ProductID, Qty, UnitPrice) VALUES (2414,24,1,662);
INSERT INTO OrderLines(OrderID, ProductID, Qty, UnitPrice) VALUES (2414,47,1,181);
INSERT INTO OrderLines(OrderID, ProductID, Qty, UnitPrice) VALUES (2414,44,2,231);
INSERT INTO OrderLines(OrderID, ProductID, Qty, UnitPrice) VALUES (2414,30,3,59);
UPDATE [Order] SET TotalAmount=1482 WHERE OrderID=2414;
INSERT INTO Payment(OrderID, PaymentDate, Amount, PaymentMethod, TransactionRef) VALUES (2414,'2025-04-04',1482,'Card','TXN961577');
INSERT INTO [Order](CustomerID, OrderDate, Status, TotalAmount) VALUES (242,'2025-03-30','Delivered',0);
INSERT INTO OrderLines(OrderID, ProductID, Qty, UnitPrice) VALUES (2415,15,2,407);
INSERT INTO OrderLines(OrderID, ProductID, Qty, UnitPrice) VALUES (2415,42,2,1345);
INSERT INTO OrderLines(OrderID, ProductID, Qty, UnitPrice) VALUES (2415,6,1,1156);
INSERT INTO OrderLines(OrderID, ProductID, Qty, UnitPrice) VALUES (2415,11,3,633);
UPDATE [Order] SET TotalAmount=6559 WHERE OrderID=2415;
INSERT INTO Payment(OrderID, PaymentDate, Amount, PaymentMethod, TransactionRef) VALUES (2415,'2025-04-04',6559,'Cash','TXN859133');
INSERT INTO [Order](CustomerID, OrderDate, Status, TotalAmount) VALUES (242,'2025-08-04','Cancelled',0);
INSERT INTO OrderLines(OrderID, ProductID, Qty, UnitPrice) VALUES (2416,28,2,134);
INSERT INTO OrderLines(OrderID, ProductID, Qty, UnitPrice) VALUES (2416,6,1,1453);
INSERT INTO OrderLines(OrderID, ProductID, Qty, UnitPrice) VALUES (2416,26,1,1146);
INSERT INTO OrderLines(OrderID, ProductID, Qty, UnitPrice) VALUES (2416,49,2,433);
UPDATE [Order] SET TotalAmount=3733 WHERE OrderID=2416;
INSERT INTO Payment(OrderID, PaymentDate, Amount, PaymentMethod, TransactionRef) VALUES (2416,'2025-08-04',3733,'Cash','TXN699892');
INSERT INTO [Order](CustomerID, OrderDate, Status, TotalAmount) VALUES (242,'2025-04-03','Processing',0);
INSERT INTO OrderLines(OrderID, ProductID, Qty, UnitPrice) VALUES (2417,17,1,1313);
INSERT INTO OrderLines(OrderID, ProductID, Qty, UnitPrice) VALUES (2417,34,1,1114);
INSERT INTO OrderLines(OrderID, ProductID, Qty, UnitPrice) VALUES (2417,9,1,496);
INSERT INTO OrderLines(OrderID, ProductID, Qty, UnitPrice) VALUES (2417,27,2,1300);
UPDATE [Order] SET TotalAmount=5523 WHERE OrderID=2417;
INSERT INTO Payment(OrderID, PaymentDate, Amount, PaymentMethod, TransactionRef) VALUES (2417,'2025-04-07',5523,'Card','TXN603470');
INSERT INTO [Order](CustomerID, OrderDate, Status, TotalAmount) VALUES (242,'2025-04-24','Shipped',0);
INSERT INTO OrderLines(OrderID, ProductID, Qty, UnitPrice) VALUES (2418,13,2,988);
INSERT INTO OrderLines(OrderID, ProductID, Qty, UnitPrice) VALUES (2418,1,1,657);
INSERT INTO OrderLines(OrderID, ProductID, Qty, UnitPrice) VALUES (2418,47,2,1118);
INSERT INTO OrderLines(OrderID, ProductID, Qty, UnitPrice) VALUES (2418,45,2,1026);
UPDATE [Order] SET TotalAmount=6921 WHERE OrderID=2418;
INSERT INTO Payment(OrderID, PaymentDate, Amount, PaymentMethod, TransactionRef) VALUES (2418,'2025-04-26',6921,'PayPal','TXN636414');
INSERT INTO [Order](CustomerID, OrderDate, Status, TotalAmount) VALUES (242,'2025-09-03','Delivered',0);
INSERT INTO OrderLines(OrderID, ProductID, Qty, UnitPrice) VALUES (2419,26,1,394);
INSERT INTO OrderLines(OrderID, ProductID, Qty, UnitPrice) VALUES (2419,6,1,1014);
INSERT INTO OrderLines(OrderID, ProductID, Qty, UnitPrice) VALUES (2419,43,3,1437);
INSERT INTO OrderLines(OrderID, ProductID, Qty, UnitPrice) VALUES (2419,31,1,814);
UPDATE [Order] SET TotalAmount=6533 WHERE OrderID=2419;
INSERT INTO Payment(OrderID, PaymentDate, Amount, PaymentMethod, TransactionRef) VALUES (2419,'2025-09-04',6533,'Cash','TXN240424');
INSERT INTO [Order](CustomerID, OrderDate, Status, TotalAmount) VALUES (242,'2025-08-03','Processing',0);
INSERT INTO OrderLines(OrderID, ProductID, Qty, UnitPrice) VALUES (2420,16,3,69);
INSERT INTO OrderLines(OrderID, ProductID, Qty, UnitPrice) VALUES (2420,21,3,1264);
INSERT INTO OrderLines(OrderID, ProductID, Qty, UnitPrice) VALUES (2420,22,2,609);
INSERT INTO OrderLines(OrderID, ProductID, Qty, UnitPrice) VALUES (2420,43,2,870);
UPDATE [Order] SET TotalAmount=6957 WHERE OrderID=2420;
INSERT INTO Payment(OrderID, PaymentDate, Amount, PaymentMethod, TransactionRef) VALUES (2420,'2025-08-08',6957,'Cash','TXN533325');
INSERT INTO [Order](CustomerID, OrderDate, Status, TotalAmount) VALUES (243,'2025-12-23','Cancelled',0);
INSERT INTO OrderLines(OrderID, ProductID, Qty, UnitPrice) VALUES (2421,4,3,951);
INSERT INTO OrderLines(OrderID, ProductID, Qty, UnitPrice) VALUES (2421,47,3,1471);
INSERT INTO OrderLines(OrderID, ProductID, Qty, UnitPrice) VALUES (2421,16,3,1429);
INSERT INTO OrderLines(OrderID, ProductID, Qty, UnitPrice) VALUES (2421,21,3,255);
UPDATE [Order] SET TotalAmount=12318 WHERE OrderID=2421;
INSERT INTO Payment(OrderID, PaymentDate, Amount, PaymentMethod, TransactionRef) VALUES (2421,'2025-12-23',12318,'Cash','TXN538305');
INSERT INTO [Order](CustomerID, OrderDate, Status, TotalAmount) VALUES (243,'2025-06-24','Delivered',0);
INSERT INTO OrderLines(OrderID, ProductID, Qty, UnitPrice) VALUES (2422,39,3,482);
INSERT INTO OrderLines(OrderID, ProductID, Qty, UnitPrice) VALUES (2422,12,3,642);
INSERT INTO OrderLines(OrderID, ProductID, Qty, UnitPrice) VALUES (2422,27,1,967);
INSERT INTO OrderLines(OrderID, ProductID, Qty, UnitPrice) VALUES (2422,20,2,1477);
UPDATE [Order] SET TotalAmount=7293 WHERE OrderID=2422;
INSERT INTO Payment(OrderID, PaymentDate, Amount, PaymentMethod, TransactionRef) VALUES (2422,'2025-06-26',7293,'Cash','TXN575455');
INSERT INTO [Order](CustomerID, OrderDate, Status, TotalAmount) VALUES (243,'2025-01-07','Cancelled',0);
INSERT INTO OrderLines(OrderID, ProductID, Qty, UnitPrice) VALUES (2423,40,3,189);
INSERT INTO OrderLines(OrderID, ProductID, Qty, UnitPrice) VALUES (2423,34,2,1299);
INSERT INTO OrderLines(OrderID, ProductID, Qty, UnitPrice) VALUES (2423,40,1,39);
INSERT INTO OrderLines(OrderID, ProductID, Qty, UnitPrice) VALUES (2423,3,1,314);
UPDATE [Order] SET TotalAmount=3518 WHERE OrderID=2423;
INSERT INTO Payment(OrderID, PaymentDate, Amount, PaymentMethod, TransactionRef) VALUES (2423,'2025-01-10',3518,'Card','TXN392398');
INSERT INTO [Order](CustomerID, OrderDate, Status, TotalAmount) VALUES (243,'2025-08-10','Shipped',0);
INSERT INTO OrderLines(OrderID, ProductID, Qty, UnitPrice) VALUES (2424,45,2,886);
INSERT INTO OrderLines(OrderID, ProductID, Qty, UnitPrice) VALUES (2424,31,3,1392);
INSERT INTO OrderLines(OrderID, ProductID, Qty, UnitPrice) VALUES (2424,39,3,917);
INSERT INTO OrderLines(OrderID, ProductID, Qty, UnitPrice) VALUES (2424,4,1,1031);
UPDATE [Order] SET TotalAmount=9730 WHERE OrderID=2424;
INSERT INTO Payment(OrderID, PaymentDate, Amount, PaymentMethod, TransactionRef) VALUES (2424,'2025-08-15',9730,'Cash','TXN695199');
INSERT INTO [Order](CustomerID, OrderDate, Status, TotalAmount) VALUES (243,'2025-01-21','Shipped',0);
INSERT INTO OrderLines(OrderID, ProductID, Qty, UnitPrice) VALUES (2425,1,3,1199);
INSERT INTO OrderLines(OrderID, ProductID, Qty, UnitPrice) VALUES (2425,26,1,1071);
INSERT INTO OrderLines(OrderID, ProductID, Qty, UnitPrice) VALUES (2425,6,2,48);
INSERT INTO OrderLines(OrderID, ProductID, Qty, UnitPrice) VALUES (2425,17,1,821);
UPDATE [Order] SET TotalAmount=5585 WHERE OrderID=2425;
INSERT INTO Payment(OrderID, PaymentDate, Amount, PaymentMethod, TransactionRef) VALUES (2425,'2025-01-23',5585,'PayPal','TXN454387');
INSERT INTO [Order](CustomerID, OrderDate, Status, TotalAmount) VALUES (243,'2025-07-13','Processing',0);
INSERT INTO OrderLines(OrderID, ProductID, Qty, UnitPrice) VALUES (2426,47,2,741);
INSERT INTO OrderLines(OrderID, ProductID, Qty, UnitPrice) VALUES (2426,32,3,481);
INSERT INTO OrderLines(OrderID, ProductID, Qty, UnitPrice) VALUES (2426,30,3,1129);
INSERT INTO OrderLines(OrderID, ProductID, Qty, UnitPrice) VALUES (2426,29,3,206);
UPDATE [Order] SET TotalAmount=6930 WHERE OrderID=2426;
INSERT INTO Payment(OrderID, PaymentDate, Amount, PaymentMethod, TransactionRef) VALUES (2426,'2025-07-16',6930,'PayPal','TXN220203');
INSERT INTO [Order](CustomerID, OrderDate, Status, TotalAmount) VALUES (243,'2025-01-03','Cancelled',0);
INSERT INTO OrderLines(OrderID, ProductID, Qty, UnitPrice) VALUES (2427,31,1,110);
INSERT INTO OrderLines(OrderID, ProductID, Qty, UnitPrice) VALUES (2427,2,1,1419);
INSERT INTO OrderLines(OrderID, ProductID, Qty, UnitPrice) VALUES (2427,31,3,480);
INSERT INTO OrderLines(OrderID, ProductID, Qty, UnitPrice) VALUES (2427,13,1,951);
UPDATE [Order] SET TotalAmount=3920 WHERE OrderID=2427;
INSERT INTO Payment(OrderID, PaymentDate, Amount, PaymentMethod, TransactionRef) VALUES (2427,'2025-01-03',3920,'PayPal','TXN558703');
INSERT INTO [Order](CustomerID, OrderDate, Status, TotalAmount) VALUES (243,'2025-01-03','Delivered',0);
INSERT INTO OrderLines(OrderID, ProductID, Qty, UnitPrice) VALUES (2428,40,1,215);
INSERT INTO OrderLines(OrderID, ProductID, Qty, UnitPrice) VALUES (2428,15,1,972);
INSERT INTO OrderLines(OrderID, ProductID, Qty, UnitPrice) VALUES (2428,43,3,147);
INSERT INTO OrderLines(OrderID, ProductID, Qty, UnitPrice) VALUES (2428,23,3,241);
UPDATE [Order] SET TotalAmount=2351 WHERE OrderID=2428;
INSERT INTO Payment(OrderID, PaymentDate, Amount, PaymentMethod, TransactionRef) VALUES (2428,'2025-01-06',2351,'Cash','TXN745384');
INSERT INTO [Order](CustomerID, OrderDate, Status, TotalAmount) VALUES (243,'2025-06-06','Cancelled',0);
INSERT INTO OrderLines(OrderID, ProductID, Qty, UnitPrice) VALUES (2429,44,2,369);
INSERT INTO OrderLines(OrderID, ProductID, Qty, UnitPrice) VALUES (2429,31,2,794);
INSERT INTO OrderLines(OrderID, ProductID, Qty, UnitPrice) VALUES (2429,37,2,1120);
INSERT INTO OrderLines(OrderID, ProductID, Qty, UnitPrice) VALUES (2429,36,3,186);
UPDATE [Order] SET TotalAmount=5124 WHERE OrderID=2429;
INSERT INTO Payment(OrderID, PaymentDate, Amount, PaymentMethod, TransactionRef) VALUES (2429,'2025-06-09',5124,'Card','TXN744744');
INSERT INTO [Order](CustomerID, OrderDate, Status, TotalAmount) VALUES (243,'2025-10-16','Cancelled',0);
INSERT INTO OrderLines(OrderID, ProductID, Qty, UnitPrice) VALUES (2430,12,1,573);
INSERT INTO OrderLines(OrderID, ProductID, Qty, UnitPrice) VALUES (2430,9,3,169);
INSERT INTO OrderLines(OrderID, ProductID, Qty, UnitPrice) VALUES (2430,11,1,1206);
INSERT INTO OrderLines(OrderID, ProductID, Qty, UnitPrice) VALUES (2430,1,1,545);
UPDATE [Order] SET TotalAmount=2831 WHERE OrderID=2430;
INSERT INTO Payment(OrderID, PaymentDate, Amount, PaymentMethod, TransactionRef) VALUES (2430,'2025-10-21',2831,'PayPal','TXN240855');
INSERT INTO [Order](CustomerID, OrderDate, Status, TotalAmount) VALUES (244,'2025-03-24','Cancelled',0);
INSERT INTO OrderLines(OrderID, ProductID, Qty, UnitPrice) VALUES (2431,44,1,911);
INSERT INTO OrderLines(OrderID, ProductID, Qty, UnitPrice) VALUES (2431,29,3,914);
INSERT INTO OrderLines(OrderID, ProductID, Qty, UnitPrice) VALUES (2431,39,3,68);
INSERT INTO OrderLines(OrderID, ProductID, Qty, UnitPrice) VALUES (2431,37,2,262);
UPDATE [Order] SET TotalAmount=4381 WHERE OrderID=2431;
INSERT INTO Payment(OrderID, PaymentDate, Amount, PaymentMethod, TransactionRef) VALUES (2431,'2025-03-28',4381,'Card','TXN998252');
INSERT INTO [Order](CustomerID, OrderDate, Status, TotalAmount) VALUES (244,'2025-04-27','Shipped',0);
INSERT INTO OrderLines(OrderID, ProductID, Qty, UnitPrice) VALUES (2432,7,2,576);
INSERT INTO OrderLines(OrderID, ProductID, Qty, UnitPrice) VALUES (2432,8,3,199);
INSERT INTO OrderLines(OrderID, ProductID, Qty, UnitPrice) VALUES (2432,19,1,715);
INSERT INTO OrderLines(OrderID, ProductID, Qty, UnitPrice) VALUES (2432,42,1,1448);
UPDATE [Order] SET TotalAmount=3912 WHERE OrderID=2432;
INSERT INTO Payment(OrderID, PaymentDate, Amount, PaymentMethod, TransactionRef) VALUES (2432,'2025-04-30',3912,'Cash','TXN983715');
INSERT INTO [Order](CustomerID, OrderDate, Status, TotalAmount) VALUES (244,'2025-03-28','Shipped',0);
INSERT INTO OrderLines(OrderID, ProductID, Qty, UnitPrice) VALUES (2433,40,3,1109);
INSERT INTO OrderLines(OrderID, ProductID, Qty, UnitPrice) VALUES (2433,32,2,1233);
INSERT INTO OrderLines(OrderID, ProductID, Qty, UnitPrice) VALUES (2433,16,1,1196);
INSERT INTO OrderLines(OrderID, ProductID, Qty, UnitPrice) VALUES (2433,48,3,1116);
UPDATE [Order] SET TotalAmount=10337 WHERE OrderID=2433;
INSERT INTO Payment(OrderID, PaymentDate, Amount, PaymentMethod, TransactionRef) VALUES (2433,'2025-04-02',10337,'Cash','TXN844950');
INSERT INTO [Order](CustomerID, OrderDate, Status, TotalAmount) VALUES (244,'2025-07-08','Processing',0);
INSERT INTO OrderLines(OrderID, ProductID, Qty, UnitPrice) VALUES (2434,20,1,307);
INSERT INTO OrderLines(OrderID, ProductID, Qty, UnitPrice) VALUES (2434,36,1,1219);
INSERT INTO OrderLines(OrderID, ProductID, Qty, UnitPrice) VALUES (2434,13,3,983);
INSERT INTO OrderLines(OrderID, ProductID, Qty, UnitPrice) VALUES (2434,47,1,326);
UPDATE [Order] SET TotalAmount=4801 WHERE OrderID=2434;
INSERT INTO Payment(OrderID, PaymentDate, Amount, PaymentMethod, TransactionRef) VALUES (2434,'2025-07-10',4801,'Cash','TXN766038');
INSERT INTO [Order](CustomerID, OrderDate, Status, TotalAmount) VALUES (244,'2025-10-14','Shipped',0);
INSERT INTO OrderLines(OrderID, ProductID, Qty, UnitPrice) VALUES (2435,7,2,135);
INSERT INTO OrderLines(OrderID, ProductID, Qty, UnitPrice) VALUES (2435,48,2,663);
INSERT INTO OrderLines(OrderID, ProductID, Qty, UnitPrice) VALUES (2435,21,2,1355);
INSERT INTO OrderLines(OrderID, ProductID, Qty, UnitPrice) VALUES (2435,48,1,1000);
UPDATE [Order] SET TotalAmount=5306 WHERE OrderID=2435;
INSERT INTO Payment(OrderID, PaymentDate, Amount, PaymentMethod, TransactionRef) VALUES (2435,'2025-10-19',5306,'PayPal','TXN610079');
INSERT INTO [Order](CustomerID, OrderDate, Status, TotalAmount) VALUES (244,'2025-11-12','Processing',0);
INSERT INTO OrderLines(OrderID, ProductID, Qty, UnitPrice) VALUES (2436,43,2,260);
INSERT INTO OrderLines(OrderID, ProductID, Qty, UnitPrice) VALUES (2436,3,3,1128);
INSERT INTO OrderLines(OrderID, ProductID, Qty, UnitPrice) VALUES (2436,24,2,1423);
INSERT INTO OrderLines(OrderID, ProductID, Qty, UnitPrice) VALUES (2436,4,3,1090);
UPDATE [Order] SET TotalAmount=10020 WHERE OrderID=2436;
INSERT INTO Payment(OrderID, PaymentDate, Amount, PaymentMethod, TransactionRef) VALUES (2436,'2025-11-14',10020,'Cash','TXN395776');
INSERT INTO [Order](CustomerID, OrderDate, Status, TotalAmount) VALUES (244,'2025-07-03','Processing',0);
INSERT INTO OrderLines(OrderID, ProductID, Qty, UnitPrice) VALUES (2437,49,2,387);
INSERT INTO OrderLines(OrderID, ProductID, Qty, UnitPrice) VALUES (2437,41,3,56);
INSERT INTO OrderLines(OrderID, ProductID, Qty, UnitPrice) VALUES (2437,37,3,1125);
INSERT INTO OrderLines(OrderID, ProductID, Qty, UnitPrice) VALUES (2437,2,3,967);
UPDATE [Order] SET TotalAmount=7218 WHERE OrderID=2437;
INSERT INTO Payment(OrderID, PaymentDate, Amount, PaymentMethod, TransactionRef) VALUES (2437,'2025-07-05',7218,'Cash','TXN825464');
INSERT INTO [Order](CustomerID, OrderDate, Status, TotalAmount) VALUES (244,'2025-04-17','Processing',0);
INSERT INTO OrderLines(OrderID, ProductID, Qty, UnitPrice) VALUES (2438,21,2,241);
INSERT INTO OrderLines(OrderID, ProductID, Qty, UnitPrice) VALUES (2438,34,3,397);
INSERT INTO OrderLines(OrderID, ProductID, Qty, UnitPrice) VALUES (2438,30,3,1112);
INSERT INTO OrderLines(OrderID, ProductID, Qty, UnitPrice) VALUES (2438,42,2,364);
UPDATE [Order] SET TotalAmount=5737 WHERE OrderID=2438;
INSERT INTO Payment(OrderID, PaymentDate, Amount, PaymentMethod, TransactionRef) VALUES (2438,'2025-04-21',5737,'Card','TXN460390');
INSERT INTO [Order](CustomerID, OrderDate, Status, TotalAmount) VALUES (244,'2025-10-20','Processing',0);
INSERT INTO OrderLines(OrderID, ProductID, Qty, UnitPrice) VALUES (2439,39,2,1323);
INSERT INTO OrderLines(OrderID, ProductID, Qty, UnitPrice) VALUES (2439,30,3,1143);
INSERT INTO OrderLines(OrderID, ProductID, Qty, UnitPrice) VALUES (2439,19,1,435);
INSERT INTO OrderLines(OrderID, ProductID, Qty, UnitPrice) VALUES (2439,31,2,38);
UPDATE [Order] SET TotalAmount=6586 WHERE OrderID=2439;
INSERT INTO Payment(OrderID, PaymentDate, Amount, PaymentMethod, TransactionRef) VALUES (2439,'2025-10-23',6586,'Card','TXN199614');
INSERT INTO [Order](CustomerID, OrderDate, Status, TotalAmount) VALUES (244,'2025-07-18','Processing',0);
INSERT INTO OrderLines(OrderID, ProductID, Qty, UnitPrice) VALUES (2440,16,1,356);
INSERT INTO OrderLines(OrderID, ProductID, Qty, UnitPrice) VALUES (2440,29,3,67);
INSERT INTO OrderLines(OrderID, ProductID, Qty, UnitPrice) VALUES (2440,10,3,602);
INSERT INTO OrderLines(OrderID, ProductID, Qty, UnitPrice) VALUES (2440,49,1,1286);
UPDATE [Order] SET TotalAmount=3649 WHERE OrderID=2440;
INSERT INTO Payment(OrderID, PaymentDate, Amount, PaymentMethod, TransactionRef) VALUES (2440,'2025-07-23',3649,'PayPal','TXN430759');
INSERT INTO [Order](CustomerID, OrderDate, Status, TotalAmount) VALUES (245,'2025-10-23','Processing',0);
INSERT INTO OrderLines(OrderID, ProductID, Qty, UnitPrice) VALUES (2441,41,3,404);
INSERT INTO OrderLines(OrderID, ProductID, Qty, UnitPrice) VALUES (2441,14,2,1345);
INSERT INTO OrderLines(OrderID, ProductID, Qty, UnitPrice) VALUES (2441,34,1,1064);
INSERT INTO OrderLines(OrderID, ProductID, Qty, UnitPrice) VALUES (2441,16,3,864);
UPDATE [Order] SET TotalAmount=7558 WHERE OrderID=2441;
INSERT INTO Payment(OrderID, PaymentDate, Amount, PaymentMethod, TransactionRef) VALUES (2441,'2025-10-25',7558,'Card','TXN498613');
INSERT INTO [Order](CustomerID, OrderDate, Status, TotalAmount) VALUES (245,'2025-09-01','Shipped',0);
INSERT INTO OrderLines(OrderID, ProductID, Qty, UnitPrice) VALUES (2442,35,3,396);
INSERT INTO OrderLines(OrderID, ProductID, Qty, UnitPrice) VALUES (2442,31,3,413);
INSERT INTO OrderLines(OrderID, ProductID, Qty, UnitPrice) VALUES (2442,10,2,222);
INSERT INTO OrderLines(OrderID, ProductID, Qty, UnitPrice) VALUES (2442,35,2,221);
UPDATE [Order] SET TotalAmount=3313 WHERE OrderID=2442;
INSERT INTO Payment(OrderID, PaymentDate, Amount, PaymentMethod, TransactionRef) VALUES (2442,'2025-09-06',3313,'PayPal','TXN274156');
INSERT INTO [Order](CustomerID, OrderDate, Status, TotalAmount) VALUES (245,'2025-07-17','Cancelled',0);
INSERT INTO OrderLines(OrderID, ProductID, Qty, UnitPrice) VALUES (2443,3,3,844);
INSERT INTO OrderLines(OrderID, ProductID, Qty, UnitPrice) VALUES (2443,35,2,1198);
INSERT INTO OrderLines(OrderID, ProductID, Qty, UnitPrice) VALUES (2443,37,2,1241);
INSERT INTO OrderLines(OrderID, ProductID, Qty, UnitPrice) VALUES (2443,26,2,1098);
UPDATE [Order] SET TotalAmount=9606 WHERE OrderID=2443;
INSERT INTO Payment(OrderID, PaymentDate, Amount, PaymentMethod, TransactionRef) VALUES (2443,'2025-07-21',9606,'Cash','TXN222361');
INSERT INTO [Order](CustomerID, OrderDate, Status, TotalAmount) VALUES (245,'2025-02-02','Processing',0);
INSERT INTO OrderLines(OrderID, ProductID, Qty, UnitPrice) VALUES (2444,22,1,1132);
INSERT INTO OrderLines(OrderID, ProductID, Qty, UnitPrice) VALUES (2444,3,3,922);
INSERT INTO OrderLines(OrderID, ProductID, Qty, UnitPrice) VALUES (2444,7,3,339);
INSERT INTO OrderLines(OrderID, ProductID, Qty, UnitPrice) VALUES (2444,6,3,525);
UPDATE [Order] SET TotalAmount=6490 WHERE OrderID=2444;
INSERT INTO Payment(OrderID, PaymentDate, Amount, PaymentMethod, TransactionRef) VALUES (2444,'2025-02-05',6490,'Card','TXN743988');
INSERT INTO [Order](CustomerID, OrderDate, Status, TotalAmount) VALUES (245,'2025-11-09','Processing',0);
INSERT INTO OrderLines(OrderID, ProductID, Qty, UnitPrice) VALUES (2445,43,3,823);
INSERT INTO OrderLines(OrderID, ProductID, Qty, UnitPrice) VALUES (2445,29,3,1204);
INSERT INTO OrderLines(OrderID, ProductID, Qty, UnitPrice) VALUES (2445,41,3,1260);
INSERT INTO OrderLines(OrderID, ProductID, Qty, UnitPrice) VALUES (2445,1,2,639);
UPDATE [Order] SET TotalAmount=11139 WHERE OrderID=2445;
INSERT INTO Payment(OrderID, PaymentDate, Amount, PaymentMethod, TransactionRef) VALUES (2445,'2025-11-13',11139,'PayPal','TXN659237');
INSERT INTO [Order](CustomerID, OrderDate, Status, TotalAmount) VALUES (245,'2025-11-10','Processing',0);
INSERT INTO OrderLines(OrderID, ProductID, Qty, UnitPrice) VALUES (2446,4,1,1489);
INSERT INTO OrderLines(OrderID, ProductID, Qty, UnitPrice) VALUES (2446,30,1,1301);
INSERT INTO OrderLines(OrderID, ProductID, Qty, UnitPrice) VALUES (2446,5,2,710);
INSERT INTO OrderLines(OrderID, ProductID, Qty, UnitPrice) VALUES (2446,39,3,1187);
UPDATE [Order] SET TotalAmount=7771 WHERE OrderID=2446;
INSERT INTO Payment(OrderID, PaymentDate, Amount, PaymentMethod, TransactionRef) VALUES (2446,'2025-11-15',7771,'Card','TXN226357');
INSERT INTO [Order](CustomerID, OrderDate, Status, TotalAmount) VALUES (245,'2025-02-02','Cancelled',0);
INSERT INTO OrderLines(OrderID, ProductID, Qty, UnitPrice) VALUES (2447,28,3,1351);
INSERT INTO OrderLines(OrderID, ProductID, Qty, UnitPrice) VALUES (2447,43,3,279);
INSERT INTO OrderLines(OrderID, ProductID, Qty, UnitPrice) VALUES (2447,39,1,1307);
INSERT INTO OrderLines(OrderID, ProductID, Qty, UnitPrice) VALUES (2447,34,1,1497);
UPDATE [Order] SET TotalAmount=7694 WHERE OrderID=2447;
INSERT INTO Payment(OrderID, PaymentDate, Amount, PaymentMethod, TransactionRef) VALUES (2447,'2025-02-07',7694,'Cash','TXN143309');
INSERT INTO [Order](CustomerID, OrderDate, Status, TotalAmount) VALUES (245,'2025-01-16','Cancelled',0);
INSERT INTO OrderLines(OrderID, ProductID, Qty, UnitPrice) VALUES (2448,2,1,386);
INSERT INTO OrderLines(OrderID, ProductID, Qty, UnitPrice) VALUES (2448,34,2,559);
INSERT INTO OrderLines(OrderID, ProductID, Qty, UnitPrice) VALUES (2448,13,2,857);
INSERT INTO OrderLines(OrderID, ProductID, Qty, UnitPrice) VALUES (2448,6,1,1356);
UPDATE [Order] SET TotalAmount=4574 WHERE OrderID=2448;
INSERT INTO Payment(OrderID, PaymentDate, Amount, PaymentMethod, TransactionRef) VALUES (2448,'2025-01-19',4574,'Card','TXN785418');
INSERT INTO [Order](CustomerID, OrderDate, Status, TotalAmount) VALUES (245,'2025-04-07','Processing',0);
INSERT INTO OrderLines(OrderID, ProductID, Qty, UnitPrice) VALUES (2449,13,3,675);
INSERT INTO OrderLines(OrderID, ProductID, Qty, UnitPrice) VALUES (2449,14,2,523);
INSERT INTO OrderLines(OrderID, ProductID, Qty, UnitPrice) VALUES (2449,39,3,1226);
INSERT INTO OrderLines(OrderID, ProductID, Qty, UnitPrice) VALUES (2449,47,1,1474);
UPDATE [Order] SET TotalAmount=8223 WHERE OrderID=2449;
INSERT INTO Payment(OrderID, PaymentDate, Amount, PaymentMethod, TransactionRef) VALUES (2449,'2025-04-10',8223,'Card','TXN350279');
INSERT INTO [Order](CustomerID, OrderDate, Status, TotalAmount) VALUES (245,'2025-04-07','Cancelled',0);
INSERT INTO OrderLines(OrderID, ProductID, Qty, UnitPrice) VALUES (2450,39,1,1282);
INSERT INTO OrderLines(OrderID, ProductID, Qty, UnitPrice) VALUES (2450,9,3,1042);
INSERT INTO OrderLines(OrderID, ProductID, Qty, UnitPrice) VALUES (2450,14,3,353);
INSERT INTO OrderLines(OrderID, ProductID, Qty, UnitPrice) VALUES (2450,26,3,827);
UPDATE [Order] SET TotalAmount=7948 WHERE OrderID=2450;
INSERT INTO Payment(OrderID, PaymentDate, Amount, PaymentMethod, TransactionRef) VALUES (2450,'2025-04-11',7948,'PayPal','TXN421481');
INSERT INTO [Order](CustomerID, OrderDate, Status, TotalAmount) VALUES (246,'2025-04-25','Processing',0);
INSERT INTO OrderLines(OrderID, ProductID, Qty, UnitPrice) VALUES (2451,31,1,1051);
INSERT INTO OrderLines(OrderID, ProductID, Qty, UnitPrice) VALUES (2451,4,2,1351);
INSERT INTO OrderLines(OrderID, ProductID, Qty, UnitPrice) VALUES (2451,23,3,464);
INSERT INTO OrderLines(OrderID, ProductID, Qty, UnitPrice) VALUES (2451,30,3,1416);
UPDATE [Order] SET TotalAmount=9393 WHERE OrderID=2451;
INSERT INTO Payment(OrderID, PaymentDate, Amount, PaymentMethod, TransactionRef) VALUES (2451,'2025-04-28',9393,'Cash','TXN402608');
INSERT INTO [Order](CustomerID, OrderDate, Status, TotalAmount) VALUES (246,'2025-03-13','Delivered',0);
INSERT INTO OrderLines(OrderID, ProductID, Qty, UnitPrice) VALUES (2452,6,2,77);
INSERT INTO OrderLines(OrderID, ProductID, Qty, UnitPrice) VALUES (2452,44,3,458);
INSERT INTO OrderLines(OrderID, ProductID, Qty, UnitPrice) VALUES (2452,9,1,1032);
INSERT INTO OrderLines(OrderID, ProductID, Qty, UnitPrice) VALUES (2452,15,2,1442);
UPDATE [Order] SET TotalAmount=5444 WHERE OrderID=2452;
INSERT INTO Payment(OrderID, PaymentDate, Amount, PaymentMethod, TransactionRef) VALUES (2452,'2025-03-18',5444,'PayPal','TXN678338');
INSERT INTO [Order](CustomerID, OrderDate, Status, TotalAmount) VALUES (246,'2025-05-08','Shipped',0);
INSERT INTO OrderLines(OrderID, ProductID, Qty, UnitPrice) VALUES (2453,3,3,417);
INSERT INTO OrderLines(OrderID, ProductID, Qty, UnitPrice) VALUES (2453,16,2,233);
INSERT INTO OrderLines(OrderID, ProductID, Qty, UnitPrice) VALUES (2453,40,1,1087);
INSERT INTO OrderLines(OrderID, ProductID, Qty, UnitPrice) VALUES (2453,5,2,1290);
UPDATE [Order] SET TotalAmount=5384 WHERE OrderID=2453;
INSERT INTO Payment(OrderID, PaymentDate, Amount, PaymentMethod, TransactionRef) VALUES (2453,'2025-05-11',5384,'Card','TXN164560');
INSERT INTO [Order](CustomerID, OrderDate, Status, TotalAmount) VALUES (246,'2025-02-07','Cancelled',0);
INSERT INTO OrderLines(OrderID, ProductID, Qty, UnitPrice) VALUES (2454,18,2,1416);
INSERT INTO OrderLines(OrderID, ProductID, Qty, UnitPrice) VALUES (2454,20,3,471);
INSERT INTO OrderLines(OrderID, ProductID, Qty, UnitPrice) VALUES (2454,49,2,412);
INSERT INTO OrderLines(OrderID, ProductID, Qty, UnitPrice) VALUES (2454,50,2,389);
UPDATE [Order] SET TotalAmount=5847 WHERE OrderID=2454;
INSERT INTO Payment(OrderID, PaymentDate, Amount, PaymentMethod, TransactionRef) VALUES (2454,'2025-02-10',5847,'Card','TXN899989');
INSERT INTO [Order](CustomerID, OrderDate, Status, TotalAmount) VALUES (246,'2025-08-16','Delivered',0);
INSERT INTO OrderLines(OrderID, ProductID, Qty, UnitPrice) VALUES (2455,38,3,553);
INSERT INTO OrderLines(OrderID, ProductID, Qty, UnitPrice) VALUES (2455,13,1,1064);
INSERT INTO OrderLines(OrderID, ProductID, Qty, UnitPrice) VALUES (2455,33,1,1144);
INSERT INTO OrderLines(OrderID, ProductID, Qty, UnitPrice) VALUES (2455,11,3,1309);
UPDATE [Order] SET TotalAmount=7794 WHERE OrderID=2455;
INSERT INTO Payment(OrderID, PaymentDate, Amount, PaymentMethod, TransactionRef) VALUES (2455,'2025-08-18',7794,'Cash','TXN929756');
INSERT INTO [Order](CustomerID, OrderDate, Status, TotalAmount) VALUES (246,'2025-12-23','Delivered',0);
INSERT INTO OrderLines(OrderID, ProductID, Qty, UnitPrice) VALUES (2456,6,1,290);
INSERT INTO OrderLines(OrderID, ProductID, Qty, UnitPrice) VALUES (2456,41,1,1108);
INSERT INTO OrderLines(OrderID, ProductID, Qty, UnitPrice) VALUES (2456,2,1,457);
INSERT INTO OrderLines(OrderID, ProductID, Qty, UnitPrice) VALUES (2456,38,1,229);
UPDATE [Order] SET TotalAmount=2084 WHERE OrderID=2456;
INSERT INTO Payment(OrderID, PaymentDate, Amount, PaymentMethod, TransactionRef) VALUES (2456,'2025-12-27',2084,'Card','TXN688484');
INSERT INTO [Order](CustomerID, OrderDate, Status, TotalAmount) VALUES (246,'2025-12-09','Processing',0);
INSERT INTO OrderLines(OrderID, ProductID, Qty, UnitPrice) VALUES (2457,9,2,1360);
INSERT INTO OrderLines(OrderID, ProductID, Qty, UnitPrice) VALUES (2457,13,1,284);
INSERT INTO OrderLines(OrderID, ProductID, Qty, UnitPrice) VALUES (2457,17,2,1229);
INSERT INTO OrderLines(OrderID, ProductID, Qty, UnitPrice) VALUES (2457,15,3,762);
UPDATE [Order] SET TotalAmount=7748 WHERE OrderID=2457;
INSERT INTO Payment(OrderID, PaymentDate, Amount, PaymentMethod, TransactionRef) VALUES (2457,'2025-12-10',7748,'Cash','TXN176731');
INSERT INTO [Order](CustomerID, OrderDate, Status, TotalAmount) VALUES (246,'2025-01-30','Processing',0);
INSERT INTO OrderLines(OrderID, ProductID, Qty, UnitPrice) VALUES (2458,25,2,192);
INSERT INTO OrderLines(OrderID, ProductID, Qty, UnitPrice) VALUES (2458,46,3,396);
INSERT INTO OrderLines(OrderID, ProductID, Qty, UnitPrice) VALUES (2458,46,2,475);
INSERT INTO OrderLines(OrderID, ProductID, Qty, UnitPrice) VALUES (2458,23,2,1462);
UPDATE [Order] SET TotalAmount=5446 WHERE OrderID=2458;
INSERT INTO Payment(OrderID, PaymentDate, Amount, PaymentMethod, TransactionRef) VALUES (2458,'2025-02-04',5446,'PayPal','TXN632851');
INSERT INTO [Order](CustomerID, OrderDate, Status, TotalAmount) VALUES (246,'2025-10-26','Processing',0);
INSERT INTO OrderLines(OrderID, ProductID, Qty, UnitPrice) VALUES (2459,8,2,1427);
INSERT INTO OrderLines(OrderID, ProductID, Qty, UnitPrice) VALUES (2459,10,2,513);
INSERT INTO OrderLines(OrderID, ProductID, Qty, UnitPrice) VALUES (2459,33,2,339);
INSERT INTO OrderLines(OrderID, ProductID, Qty, UnitPrice) VALUES (2459,36,1,838);
UPDATE [Order] SET TotalAmount=5396 WHERE OrderID=2459;
INSERT INTO Payment(OrderID, PaymentDate, Amount, PaymentMethod, TransactionRef) VALUES (2459,'2025-10-31',5396,'Card','TXN150149');
INSERT INTO [Order](CustomerID, OrderDate, Status, TotalAmount) VALUES (246,'2025-02-02','Cancelled',0);
INSERT INTO OrderLines(OrderID, ProductID, Qty, UnitPrice) VALUES (2460,11,1,1112);
INSERT INTO OrderLines(OrderID, ProductID, Qty, UnitPrice) VALUES (2460,11,3,1022);
INSERT INTO OrderLines(OrderID, ProductID, Qty, UnitPrice) VALUES (2460,42,3,1090);
INSERT INTO OrderLines(OrderID, ProductID, Qty, UnitPrice) VALUES (2460,44,1,851);
UPDATE [Order] SET TotalAmount=8299 WHERE OrderID=2460;
INSERT INTO Payment(OrderID, PaymentDate, Amount, PaymentMethod, TransactionRef) VALUES (2460,'2025-02-05',8299,'Card','TXN271479');
INSERT INTO [Order](CustomerID, OrderDate, Status, TotalAmount) VALUES (247,'2025-02-27','Processing',0);
INSERT INTO OrderLines(OrderID, ProductID, Qty, UnitPrice) VALUES (2461,37,3,1397);
INSERT INTO OrderLines(OrderID, ProductID, Qty, UnitPrice) VALUES (2461,5,1,1344);
INSERT INTO OrderLines(OrderID, ProductID, Qty, UnitPrice) VALUES (2461,46,1,216);
INSERT INTO OrderLines(OrderID, ProductID, Qty, UnitPrice) VALUES (2461,16,3,67);
UPDATE [Order] SET TotalAmount=5952 WHERE OrderID=2461;
INSERT INTO Payment(OrderID, PaymentDate, Amount, PaymentMethod, TransactionRef) VALUES (2461,'2025-03-03',5952,'Card','TXN194875');
INSERT INTO [Order](CustomerID, OrderDate, Status, TotalAmount) VALUES (247,'2025-06-06','Processing',0);
INSERT INTO OrderLines(OrderID, ProductID, Qty, UnitPrice) VALUES (2462,20,2,134);
INSERT INTO OrderLines(OrderID, ProductID, Qty, UnitPrice) VALUES (2462,4,2,184);
INSERT INTO OrderLines(OrderID, ProductID, Qty, UnitPrice) VALUES (2462,34,1,452);
INSERT INTO OrderLines(OrderID, ProductID, Qty, UnitPrice) VALUES (2462,25,2,125);
UPDATE [Order] SET TotalAmount=1338 WHERE OrderID=2462;
INSERT INTO Payment(OrderID, PaymentDate, Amount, PaymentMethod, TransactionRef) VALUES (2462,'2025-06-07',1338,'PayPal','TXN140561');
INSERT INTO [Order](CustomerID, OrderDate, Status, TotalAmount) VALUES (247,'2025-10-06','Processing',0);
INSERT INTO OrderLines(OrderID, ProductID, Qty, UnitPrice) VALUES (2463,19,3,1021);
INSERT INTO OrderLines(OrderID, ProductID, Qty, UnitPrice) VALUES (2463,2,3,434);
INSERT INTO OrderLines(OrderID, ProductID, Qty, UnitPrice) VALUES (2463,33,3,716);
INSERT INTO OrderLines(OrderID, ProductID, Qty, UnitPrice) VALUES (2463,15,1,194);
UPDATE [Order] SET TotalAmount=6707 WHERE OrderID=2463;
INSERT INTO Payment(OrderID, PaymentDate, Amount, PaymentMethod, TransactionRef) VALUES (2463,'2025-10-07',6707,'Cash','TXN569095');
INSERT INTO [Order](CustomerID, OrderDate, Status, TotalAmount) VALUES (247,'2025-02-15','Delivered',0);
INSERT INTO OrderLines(OrderID, ProductID, Qty, UnitPrice) VALUES (2464,4,2,857);
INSERT INTO OrderLines(OrderID, ProductID, Qty, UnitPrice) VALUES (2464,48,1,1494);
INSERT INTO OrderLines(OrderID, ProductID, Qty, UnitPrice) VALUES (2464,4,1,40);
INSERT INTO OrderLines(OrderID, ProductID, Qty, UnitPrice) VALUES (2464,46,2,116);
UPDATE [Order] SET TotalAmount=3480 WHERE OrderID=2464;
INSERT INTO Payment(OrderID, PaymentDate, Amount, PaymentMethod, TransactionRef) VALUES (2464,'2025-02-20',3480,'PayPal','TXN346260');
INSERT INTO [Order](CustomerID, OrderDate, Status, TotalAmount) VALUES (247,'2025-07-17','Processing',0);
INSERT INTO OrderLines(OrderID, ProductID, Qty, UnitPrice) VALUES (2465,23,1,144);
INSERT INTO OrderLines(OrderID, ProductID, Qty, UnitPrice) VALUES (2465,21,1,352);
INSERT INTO OrderLines(OrderID, ProductID, Qty, UnitPrice) VALUES (2465,8,1,1290);
INSERT INTO OrderLines(OrderID, ProductID, Qty, UnitPrice) VALUES (2465,33,1,480);
UPDATE [Order] SET TotalAmount=2266 WHERE OrderID=2465;
INSERT INTO Payment(OrderID, PaymentDate, Amount, PaymentMethod, TransactionRef) VALUES (2465,'2025-07-22',2266,'Cash','TXN244041');
INSERT INTO [Order](CustomerID, OrderDate, Status, TotalAmount) VALUES (247,'2025-02-01','Shipped',0);
INSERT INTO OrderLines(OrderID, ProductID, Qty, UnitPrice) VALUES (2466,46,1,1287);
INSERT INTO OrderLines(OrderID, ProductID, Qty, UnitPrice) VALUES (2466,23,1,1258);
INSERT INTO OrderLines(OrderID, ProductID, Qty, UnitPrice) VALUES (2466,15,3,443);
INSERT INTO OrderLines(OrderID, ProductID, Qty, UnitPrice) VALUES (2466,17,1,679);
UPDATE [Order] SET TotalAmount=4553 WHERE OrderID=2466;
INSERT INTO Payment(OrderID, PaymentDate, Amount, PaymentMethod, TransactionRef) VALUES (2466,'2025-02-03',4553,'PayPal','TXN650131');
INSERT INTO [Order](CustomerID, OrderDate, Status, TotalAmount) VALUES (247,'2025-09-03','Processing',0);
INSERT INTO OrderLines(OrderID, ProductID, Qty, UnitPrice) VALUES (2467,46,1,957);
INSERT INTO OrderLines(OrderID, ProductID, Qty, UnitPrice) VALUES (2467,34,1,839);
INSERT INTO OrderLines(OrderID, ProductID, Qty, UnitPrice) VALUES (2467,28,2,1058);
INSERT INTO OrderLines(OrderID, ProductID, Qty, UnitPrice) VALUES (2467,8,2,310);
UPDATE [Order] SET TotalAmount=4532 WHERE OrderID=2467;
INSERT INTO Payment(OrderID, PaymentDate, Amount, PaymentMethod, TransactionRef) VALUES (2467,'2025-09-06',4532,'Cash','TXN745246');
INSERT INTO [Order](CustomerID, OrderDate, Status, TotalAmount) VALUES (247,'2025-08-19','Shipped',0);
INSERT INTO OrderLines(OrderID, ProductID, Qty, UnitPrice) VALUES (2468,30,3,1031);
INSERT INTO OrderLines(OrderID, ProductID, Qty, UnitPrice) VALUES (2468,31,1,181);
INSERT INTO OrderLines(OrderID, ProductID, Qty, UnitPrice) VALUES (2468,21,2,1434);
INSERT INTO OrderLines(OrderID, ProductID, Qty, UnitPrice) VALUES (2468,8,1,1156);
UPDATE [Order] SET TotalAmount=7298 WHERE OrderID=2468;
INSERT INTO Payment(OrderID, PaymentDate, Amount, PaymentMethod, TransactionRef) VALUES (2468,'2025-08-24',7298,'Cash','TXN537289');
INSERT INTO [Order](CustomerID, OrderDate, Status, TotalAmount) VALUES (247,'2025-12-01','Processing',0);
INSERT INTO OrderLines(OrderID, ProductID, Qty, UnitPrice) VALUES (2469,15,3,510);
INSERT INTO OrderLines(OrderID, ProductID, Qty, UnitPrice) VALUES (2469,22,2,352);
INSERT INTO OrderLines(OrderID, ProductID, Qty, UnitPrice) VALUES (2469,2,2,504);
INSERT INTO OrderLines(OrderID, ProductID, Qty, UnitPrice) VALUES (2469,39,2,1213);
UPDATE [Order] SET TotalAmount=5668 WHERE OrderID=2469;
INSERT INTO Payment(OrderID, PaymentDate, Amount, PaymentMethod, TransactionRef) VALUES (2469,'2025-12-02',5668,'Cash','TXN511921');
INSERT INTO [Order](CustomerID, OrderDate, Status, TotalAmount) VALUES (247,'2025-05-14','Shipped',0);
INSERT INTO OrderLines(OrderID, ProductID, Qty, UnitPrice) VALUES (2470,25,2,1356);
INSERT INTO OrderLines(OrderID, ProductID, Qty, UnitPrice) VALUES (2470,9,3,965);
INSERT INTO OrderLines(OrderID, ProductID, Qty, UnitPrice) VALUES (2470,47,1,20);
INSERT INTO OrderLines(OrderID, ProductID, Qty, UnitPrice) VALUES (2470,38,3,1144);
UPDATE [Order] SET TotalAmount=9059 WHERE OrderID=2470;
INSERT INTO Payment(OrderID, PaymentDate, Amount, PaymentMethod, TransactionRef) VALUES (2470,'2025-05-15',9059,'PayPal','TXN463614');
INSERT INTO [Order](CustomerID, OrderDate, Status, TotalAmount) VALUES (248,'2025-02-12','Delivered',0);
INSERT INTO OrderLines(OrderID, ProductID, Qty, UnitPrice) VALUES (2471,40,2,522);
INSERT INTO OrderLines(OrderID, ProductID, Qty, UnitPrice) VALUES (2471,15,2,216);
INSERT INTO OrderLines(OrderID, ProductID, Qty, UnitPrice) VALUES (2471,46,3,57);
INSERT INTO OrderLines(OrderID, ProductID, Qty, UnitPrice) VALUES (2471,35,3,1181);
UPDATE [Order] SET TotalAmount=5190 WHERE OrderID=2471;
INSERT INTO Payment(OrderID, PaymentDate, Amount, PaymentMethod, TransactionRef) VALUES (2471,'2025-02-12',5190,'Card','TXN142895');
INSERT INTO [Order](CustomerID, OrderDate, Status, TotalAmount) VALUES (248,'2025-01-16','Delivered',0);
INSERT INTO OrderLines(OrderID, ProductID, Qty, UnitPrice) VALUES (2472,13,3,1483);
INSERT INTO OrderLines(OrderID, ProductID, Qty, UnitPrice) VALUES (2472,9,1,160);
INSERT INTO OrderLines(OrderID, ProductID, Qty, UnitPrice) VALUES (2472,42,3,1428);
INSERT INTO OrderLines(OrderID, ProductID, Qty, UnitPrice) VALUES (2472,41,2,607);
UPDATE [Order] SET TotalAmount=10107 WHERE OrderID=2472;
INSERT INTO Payment(OrderID, PaymentDate, Amount, PaymentMethod, TransactionRef) VALUES (2472,'2025-01-20',10107,'Card','TXN594248');
INSERT INTO [Order](CustomerID, OrderDate, Status, TotalAmount) VALUES (248,'2025-06-15','Processing',0);
INSERT INTO OrderLines(OrderID, ProductID, Qty, UnitPrice) VALUES (2473,37,2,1443);
INSERT INTO OrderLines(OrderID, ProductID, Qty, UnitPrice) VALUES (2473,3,1,123);
INSERT INTO OrderLines(OrderID, ProductID, Qty, UnitPrice) VALUES (2473,18,2,1206);
INSERT INTO OrderLines(OrderID, ProductID, Qty, UnitPrice) VALUES (2473,12,2,69);
UPDATE [Order] SET TotalAmount=5559 WHERE OrderID=2473;
INSERT INTO Payment(OrderID, PaymentDate, Amount, PaymentMethod, TransactionRef) VALUES (2473,'2025-06-17',5559,'Cash','TXN479900');
INSERT INTO [Order](CustomerID, OrderDate, Status, TotalAmount) VALUES (248,'2025-08-18','Processing',0);
INSERT INTO OrderLines(OrderID, ProductID, Qty, UnitPrice) VALUES (2474,31,3,1124);
INSERT INTO OrderLines(OrderID, ProductID, Qty, UnitPrice) VALUES (2474,37,2,426);
INSERT INTO OrderLines(OrderID, ProductID, Qty, UnitPrice) VALUES (2474,43,2,235);
INSERT INTO OrderLines(OrderID, ProductID, Qty, UnitPrice) VALUES (2474,43,3,484);
UPDATE [Order] SET TotalAmount=6146 WHERE OrderID=2474;
INSERT INTO Payment(OrderID, PaymentDate, Amount, PaymentMethod, TransactionRef) VALUES (2474,'2025-08-18',6146,'Cash','TXN489497');
INSERT INTO [Order](CustomerID, OrderDate, Status, TotalAmount) VALUES (248,'2025-08-08','Cancelled',0);
INSERT INTO OrderLines(OrderID, ProductID, Qty, UnitPrice) VALUES (2475,28,2,1353);
INSERT INTO OrderLines(OrderID, ProductID, Qty, UnitPrice) VALUES (2475,7,1,1033);
INSERT INTO OrderLines(OrderID, ProductID, Qty, UnitPrice) VALUES (2475,36,3,27);
INSERT INTO OrderLines(OrderID, ProductID, Qty, UnitPrice) VALUES (2475,26,1,1126);
UPDATE [Order] SET TotalAmount=4946 WHERE OrderID=2475;
INSERT INTO Payment(OrderID, PaymentDate, Amount, PaymentMethod, TransactionRef) VALUES (2475,'2025-08-11',4946,'PayPal','TXN624325');
INSERT INTO [Order](CustomerID, OrderDate, Status, TotalAmount) VALUES (248,'2025-02-22','Shipped',0);
INSERT INTO OrderLines(OrderID, ProductID, Qty, UnitPrice) VALUES (2476,4,2,58);
INSERT INTO OrderLines(OrderID, ProductID, Qty, UnitPrice) VALUES (2476,49,3,50);
INSERT INTO OrderLines(OrderID, ProductID, Qty, UnitPrice) VALUES (2476,20,1,593);
INSERT INTO OrderLines(OrderID, ProductID, Qty, UnitPrice) VALUES (2476,49,2,499);
UPDATE [Order] SET TotalAmount=1857 WHERE OrderID=2476;
INSERT INTO Payment(OrderID, PaymentDate, Amount, PaymentMethod, TransactionRef) VALUES (2476,'2025-02-22',1857,'Cash','TXN141307');
INSERT INTO [Order](CustomerID, OrderDate, Status, TotalAmount) VALUES (248,'2025-10-20','Shipped',0);
INSERT INTO OrderLines(OrderID, ProductID, Qty, UnitPrice) VALUES (2477,5,3,1022);
INSERT INTO OrderLines(OrderID, ProductID, Qty, UnitPrice) VALUES (2477,48,3,803);
INSERT INTO OrderLines(OrderID, ProductID, Qty, UnitPrice) VALUES (2477,2,2,1480);
INSERT INTO OrderLines(OrderID, ProductID, Qty, UnitPrice) VALUES (2477,31,1,1207);
UPDATE [Order] SET TotalAmount=9642 WHERE OrderID=2477;
INSERT INTO Payment(OrderID, PaymentDate, Amount, PaymentMethod, TransactionRef) VALUES (2477,'2025-10-24',9642,'Card','TXN402742');
INSERT INTO [Order](CustomerID, OrderDate, Status, TotalAmount) VALUES (248,'2025-05-10','Processing',0);
INSERT INTO OrderLines(OrderID, ProductID, Qty, UnitPrice) VALUES (2478,27,1,1451);
INSERT INTO OrderLines(OrderID, ProductID, Qty, UnitPrice) VALUES (2478,32,1,816);
INSERT INTO OrderLines(OrderID, ProductID, Qty, UnitPrice) VALUES (2478,28,1,983);
INSERT INTO OrderLines(OrderID, ProductID, Qty, UnitPrice) VALUES (2478,39,2,254);
UPDATE [Order] SET TotalAmount=3758 WHERE OrderID=2478;
INSERT INTO Payment(OrderID, PaymentDate, Amount, PaymentMethod, TransactionRef) VALUES (2478,'2025-05-14',3758,'Cash','TXN477931');
INSERT INTO [Order](CustomerID, OrderDate, Status, TotalAmount) VALUES (248,'2025-10-20','Shipped',0);
INSERT INTO OrderLines(OrderID, ProductID, Qty, UnitPrice) VALUES (2479,42,2,1265);
INSERT INTO OrderLines(OrderID, ProductID, Qty, UnitPrice) VALUES (2479,45,2,1029);
INSERT INTO OrderLines(OrderID, ProductID, Qty, UnitPrice) VALUES (2479,1,3,1284);
INSERT INTO OrderLines(OrderID, ProductID, Qty, UnitPrice) VALUES (2479,24,1,842);
UPDATE [Order] SET TotalAmount=9282 WHERE OrderID=2479;
INSERT INTO Payment(OrderID, PaymentDate, Amount, PaymentMethod, TransactionRef) VALUES (2479,'2025-10-23',9282,'Cash','TXN796036');
INSERT INTO [Order](CustomerID, OrderDate, Status, TotalAmount) VALUES (248,'2025-03-26','Delivered',0);
INSERT INTO OrderLines(OrderID, ProductID, Qty, UnitPrice) VALUES (2480,20,2,304);
INSERT INTO OrderLines(OrderID, ProductID, Qty, UnitPrice) VALUES (2480,1,1,1052);
INSERT INTO OrderLines(OrderID, ProductID, Qty, UnitPrice) VALUES (2480,45,3,555);
INSERT INTO OrderLines(OrderID, ProductID, Qty, UnitPrice) VALUES (2480,39,3,374);
UPDATE [Order] SET TotalAmount=4447 WHERE OrderID=2480;
INSERT INTO Payment(OrderID, PaymentDate, Amount, PaymentMethod, TransactionRef) VALUES (2480,'2025-03-30',4447,'Cash','TXN569194');
INSERT INTO [Order](CustomerID, OrderDate, Status, TotalAmount) VALUES (249,'2025-06-28','Shipped',0);
INSERT INTO OrderLines(OrderID, ProductID, Qty, UnitPrice) VALUES (2481,46,3,719);
INSERT INTO OrderLines(OrderID, ProductID, Qty, UnitPrice) VALUES (2481,43,2,785);
INSERT INTO OrderLines(OrderID, ProductID, Qty, UnitPrice) VALUES (2481,39,2,727);
INSERT INTO OrderLines(OrderID, ProductID, Qty, UnitPrice) VALUES (2481,35,3,813);
UPDATE [Order] SET TotalAmount=7620 WHERE OrderID=2481;
INSERT INTO Payment(OrderID, PaymentDate, Amount, PaymentMethod, TransactionRef) VALUES (2481,'2025-06-30',7620,'Cash','TXN273604');
INSERT INTO [Order](CustomerID, OrderDate, Status, TotalAmount) VALUES (249,'2025-03-19','Processing',0);
INSERT INTO OrderLines(OrderID, ProductID, Qty, UnitPrice) VALUES (2482,3,3,932);
INSERT INTO OrderLines(OrderID, ProductID, Qty, UnitPrice) VALUES (2482,31,3,1342);
INSERT INTO OrderLines(OrderID, ProductID, Qty, UnitPrice) VALUES (2482,30,2,812);
INSERT INTO OrderLines(OrderID, ProductID, Qty, UnitPrice) VALUES (2482,40,3,855);
UPDATE [Order] SET TotalAmount=11011 WHERE OrderID=2482;
INSERT INTO Payment(OrderID, PaymentDate, Amount, PaymentMethod, TransactionRef) VALUES (2482,'2025-03-20',11011,'PayPal','TXN813969');
INSERT INTO [Order](CustomerID, OrderDate, Status, TotalAmount) VALUES (249,'2025-09-03','Delivered',0);
INSERT INTO OrderLines(OrderID, ProductID, Qty, UnitPrice) VALUES (2483,9,2,435);
INSERT INTO OrderLines(OrderID, ProductID, Qty, UnitPrice) VALUES (2483,17,2,1249);
INSERT INTO OrderLines(OrderID, ProductID, Qty, UnitPrice) VALUES (2483,33,1,1092);
INSERT INTO OrderLines(OrderID, ProductID, Qty, UnitPrice) VALUES (2483,39,2,627);
UPDATE [Order] SET TotalAmount=5714 WHERE OrderID=2483;
INSERT INTO Payment(OrderID, PaymentDate, Amount, PaymentMethod, TransactionRef) VALUES (2483,'2025-09-08',5714,'Cash','TXN415309');
INSERT INTO [Order](CustomerID, OrderDate, Status, TotalAmount) VALUES (249,'2025-05-03','Processing',0);
INSERT INTO OrderLines(OrderID, ProductID, Qty, UnitPrice) VALUES (2484,36,2,1479);
INSERT INTO OrderLines(OrderID, ProductID, Qty, UnitPrice) VALUES (2484,34,2,473);
INSERT INTO OrderLines(OrderID, ProductID, Qty, UnitPrice) VALUES (2484,48,3,746);
INSERT INTO OrderLines(OrderID, ProductID, Qty, UnitPrice) VALUES (2484,3,1,626);
UPDATE [Order] SET TotalAmount=6768 WHERE OrderID=2484;
INSERT INTO Payment(OrderID, PaymentDate, Amount, PaymentMethod, TransactionRef) VALUES (2484,'2025-05-04',6768,'Card','TXN515066');
INSERT INTO [Order](CustomerID, OrderDate, Status, TotalAmount) VALUES (249,'2025-05-02','Delivered',0);
INSERT INTO OrderLines(OrderID, ProductID, Qty, UnitPrice) VALUES (2485,42,3,1239);
INSERT INTO OrderLines(OrderID, ProductID, Qty, UnitPrice) VALUES (2485,16,2,467);
INSERT INTO OrderLines(OrderID, ProductID, Qty, UnitPrice) VALUES (2485,15,2,44);
INSERT INTO OrderLines(OrderID, ProductID, Qty, UnitPrice) VALUES (2485,9,2,579);
UPDATE [Order] SET TotalAmount=5897 WHERE OrderID=2485;
INSERT INTO Payment(OrderID, PaymentDate, Amount, PaymentMethod, TransactionRef) VALUES (2485,'2025-05-02',5897,'Card','TXN868582');
INSERT INTO [Order](CustomerID, OrderDate, Status, TotalAmount) VALUES (249,'2025-01-11','Shipped',0);
INSERT INTO OrderLines(OrderID, ProductID, Qty, UnitPrice) VALUES (2486,28,3,898);
INSERT INTO OrderLines(OrderID, ProductID, Qty, UnitPrice) VALUES (2486,21,1,683);
INSERT INTO OrderLines(OrderID, ProductID, Qty, UnitPrice) VALUES (2486,46,3,1270);
INSERT INTO OrderLines(OrderID, ProductID, Qty, UnitPrice) VALUES (2486,32,1,545);
UPDATE [Order] SET TotalAmount=7732 WHERE OrderID=2486;
INSERT INTO Payment(OrderID, PaymentDate, Amount, PaymentMethod, TransactionRef) VALUES (2486,'2025-01-16',7732,'PayPal','TXN262200');
INSERT INTO [Order](CustomerID, OrderDate, Status, TotalAmount) VALUES (249,'2025-06-24','Cancelled',0);
INSERT INTO OrderLines(OrderID, ProductID, Qty, UnitPrice) VALUES (2487,41,3,1146);
INSERT INTO OrderLines(OrderID, ProductID, Qty, UnitPrice) VALUES (2487,42,1,744);
INSERT INTO OrderLines(OrderID, ProductID, Qty, UnitPrice) VALUES (2487,8,1,1395);
INSERT INTO OrderLines(OrderID, ProductID, Qty, UnitPrice) VALUES (2487,11,2,136);
UPDATE [Order] SET TotalAmount=5849 WHERE OrderID=2487;
INSERT INTO Payment(OrderID, PaymentDate, Amount, PaymentMethod, TransactionRef) VALUES (2487,'2025-06-26',5849,'PayPal','TXN124364');
INSERT INTO [Order](CustomerID, OrderDate, Status, TotalAmount) VALUES (249,'2025-07-31','Delivered',0);
INSERT INTO OrderLines(OrderID, ProductID, Qty, UnitPrice) VALUES (2488,3,3,1072);
INSERT INTO OrderLines(OrderID, ProductID, Qty, UnitPrice) VALUES (2488,5,3,937);
INSERT INTO OrderLines(OrderID, ProductID, Qty, UnitPrice) VALUES (2488,7,2,86);
INSERT INTO OrderLines(OrderID, ProductID, Qty, UnitPrice) VALUES (2488,31,2,400);
UPDATE [Order] SET TotalAmount=6999 WHERE OrderID=2488;
INSERT INTO Payment(OrderID, PaymentDate, Amount, PaymentMethod, TransactionRef) VALUES (2488,'2025-08-02',6999,'PayPal','TXN289573');
INSERT INTO [Order](CustomerID, OrderDate, Status, TotalAmount) VALUES (249,'2025-04-05','Cancelled',0);
INSERT INTO OrderLines(OrderID, ProductID, Qty, UnitPrice) VALUES (2489,7,1,1121);
INSERT INTO OrderLines(OrderID, ProductID, Qty, UnitPrice) VALUES (2489,4,1,526);
INSERT INTO OrderLines(OrderID, ProductID, Qty, UnitPrice) VALUES (2489,42,3,852);
INSERT INTO OrderLines(OrderID, ProductID, Qty, UnitPrice) VALUES (2489,3,2,363);
UPDATE [Order] SET TotalAmount=4929 WHERE OrderID=2489;
INSERT INTO Payment(OrderID, PaymentDate, Amount, PaymentMethod, TransactionRef) VALUES (2489,'2025-04-05',4929,'Cash','TXN660337');
INSERT INTO [Order](CustomerID, OrderDate, Status, TotalAmount) VALUES (249,'2025-09-13','Cancelled',0);
INSERT INTO OrderLines(OrderID, ProductID, Qty, UnitPrice) VALUES (2490,24,1,957);
INSERT INTO OrderLines(OrderID, ProductID, Qty, UnitPrice) VALUES (2490,45,1,395);
INSERT INTO OrderLines(OrderID, ProductID, Qty, UnitPrice) VALUES (2490,39,3,229);
INSERT INTO OrderLines(OrderID, ProductID, Qty, UnitPrice) VALUES (2490,17,2,1430);
UPDATE [Order] SET TotalAmount=4899 WHERE OrderID=2490;
INSERT INTO Payment(OrderID, PaymentDate, Amount, PaymentMethod, TransactionRef) VALUES (2490,'2025-09-15',4899,'Cash','TXN717326');
INSERT INTO [Order](CustomerID, OrderDate, Status, TotalAmount) VALUES (250,'2025-11-14','Delivered',0);
INSERT INTO OrderLines(OrderID, ProductID, Qty, UnitPrice) VALUES (2491,17,1,901);
INSERT INTO OrderLines(OrderID, ProductID, Qty, UnitPrice) VALUES (2491,6,1,1106);
INSERT INTO OrderLines(OrderID, ProductID, Qty, UnitPrice) VALUES (2491,45,1,580);
INSERT INTO OrderLines(OrderID, ProductID, Qty, UnitPrice) VALUES (2491,26,2,442);
UPDATE [Order] SET TotalAmount=3471 WHERE OrderID=2491;
INSERT INTO Payment(OrderID, PaymentDate, Amount, PaymentMethod, TransactionRef) VALUES (2491,'2025-11-19',3471,'PayPal','TXN269934');
INSERT INTO [Order](CustomerID, OrderDate, Status, TotalAmount) VALUES (250,'2025-05-09','Delivered',0);
INSERT INTO OrderLines(OrderID, ProductID, Qty, UnitPrice) VALUES (2492,3,2,1045);
INSERT INTO OrderLines(OrderID, ProductID, Qty, UnitPrice) VALUES (2492,23,3,880);
INSERT INTO OrderLines(OrderID, ProductID, Qty, UnitPrice) VALUES (2492,41,3,1402);
INSERT INTO OrderLines(OrderID, ProductID, Qty, UnitPrice) VALUES (2492,22,1,395);
UPDATE [Order] SET TotalAmount=9331 WHERE OrderID=2492;
INSERT INTO Payment(OrderID, PaymentDate, Amount, PaymentMethod, TransactionRef) VALUES (2492,'2025-05-14',9331,'Cash','TXN736983');
INSERT INTO [Order](CustomerID, OrderDate, Status, TotalAmount) VALUES (250,'2025-05-11','Cancelled',0);
INSERT INTO OrderLines(OrderID, ProductID, Qty, UnitPrice) VALUES (2493,21,2,543);
INSERT INTO OrderLines(OrderID, ProductID, Qty, UnitPrice) VALUES (2493,13,2,1155);
INSERT INTO OrderLines(OrderID, ProductID, Qty, UnitPrice) VALUES (2493,3,2,162);
INSERT INTO OrderLines(OrderID, ProductID, Qty, UnitPrice) VALUES (2493,45,1,549);
UPDATE [Order] SET TotalAmount=4269 WHERE OrderID=2493;
INSERT INTO Payment(OrderID, PaymentDate, Amount, PaymentMethod, TransactionRef) VALUES (2493,'2025-05-11',4269,'Cash','TXN715870');
INSERT INTO [Order](CustomerID, OrderDate, Status, TotalAmount) VALUES (250,'2025-03-07','Delivered',0);
INSERT INTO OrderLines(OrderID, ProductID, Qty, UnitPrice) VALUES (2494,4,3,1076);
INSERT INTO OrderLines(OrderID, ProductID, Qty, UnitPrice) VALUES (2494,26,3,775);
INSERT INTO OrderLines(OrderID, ProductID, Qty, UnitPrice) VALUES (2494,12,2,1159);
INSERT INTO OrderLines(OrderID, ProductID, Qty, UnitPrice) VALUES (2494,17,2,1474);
UPDATE [Order] SET TotalAmount=10819 WHERE OrderID=2494;
INSERT INTO Payment(OrderID, PaymentDate, Amount, PaymentMethod, TransactionRef) VALUES (2494,'2025-03-12',10819,'Cash','TXN458358');
INSERT INTO [Order](CustomerID, OrderDate, Status, TotalAmount) VALUES (250,'2025-08-25','Cancelled',0);
INSERT INTO OrderLines(OrderID, ProductID, Qty, UnitPrice) VALUES (2495,34,2,440);
INSERT INTO OrderLines(OrderID, ProductID, Qty, UnitPrice) VALUES (2495,48,3,1351);
INSERT INTO OrderLines(OrderID, ProductID, Qty, UnitPrice) VALUES (2495,34,2,1346);
INSERT INTO OrderLines(OrderID, ProductID, Qty, UnitPrice) VALUES (2495,32,3,151);
UPDATE [Order] SET TotalAmount=8078 WHERE OrderID=2495;
INSERT INTO Payment(OrderID, PaymentDate, Amount, PaymentMethod, TransactionRef) VALUES (2495,'2025-08-27',8078,'PayPal','TXN854259');
INSERT INTO [Order](CustomerID, OrderDate, Status, TotalAmount) VALUES (250,'2025-11-21','Processing',0);
INSERT INTO OrderLines(OrderID, ProductID, Qty, UnitPrice) VALUES (2496,49,3,1179);
INSERT INTO OrderLines(OrderID, ProductID, Qty, UnitPrice) VALUES (2496,22,3,572);
INSERT INTO OrderLines(OrderID, ProductID, Qty, UnitPrice) VALUES (2496,23,2,1256);
INSERT INTO OrderLines(OrderID, ProductID, Qty, UnitPrice) VALUES (2496,38,2,714);
UPDATE [Order] SET TotalAmount=9193 WHERE OrderID=2496;
INSERT INTO Payment(OrderID, PaymentDate, Amount, PaymentMethod, TransactionRef) VALUES (2496,'2025-11-24',9193,'PayPal','TXN798868');
INSERT INTO [Order](CustomerID, OrderDate, Status, TotalAmount) VALUES (250,'2025-09-10','Cancelled',0);
INSERT INTO OrderLines(OrderID, ProductID, Qty, UnitPrice) VALUES (2497,19,2,535);
INSERT INTO OrderLines(OrderID, ProductID, Qty, UnitPrice) VALUES (2497,16,2,1157);
INSERT INTO OrderLines(OrderID, ProductID, Qty, UnitPrice) VALUES (2497,36,2,1192);
INSERT INTO OrderLines(OrderID, ProductID, Qty, UnitPrice) VALUES (2497,46,1,560);
UPDATE [Order] SET TotalAmount=6328 WHERE OrderID=2497;
INSERT INTO Payment(OrderID, PaymentDate, Amount, PaymentMethod, TransactionRef) VALUES (2497,'2025-09-13',6328,'PayPal','TXN757358');
INSERT INTO [Order](CustomerID, OrderDate, Status, TotalAmount) VALUES (250,'2025-09-03','Shipped',0);
INSERT INTO OrderLines(OrderID, ProductID, Qty, UnitPrice) VALUES (2498,46,3,1172);
INSERT INTO OrderLines(OrderID, ProductID, Qty, UnitPrice) VALUES (2498,48,2,704);
INSERT INTO OrderLines(OrderID, ProductID, Qty, UnitPrice) VALUES (2498,21,1,458);
INSERT INTO OrderLines(OrderID, ProductID, Qty, UnitPrice) VALUES (2498,12,2,1401);
UPDATE [Order] SET TotalAmount=8184 WHERE OrderID=2498;
INSERT INTO Payment(OrderID, PaymentDate, Amount, PaymentMethod, TransactionRef) VALUES (2498,'2025-09-04',8184,'Cash','TXN380896');
INSERT INTO [Order](CustomerID, OrderDate, Status, TotalAmount) VALUES (250,'2025-04-05','Delivered',0);
INSERT INTO OrderLines(OrderID, ProductID, Qty, UnitPrice) VALUES (2499,3,3,140);
INSERT INTO OrderLines(OrderID, ProductID, Qty, UnitPrice) VALUES (2499,16,2,1222);
INSERT INTO OrderLines(OrderID, ProductID, Qty, UnitPrice) VALUES (2499,21,3,127);
INSERT INTO OrderLines(OrderID, ProductID, Qty, UnitPrice) VALUES (2499,1,3,1325);
UPDATE [Order] SET TotalAmount=7220 WHERE OrderID=2499;
INSERT INTO Payment(OrderID, PaymentDate, Amount, PaymentMethod, TransactionRef) VALUES (2499,'2025-04-05',7220,'PayPal','TXN621429');
INSERT INTO [Order](CustomerID, OrderDate, Status, TotalAmount) VALUES (250,'2025-10-08','Shipped',0);
INSERT INTO OrderLines(OrderID, ProductID, Qty, UnitPrice) VALUES (2500,7,3,875);
INSERT INTO OrderLines(OrderID, ProductID, Qty, UnitPrice) VALUES (2500,22,1,950);
INSERT INTO OrderLines(OrderID, ProductID, Qty, UnitPrice) VALUES (2500,28,3,48);
INSERT INTO OrderLines(OrderID, ProductID, Qty, UnitPrice) VALUES (2500,8,2,459);
UPDATE [Order] SET TotalAmount=4637 WHERE OrderID=2500;
INSERT INTO Payment(OrderID, PaymentDate, Amount, PaymentMethod, TransactionRef) VALUES (2500,'2025-10-11',4637,'Card','TXN860088');
INSERT INTO [Order](CustomerID, OrderDate, Status, TotalAmount) VALUES (251,'2025-12-10','Cancelled',0);
INSERT INTO OrderLines(OrderID, ProductID, Qty, UnitPrice) VALUES (2501,43,3,370);
INSERT INTO OrderLines(OrderID, ProductID, Qty, UnitPrice) VALUES (2501,5,1,1494);
INSERT INTO OrderLines(OrderID, ProductID, Qty, UnitPrice) VALUES (2501,31,1,1215);
INSERT INTO OrderLines(OrderID, ProductID, Qty, UnitPrice) VALUES (2501,3,3,99);
UPDATE [Order] SET TotalAmount=4116 WHERE OrderID=2501;
INSERT INTO Payment(OrderID, PaymentDate, Amount, PaymentMethod, TransactionRef) VALUES (2501,'2025-12-12',4116,'Card','TXN848881');
INSERT INTO [Order](CustomerID, OrderDate, Status, TotalAmount) VALUES (251,'2025-01-02','Shipped',0);
INSERT INTO OrderLines(OrderID, ProductID, Qty, UnitPrice) VALUES (2502,9,2,635);
INSERT INTO OrderLines(OrderID, ProductID, Qty, UnitPrice) VALUES (2502,48,2,759);
INSERT INTO OrderLines(OrderID, ProductID, Qty, UnitPrice) VALUES (2502,20,1,1207);
INSERT INTO OrderLines(OrderID, ProductID, Qty, UnitPrice) VALUES (2502,37,1,618);
UPDATE [Order] SET TotalAmount=4613 WHERE OrderID=2502;
INSERT INTO Payment(OrderID, PaymentDate, Amount, PaymentMethod, TransactionRef) VALUES (2502,'2025-01-07',4613,'Cash','TXN195237');
INSERT INTO [Order](CustomerID, OrderDate, Status, TotalAmount) VALUES (251,'2025-05-31','Delivered',0);
INSERT INTO OrderLines(OrderID, ProductID, Qty, UnitPrice) VALUES (2503,39,2,1071);
INSERT INTO OrderLines(OrderID, ProductID, Qty, UnitPrice) VALUES (2503,40,2,613);
INSERT INTO OrderLines(OrderID, ProductID, Qty, UnitPrice) VALUES (2503,27,1,353);
INSERT INTO OrderLines(OrderID, ProductID, Qty, UnitPrice) VALUES (2503,11,3,1305);
UPDATE [Order] SET TotalAmount=7636 WHERE OrderID=2503;
INSERT INTO Payment(OrderID, PaymentDate, Amount, PaymentMethod, TransactionRef) VALUES (2503,'2025-06-05',7636,'PayPal','TXN676282');
INSERT INTO [Order](CustomerID, OrderDate, Status, TotalAmount) VALUES (251,'2025-04-04','Cancelled',0);
INSERT INTO OrderLines(OrderID, ProductID, Qty, UnitPrice) VALUES (2504,12,2,486);
INSERT INTO OrderLines(OrderID, ProductID, Qty, UnitPrice) VALUES (2504,26,1,117);
INSERT INTO OrderLines(OrderID, ProductID, Qty, UnitPrice) VALUES (2504,6,1,686);
INSERT INTO OrderLines(OrderID, ProductID, Qty, UnitPrice) VALUES (2504,7,2,309);
UPDATE [Order] SET TotalAmount=2393 WHERE OrderID=2504;
INSERT INTO Payment(OrderID, PaymentDate, Amount, PaymentMethod, TransactionRef) VALUES (2504,'2025-04-05',2393,'Cash','TXN787469');
INSERT INTO [Order](CustomerID, OrderDate, Status, TotalAmount) VALUES (251,'2025-07-01','Processing',0);
INSERT INTO OrderLines(OrderID, ProductID, Qty, UnitPrice) VALUES (2505,9,3,412);
INSERT INTO OrderLines(OrderID, ProductID, Qty, UnitPrice) VALUES (2505,14,1,373);
INSERT INTO OrderLines(OrderID, ProductID, Qty, UnitPrice) VALUES (2505,25,1,756);
INSERT INTO OrderLines(OrderID, ProductID, Qty, UnitPrice) VALUES (2505,45,2,163);
UPDATE [Order] SET TotalAmount=2691 WHERE OrderID=2505;
INSERT INTO Payment(OrderID, PaymentDate, Amount, PaymentMethod, TransactionRef) VALUES (2505,'2025-07-01',2691,'PayPal','TXN669164');
INSERT INTO [Order](CustomerID, OrderDate, Status, TotalAmount) VALUES (251,'2025-05-19','Cancelled',0);
INSERT INTO OrderLines(OrderID, ProductID, Qty, UnitPrice) VALUES (2506,15,2,747);
INSERT INTO OrderLines(OrderID, ProductID, Qty, UnitPrice) VALUES (2506,30,3,677);
INSERT INTO OrderLines(OrderID, ProductID, Qty, UnitPrice) VALUES (2506,22,2,719);
INSERT INTO OrderLines(OrderID, ProductID, Qty, UnitPrice) VALUES (2506,44,3,31);
UPDATE [Order] SET TotalAmount=5056 WHERE OrderID=2506;
INSERT INTO Payment(OrderID, PaymentDate, Amount, PaymentMethod, TransactionRef) VALUES (2506,'2025-05-21',5056,'Cash','TXN581021');
INSERT INTO [Order](CustomerID, OrderDate, Status, TotalAmount) VALUES (251,'2025-03-01','Delivered',0);
INSERT INTO OrderLines(OrderID, ProductID, Qty, UnitPrice) VALUES (2507,18,2,69);
INSERT INTO OrderLines(OrderID, ProductID, Qty, UnitPrice) VALUES (2507,13,3,251);
INSERT INTO OrderLines(OrderID, ProductID, Qty, UnitPrice) VALUES (2507,20,2,681);
INSERT INTO OrderLines(OrderID, ProductID, Qty, UnitPrice) VALUES (2507,5,1,764);
UPDATE [Order] SET TotalAmount=3017 WHERE OrderID=2507;
INSERT INTO Payment(OrderID, PaymentDate, Amount, PaymentMethod, TransactionRef) VALUES (2507,'2025-03-06',3017,'Card','TXN329744');
INSERT INTO [Order](CustomerID, OrderDate, Status, TotalAmount) VALUES (251,'2025-01-15','Shipped',0);
INSERT INTO OrderLines(OrderID, ProductID, Qty, UnitPrice) VALUES (2508,28,1,645);
INSERT INTO OrderLines(OrderID, ProductID, Qty, UnitPrice) VALUES (2508,20,2,750);
INSERT INTO OrderLines(OrderID, ProductID, Qty, UnitPrice) VALUES (2508,19,2,641);
INSERT INTO OrderLines(OrderID, ProductID, Qty, UnitPrice) VALUES (2508,9,3,877);
UPDATE [Order] SET TotalAmount=6058 WHERE OrderID=2508;
INSERT INTO Payment(OrderID, PaymentDate, Amount, PaymentMethod, TransactionRef) VALUES (2508,'2025-01-20',6058,'Card','TXN491549');
INSERT INTO [Order](CustomerID, OrderDate, Status, TotalAmount) VALUES (251,'2025-10-15','Processing',0);
INSERT INTO OrderLines(OrderID, ProductID, Qty, UnitPrice) VALUES (2509,4,1,233);
INSERT INTO OrderLines(OrderID, ProductID, Qty, UnitPrice) VALUES (2509,10,3,956);
INSERT INTO OrderLines(OrderID, ProductID, Qty, UnitPrice) VALUES (2509,36,2,1044);
INSERT INTO OrderLines(OrderID, ProductID, Qty, UnitPrice) VALUES (2509,46,1,1120);
UPDATE [Order] SET TotalAmount=6309 WHERE OrderID=2509;
INSERT INTO Payment(OrderID, PaymentDate, Amount, PaymentMethod, TransactionRef) VALUES (2509,'2025-10-16',6309,'Card','TXN967034');
INSERT INTO [Order](CustomerID, OrderDate, Status, TotalAmount) VALUES (251,'2025-03-29','Cancelled',0);
INSERT INTO OrderLines(OrderID, ProductID, Qty, UnitPrice) VALUES (2510,35,1,739);
INSERT INTO OrderLines(OrderID, ProductID, Qty, UnitPrice) VALUES (2510,32,2,1045);
INSERT INTO OrderLines(OrderID, ProductID, Qty, UnitPrice) VALUES (2510,16,1,1073);
INSERT INTO OrderLines(OrderID, ProductID, Qty, UnitPrice) VALUES (2510,10,1,275);
UPDATE [Order] SET TotalAmount=4177 WHERE OrderID=2510;
INSERT INTO Payment(OrderID, PaymentDate, Amount, PaymentMethod, TransactionRef) VALUES (2510,'2025-03-30',4177,'Card','TXN305107');
INSERT INTO [Order](CustomerID, OrderDate, Status, TotalAmount) VALUES (252,'2025-09-14','Processing',0);
INSERT INTO OrderLines(OrderID, ProductID, Qty, UnitPrice) VALUES (2511,27,3,1398);
INSERT INTO OrderLines(OrderID, ProductID, Qty, UnitPrice) VALUES (2511,36,3,746);
INSERT INTO OrderLines(OrderID, ProductID, Qty, UnitPrice) VALUES (2511,5,2,602);
INSERT INTO OrderLines(OrderID, ProductID, Qty, UnitPrice) VALUES (2511,13,3,826);
UPDATE [Order] SET TotalAmount=10114 WHERE OrderID=2511;
INSERT INTO Payment(OrderID, PaymentDate, Amount, PaymentMethod, TransactionRef) VALUES (2511,'2025-09-16',10114,'PayPal','TXN963520');
INSERT INTO [Order](CustomerID, OrderDate, Status, TotalAmount) VALUES (252,'2025-08-28','Delivered',0);
INSERT INTO OrderLines(OrderID, ProductID, Qty, UnitPrice) VALUES (2512,46,2,925);
INSERT INTO OrderLines(OrderID, ProductID, Qty, UnitPrice) VALUES (2512,37,1,1275);
INSERT INTO OrderLines(OrderID, ProductID, Qty, UnitPrice) VALUES (2512,29,3,1329);
INSERT INTO OrderLines(OrderID, ProductID, Qty, UnitPrice) VALUES (2512,13,1,1149);
UPDATE [Order] SET TotalAmount=8261 WHERE OrderID=2512;
INSERT INTO Payment(OrderID, PaymentDate, Amount, PaymentMethod, TransactionRef) VALUES (2512,'2025-08-29',8261,'PayPal','TXN210599');
INSERT INTO [Order](CustomerID, OrderDate, Status, TotalAmount) VALUES (252,'2025-07-08','Delivered',0);
INSERT INTO OrderLines(OrderID, ProductID, Qty, UnitPrice) VALUES (2513,26,1,67);
INSERT INTO OrderLines(OrderID, ProductID, Qty, UnitPrice) VALUES (2513,8,3,595);
INSERT INTO OrderLines(OrderID, ProductID, Qty, UnitPrice) VALUES (2513,44,3,83);
INSERT INTO OrderLines(OrderID, ProductID, Qty, UnitPrice) VALUES (2513,5,3,1464);
UPDATE [Order] SET TotalAmount=6493 WHERE OrderID=2513;
INSERT INTO Payment(OrderID, PaymentDate, Amount, PaymentMethod, TransactionRef) VALUES (2513,'2025-07-13',6493,'PayPal','TXN999075');
INSERT INTO [Order](CustomerID, OrderDate, Status, TotalAmount) VALUES (252,'2025-05-08','Delivered',0);
INSERT INTO OrderLines(OrderID, ProductID, Qty, UnitPrice) VALUES (2514,21,1,1237);
INSERT INTO OrderLines(OrderID, ProductID, Qty, UnitPrice) VALUES (2514,33,2,1390);
INSERT INTO OrderLines(OrderID, ProductID, Qty, UnitPrice) VALUES (2514,29,1,1453);
INSERT INTO OrderLines(OrderID, ProductID, Qty, UnitPrice) VALUES (2514,15,2,423);
UPDATE [Order] SET TotalAmount=6316 WHERE OrderID=2514;
INSERT INTO Payment(OrderID, PaymentDate, Amount, PaymentMethod, TransactionRef) VALUES (2514,'2025-05-09',6316,'PayPal','TXN468834');
INSERT INTO [Order](CustomerID, OrderDate, Status, TotalAmount) VALUES (252,'2025-01-10','Shipped',0);
INSERT INTO OrderLines(OrderID, ProductID, Qty, UnitPrice) VALUES (2515,31,2,527);
INSERT INTO OrderLines(OrderID, ProductID, Qty, UnitPrice) VALUES (2515,30,1,345);
INSERT INTO OrderLines(OrderID, ProductID, Qty, UnitPrice) VALUES (2515,13,1,120);
INSERT INTO OrderLines(OrderID, ProductID, Qty, UnitPrice) VALUES (2515,45,1,196);
UPDATE [Order] SET TotalAmount=1715 WHERE OrderID=2515;
INSERT INTO Payment(OrderID, PaymentDate, Amount, PaymentMethod, TransactionRef) VALUES (2515,'2025-01-10',1715,'Card','TXN182144');
INSERT INTO [Order](CustomerID, OrderDate, Status, TotalAmount) VALUES (252,'2025-10-23','Delivered',0);
INSERT INTO OrderLines(OrderID, ProductID, Qty, UnitPrice) VALUES (2516,45,2,396);
INSERT INTO OrderLines(OrderID, ProductID, Qty, UnitPrice) VALUES (2516,33,1,1152);
INSERT INTO OrderLines(OrderID, ProductID, Qty, UnitPrice) VALUES (2516,23,1,880);
INSERT INTO OrderLines(OrderID, ProductID, Qty, UnitPrice) VALUES (2516,23,3,1496);
UPDATE [Order] SET TotalAmount=7312 WHERE OrderID=2516;
INSERT INTO Payment(OrderID, PaymentDate, Amount, PaymentMethod, TransactionRef) VALUES (2516,'2025-10-26',7312,'Card','TXN811741');
INSERT INTO [Order](CustomerID, OrderDate, Status, TotalAmount) VALUES (252,'2025-03-11','Processing',0);
INSERT INTO OrderLines(OrderID, ProductID, Qty, UnitPrice) VALUES (2517,6,1,909);
INSERT INTO OrderLines(OrderID, ProductID, Qty, UnitPrice) VALUES (2517,1,3,1131);
INSERT INTO OrderLines(OrderID, ProductID, Qty, UnitPrice) VALUES (2517,27,2,133);
INSERT INTO OrderLines(OrderID, ProductID, Qty, UnitPrice) VALUES (2517,38,3,88);
UPDATE [Order] SET TotalAmount=4832 WHERE OrderID=2517;
INSERT INTO Payment(OrderID, PaymentDate, Amount, PaymentMethod, TransactionRef) VALUES (2517,'2025-03-12',4832,'Card','TXN980536');
INSERT INTO [Order](CustomerID, OrderDate, Status, TotalAmount) VALUES (252,'2025-05-17','Delivered',0);
INSERT INTO OrderLines(OrderID, ProductID, Qty, UnitPrice) VALUES (2518,36,1,365);
INSERT INTO OrderLines(OrderID, ProductID, Qty, UnitPrice) VALUES (2518,45,1,170);
INSERT INTO OrderLines(OrderID, ProductID, Qty, UnitPrice) VALUES (2518,13,3,281);
INSERT INTO OrderLines(OrderID, ProductID, Qty, UnitPrice) VALUES (2518,21,3,221);
UPDATE [Order] SET TotalAmount=2041 WHERE OrderID=2518;
INSERT INTO Payment(OrderID, PaymentDate, Amount, PaymentMethod, TransactionRef) VALUES (2518,'2025-05-18',2041,'Cash','TXN510155');
INSERT INTO [Order](CustomerID, OrderDate, Status, TotalAmount) VALUES (252,'2025-05-27','Cancelled',0);
INSERT INTO OrderLines(OrderID, ProductID, Qty, UnitPrice) VALUES (2519,42,1,1209);
INSERT INTO OrderLines(OrderID, ProductID, Qty, UnitPrice) VALUES (2519,43,1,571);
INSERT INTO OrderLines(OrderID, ProductID, Qty, UnitPrice) VALUES (2519,30,1,1195);
INSERT INTO OrderLines(OrderID, ProductID, Qty, UnitPrice) VALUES (2519,48,2,1461);
UPDATE [Order] SET TotalAmount=5897 WHERE OrderID=2519;
INSERT INTO Payment(OrderID, PaymentDate, Amount, PaymentMethod, TransactionRef) VALUES (2519,'2025-06-01',5897,'PayPal','TXN164529');
INSERT INTO [Order](CustomerID, OrderDate, Status, TotalAmount) VALUES (252,'2025-04-21','Cancelled',0);
INSERT INTO OrderLines(OrderID, ProductID, Qty, UnitPrice) VALUES (2520,21,1,1325);
INSERT INTO OrderLines(OrderID, ProductID, Qty, UnitPrice) VALUES (2520,6,1,255);
INSERT INTO OrderLines(OrderID, ProductID, Qty, UnitPrice) VALUES (2520,48,1,329);
INSERT INTO OrderLines(OrderID, ProductID, Qty, UnitPrice) VALUES (2520,44,2,53);
UPDATE [Order] SET TotalAmount=2015 WHERE OrderID=2520;
INSERT INTO Payment(OrderID, PaymentDate, Amount, PaymentMethod, TransactionRef) VALUES (2520,'2025-04-22',2015,'PayPal','TXN494433');
INSERT INTO [Order](CustomerID, OrderDate, Status, TotalAmount) VALUES (253,'2025-01-29','Delivered',0);
INSERT INTO OrderLines(OrderID, ProductID, Qty, UnitPrice) VALUES (2521,2,2,1462);
INSERT INTO OrderLines(OrderID, ProductID, Qty, UnitPrice) VALUES (2521,16,2,1284);
INSERT INTO OrderLines(OrderID, ProductID, Qty, UnitPrice) VALUES (2521,1,1,529);
INSERT INTO OrderLines(OrderID, ProductID, Qty, UnitPrice) VALUES (2521,29,1,527);
UPDATE [Order] SET TotalAmount=6548 WHERE OrderID=2521;
INSERT INTO Payment(OrderID, PaymentDate, Amount, PaymentMethod, TransactionRef) VALUES (2521,'2025-02-02',6548,'Cash','TXN629176');
INSERT INTO [Order](CustomerID, OrderDate, Status, TotalAmount) VALUES (253,'2025-03-01','Delivered',0);
INSERT INTO OrderLines(OrderID, ProductID, Qty, UnitPrice) VALUES (2522,31,2,53);
INSERT INTO OrderLines(OrderID, ProductID, Qty, UnitPrice) VALUES (2522,24,3,718);
INSERT INTO OrderLines(OrderID, ProductID, Qty, UnitPrice) VALUES (2522,7,2,498);
INSERT INTO OrderLines(OrderID, ProductID, Qty, UnitPrice) VALUES (2522,20,3,776);
UPDATE [Order] SET TotalAmount=5584 WHERE OrderID=2522;
INSERT INTO Payment(OrderID, PaymentDate, Amount, PaymentMethod, TransactionRef) VALUES (2522,'2025-03-06',5584,'Card','TXN622901');
INSERT INTO [Order](CustomerID, OrderDate, Status, TotalAmount) VALUES (253,'2025-12-19','Cancelled',0);
INSERT INTO OrderLines(OrderID, ProductID, Qty, UnitPrice) VALUES (2523,12,3,1162);
INSERT INTO OrderLines(OrderID, ProductID, Qty, UnitPrice) VALUES (2523,7,1,896);
INSERT INTO OrderLines(OrderID, ProductID, Qty, UnitPrice) VALUES (2523,40,3,870);
INSERT INTO OrderLines(OrderID, ProductID, Qty, UnitPrice) VALUES (2523,19,1,1358);
UPDATE [Order] SET TotalAmount=8350 WHERE OrderID=2523;
INSERT INTO Payment(OrderID, PaymentDate, Amount, PaymentMethod, TransactionRef) VALUES (2523,'2025-12-23',8350,'Card','TXN717131');
INSERT INTO [Order](CustomerID, OrderDate, Status, TotalAmount) VALUES (253,'2025-08-31','Processing',0);
INSERT INTO OrderLines(OrderID, ProductID, Qty, UnitPrice) VALUES (2524,38,2,744);
INSERT INTO OrderLines(OrderID, ProductID, Qty, UnitPrice) VALUES (2524,2,1,1217);
INSERT INTO OrderLines(OrderID, ProductID, Qty, UnitPrice) VALUES (2524,37,1,571);
INSERT INTO OrderLines(OrderID, ProductID, Qty, UnitPrice) VALUES (2524,35,3,234);
UPDATE [Order] SET TotalAmount=3978 WHERE OrderID=2524;
INSERT INTO Payment(OrderID, PaymentDate, Amount, PaymentMethod, TransactionRef) VALUES (2524,'2025-09-05',3978,'Cash','TXN928348');
INSERT INTO [Order](CustomerID, OrderDate, Status, TotalAmount) VALUES (253,'2025-03-02','Cancelled',0);
INSERT INTO OrderLines(OrderID, ProductID, Qty, UnitPrice) VALUES (2525,17,2,1134);
INSERT INTO OrderLines(OrderID, ProductID, Qty, UnitPrice) VALUES (2525,33,1,1330);
INSERT INTO OrderLines(OrderID, ProductID, Qty, UnitPrice) VALUES (2525,16,2,997);
INSERT INTO OrderLines(OrderID, ProductID, Qty, UnitPrice) VALUES (2525,28,2,497);
UPDATE [Order] SET TotalAmount=6586 WHERE OrderID=2525;
INSERT INTO Payment(OrderID, PaymentDate, Amount, PaymentMethod, TransactionRef) VALUES (2525,'2025-03-05',6586,'Card','TXN459800');
INSERT INTO [Order](CustomerID, OrderDate, Status, TotalAmount) VALUES (253,'2025-12-08','Cancelled',0);
INSERT INTO OrderLines(OrderID, ProductID, Qty, UnitPrice) VALUES (2526,28,1,826);
INSERT INTO OrderLines(OrderID, ProductID, Qty, UnitPrice) VALUES (2526,13,1,517);
INSERT INTO OrderLines(OrderID, ProductID, Qty, UnitPrice) VALUES (2526,28,3,835);
INSERT INTO OrderLines(OrderID, ProductID, Qty, UnitPrice) VALUES (2526,22,1,186);
UPDATE [Order] SET TotalAmount=4034 WHERE OrderID=2526;
INSERT INTO Payment(OrderID, PaymentDate, Amount, PaymentMethod, TransactionRef) VALUES (2526,'2025-12-13',4034,'Cash','TXN852597');
INSERT INTO [Order](CustomerID, OrderDate, Status, TotalAmount) VALUES (253,'2025-12-08','Shipped',0);
INSERT INTO OrderLines(OrderID, ProductID, Qty, UnitPrice) VALUES (2527,13,1,178);
INSERT INTO OrderLines(OrderID, ProductID, Qty, UnitPrice) VALUES (2527,29,2,520);
INSERT INTO OrderLines(OrderID, ProductID, Qty, UnitPrice) VALUES (2527,40,1,231);
INSERT INTO OrderLines(OrderID, ProductID, Qty, UnitPrice) VALUES (2527,1,1,1349);
UPDATE [Order] SET TotalAmount=2798 WHERE OrderID=2527;
INSERT INTO Payment(OrderID, PaymentDate, Amount, PaymentMethod, TransactionRef) VALUES (2527,'2025-12-11',2798,'Cash','TXN145571');
INSERT INTO [Order](CustomerID, OrderDate, Status, TotalAmount) VALUES (253,'2025-04-09','Processing',0);
INSERT INTO OrderLines(OrderID, ProductID, Qty, UnitPrice) VALUES (2528,11,3,1170);
INSERT INTO OrderLines(OrderID, ProductID, Qty, UnitPrice) VALUES (2528,11,2,511);
INSERT INTO OrderLines(OrderID, ProductID, Qty, UnitPrice) VALUES (2528,20,3,107);
INSERT INTO OrderLines(OrderID, ProductID, Qty, UnitPrice) VALUES (2528,21,2,437);
UPDATE [Order] SET TotalAmount=5727 WHERE OrderID=2528;
INSERT INTO Payment(OrderID, PaymentDate, Amount, PaymentMethod, TransactionRef) VALUES (2528,'2025-04-09',5727,'Card','TXN797867');
INSERT INTO [Order](CustomerID, OrderDate, Status, TotalAmount) VALUES (253,'2025-02-21','Shipped',0);
INSERT INTO OrderLines(OrderID, ProductID, Qty, UnitPrice) VALUES (2529,47,3,1361);
INSERT INTO OrderLines(OrderID, ProductID, Qty, UnitPrice) VALUES (2529,42,3,102);
INSERT INTO OrderLines(OrderID, ProductID, Qty, UnitPrice) VALUES (2529,26,2,32);
INSERT INTO OrderLines(OrderID, ProductID, Qty, UnitPrice) VALUES (2529,8,1,395);
UPDATE [Order] SET TotalAmount=4848 WHERE OrderID=2529;
INSERT INTO Payment(OrderID, PaymentDate, Amount, PaymentMethod, TransactionRef) VALUES (2529,'2025-02-23',4848,'Cash','TXN959100');
INSERT INTO [Order](CustomerID, OrderDate, Status, TotalAmount) VALUES (253,'2025-02-28','Processing',0);
INSERT INTO OrderLines(OrderID, ProductID, Qty, UnitPrice) VALUES (2530,1,2,113);
INSERT INTO OrderLines(OrderID, ProductID, Qty, UnitPrice) VALUES (2530,18,1,140);
INSERT INTO OrderLines(OrderID, ProductID, Qty, UnitPrice) VALUES (2530,10,1,334);
INSERT INTO OrderLines(OrderID, ProductID, Qty, UnitPrice) VALUES (2530,23,2,804);
UPDATE [Order] SET TotalAmount=2308 WHERE OrderID=2530;
INSERT INTO Payment(OrderID, PaymentDate, Amount, PaymentMethod, TransactionRef) VALUES (2530,'2025-03-05',2308,'Cash','TXN642918');
INSERT INTO [Order](CustomerID, OrderDate, Status, TotalAmount) VALUES (254,'2025-05-28','Cancelled',0);
INSERT INTO OrderLines(OrderID, ProductID, Qty, UnitPrice) VALUES (2531,15,1,689);
INSERT INTO OrderLines(OrderID, ProductID, Qty, UnitPrice) VALUES (2531,23,2,1432);
INSERT INTO OrderLines(OrderID, ProductID, Qty, UnitPrice) VALUES (2531,21,3,1304);
INSERT INTO OrderLines(OrderID, ProductID, Qty, UnitPrice) VALUES (2531,11,2,182);
UPDATE [Order] SET TotalAmount=7829 WHERE OrderID=2531;
INSERT INTO Payment(OrderID, PaymentDate, Amount, PaymentMethod, TransactionRef) VALUES (2531,'2025-06-02',7829,'Cash','TXN627166');
INSERT INTO [Order](CustomerID, OrderDate, Status, TotalAmount) VALUES (254,'2025-05-02','Processing',0);
INSERT INTO OrderLines(OrderID, ProductID, Qty, UnitPrice) VALUES (2532,32,2,828);
INSERT INTO OrderLines(OrderID, ProductID, Qty, UnitPrice) VALUES (2532,45,1,927);
INSERT INTO OrderLines(OrderID, ProductID, Qty, UnitPrice) VALUES (2532,42,2,303);
INSERT INTO OrderLines(OrderID, ProductID, Qty, UnitPrice) VALUES (2532,13,2,1280);
UPDATE [Order] SET TotalAmount=5749 WHERE OrderID=2532;
INSERT INTO Payment(OrderID, PaymentDate, Amount, PaymentMethod, TransactionRef) VALUES (2532,'2025-05-06',5749,'Card','TXN130809');
INSERT INTO [Order](CustomerID, OrderDate, Status, TotalAmount) VALUES (254,'2025-03-12','Processing',0);
INSERT INTO OrderLines(OrderID, ProductID, Qty, UnitPrice) VALUES (2533,5,2,155);
INSERT INTO OrderLines(OrderID, ProductID, Qty, UnitPrice) VALUES (2533,23,1,793);
INSERT INTO OrderLines(OrderID, ProductID, Qty, UnitPrice) VALUES (2533,29,2,1077);
INSERT INTO OrderLines(OrderID, ProductID, Qty, UnitPrice) VALUES (2533,23,1,598);
UPDATE [Order] SET TotalAmount=3855 WHERE OrderID=2533;
INSERT INTO Payment(OrderID, PaymentDate, Amount, PaymentMethod, TransactionRef) VALUES (2533,'2025-03-16',3855,'Card','TXN482651');
INSERT INTO [Order](CustomerID, OrderDate, Status, TotalAmount) VALUES (254,'2025-11-20','Processing',0);
INSERT INTO OrderLines(OrderID, ProductID, Qty, UnitPrice) VALUES (2534,3,1,132);
INSERT INTO OrderLines(OrderID, ProductID, Qty, UnitPrice) VALUES (2534,9,2,554);
INSERT INTO OrderLines(OrderID, ProductID, Qty, UnitPrice) VALUES (2534,11,2,1431);
INSERT INTO OrderLines(OrderID, ProductID, Qty, UnitPrice) VALUES (2534,1,2,1419);
UPDATE [Order] SET TotalAmount=6940 WHERE OrderID=2534;
INSERT INTO Payment(OrderID, PaymentDate, Amount, PaymentMethod, TransactionRef) VALUES (2534,'2025-11-25',6940,'Card','TXN897123');
INSERT INTO [Order](CustomerID, OrderDate, Status, TotalAmount) VALUES (254,'2025-02-27','Shipped',0);
INSERT INTO OrderLines(OrderID, ProductID, Qty, UnitPrice) VALUES (2535,42,2,533);
INSERT INTO OrderLines(OrderID, ProductID, Qty, UnitPrice) VALUES (2535,35,1,1493);
INSERT INTO OrderLines(OrderID, ProductID, Qty, UnitPrice) VALUES (2535,17,3,455);
INSERT INTO OrderLines(OrderID, ProductID, Qty, UnitPrice) VALUES (2535,4,3,918);
UPDATE [Order] SET TotalAmount=6678 WHERE OrderID=2535;
INSERT INTO Payment(OrderID, PaymentDate, Amount, PaymentMethod, TransactionRef) VALUES (2535,'2025-03-02',6678,'Card','TXN181896');
INSERT INTO [Order](CustomerID, OrderDate, Status, TotalAmount) VALUES (254,'2025-09-25','Processing',0);
INSERT INTO OrderLines(OrderID, ProductID, Qty, UnitPrice) VALUES (2536,43,3,1092);
INSERT INTO OrderLines(OrderID, ProductID, Qty, UnitPrice) VALUES (2536,42,3,928);
INSERT INTO OrderLines(OrderID, ProductID, Qty, UnitPrice) VALUES (2536,26,3,742);
INSERT INTO OrderLines(OrderID, ProductID, Qty, UnitPrice) VALUES (2536,9,2,626);
UPDATE [Order] SET TotalAmount=9538 WHERE OrderID=2536;
INSERT INTO Payment(OrderID, PaymentDate, Amount, PaymentMethod, TransactionRef) VALUES (2536,'2025-09-30',9538,'PayPal','TXN183265');
INSERT INTO [Order](CustomerID, OrderDate, Status, TotalAmount) VALUES (254,'2025-03-09','Delivered',0);
INSERT INTO OrderLines(OrderID, ProductID, Qty, UnitPrice) VALUES (2537,41,3,736);
INSERT INTO OrderLines(OrderID, ProductID, Qty, UnitPrice) VALUES (2537,24,1,35);
INSERT INTO OrderLines(OrderID, ProductID, Qty, UnitPrice) VALUES (2537,41,1,1188);
INSERT INTO OrderLines(OrderID, ProductID, Qty, UnitPrice) VALUES (2537,6,2,731);
UPDATE [Order] SET TotalAmount=4893 WHERE OrderID=2537;
INSERT INTO Payment(OrderID, PaymentDate, Amount, PaymentMethod, TransactionRef) VALUES (2537,'2025-03-12',4893,'PayPal','TXN466186');
INSERT INTO [Order](CustomerID, OrderDate, Status, TotalAmount) VALUES (254,'2025-09-11','Delivered',0);
INSERT INTO OrderLines(OrderID, ProductID, Qty, UnitPrice) VALUES (2538,38,2,21);
INSERT INTO OrderLines(OrderID, ProductID, Qty, UnitPrice) VALUES (2538,14,1,1278);
INSERT INTO OrderLines(OrderID, ProductID, Qty, UnitPrice) VALUES (2538,47,2,992);
INSERT INTO OrderLines(OrderID, ProductID, Qty, UnitPrice) VALUES (2538,29,1,1087);
UPDATE [Order] SET TotalAmount=4391 WHERE OrderID=2538;
INSERT INTO Payment(OrderID, PaymentDate, Amount, PaymentMethod, TransactionRef) VALUES (2538,'2025-09-12',4391,'Card','TXN691518');
INSERT INTO [Order](CustomerID, OrderDate, Status, TotalAmount) VALUES (254,'2025-11-01','Shipped',0);
INSERT INTO OrderLines(OrderID, ProductID, Qty, UnitPrice) VALUES (2539,48,3,443);
INSERT INTO OrderLines(OrderID, ProductID, Qty, UnitPrice) VALUES (2539,26,1,386);
INSERT INTO OrderLines(OrderID, ProductID, Qty, UnitPrice) VALUES (2539,50,1,1142);
INSERT INTO OrderLines(OrderID, ProductID, Qty, UnitPrice) VALUES (2539,50,1,761);
UPDATE [Order] SET TotalAmount=3618 WHERE OrderID=2539;
INSERT INTO Payment(OrderID, PaymentDate, Amount, PaymentMethod, TransactionRef) VALUES (2539,'2025-11-05',3618,'Cash','TXN338686');
INSERT INTO [Order](CustomerID, OrderDate, Status, TotalAmount) VALUES (254,'2025-10-30','Cancelled',0);
INSERT INTO OrderLines(OrderID, ProductID, Qty, UnitPrice) VALUES (2540,49,3,318);
INSERT INTO OrderLines(OrderID, ProductID, Qty, UnitPrice) VALUES (2540,29,1,1013);
INSERT INTO OrderLines(OrderID, ProductID, Qty, UnitPrice) VALUES (2540,33,3,1438);
INSERT INTO OrderLines(OrderID, ProductID, Qty, UnitPrice) VALUES (2540,4,3,720);
UPDATE [Order] SET TotalAmount=8441 WHERE OrderID=2540;
INSERT INTO Payment(OrderID, PaymentDate, Amount, PaymentMethod, TransactionRef) VALUES (2540,'2025-11-04',8441,'Card','TXN752838');
INSERT INTO [Order](CustomerID, OrderDate, Status, TotalAmount) VALUES (255,'2025-07-21','Cancelled',0);
INSERT INTO OrderLines(OrderID, ProductID, Qty, UnitPrice) VALUES (2541,14,1,694);
INSERT INTO OrderLines(OrderID, ProductID, Qty, UnitPrice) VALUES (2541,15,1,1058);
INSERT INTO OrderLines(OrderID, ProductID, Qty, UnitPrice) VALUES (2541,38,3,58);
INSERT INTO OrderLines(OrderID, ProductID, Qty, UnitPrice) VALUES (2541,5,3,1177);
UPDATE [Order] SET TotalAmount=5457 WHERE OrderID=2541;
INSERT INTO Payment(OrderID, PaymentDate, Amount, PaymentMethod, TransactionRef) VALUES (2541,'2025-07-25',5457,'PayPal','TXN243363');
INSERT INTO [Order](CustomerID, OrderDate, Status, TotalAmount) VALUES (255,'2025-08-01','Cancelled',0);
INSERT INTO OrderLines(OrderID, ProductID, Qty, UnitPrice) VALUES (2542,8,3,124);
INSERT INTO OrderLines(OrderID, ProductID, Qty, UnitPrice) VALUES (2542,34,2,527);
INSERT INTO OrderLines(OrderID, ProductID, Qty, UnitPrice) VALUES (2542,17,1,555);
INSERT INTO OrderLines(OrderID, ProductID, Qty, UnitPrice) VALUES (2542,34,3,251);
UPDATE [Order] SET TotalAmount=2734 WHERE OrderID=2542;
INSERT INTO Payment(OrderID, PaymentDate, Amount, PaymentMethod, TransactionRef) VALUES (2542,'2025-08-02',2734,'Card','TXN317259');
INSERT INTO [Order](CustomerID, OrderDate, Status, TotalAmount) VALUES (255,'2025-11-05','Shipped',0);
INSERT INTO OrderLines(OrderID, ProductID, Qty, UnitPrice) VALUES (2543,5,2,472);
INSERT INTO OrderLines(OrderID, ProductID, Qty, UnitPrice) VALUES (2543,47,1,545);
INSERT INTO OrderLines(OrderID, ProductID, Qty, UnitPrice) VALUES (2543,3,2,172);
INSERT INTO OrderLines(OrderID, ProductID, Qty, UnitPrice) VALUES (2543,30,1,1088);
UPDATE [Order] SET TotalAmount=2921 WHERE OrderID=2543;
INSERT INTO Payment(OrderID, PaymentDate, Amount, PaymentMethod, TransactionRef) VALUES (2543,'2025-11-09',2921,'Cash','TXN883891');
INSERT INTO [Order](CustomerID, OrderDate, Status, TotalAmount) VALUES (255,'2025-07-07','Cancelled',0);
INSERT INTO OrderLines(OrderID, ProductID, Qty, UnitPrice) VALUES (2544,48,1,237);
INSERT INTO OrderLines(OrderID, ProductID, Qty, UnitPrice) VALUES (2544,44,3,1256);
INSERT INTO OrderLines(OrderID, ProductID, Qty, UnitPrice) VALUES (2544,16,2,875);
INSERT INTO OrderLines(OrderID, ProductID, Qty, UnitPrice) VALUES (2544,36,2,1064);
UPDATE [Order] SET TotalAmount=7883 WHERE OrderID=2544;
INSERT INTO Payment(OrderID, PaymentDate, Amount, PaymentMethod, TransactionRef) VALUES (2544,'2025-07-07',7883,'Card','TXN766784');
INSERT INTO [Order](CustomerID, OrderDate, Status, TotalAmount) VALUES (255,'2025-12-20','Shipped',0);
INSERT INTO OrderLines(OrderID, ProductID, Qty, UnitPrice) VALUES (2545,43,3,626);
INSERT INTO OrderLines(OrderID, ProductID, Qty, UnitPrice) VALUES (2545,43,3,749);
INSERT INTO OrderLines(OrderID, ProductID, Qty, UnitPrice) VALUES (2545,25,2,1496);
INSERT INTO OrderLines(OrderID, ProductID, Qty, UnitPrice) VALUES (2545,2,3,646);
UPDATE [Order] SET TotalAmount=9055 WHERE OrderID=2545;
INSERT INTO Payment(OrderID, PaymentDate, Amount, PaymentMethod, TransactionRef) VALUES (2545,'2025-12-22',9055,'Cash','TXN884870');
INSERT INTO [Order](CustomerID, OrderDate, Status, TotalAmount) VALUES (255,'2025-08-19','Cancelled',0);
INSERT INTO OrderLines(OrderID, ProductID, Qty, UnitPrice) VALUES (2546,34,1,1186);
INSERT INTO OrderLines(OrderID, ProductID, Qty, UnitPrice) VALUES (2546,19,1,301);
INSERT INTO OrderLines(OrderID, ProductID, Qty, UnitPrice) VALUES (2546,10,1,663);
INSERT INTO OrderLines(OrderID, ProductID, Qty, UnitPrice) VALUES (2546,24,1,952);
UPDATE [Order] SET TotalAmount=3102 WHERE OrderID=2546;
INSERT INTO Payment(OrderID, PaymentDate, Amount, PaymentMethod, TransactionRef) VALUES (2546,'2025-08-19',3102,'Card','TXN321946');
INSERT INTO [Order](CustomerID, OrderDate, Status, TotalAmount) VALUES (255,'2025-02-25','Shipped',0);
INSERT INTO OrderLines(OrderID, ProductID, Qty, UnitPrice) VALUES (2547,5,2,1190);
INSERT INTO OrderLines(OrderID, ProductID, Qty, UnitPrice) VALUES (2547,16,3,1335);
INSERT INTO OrderLines(OrderID, ProductID, Qty, UnitPrice) VALUES (2547,36,2,1423);
INSERT INTO OrderLines(OrderID, ProductID, Qty, UnitPrice) VALUES (2547,35,3,574);
UPDATE [Order] SET TotalAmount=10953 WHERE OrderID=2547;
INSERT INTO Payment(OrderID, PaymentDate, Amount, PaymentMethod, TransactionRef) VALUES (2547,'2025-02-26',10953,'PayPal','TXN292039');
INSERT INTO [Order](CustomerID, OrderDate, Status, TotalAmount) VALUES (255,'2025-02-26','Shipped',0);
INSERT INTO OrderLines(OrderID, ProductID, Qty, UnitPrice) VALUES (2548,3,3,649);
INSERT INTO OrderLines(OrderID, ProductID, Qty, UnitPrice) VALUES (2548,18,3,1391);
INSERT INTO OrderLines(OrderID, ProductID, Qty, UnitPrice) VALUES (2548,30,3,820);
INSERT INTO OrderLines(OrderID, ProductID, Qty, UnitPrice) VALUES (2548,6,3,785);
UPDATE [Order] SET TotalAmount=10935 WHERE OrderID=2548;
INSERT INTO Payment(OrderID, PaymentDate, Amount, PaymentMethod, TransactionRef) VALUES (2548,'2025-02-27',10935,'Cash','TXN976291');
INSERT INTO [Order](CustomerID, OrderDate, Status, TotalAmount) VALUES (255,'2025-05-01','Shipped',0);
INSERT INTO OrderLines(OrderID, ProductID, Qty, UnitPrice) VALUES (2549,7,1,290);
INSERT INTO OrderLines(OrderID, ProductID, Qty, UnitPrice) VALUES (2549,18,1,918);
INSERT INTO OrderLines(OrderID, ProductID, Qty, UnitPrice) VALUES (2549,31,3,515);
INSERT INTO OrderLines(OrderID, ProductID, Qty, UnitPrice) VALUES (2549,19,2,1107);
UPDATE [Order] SET TotalAmount=4967 WHERE OrderID=2549;
INSERT INTO Payment(OrderID, PaymentDate, Amount, PaymentMethod, TransactionRef) VALUES (2549,'2025-05-05',4967,'PayPal','TXN422441');
INSERT INTO [Order](CustomerID, OrderDate, Status, TotalAmount) VALUES (255,'2025-11-25','Delivered',0);
INSERT INTO OrderLines(OrderID, ProductID, Qty, UnitPrice) VALUES (2550,2,2,880);
INSERT INTO OrderLines(OrderID, ProductID, Qty, UnitPrice) VALUES (2550,5,2,163);
INSERT INTO OrderLines(OrderID, ProductID, Qty, UnitPrice) VALUES (2550,12,3,1359);
INSERT INTO OrderLines(OrderID, ProductID, Qty, UnitPrice) VALUES (2550,48,1,582);
UPDATE [Order] SET TotalAmount=6745 WHERE OrderID=2550;
INSERT INTO Payment(OrderID, PaymentDate, Amount, PaymentMethod, TransactionRef) VALUES (2550,'2025-11-30',6745,'PayPal','TXN813209');
INSERT INTO [Order](CustomerID, OrderDate, Status, TotalAmount) VALUES (256,'2025-11-04','Processing',0);
INSERT INTO OrderLines(OrderID, ProductID, Qty, UnitPrice) VALUES (2551,42,2,63);
INSERT INTO OrderLines(OrderID, ProductID, Qty, UnitPrice) VALUES (2551,25,3,647);
INSERT INTO OrderLines(OrderID, ProductID, Qty, UnitPrice) VALUES (2551,15,3,1074);
INSERT INTO OrderLines(OrderID, ProductID, Qty, UnitPrice) VALUES (2551,39,2,99);
UPDATE [Order] SET TotalAmount=5487 WHERE OrderID=2551;
INSERT INTO Payment(OrderID, PaymentDate, Amount, PaymentMethod, TransactionRef) VALUES (2551,'2025-11-06',5487,'Cash','TXN330354');
INSERT INTO [Order](CustomerID, OrderDate, Status, TotalAmount) VALUES (256,'2025-08-03','Shipped',0);
INSERT INTO OrderLines(OrderID, ProductID, Qty, UnitPrice) VALUES (2552,28,1,396);
INSERT INTO OrderLines(OrderID, ProductID, Qty, UnitPrice) VALUES (2552,45,3,1018);
INSERT INTO OrderLines(OrderID, ProductID, Qty, UnitPrice) VALUES (2552,43,1,172);
INSERT INTO OrderLines(OrderID, ProductID, Qty, UnitPrice) VALUES (2552,13,3,907);
UPDATE [Order] SET TotalAmount=6343 WHERE OrderID=2552;
INSERT INTO Payment(OrderID, PaymentDate, Amount, PaymentMethod, TransactionRef) VALUES (2552,'2025-08-04',6343,'Cash','TXN661232');
INSERT INTO [Order](CustomerID, OrderDate, Status, TotalAmount) VALUES (256,'2025-02-14','Processing',0);
INSERT INTO OrderLines(OrderID, ProductID, Qty, UnitPrice) VALUES (2553,14,1,1034);
INSERT INTO OrderLines(OrderID, ProductID, Qty, UnitPrice) VALUES (2553,35,1,233);
INSERT INTO OrderLines(OrderID, ProductID, Qty, UnitPrice) VALUES (2553,11,2,1032);
INSERT INTO OrderLines(OrderID, ProductID, Qty, UnitPrice) VALUES (2553,29,3,686);
UPDATE [Order] SET TotalAmount=5389 WHERE OrderID=2553;
INSERT INTO Payment(OrderID, PaymentDate, Amount, PaymentMethod, TransactionRef) VALUES (2553,'2025-02-15',5389,'Cash','TXN323173');
INSERT INTO [Order](CustomerID, OrderDate, Status, TotalAmount) VALUES (256,'2025-10-01','Cancelled',0);
INSERT INTO OrderLines(OrderID, ProductID, Qty, UnitPrice) VALUES (2554,8,3,817);
INSERT INTO OrderLines(OrderID, ProductID, Qty, UnitPrice) VALUES (2554,46,3,210);
INSERT INTO OrderLines(OrderID, ProductID, Qty, UnitPrice) VALUES (2554,39,3,270);
INSERT INTO OrderLines(OrderID, ProductID, Qty, UnitPrice) VALUES (2554,10,1,1345);
UPDATE [Order] SET TotalAmount=5236 WHERE OrderID=2554;
INSERT INTO Payment(OrderID, PaymentDate, Amount, PaymentMethod, TransactionRef) VALUES (2554,'2025-10-06',5236,'PayPal','TXN797405');
INSERT INTO [Order](CustomerID, OrderDate, Status, TotalAmount) VALUES (256,'2025-04-25','Cancelled',0);
INSERT INTO OrderLines(OrderID, ProductID, Qty, UnitPrice) VALUES (2555,27,2,1408);
INSERT INTO OrderLines(OrderID, ProductID, Qty, UnitPrice) VALUES (2555,36,2,277);
INSERT INTO OrderLines(OrderID, ProductID, Qty, UnitPrice) VALUES (2555,14,3,983);
INSERT INTO OrderLines(OrderID, ProductID, Qty, UnitPrice) VALUES (2555,16,1,438);
UPDATE [Order] SET TotalAmount=6757 WHERE OrderID=2555;
INSERT INTO Payment(OrderID, PaymentDate, Amount, PaymentMethod, TransactionRef) VALUES (2555,'2025-04-30',6757,'Card','TXN311297');
INSERT INTO [Order](CustomerID, OrderDate, Status, TotalAmount) VALUES (256,'2025-10-10','Cancelled',0);
INSERT INTO OrderLines(OrderID, ProductID, Qty, UnitPrice) VALUES (2556,40,1,1108);
INSERT INTO OrderLines(OrderID, ProductID, Qty, UnitPrice) VALUES (2556,45,1,78);
INSERT INTO OrderLines(OrderID, ProductID, Qty, UnitPrice) VALUES (2556,11,1,826);
INSERT INTO OrderLines(OrderID, ProductID, Qty, UnitPrice) VALUES (2556,16,2,1116);
UPDATE [Order] SET TotalAmount=4244 WHERE OrderID=2556;
INSERT INTO Payment(OrderID, PaymentDate, Amount, PaymentMethod, TransactionRef) VALUES (2556,'2025-10-11',4244,'Card','TXN595750');
INSERT INTO [Order](CustomerID, OrderDate, Status, TotalAmount) VALUES (256,'2025-02-16','Delivered',0);
INSERT INTO OrderLines(OrderID, ProductID, Qty, UnitPrice) VALUES (2557,37,2,1427);
INSERT INTO OrderLines(OrderID, ProductID, Qty, UnitPrice) VALUES (2557,42,1,328);
INSERT INTO OrderLines(OrderID, ProductID, Qty, UnitPrice) VALUES (2557,17,3,515);
INSERT INTO OrderLines(OrderID, ProductID, Qty, UnitPrice) VALUES (2557,3,3,469);
UPDATE [Order] SET TotalAmount=6134 WHERE OrderID=2557;
INSERT INTO Payment(OrderID, PaymentDate, Amount, PaymentMethod, TransactionRef) VALUES (2557,'2025-02-20',6134,'PayPal','TXN761586');
INSERT INTO [Order](CustomerID, OrderDate, Status, TotalAmount) VALUES (256,'2025-10-21','Shipped',0);
INSERT INTO OrderLines(OrderID, ProductID, Qty, UnitPrice) VALUES (2558,33,3,332);
INSERT INTO OrderLines(OrderID, ProductID, Qty, UnitPrice) VALUES (2558,43,1,1478);
INSERT INTO OrderLines(OrderID, ProductID, Qty, UnitPrice) VALUES (2558,4,2,46);
INSERT INTO OrderLines(OrderID, ProductID, Qty, UnitPrice) VALUES (2558,17,3,938);
UPDATE [Order] SET TotalAmount=5380 WHERE OrderID=2558;
INSERT INTO Payment(OrderID, PaymentDate, Amount, PaymentMethod, TransactionRef) VALUES (2558,'2025-10-22',5380,'Card','TXN571780');
INSERT INTO [Order](CustomerID, OrderDate, Status, TotalAmount) VALUES (256,'2025-05-09','Processing',0);
INSERT INTO OrderLines(OrderID, ProductID, Qty, UnitPrice) VALUES (2559,16,2,1213);
INSERT INTO OrderLines(OrderID, ProductID, Qty, UnitPrice) VALUES (2559,24,2,438);
INSERT INTO OrderLines(OrderID, ProductID, Qty, UnitPrice) VALUES (2559,21,1,1123);
INSERT INTO OrderLines(OrderID, ProductID, Qty, UnitPrice) VALUES (2559,49,1,965);
UPDATE [Order] SET TotalAmount=5390 WHERE OrderID=2559;
INSERT INTO Payment(OrderID, PaymentDate, Amount, PaymentMethod, TransactionRef) VALUES (2559,'2025-05-10',5390,'PayPal','TXN264320');
INSERT INTO [Order](CustomerID, OrderDate, Status, TotalAmount) VALUES (256,'2025-03-14','Shipped',0);
INSERT INTO OrderLines(OrderID, ProductID, Qty, UnitPrice) VALUES (2560,25,2,510);
INSERT INTO OrderLines(OrderID, ProductID, Qty, UnitPrice) VALUES (2560,4,1,635);
INSERT INTO OrderLines(OrderID, ProductID, Qty, UnitPrice) VALUES (2560,32,3,1473);
INSERT INTO OrderLines(OrderID, ProductID, Qty, UnitPrice) VALUES (2560,7,1,1293);
UPDATE [Order] SET TotalAmount=7367 WHERE OrderID=2560;
INSERT INTO Payment(OrderID, PaymentDate, Amount, PaymentMethod, TransactionRef) VALUES (2560,'2025-03-17',7367,'Card','TXN849192');
INSERT INTO [Order](CustomerID, OrderDate, Status, TotalAmount) VALUES (257,'2025-04-01','Cancelled',0);
INSERT INTO OrderLines(OrderID, ProductID, Qty, UnitPrice) VALUES (2561,42,2,833);
INSERT INTO OrderLines(OrderID, ProductID, Qty, UnitPrice) VALUES (2561,50,3,190);
INSERT INTO OrderLines(OrderID, ProductID, Qty, UnitPrice) VALUES (2561,47,1,1184);
INSERT INTO OrderLines(OrderID, ProductID, Qty, UnitPrice) VALUES (2561,20,2,1428);
UPDATE [Order] SET TotalAmount=6276 WHERE OrderID=2561;
INSERT INTO Payment(OrderID, PaymentDate, Amount, PaymentMethod, TransactionRef) VALUES (2561,'2025-04-06',6276,'PayPal','TXN111179');
INSERT INTO [Order](CustomerID, OrderDate, Status, TotalAmount) VALUES (257,'2025-10-31','Delivered',0);
INSERT INTO OrderLines(OrderID, ProductID, Qty, UnitPrice) VALUES (2562,10,1,1171);
INSERT INTO OrderLines(OrderID, ProductID, Qty, UnitPrice) VALUES (2562,39,3,939);
INSERT INTO OrderLines(OrderID, ProductID, Qty, UnitPrice) VALUES (2562,49,3,876);
INSERT INTO OrderLines(OrderID, ProductID, Qty, UnitPrice) VALUES (2562,33,2,534);
UPDATE [Order] SET TotalAmount=7684 WHERE OrderID=2562;
INSERT INTO Payment(OrderID, PaymentDate, Amount, PaymentMethod, TransactionRef) VALUES (2562,'2025-11-05',7684,'Card','TXN516331');
INSERT INTO [Order](CustomerID, OrderDate, Status, TotalAmount) VALUES (257,'2025-10-25','Cancelled',0);
INSERT INTO OrderLines(OrderID, ProductID, Qty, UnitPrice) VALUES (2563,25,2,1281);
INSERT INTO OrderLines(OrderID, ProductID, Qty, UnitPrice) VALUES (2563,29,3,1055);
INSERT INTO OrderLines(OrderID, ProductID, Qty, UnitPrice) VALUES (2563,7,2,983);
INSERT INTO OrderLines(OrderID, ProductID, Qty, UnitPrice) VALUES (2563,33,2,989);
UPDATE [Order] SET TotalAmount=9671 WHERE OrderID=2563;
INSERT INTO Payment(OrderID, PaymentDate, Amount, PaymentMethod, TransactionRef) VALUES (2563,'2025-10-29',9671,'PayPal','TXN582900');
INSERT INTO [Order](CustomerID, OrderDate, Status, TotalAmount) VALUES (257,'2025-08-26','Cancelled',0);
INSERT INTO OrderLines(OrderID, ProductID, Qty, UnitPrice) VALUES (2564,22,1,351);
INSERT INTO OrderLines(OrderID, ProductID, Qty, UnitPrice) VALUES (2564,28,3,502);
INSERT INTO OrderLines(OrderID, ProductID, Qty, UnitPrice) VALUES (2564,30,1,624);
INSERT INTO OrderLines(OrderID, ProductID, Qty, UnitPrice) VALUES (2564,35,1,357);
UPDATE [Order] SET TotalAmount=2838 WHERE OrderID=2564;
INSERT INTO Payment(OrderID, PaymentDate, Amount, PaymentMethod, TransactionRef) VALUES (2564,'2025-08-31',2838,'Card','TXN137182');
INSERT INTO [Order](CustomerID, OrderDate, Status, TotalAmount) VALUES (257,'2025-06-13','Shipped',0);
INSERT INTO OrderLines(OrderID, ProductID, Qty, UnitPrice) VALUES (2565,45,1,327);
INSERT INTO OrderLines(OrderID, ProductID, Qty, UnitPrice) VALUES (2565,43,2,1011);
INSERT INTO OrderLines(OrderID, ProductID, Qty, UnitPrice) VALUES (2565,18,1,611);
INSERT INTO OrderLines(OrderID, ProductID, Qty, UnitPrice) VALUES (2565,27,3,1177);
UPDATE [Order] SET TotalAmount=6491 WHERE OrderID=2565;
INSERT INTO Payment(OrderID, PaymentDate, Amount, PaymentMethod, TransactionRef) VALUES (2565,'2025-06-17',6491,'PayPal','TXN980272');
INSERT INTO [Order](CustomerID, OrderDate, Status, TotalAmount) VALUES (257,'2025-01-04','Processing',0);
INSERT INTO OrderLines(OrderID, ProductID, Qty, UnitPrice) VALUES (2566,34,3,395);
INSERT INTO OrderLines(OrderID, ProductID, Qty, UnitPrice) VALUES (2566,1,1,784);
INSERT INTO OrderLines(OrderID, ProductID, Qty, UnitPrice) VALUES (2566,25,1,448);
INSERT INTO OrderLines(OrderID, ProductID, Qty, UnitPrice) VALUES (2566,15,1,961);
UPDATE [Order] SET TotalAmount=3378 WHERE OrderID=2566;
INSERT INTO Payment(OrderID, PaymentDate, Amount, PaymentMethod, TransactionRef) VALUES (2566,'2025-01-04',3378,'Card','TXN979001');
INSERT INTO [Order](CustomerID, OrderDate, Status, TotalAmount) VALUES (257,'2025-04-25','Shipped',0);
INSERT INTO OrderLines(OrderID, ProductID, Qty, UnitPrice) VALUES (2567,43,3,1388);
INSERT INTO OrderLines(OrderID, ProductID, Qty, UnitPrice) VALUES (2567,26,3,711);
INSERT INTO OrderLines(OrderID, ProductID, Qty, UnitPrice) VALUES (2567,28,3,609);
INSERT INTO OrderLines(OrderID, ProductID, Qty, UnitPrice) VALUES (2567,13,3,183);
UPDATE [Order] SET TotalAmount=8673 WHERE OrderID=2567;
INSERT INTO Payment(OrderID, PaymentDate, Amount, PaymentMethod, TransactionRef) VALUES (2567,'2025-04-28',8673,'Cash','TXN369411');
INSERT INTO [Order](CustomerID, OrderDate, Status, TotalAmount) VALUES (257,'2025-03-05','Delivered',0);
INSERT INTO OrderLines(OrderID, ProductID, Qty, UnitPrice) VALUES (2568,19,3,1347);
INSERT INTO OrderLines(OrderID, ProductID, Qty, UnitPrice) VALUES (2568,29,3,366);
INSERT INTO OrderLines(OrderID, ProductID, Qty, UnitPrice) VALUES (2568,5,3,125);
INSERT INTO OrderLines(OrderID, ProductID, Qty, UnitPrice) VALUES (2568,30,3,1400);
UPDATE [Order] SET TotalAmount=9714 WHERE OrderID=2568;
INSERT INTO Payment(OrderID, PaymentDate, Amount, PaymentMethod, TransactionRef) VALUES (2568,'2025-03-07',9714,'PayPal','TXN514477');
INSERT INTO [Order](CustomerID, OrderDate, Status, TotalAmount) VALUES (257,'2025-04-06','Processing',0);
INSERT INTO OrderLines(OrderID, ProductID, Qty, UnitPrice) VALUES (2569,27,2,30);
INSERT INTO OrderLines(OrderID, ProductID, Qty, UnitPrice) VALUES (2569,13,3,203);
INSERT INTO OrderLines(OrderID, ProductID, Qty, UnitPrice) VALUES (2569,39,2,679);
INSERT INTO OrderLines(OrderID, ProductID, Qty, UnitPrice) VALUES (2569,44,3,1202);
UPDATE [Order] SET TotalAmount=5633 WHERE OrderID=2569;
INSERT INTO Payment(OrderID, PaymentDate, Amount, PaymentMethod, TransactionRef) VALUES (2569,'2025-04-07',5633,'Card','TXN255796');
INSERT INTO [Order](CustomerID, OrderDate, Status, TotalAmount) VALUES (257,'2025-10-14','Delivered',0);
INSERT INTO OrderLines(OrderID, ProductID, Qty, UnitPrice) VALUES (2570,29,3,482);
INSERT INTO OrderLines(OrderID, ProductID, Qty, UnitPrice) VALUES (2570,26,2,888);
INSERT INTO OrderLines(OrderID, ProductID, Qty, UnitPrice) VALUES (2570,4,1,696);
INSERT INTO OrderLines(OrderID, ProductID, Qty, UnitPrice) VALUES (2570,48,2,75);
UPDATE [Order] SET TotalAmount=4068 WHERE OrderID=2570;
INSERT INTO Payment(OrderID, PaymentDate, Amount, PaymentMethod, TransactionRef) VALUES (2570,'2025-10-17',4068,'PayPal','TXN242945');
INSERT INTO [Order](CustomerID, OrderDate, Status, TotalAmount) VALUES (258,'2025-11-11','Delivered',0);
INSERT INTO OrderLines(OrderID, ProductID, Qty, UnitPrice) VALUES (2571,8,1,1128);
INSERT INTO OrderLines(OrderID, ProductID, Qty, UnitPrice) VALUES (2571,24,1,317);
INSERT INTO OrderLines(OrderID, ProductID, Qty, UnitPrice) VALUES (2571,3,1,579);
INSERT INTO OrderLines(OrderID, ProductID, Qty, UnitPrice) VALUES (2571,15,2,1369);
UPDATE [Order] SET TotalAmount=4762 WHERE OrderID=2571;
INSERT INTO Payment(OrderID, PaymentDate, Amount, PaymentMethod, TransactionRef) VALUES (2571,'2025-11-14',4762,'Cash','TXN688023');
INSERT INTO [Order](CustomerID, OrderDate, Status, TotalAmount) VALUES (258,'2025-07-25','Cancelled',0);
INSERT INTO OrderLines(OrderID, ProductID, Qty, UnitPrice) VALUES (2572,31,2,949);
INSERT INTO OrderLines(OrderID, ProductID, Qty, UnitPrice) VALUES (2572,8,2,148);
INSERT INTO OrderLines(OrderID, ProductID, Qty, UnitPrice) VALUES (2572,12,3,1040);
INSERT INTO OrderLines(OrderID, ProductID, Qty, UnitPrice) VALUES (2572,21,2,1091);
UPDATE [Order] SET TotalAmount=7496 WHERE OrderID=2572;
INSERT INTO Payment(OrderID, PaymentDate, Amount, PaymentMethod, TransactionRef) VALUES (2572,'2025-07-29',7496,'PayPal','TXN977070');
INSERT INTO [Order](CustomerID, OrderDate, Status, TotalAmount) VALUES (258,'2025-12-04','Shipped',0);
INSERT INTO OrderLines(OrderID, ProductID, Qty, UnitPrice) VALUES (2573,33,1,970);
INSERT INTO OrderLines(OrderID, ProductID, Qty, UnitPrice) VALUES (2573,42,1,372);
INSERT INTO OrderLines(OrderID, ProductID, Qty, UnitPrice) VALUES (2573,46,2,1135);
INSERT INTO OrderLines(OrderID, ProductID, Qty, UnitPrice) VALUES (2573,47,2,1294);
UPDATE [Order] SET TotalAmount=6200 WHERE OrderID=2573;
INSERT INTO Payment(OrderID, PaymentDate, Amount, PaymentMethod, TransactionRef) VALUES (2573,'2025-12-05',6200,'PayPal','TXN713885');
INSERT INTO [Order](CustomerID, OrderDate, Status, TotalAmount) VALUES (258,'2025-01-05','Shipped',0);
INSERT INTO OrderLines(OrderID, ProductID, Qty, UnitPrice) VALUES (2574,14,1,894);
INSERT INTO OrderLines(OrderID, ProductID, Qty, UnitPrice) VALUES (2574,33,3,163);
INSERT INTO OrderLines(OrderID, ProductID, Qty, UnitPrice) VALUES (2574,44,3,1219);
INSERT INTO OrderLines(OrderID, ProductID, Qty, UnitPrice) VALUES (2574,23,3,667);
UPDATE [Order] SET TotalAmount=7041 WHERE OrderID=2574;
INSERT INTO Payment(OrderID, PaymentDate, Amount, PaymentMethod, TransactionRef) VALUES (2574,'2025-01-05',7041,'Card','TXN308097');
INSERT INTO [Order](CustomerID, OrderDate, Status, TotalAmount) VALUES (258,'2025-03-27','Cancelled',0);
INSERT INTO OrderLines(OrderID, ProductID, Qty, UnitPrice) VALUES (2575,9,3,248);
INSERT INTO OrderLines(OrderID, ProductID, Qty, UnitPrice) VALUES (2575,19,3,843);
INSERT INTO OrderLines(OrderID, ProductID, Qty, UnitPrice) VALUES (2575,43,3,399);
INSERT INTO OrderLines(OrderID, ProductID, Qty, UnitPrice) VALUES (2575,14,3,50);
UPDATE [Order] SET TotalAmount=4620 WHERE OrderID=2575;
INSERT INTO Payment(OrderID, PaymentDate, Amount, PaymentMethod, TransactionRef) VALUES (2575,'2025-04-01',4620,'Cash','TXN914325');
INSERT INTO [Order](CustomerID, OrderDate, Status, TotalAmount) VALUES (258,'2025-04-30','Processing',0);
INSERT INTO OrderLines(OrderID, ProductID, Qty, UnitPrice) VALUES (2576,45,2,1084);
INSERT INTO OrderLines(OrderID, ProductID, Qty, UnitPrice) VALUES (2576,48,3,663);
INSERT INTO OrderLines(OrderID, ProductID, Qty, UnitPrice) VALUES (2576,17,2,807);
INSERT INTO OrderLines(OrderID, ProductID, Qty, UnitPrice) VALUES (2576,17,2,1403);
UPDATE [Order] SET TotalAmount=8577 WHERE OrderID=2576;
INSERT INTO Payment(OrderID, PaymentDate, Amount, PaymentMethod, TransactionRef) VALUES (2576,'2025-05-03',8577,'Cash','TXN580619');
INSERT INTO [Order](CustomerID, OrderDate, Status, TotalAmount) VALUES (258,'2025-03-18','Processing',0);
INSERT INTO OrderLines(OrderID, ProductID, Qty, UnitPrice) VALUES (2577,46,3,771);
INSERT INTO OrderLines(OrderID, ProductID, Qty, UnitPrice) VALUES (2577,24,1,63);
INSERT INTO OrderLines(OrderID, ProductID, Qty, UnitPrice) VALUES (2577,29,2,946);
INSERT INTO OrderLines(OrderID, ProductID, Qty, UnitPrice) VALUES (2577,45,3,1070);
UPDATE [Order] SET TotalAmount=7478 WHERE OrderID=2577;
INSERT INTO Payment(OrderID, PaymentDate, Amount, PaymentMethod, TransactionRef) VALUES (2577,'2025-03-18',7478,'Card','TXN608267');
INSERT INTO [Order](CustomerID, OrderDate, Status, TotalAmount) VALUES (258,'2025-07-15','Cancelled',0);
INSERT INTO OrderLines(OrderID, ProductID, Qty, UnitPrice) VALUES (2578,10,3,248);
INSERT INTO OrderLines(OrderID, ProductID, Qty, UnitPrice) VALUES (2578,35,3,1338);
INSERT INTO OrderLines(OrderID, ProductID, Qty, UnitPrice) VALUES (2578,48,1,1476);
INSERT INTO OrderLines(OrderID, ProductID, Qty, UnitPrice) VALUES (2578,48,1,1281);
UPDATE [Order] SET TotalAmount=7515 WHERE OrderID=2578;
INSERT INTO Payment(OrderID, PaymentDate, Amount, PaymentMethod, TransactionRef) VALUES (2578,'2025-07-20',7515,'PayPal','TXN418435');
INSERT INTO [Order](CustomerID, OrderDate, Status, TotalAmount) VALUES (258,'2025-07-24','Shipped',0);
INSERT INTO OrderLines(OrderID, ProductID, Qty, UnitPrice) VALUES (2579,17,1,703);
INSERT INTO OrderLines(OrderID, ProductID, Qty, UnitPrice) VALUES (2579,21,3,1266);
INSERT INTO OrderLines(OrderID, ProductID, Qty, UnitPrice) VALUES (2579,32,1,1498);
INSERT INTO OrderLines(OrderID, ProductID, Qty, UnitPrice) VALUES (2579,43,1,545);
UPDATE [Order] SET TotalAmount=6544 WHERE OrderID=2579;
INSERT INTO Payment(OrderID, PaymentDate, Amount, PaymentMethod, TransactionRef) VALUES (2579,'2025-07-29',6544,'Card','TXN254883');
INSERT INTO [Order](CustomerID, OrderDate, Status, TotalAmount) VALUES (258,'2025-11-08','Shipped',0);
INSERT INTO OrderLines(OrderID, ProductID, Qty, UnitPrice) VALUES (2580,24,2,924);
INSERT INTO OrderLines(OrderID, ProductID, Qty, UnitPrice) VALUES (2580,36,3,1159);
INSERT INTO OrderLines(OrderID, ProductID, Qty, UnitPrice) VALUES (2580,30,3,610);
INSERT INTO OrderLines(OrderID, ProductID, Qty, UnitPrice) VALUES (2580,22,1,438);
UPDATE [Order] SET TotalAmount=7593 WHERE OrderID=2580;
INSERT INTO Payment(OrderID, PaymentDate, Amount, PaymentMethod, TransactionRef) VALUES (2580,'2025-11-12',7593,'Card','TXN795456');
INSERT INTO [Order](CustomerID, OrderDate, Status, TotalAmount) VALUES (259,'2025-06-30','Cancelled',0);
INSERT INTO OrderLines(OrderID, ProductID, Qty, UnitPrice) VALUES (2581,9,1,142);
INSERT INTO OrderLines(OrderID, ProductID, Qty, UnitPrice) VALUES (2581,38,3,947);
INSERT INTO OrderLines(OrderID, ProductID, Qty, UnitPrice) VALUES (2581,10,1,1192);
INSERT INTO OrderLines(OrderID, ProductID, Qty, UnitPrice) VALUES (2581,46,1,551);
UPDATE [Order] SET TotalAmount=4726 WHERE OrderID=2581;
INSERT INTO Payment(OrderID, PaymentDate, Amount, PaymentMethod, TransactionRef) VALUES (2581,'2025-06-30',4726,'PayPal','TXN774406');
INSERT INTO [Order](CustomerID, OrderDate, Status, TotalAmount) VALUES (259,'2025-06-24','Processing',0);
INSERT INTO OrderLines(OrderID, ProductID, Qty, UnitPrice) VALUES (2582,10,2,390);
INSERT INTO OrderLines(OrderID, ProductID, Qty, UnitPrice) VALUES (2582,3,2,294);
INSERT INTO OrderLines(OrderID, ProductID, Qty, UnitPrice) VALUES (2582,45,3,572);
INSERT INTO OrderLines(OrderID, ProductID, Qty, UnitPrice) VALUES (2582,48,2,1372);
UPDATE [Order] SET TotalAmount=5828 WHERE OrderID=2582;
INSERT INTO Payment(OrderID, PaymentDate, Amount, PaymentMethod, TransactionRef) VALUES (2582,'2025-06-25',5828,'Cash','TXN689843');
INSERT INTO [Order](CustomerID, OrderDate, Status, TotalAmount) VALUES (259,'2025-07-06','Shipped',0);
INSERT INTO OrderLines(OrderID, ProductID, Qty, UnitPrice) VALUES (2583,30,2,930);
INSERT INTO OrderLines(OrderID, ProductID, Qty, UnitPrice) VALUES (2583,41,1,969);
INSERT INTO OrderLines(OrderID, ProductID, Qty, UnitPrice) VALUES (2583,29,3,241);
INSERT INTO OrderLines(OrderID, ProductID, Qty, UnitPrice) VALUES (2583,22,1,1348);
UPDATE [Order] SET TotalAmount=4900 WHERE OrderID=2583;
INSERT INTO Payment(OrderID, PaymentDate, Amount, PaymentMethod, TransactionRef) VALUES (2583,'2025-07-07',4900,'PayPal','TXN435963');
INSERT INTO [Order](CustomerID, OrderDate, Status, TotalAmount) VALUES (259,'2025-07-03','Delivered',0);
INSERT INTO OrderLines(OrderID, ProductID, Qty, UnitPrice) VALUES (2584,3,1,1246);
INSERT INTO OrderLines(OrderID, ProductID, Qty, UnitPrice) VALUES (2584,10,3,852);
INSERT INTO OrderLines(OrderID, ProductID, Qty, UnitPrice) VALUES (2584,2,2,24);
INSERT INTO OrderLines(OrderID, ProductID, Qty, UnitPrice) VALUES (2584,36,3,486);
UPDATE [Order] SET TotalAmount=5308 WHERE OrderID=2584;
INSERT INTO Payment(OrderID, PaymentDate, Amount, PaymentMethod, TransactionRef) VALUES (2584,'2025-07-08',5308,'Cash','TXN373010');
INSERT INTO [Order](CustomerID, OrderDate, Status, TotalAmount) VALUES (259,'2025-09-24','Delivered',0);
INSERT INTO OrderLines(OrderID, ProductID, Qty, UnitPrice) VALUES (2585,20,1,1256);
INSERT INTO OrderLines(OrderID, ProductID, Qty, UnitPrice) VALUES (2585,23,3,1161);
INSERT INTO OrderLines(OrderID, ProductID, Qty, UnitPrice) VALUES (2585,42,1,572);
INSERT INTO OrderLines(OrderID, ProductID, Qty, UnitPrice) VALUES (2585,42,2,1191);
UPDATE [Order] SET TotalAmount=7693 WHERE OrderID=2585;
INSERT INTO Payment(OrderID, PaymentDate, Amount, PaymentMethod, TransactionRef) VALUES (2585,'2025-09-24',7693,'Cash','TXN830439');
INSERT INTO [Order](CustomerID, OrderDate, Status, TotalAmount) VALUES (259,'2025-07-05','Delivered',0);
INSERT INTO OrderLines(OrderID, ProductID, Qty, UnitPrice) VALUES (2586,30,3,325);
INSERT INTO OrderLines(OrderID, ProductID, Qty, UnitPrice) VALUES (2586,27,1,429);
INSERT INTO OrderLines(OrderID, ProductID, Qty, UnitPrice) VALUES (2586,14,3,486);
INSERT INTO OrderLines(OrderID, ProductID, Qty, UnitPrice) VALUES (2586,31,1,889);
UPDATE [Order] SET TotalAmount=3751 WHERE OrderID=2586;
INSERT INTO Payment(OrderID, PaymentDate, Amount, PaymentMethod, TransactionRef) VALUES (2586,'2025-07-10',3751,'Cash','TXN466380');
INSERT INTO [Order](CustomerID, OrderDate, Status, TotalAmount) VALUES (259,'2025-04-16','Cancelled',0);
INSERT INTO OrderLines(OrderID, ProductID, Qty, UnitPrice) VALUES (2587,48,1,900);
INSERT INTO OrderLines(OrderID, ProductID, Qty, UnitPrice) VALUES (2587,43,1,82);
INSERT INTO OrderLines(OrderID, ProductID, Qty, UnitPrice) VALUES (2587,24,2,395);
INSERT INTO OrderLines(OrderID, ProductID, Qty, UnitPrice) VALUES (2587,31,3,1099);
UPDATE [Order] SET TotalAmount=5069 WHERE OrderID=2587;
INSERT INTO Payment(OrderID, PaymentDate, Amount, PaymentMethod, TransactionRef) VALUES (2587,'2025-04-17',5069,'PayPal','TXN524456');
INSERT INTO [Order](CustomerID, OrderDate, Status, TotalAmount) VALUES (259,'2025-06-22','Cancelled',0);
INSERT INTO OrderLines(OrderID, ProductID, Qty, UnitPrice) VALUES (2588,27,3,420);
INSERT INTO OrderLines(OrderID, ProductID, Qty, UnitPrice) VALUES (2588,50,1,494);
INSERT INTO OrderLines(OrderID, ProductID, Qty, UnitPrice) VALUES (2588,28,3,1215);
INSERT INTO OrderLines(OrderID, ProductID, Qty, UnitPrice) VALUES (2588,32,1,575);
UPDATE [Order] SET TotalAmount=5974 WHERE OrderID=2588;
INSERT INTO Payment(OrderID, PaymentDate, Amount, PaymentMethod, TransactionRef) VALUES (2588,'2025-06-22',5974,'Cash','TXN731259');
INSERT INTO [Order](CustomerID, OrderDate, Status, TotalAmount) VALUES (259,'2025-09-22','Processing',0);
INSERT INTO OrderLines(OrderID, ProductID, Qty, UnitPrice) VALUES (2589,21,1,1321);
INSERT INTO OrderLines(OrderID, ProductID, Qty, UnitPrice) VALUES (2589,11,2,713);
INSERT INTO OrderLines(OrderID, ProductID, Qty, UnitPrice) VALUES (2589,18,3,333);
INSERT INTO OrderLines(OrderID, ProductID, Qty, UnitPrice) VALUES (2589,33,1,1493);
UPDATE [Order] SET TotalAmount=5239 WHERE OrderID=2589;
INSERT INTO Payment(OrderID, PaymentDate, Amount, PaymentMethod, TransactionRef) VALUES (2589,'2025-09-23',5239,'Cash','TXN639681');
INSERT INTO [Order](CustomerID, OrderDate, Status, TotalAmount) VALUES (259,'2025-02-08','Delivered',0);
INSERT INTO OrderLines(OrderID, ProductID, Qty, UnitPrice) VALUES (2590,14,1,585);
INSERT INTO OrderLines(OrderID, ProductID, Qty, UnitPrice) VALUES (2590,7,1,329);
INSERT INTO OrderLines(OrderID, ProductID, Qty, UnitPrice) VALUES (2590,49,1,485);
INSERT INTO OrderLines(OrderID, ProductID, Qty, UnitPrice) VALUES (2590,26,3,207);
UPDATE [Order] SET TotalAmount=2020 WHERE OrderID=2590;
INSERT INTO Payment(OrderID, PaymentDate, Amount, PaymentMethod, TransactionRef) VALUES (2590,'2025-02-10',2020,'Cash','TXN622044');
INSERT INTO [Order](CustomerID, OrderDate, Status, TotalAmount) VALUES (260,'2025-08-03','Delivered',0);
INSERT INTO OrderLines(OrderID, ProductID, Qty, UnitPrice) VALUES (2591,46,1,530);
INSERT INTO OrderLines(OrderID, ProductID, Qty, UnitPrice) VALUES (2591,6,1,1135);
INSERT INTO OrderLines(OrderID, ProductID, Qty, UnitPrice) VALUES (2591,25,1,419);
INSERT INTO OrderLines(OrderID, ProductID, Qty, UnitPrice) VALUES (2591,20,3,1170);
UPDATE [Order] SET TotalAmount=5594 WHERE OrderID=2591;
INSERT INTO Payment(OrderID, PaymentDate, Amount, PaymentMethod, TransactionRef) VALUES (2591,'2025-08-04',5594,'Card','TXN732896');
INSERT INTO [Order](CustomerID, OrderDate, Status, TotalAmount) VALUES (260,'2025-09-22','Shipped',0);
INSERT INTO OrderLines(OrderID, ProductID, Qty, UnitPrice) VALUES (2592,11,2,261);
INSERT INTO OrderLines(OrderID, ProductID, Qty, UnitPrice) VALUES (2592,6,3,1116);
INSERT INTO OrderLines(OrderID, ProductID, Qty, UnitPrice) VALUES (2592,46,2,1236);
INSERT INTO OrderLines(OrderID, ProductID, Qty, UnitPrice) VALUES (2592,12,1,771);
UPDATE [Order] SET TotalAmount=7113 WHERE OrderID=2592;
INSERT INTO Payment(OrderID, PaymentDate, Amount, PaymentMethod, TransactionRef) VALUES (2592,'2025-09-23',7113,'PayPal','TXN306376');
INSERT INTO [Order](CustomerID, OrderDate, Status, TotalAmount) VALUES (260,'2025-06-18','Shipped',0);
INSERT INTO OrderLines(OrderID, ProductID, Qty, UnitPrice) VALUES (2593,14,2,293);
INSERT INTO OrderLines(OrderID, ProductID, Qty, UnitPrice) VALUES (2593,6,1,526);
INSERT INTO OrderLines(OrderID, ProductID, Qty, UnitPrice) VALUES (2593,43,2,765);
INSERT INTO OrderLines(OrderID, ProductID, Qty, UnitPrice) VALUES (2593,38,2,1479);
UPDATE [Order] SET TotalAmount=5600 WHERE OrderID=2593;
INSERT INTO Payment(OrderID, PaymentDate, Amount, PaymentMethod, TransactionRef) VALUES (2593,'2025-06-20',5600,'PayPal','TXN436397');
INSERT INTO [Order](CustomerID, OrderDate, Status, TotalAmount) VALUES (260,'2025-12-25','Shipped',0);
INSERT INTO OrderLines(OrderID, ProductID, Qty, UnitPrice) VALUES (2594,8,1,992);
INSERT INTO OrderLines(OrderID, ProductID, Qty, UnitPrice) VALUES (2594,11,2,1307);
INSERT INTO OrderLines(OrderID, ProductID, Qty, UnitPrice) VALUES (2594,10,3,66);
INSERT INTO OrderLines(OrderID, ProductID, Qty, UnitPrice) VALUES (2594,44,2,867);
UPDATE [Order] SET TotalAmount=5538 WHERE OrderID=2594;
INSERT INTO Payment(OrderID, PaymentDate, Amount, PaymentMethod, TransactionRef) VALUES (2594,'2025-12-26',5538,'Cash','TXN810598');
INSERT INTO [Order](CustomerID, OrderDate, Status, TotalAmount) VALUES (260,'2025-12-27','Processing',0);
INSERT INTO OrderLines(OrderID, ProductID, Qty, UnitPrice) VALUES (2595,43,1,1293);
INSERT INTO OrderLines(OrderID, ProductID, Qty, UnitPrice) VALUES (2595,11,2,1082);
INSERT INTO OrderLines(OrderID, ProductID, Qty, UnitPrice) VALUES (2595,9,3,807);
INSERT INTO OrderLines(OrderID, ProductID, Qty, UnitPrice) VALUES (2595,32,2,1447);
UPDATE [Order] SET TotalAmount=8772 WHERE OrderID=2595;
INSERT INTO Payment(OrderID, PaymentDate, Amount, PaymentMethod, TransactionRef) VALUES (2595,'2025-12-30',8772,'PayPal','TXN643934');
INSERT INTO [Order](CustomerID, OrderDate, Status, TotalAmount) VALUES (260,'2025-11-10','Shipped',0);
INSERT INTO OrderLines(OrderID, ProductID, Qty, UnitPrice) VALUES (2596,29,3,159);
INSERT INTO OrderLines(OrderID, ProductID, Qty, UnitPrice) VALUES (2596,20,2,1396);
INSERT INTO OrderLines(OrderID, ProductID, Qty, UnitPrice) VALUES (2596,3,2,980);
INSERT INTO OrderLines(OrderID, ProductID, Qty, UnitPrice) VALUES (2596,24,2,340);
UPDATE [Order] SET TotalAmount=5909 WHERE OrderID=2596;
INSERT INTO Payment(OrderID, PaymentDate, Amount, PaymentMethod, TransactionRef) VALUES (2596,'2025-11-13',5909,'Card','TXN546522');
INSERT INTO [Order](CustomerID, OrderDate, Status, TotalAmount) VALUES (260,'2025-05-22','Cancelled',0);
INSERT INTO OrderLines(OrderID, ProductID, Qty, UnitPrice) VALUES (2597,5,2,1367);
INSERT INTO OrderLines(OrderID, ProductID, Qty, UnitPrice) VALUES (2597,46,1,621);
INSERT INTO OrderLines(OrderID, ProductID, Qty, UnitPrice) VALUES (2597,2,2,689);
INSERT INTO OrderLines(OrderID, ProductID, Qty, UnitPrice) VALUES (2597,35,3,564);
UPDATE [Order] SET TotalAmount=6425 WHERE OrderID=2597;
INSERT INTO Payment(OrderID, PaymentDate, Amount, PaymentMethod, TransactionRef) VALUES (2597,'2025-05-23',6425,'Cash','TXN249063');
INSERT INTO [Order](CustomerID, OrderDate, Status, TotalAmount) VALUES (260,'2025-10-12','Cancelled',0);
INSERT INTO OrderLines(OrderID, ProductID, Qty, UnitPrice) VALUES (2598,46,3,348);
INSERT INTO OrderLines(OrderID, ProductID, Qty, UnitPrice) VALUES (2598,27,2,51);
INSERT INTO OrderLines(OrderID, ProductID, Qty, UnitPrice) VALUES (2598,40,1,749);
INSERT INTO OrderLines(OrderID, ProductID, Qty, UnitPrice) VALUES (2598,9,3,823);
UPDATE [Order] SET TotalAmount=4364 WHERE OrderID=2598;
INSERT INTO Payment(OrderID, PaymentDate, Amount, PaymentMethod, TransactionRef) VALUES (2598,'2025-10-13',4364,'Cash','TXN871797');
INSERT INTO [Order](CustomerID, OrderDate, Status, TotalAmount) VALUES (260,'2025-10-02','Shipped',0);
INSERT INTO OrderLines(OrderID, ProductID, Qty, UnitPrice) VALUES (2599,34,1,881);
INSERT INTO OrderLines(OrderID, ProductID, Qty, UnitPrice) VALUES (2599,24,1,60);
INSERT INTO OrderLines(OrderID, ProductID, Qty, UnitPrice) VALUES (2599,38,2,389);
INSERT INTO OrderLines(OrderID, ProductID, Qty, UnitPrice) VALUES (2599,46,2,1324);
UPDATE [Order] SET TotalAmount=4367 WHERE OrderID=2599;
INSERT INTO Payment(OrderID, PaymentDate, Amount, PaymentMethod, TransactionRef) VALUES (2599,'2025-10-07',4367,'Cash','TXN874805');
INSERT INTO [Order](CustomerID, OrderDate, Status, TotalAmount) VALUES (260,'2025-05-29','Processing',0);
INSERT INTO OrderLines(OrderID, ProductID, Qty, UnitPrice) VALUES (2600,33,3,911);
INSERT INTO OrderLines(OrderID, ProductID, Qty, UnitPrice) VALUES (2600,31,3,564);
INSERT INTO OrderLines(OrderID, ProductID, Qty, UnitPrice) VALUES (2600,4,3,135);
INSERT INTO OrderLines(OrderID, ProductID, Qty, UnitPrice) VALUES (2600,2,3,1032);
UPDATE [Order] SET TotalAmount=7926 WHERE OrderID=2600;
INSERT INTO Payment(OrderID, PaymentDate, Amount, PaymentMethod, TransactionRef) VALUES (2600,'2025-05-30',7926,'Cash','TXN394662');
INSERT INTO [Order](CustomerID, OrderDate, Status, TotalAmount) VALUES (261,'2025-01-06','Cancelled',0);
INSERT INTO OrderLines(OrderID, ProductID, Qty, UnitPrice) VALUES (2601,6,2,1279);
INSERT INTO OrderLines(OrderID, ProductID, Qty, UnitPrice) VALUES (2601,7,1,540);
INSERT INTO OrderLines(OrderID, ProductID, Qty, UnitPrice) VALUES (2601,5,3,1064);
INSERT INTO OrderLines(OrderID, ProductID, Qty, UnitPrice) VALUES (2601,4,2,147);
UPDATE [Order] SET TotalAmount=6584 WHERE OrderID=2601;
INSERT INTO Payment(OrderID, PaymentDate, Amount, PaymentMethod, TransactionRef) VALUES (2601,'2025-01-10',6584,'Card','TXN892837');
INSERT INTO [Order](CustomerID, OrderDate, Status, TotalAmount) VALUES (261,'2025-05-07','Delivered',0);
INSERT INTO OrderLines(OrderID, ProductID, Qty, UnitPrice) VALUES (2602,8,3,925);
INSERT INTO OrderLines(OrderID, ProductID, Qty, UnitPrice) VALUES (2602,13,3,1258);
INSERT INTO OrderLines(OrderID, ProductID, Qty, UnitPrice) VALUES (2602,46,1,103);
INSERT INTO OrderLines(OrderID, ProductID, Qty, UnitPrice) VALUES (2602,5,2,1160);
UPDATE [Order] SET TotalAmount=8972 WHERE OrderID=2602;
INSERT INTO Payment(OrderID, PaymentDate, Amount, PaymentMethod, TransactionRef) VALUES (2602,'2025-05-09',8972,'PayPal','TXN428434');
INSERT INTO [Order](CustomerID, OrderDate, Status, TotalAmount) VALUES (261,'2025-10-25','Cancelled',0);
INSERT INTO OrderLines(OrderID, ProductID, Qty, UnitPrice) VALUES (2603,22,2,577);
INSERT INTO OrderLines(OrderID, ProductID, Qty, UnitPrice) VALUES (2603,38,3,517);
INSERT INTO OrderLines(OrderID, ProductID, Qty, UnitPrice) VALUES (2603,38,3,945);
INSERT INTO OrderLines(OrderID, ProductID, Qty, UnitPrice) VALUES (2603,2,1,806);
UPDATE [Order] SET TotalAmount=6346 WHERE OrderID=2603;
INSERT INTO Payment(OrderID, PaymentDate, Amount, PaymentMethod, TransactionRef) VALUES (2603,'2025-10-28',6346,'PayPal','TXN397345');
INSERT INTO [Order](CustomerID, OrderDate, Status, TotalAmount) VALUES (261,'2025-02-20','Delivered',0);
INSERT INTO OrderLines(OrderID, ProductID, Qty, UnitPrice) VALUES (2604,18,3,1484);
INSERT INTO OrderLines(OrderID, ProductID, Qty, UnitPrice) VALUES (2604,28,3,735);
INSERT INTO OrderLines(OrderID, ProductID, Qty, UnitPrice) VALUES (2604,21,3,873);
INSERT INTO OrderLines(OrderID, ProductID, Qty, UnitPrice) VALUES (2604,5,2,1034);
UPDATE [Order] SET TotalAmount=11344 WHERE OrderID=2604;
INSERT INTO Payment(OrderID, PaymentDate, Amount, PaymentMethod, TransactionRef) VALUES (2604,'2025-02-22',11344,'Cash','TXN436994');
INSERT INTO [Order](CustomerID, OrderDate, Status, TotalAmount) VALUES (261,'2025-08-11','Delivered',0);
INSERT INTO OrderLines(OrderID, ProductID, Qty, UnitPrice) VALUES (2605,35,1,726);
INSERT INTO OrderLines(OrderID, ProductID, Qty, UnitPrice) VALUES (2605,41,2,518);
INSERT INTO OrderLines(OrderID, ProductID, Qty, UnitPrice) VALUES (2605,6,2,1153);
INSERT INTO OrderLines(OrderID, ProductID, Qty, UnitPrice) VALUES (2605,47,3,232);
UPDATE [Order] SET TotalAmount=4764 WHERE OrderID=2605;
INSERT INTO Payment(OrderID, PaymentDate, Amount, PaymentMethod, TransactionRef) VALUES (2605,'2025-08-14',4764,'Cash','TXN998118');
INSERT INTO [Order](CustomerID, OrderDate, Status, TotalAmount) VALUES (261,'2025-09-01','Shipped',0);
INSERT INTO OrderLines(OrderID, ProductID, Qty, UnitPrice) VALUES (2606,10,3,901);
INSERT INTO OrderLines(OrderID, ProductID, Qty, UnitPrice) VALUES (2606,13,1,1277);
INSERT INTO OrderLines(OrderID, ProductID, Qty, UnitPrice) VALUES (2606,8,3,540);
INSERT INTO OrderLines(OrderID, ProductID, Qty, UnitPrice) VALUES (2606,33,1,930);
UPDATE [Order] SET TotalAmount=6530 WHERE OrderID=2606;
INSERT INTO Payment(OrderID, PaymentDate, Amount, PaymentMethod, TransactionRef) VALUES (2606,'2025-09-01',6530,'PayPal','TXN787792');
INSERT INTO [Order](CustomerID, OrderDate, Status, TotalAmount) VALUES (261,'2025-04-15','Cancelled',0);
INSERT INTO OrderLines(OrderID, ProductID, Qty, UnitPrice) VALUES (2607,43,3,1161);
INSERT INTO OrderLines(OrderID, ProductID, Qty, UnitPrice) VALUES (2607,33,3,667);
INSERT INTO OrderLines(OrderID, ProductID, Qty, UnitPrice) VALUES (2607,4,3,243);
INSERT INTO OrderLines(OrderID, ProductID, Qty, UnitPrice) VALUES (2607,45,2,936);
UPDATE [Order] SET TotalAmount=8085 WHERE OrderID=2607;
INSERT INTO Payment(OrderID, PaymentDate, Amount, PaymentMethod, TransactionRef) VALUES (2607,'2025-04-15',8085,'PayPal','TXN811413');
INSERT INTO [Order](CustomerID, OrderDate, Status, TotalAmount) VALUES (261,'2025-06-04','Delivered',0);
INSERT INTO OrderLines(OrderID, ProductID, Qty, UnitPrice) VALUES (2608,24,2,191);
INSERT INTO OrderLines(OrderID, ProductID, Qty, UnitPrice) VALUES (2608,48,2,1427);
INSERT INTO OrderLines(OrderID, ProductID, Qty, UnitPrice) VALUES (2608,7,2,191);
INSERT INTO OrderLines(OrderID, ProductID, Qty, UnitPrice) VALUES (2608,29,3,973);
UPDATE [Order] SET TotalAmount=6537 WHERE OrderID=2608;
INSERT INTO Payment(OrderID, PaymentDate, Amount, PaymentMethod, TransactionRef) VALUES (2608,'2025-06-05',6537,'PayPal','TXN758106');
INSERT INTO [Order](CustomerID, OrderDate, Status, TotalAmount) VALUES (261,'2025-09-02','Cancelled',0);
INSERT INTO OrderLines(OrderID, ProductID, Qty, UnitPrice) VALUES (2609,5,3,1258);
INSERT INTO OrderLines(OrderID, ProductID, Qty, UnitPrice) VALUES (2609,25,3,956);
INSERT INTO OrderLines(OrderID, ProductID, Qty, UnitPrice) VALUES (2609,45,3,1362);
INSERT INTO OrderLines(OrderID, ProductID, Qty, UnitPrice) VALUES (2609,37,2,896);
UPDATE [Order] SET TotalAmount=12520 WHERE OrderID=2609;
INSERT INTO Payment(OrderID, PaymentDate, Amount, PaymentMethod, TransactionRef) VALUES (2609,'2025-09-03',12520,'Cash','TXN863856');
INSERT INTO [Order](CustomerID, OrderDate, Status, TotalAmount) VALUES (261,'2025-01-21','Delivered',0);
INSERT INTO OrderLines(OrderID, ProductID, Qty, UnitPrice) VALUES (2610,42,1,788);
INSERT INTO OrderLines(OrderID, ProductID, Qty, UnitPrice) VALUES (2610,23,2,690);
INSERT INTO OrderLines(OrderID, ProductID, Qty, UnitPrice) VALUES (2610,48,3,136);
INSERT INTO OrderLines(OrderID, ProductID, Qty, UnitPrice) VALUES (2610,29,2,1095);
UPDATE [Order] SET TotalAmount=4766 WHERE OrderID=2610;
INSERT INTO Payment(OrderID, PaymentDate, Amount, PaymentMethod, TransactionRef) VALUES (2610,'2025-01-23',4766,'Card','TXN483699');
INSERT INTO [Order](CustomerID, OrderDate, Status, TotalAmount) VALUES (262,'2025-04-22','Processing',0);
INSERT INTO OrderLines(OrderID, ProductID, Qty, UnitPrice) VALUES (2611,19,3,1019);
INSERT INTO OrderLines(OrderID, ProductID, Qty, UnitPrice) VALUES (2611,49,1,1162);
INSERT INTO OrderLines(OrderID, ProductID, Qty, UnitPrice) VALUES (2611,24,2,53);
INSERT INTO OrderLines(OrderID, ProductID, Qty, UnitPrice) VALUES (2611,38,2,1396);
UPDATE [Order] SET TotalAmount=7117 WHERE OrderID=2611;
INSERT INTO Payment(OrderID, PaymentDate, Amount, PaymentMethod, TransactionRef) VALUES (2611,'2025-04-22',7117,'PayPal','TXN997608');
INSERT INTO [Order](CustomerID, OrderDate, Status, TotalAmount) VALUES (262,'2025-02-28','Cancelled',0);
INSERT INTO OrderLines(OrderID, ProductID, Qty, UnitPrice) VALUES (2612,23,1,588);
INSERT INTO OrderLines(OrderID, ProductID, Qty, UnitPrice) VALUES (2612,44,2,86);
INSERT INTO OrderLines(OrderID, ProductID, Qty, UnitPrice) VALUES (2612,42,1,951);
INSERT INTO OrderLines(OrderID, ProductID, Qty, UnitPrice) VALUES (2612,46,3,1338);
UPDATE [Order] SET TotalAmount=5725 WHERE OrderID=2612;
INSERT INTO Payment(OrderID, PaymentDate, Amount, PaymentMethod, TransactionRef) VALUES (2612,'2025-03-02',5725,'PayPal','TXN321254');
INSERT INTO [Order](CustomerID, OrderDate, Status, TotalAmount) VALUES (262,'2025-04-02','Cancelled',0);
INSERT INTO OrderLines(OrderID, ProductID, Qty, UnitPrice) VALUES (2613,37,3,543);
INSERT INTO OrderLines(OrderID, ProductID, Qty, UnitPrice) VALUES (2613,36,1,1137);
INSERT INTO OrderLines(OrderID, ProductID, Qty, UnitPrice) VALUES (2613,48,2,1359);
INSERT INTO OrderLines(OrderID, ProductID, Qty, UnitPrice) VALUES (2613,13,3,159);
UPDATE [Order] SET TotalAmount=5961 WHERE OrderID=2613;
INSERT INTO Payment(OrderID, PaymentDate, Amount, PaymentMethod, TransactionRef) VALUES (2613,'2025-04-03',5961,'Card','TXN425976');
INSERT INTO [Order](CustomerID, OrderDate, Status, TotalAmount) VALUES (262,'2025-07-20','Delivered',0);
INSERT INTO OrderLines(OrderID, ProductID, Qty, UnitPrice) VALUES (2614,45,3,566);
INSERT INTO OrderLines(OrderID, ProductID, Qty, UnitPrice) VALUES (2614,19,2,1358);
INSERT INTO OrderLines(OrderID, ProductID, Qty, UnitPrice) VALUES (2614,44,2,1357);
INSERT INTO OrderLines(OrderID, ProductID, Qty, UnitPrice) VALUES (2614,20,2,1290);
UPDATE [Order] SET TotalAmount=9708 WHERE OrderID=2614;
INSERT INTO Payment(OrderID, PaymentDate, Amount, PaymentMethod, TransactionRef) VALUES (2614,'2025-07-25',9708,'Card','TXN277739');
INSERT INTO [Order](CustomerID, OrderDate, Status, TotalAmount) VALUES (262,'2025-07-18','Shipped',0);
INSERT INTO OrderLines(OrderID, ProductID, Qty, UnitPrice) VALUES (2615,38,2,317);
INSERT INTO OrderLines(OrderID, ProductID, Qty, UnitPrice) VALUES (2615,34,2,1300);
INSERT INTO OrderLines(OrderID, ProductID, Qty, UnitPrice) VALUES (2615,46,2,689);
INSERT INTO OrderLines(OrderID, ProductID, Qty, UnitPrice) VALUES (2615,13,3,905);
UPDATE [Order] SET TotalAmount=7327 WHERE OrderID=2615;
INSERT INTO Payment(OrderID, PaymentDate, Amount, PaymentMethod, TransactionRef) VALUES (2615,'2025-07-20',7327,'Card','TXN864154');
INSERT INTO [Order](CustomerID, OrderDate, Status, TotalAmount) VALUES (262,'2025-11-09','Cancelled',0);
INSERT INTO OrderLines(OrderID, ProductID, Qty, UnitPrice) VALUES (2616,25,2,1264);
INSERT INTO OrderLines(OrderID, ProductID, Qty, UnitPrice) VALUES (2616,9,1,434);
INSERT INTO OrderLines(OrderID, ProductID, Qty, UnitPrice) VALUES (2616,38,2,769);
INSERT INTO OrderLines(OrderID, ProductID, Qty, UnitPrice) VALUES (2616,7,3,1378);
UPDATE [Order] SET TotalAmount=8634 WHERE OrderID=2616;
INSERT INTO Payment(OrderID, PaymentDate, Amount, PaymentMethod, TransactionRef) VALUES (2616,'2025-11-11',8634,'Cash','TXN828806');
INSERT INTO [Order](CustomerID, OrderDate, Status, TotalAmount) VALUES (262,'2025-06-20','Processing',0);
INSERT INTO OrderLines(OrderID, ProductID, Qty, UnitPrice) VALUES (2617,44,1,264);
INSERT INTO OrderLines(OrderID, ProductID, Qty, UnitPrice) VALUES (2617,20,1,1281);
INSERT INTO OrderLines(OrderID, ProductID, Qty, UnitPrice) VALUES (2617,11,1,390);
INSERT INTO OrderLines(OrderID, ProductID, Qty, UnitPrice) VALUES (2617,23,1,1048);
UPDATE [Order] SET TotalAmount=2983 WHERE OrderID=2617;
INSERT INTO Payment(OrderID, PaymentDate, Amount, PaymentMethod, TransactionRef) VALUES (2617,'2025-06-24',2983,'PayPal','TXN140328');
INSERT INTO [Order](CustomerID, OrderDate, Status, TotalAmount) VALUES (262,'2025-05-02','Delivered',0);
INSERT INTO OrderLines(OrderID, ProductID, Qty, UnitPrice) VALUES (2618,23,1,419);
INSERT INTO OrderLines(OrderID, ProductID, Qty, UnitPrice) VALUES (2618,14,2,772);
INSERT INTO OrderLines(OrderID, ProductID, Qty, UnitPrice) VALUES (2618,43,1,447);
INSERT INTO OrderLines(OrderID, ProductID, Qty, UnitPrice) VALUES (2618,19,1,368);
UPDATE [Order] SET TotalAmount=2778 WHERE OrderID=2618;
INSERT INTO Payment(OrderID, PaymentDate, Amount, PaymentMethod, TransactionRef) VALUES (2618,'2025-05-02',2778,'Card','TXN522699');
INSERT INTO [Order](CustomerID, OrderDate, Status, TotalAmount) VALUES (262,'2025-05-12','Cancelled',0);
INSERT INTO OrderLines(OrderID, ProductID, Qty, UnitPrice) VALUES (2619,36,1,1075);
INSERT INTO OrderLines(OrderID, ProductID, Qty, UnitPrice) VALUES (2619,35,3,150);
INSERT INTO OrderLines(OrderID, ProductID, Qty, UnitPrice) VALUES (2619,40,3,1124);
INSERT INTO OrderLines(OrderID, ProductID, Qty, UnitPrice) VALUES (2619,29,1,1002);
UPDATE [Order] SET TotalAmount=5899 WHERE OrderID=2619;
INSERT INTO Payment(OrderID, PaymentDate, Amount, PaymentMethod, TransactionRef) VALUES (2619,'2025-05-13',5899,'Cash','TXN441520');
INSERT INTO [Order](CustomerID, OrderDate, Status, TotalAmount) VALUES (262,'2025-12-01','Delivered',0);
INSERT INTO OrderLines(OrderID, ProductID, Qty, UnitPrice) VALUES (2620,48,1,1444);
INSERT INTO OrderLines(OrderID, ProductID, Qty, UnitPrice) VALUES (2620,34,3,774);
INSERT INTO OrderLines(OrderID, ProductID, Qty, UnitPrice) VALUES (2620,46,1,790);
INSERT INTO OrderLines(OrderID, ProductID, Qty, UnitPrice) VALUES (2620,15,3,126);
UPDATE [Order] SET TotalAmount=4934 WHERE OrderID=2620;
INSERT INTO Payment(OrderID, PaymentDate, Amount, PaymentMethod, TransactionRef) VALUES (2620,'2025-12-01',4934,'Cash','TXN936991');
INSERT INTO [Order](CustomerID, OrderDate, Status, TotalAmount) VALUES (263,'2025-07-05','Shipped',0);
INSERT INTO OrderLines(OrderID, ProductID, Qty, UnitPrice) VALUES (2621,5,1,1447);
INSERT INTO OrderLines(OrderID, ProductID, Qty, UnitPrice) VALUES (2621,18,3,1213);
INSERT INTO OrderLines(OrderID, ProductID, Qty, UnitPrice) VALUES (2621,28,1,858);
INSERT INTO OrderLines(OrderID, ProductID, Qty, UnitPrice) VALUES (2621,16,3,466);
UPDATE [Order] SET TotalAmount=7342 WHERE OrderID=2621;
INSERT INTO Payment(OrderID, PaymentDate, Amount, PaymentMethod, TransactionRef) VALUES (2621,'2025-07-06',7342,'Card','TXN321044');
INSERT INTO [Order](CustomerID, OrderDate, Status, TotalAmount) VALUES (263,'2025-05-12','Delivered',0);
INSERT INTO OrderLines(OrderID, ProductID, Qty, UnitPrice) VALUES (2622,25,1,40);
INSERT INTO OrderLines(OrderID, ProductID, Qty, UnitPrice) VALUES (2622,21,2,575);
INSERT INTO OrderLines(OrderID, ProductID, Qty, UnitPrice) VALUES (2622,49,1,1433);
INSERT INTO OrderLines(OrderID, ProductID, Qty, UnitPrice) VALUES (2622,34,3,1209);
UPDATE [Order] SET TotalAmount=6250 WHERE OrderID=2622;
INSERT INTO Payment(OrderID, PaymentDate, Amount, PaymentMethod, TransactionRef) VALUES (2622,'2025-05-13',6250,'PayPal','TXN375246');
INSERT INTO [Order](CustomerID, OrderDate, Status, TotalAmount) VALUES (263,'2025-03-07','Cancelled',0);
INSERT INTO OrderLines(OrderID, ProductID, Qty, UnitPrice) VALUES (2623,21,3,1205);
INSERT INTO OrderLines(OrderID, ProductID, Qty, UnitPrice) VALUES (2623,25,3,790);
INSERT INTO OrderLines(OrderID, ProductID, Qty, UnitPrice) VALUES (2623,11,3,1124);
INSERT INTO OrderLines(OrderID, ProductID, Qty, UnitPrice) VALUES (2623,40,1,671);
UPDATE [Order] SET TotalAmount=10028 WHERE OrderID=2623;
INSERT INTO Payment(OrderID, PaymentDate, Amount, PaymentMethod, TransactionRef) VALUES (2623,'2025-03-12',10028,'Card','TXN146321');
INSERT INTO [Order](CustomerID, OrderDate, Status, TotalAmount) VALUES (263,'2025-03-19','Processing',0);
INSERT INTO OrderLines(OrderID, ProductID, Qty, UnitPrice) VALUES (2624,2,3,605);
INSERT INTO OrderLines(OrderID, ProductID, Qty, UnitPrice) VALUES (2624,37,3,438);
INSERT INTO OrderLines(OrderID, ProductID, Qty, UnitPrice) VALUES (2624,38,1,1117);
INSERT INTO OrderLines(OrderID, ProductID, Qty, UnitPrice) VALUES (2624,50,3,1312);
UPDATE [Order] SET TotalAmount=8182 WHERE OrderID=2624;
INSERT INTO Payment(OrderID, PaymentDate, Amount, PaymentMethod, TransactionRef) VALUES (2624,'2025-03-19',8182,'Cash','TXN999755');
INSERT INTO [Order](CustomerID, OrderDate, Status, TotalAmount) VALUES (263,'2025-12-19','Delivered',0);
INSERT INTO OrderLines(OrderID, ProductID, Qty, UnitPrice) VALUES (2625,26,2,1100);
INSERT INTO OrderLines(OrderID, ProductID, Qty, UnitPrice) VALUES (2625,27,3,1199);
INSERT INTO OrderLines(OrderID, ProductID, Qty, UnitPrice) VALUES (2625,28,2,1408);
INSERT INTO OrderLines(OrderID, ProductID, Qty, UnitPrice) VALUES (2625,16,1,227);
UPDATE [Order] SET TotalAmount=8840 WHERE OrderID=2625;
INSERT INTO Payment(OrderID, PaymentDate, Amount, PaymentMethod, TransactionRef) VALUES (2625,'2025-12-20',8840,'Cash','TXN715187');
INSERT INTO [Order](CustomerID, OrderDate, Status, TotalAmount) VALUES (263,'2025-04-25','Shipped',0);
INSERT INTO OrderLines(OrderID, ProductID, Qty, UnitPrice) VALUES (2626,28,2,707);
INSERT INTO OrderLines(OrderID, ProductID, Qty, UnitPrice) VALUES (2626,16,3,82);
INSERT INTO OrderLines(OrderID, ProductID, Qty, UnitPrice) VALUES (2626,41,1,789);
INSERT INTO OrderLines(OrderID, ProductID, Qty, UnitPrice) VALUES (2626,44,2,929);
UPDATE [Order] SET TotalAmount=4307 WHERE OrderID=2626;
INSERT INTO Payment(OrderID, PaymentDate, Amount, PaymentMethod, TransactionRef) VALUES (2626,'2025-04-27',4307,'Cash','TXN416182');
INSERT INTO [Order](CustomerID, OrderDate, Status, TotalAmount) VALUES (263,'2025-05-03','Cancelled',0);
INSERT INTO OrderLines(OrderID, ProductID, Qty, UnitPrice) VALUES (2627,41,1,1306);
INSERT INTO OrderLines(OrderID, ProductID, Qty, UnitPrice) VALUES (2627,45,2,1067);
INSERT INTO OrderLines(OrderID, ProductID, Qty, UnitPrice) VALUES (2627,28,1,1252);
INSERT INTO OrderLines(OrderID, ProductID, Qty, UnitPrice) VALUES (2627,30,3,928);
UPDATE [Order] SET TotalAmount=7476 WHERE OrderID=2627;
INSERT INTO Payment(OrderID, PaymentDate, Amount, PaymentMethod, TransactionRef) VALUES (2627,'2025-05-08',7476,'PayPal','TXN225522');
INSERT INTO [Order](CustomerID, OrderDate, Status, TotalAmount) VALUES (263,'2025-07-18','Cancelled',0);
INSERT INTO OrderLines(OrderID, ProductID, Qty, UnitPrice) VALUES (2628,24,2,552);
INSERT INTO OrderLines(OrderID, ProductID, Qty, UnitPrice) VALUES (2628,50,3,135);
INSERT INTO OrderLines(OrderID, ProductID, Qty, UnitPrice) VALUES (2628,10,3,320);
INSERT INTO OrderLines(OrderID, ProductID, Qty, UnitPrice) VALUES (2628,41,3,209);
UPDATE [Order] SET TotalAmount=3096 WHERE OrderID=2628;
INSERT INTO Payment(OrderID, PaymentDate, Amount, PaymentMethod, TransactionRef) VALUES (2628,'2025-07-21',3096,'Card','TXN875484');
INSERT INTO [Order](CustomerID, OrderDate, Status, TotalAmount) VALUES (263,'2025-03-08','Delivered',0);
INSERT INTO OrderLines(OrderID, ProductID, Qty, UnitPrice) VALUES (2629,44,2,632);
INSERT INTO OrderLines(OrderID, ProductID, Qty, UnitPrice) VALUES (2629,33,2,1015);
INSERT INTO OrderLines(OrderID, ProductID, Qty, UnitPrice) VALUES (2629,3,1,155);
INSERT INTO OrderLines(OrderID, ProductID, Qty, UnitPrice) VALUES (2629,18,1,128);
UPDATE [Order] SET TotalAmount=3577 WHERE OrderID=2629;
INSERT INTO Payment(OrderID, PaymentDate, Amount, PaymentMethod, TransactionRef) VALUES (2629,'2025-03-12',3577,'Cash','TXN937052');
INSERT INTO [Order](CustomerID, OrderDate, Status, TotalAmount) VALUES (263,'2025-01-14','Delivered',0);
INSERT INTO OrderLines(OrderID, ProductID, Qty, UnitPrice) VALUES (2630,39,2,528);
INSERT INTO OrderLines(OrderID, ProductID, Qty, UnitPrice) VALUES (2630,2,2,78);
INSERT INTO OrderLines(OrderID, ProductID, Qty, UnitPrice) VALUES (2630,27,3,63);
INSERT INTO OrderLines(OrderID, ProductID, Qty, UnitPrice) VALUES (2630,47,3,32);
UPDATE [Order] SET TotalAmount=1497 WHERE OrderID=2630;
INSERT INTO Payment(OrderID, PaymentDate, Amount, PaymentMethod, TransactionRef) VALUES (2630,'2025-01-15',1497,'Cash','TXN780939');
INSERT INTO [Order](CustomerID, OrderDate, Status, TotalAmount) VALUES (264,'2025-10-13','Delivered',0);
INSERT INTO OrderLines(OrderID, ProductID, Qty, UnitPrice) VALUES (2631,35,1,389);
INSERT INTO OrderLines(OrderID, ProductID, Qty, UnitPrice) VALUES (2631,26,3,1317);
INSERT INTO OrderLines(OrderID, ProductID, Qty, UnitPrice) VALUES (2631,31,1,1215);
INSERT INTO OrderLines(OrderID, ProductID, Qty, UnitPrice) VALUES (2631,32,2,1191);
UPDATE [Order] SET TotalAmount=7937 WHERE OrderID=2631;
INSERT INTO Payment(OrderID, PaymentDate, Amount, PaymentMethod, TransactionRef) VALUES (2631,'2025-10-17',7937,'Card','TXN110868');
INSERT INTO [Order](CustomerID, OrderDate, Status, TotalAmount) VALUES (264,'2025-04-01','Cancelled',0);
INSERT INTO OrderLines(OrderID, ProductID, Qty, UnitPrice) VALUES (2632,32,2,534);
INSERT INTO OrderLines(OrderID, ProductID, Qty, UnitPrice) VALUES (2632,27,3,241);
INSERT INTO OrderLines(OrderID, ProductID, Qty, UnitPrice) VALUES (2632,4,2,453);
INSERT INTO OrderLines(OrderID, ProductID, Qty, UnitPrice) VALUES (2632,33,2,869);
UPDATE [Order] SET TotalAmount=4435 WHERE OrderID=2632;
INSERT INTO Payment(OrderID, PaymentDate, Amount, PaymentMethod, TransactionRef) VALUES (2632,'2025-04-04',4435,'Card','TXN798960');
INSERT INTO [Order](CustomerID, OrderDate, Status, TotalAmount) VALUES (264,'2025-01-25','Delivered',0);
INSERT INTO OrderLines(OrderID, ProductID, Qty, UnitPrice) VALUES (2633,35,1,583);
INSERT INTO OrderLines(OrderID, ProductID, Qty, UnitPrice) VALUES (2633,29,1,1296);
INSERT INTO OrderLines(OrderID, ProductID, Qty, UnitPrice) VALUES (2633,21,2,228);
INSERT INTO OrderLines(OrderID, ProductID, Qty, UnitPrice) VALUES (2633,2,2,1483);
UPDATE [Order] SET TotalAmount=5301 WHERE OrderID=2633;
INSERT INTO Payment(OrderID, PaymentDate, Amount, PaymentMethod, TransactionRef) VALUES (2633,'2025-01-28',5301,'Cash','TXN232196');
INSERT INTO [Order](CustomerID, OrderDate, Status, TotalAmount) VALUES (264,'2025-05-10','Processing',0);
INSERT INTO OrderLines(OrderID, ProductID, Qty, UnitPrice) VALUES (2634,36,3,229);
INSERT INTO OrderLines(OrderID, ProductID, Qty, UnitPrice) VALUES (2634,4,3,204);
INSERT INTO OrderLines(OrderID, ProductID, Qty, UnitPrice) VALUES (2634,7,1,447);
INSERT INTO OrderLines(OrderID, ProductID, Qty, UnitPrice) VALUES (2634,49,3,1333);
UPDATE [Order] SET TotalAmount=5745 WHERE OrderID=2634;
INSERT INTO Payment(OrderID, PaymentDate, Amount, PaymentMethod, TransactionRef) VALUES (2634,'2025-05-14',5745,'Card','TXN853453');
INSERT INTO [Order](CustomerID, OrderDate, Status, TotalAmount) VALUES (264,'2025-05-15','Cancelled',0);
INSERT INTO OrderLines(OrderID, ProductID, Qty, UnitPrice) VALUES (2635,46,3,1029);
INSERT INTO OrderLines(OrderID, ProductID, Qty, UnitPrice) VALUES (2635,10,2,467);
INSERT INTO OrderLines(OrderID, ProductID, Qty, UnitPrice) VALUES (2635,15,1,256);
INSERT INTO OrderLines(OrderID, ProductID, Qty, UnitPrice) VALUES (2635,22,1,521);
UPDATE [Order] SET TotalAmount=4798 WHERE OrderID=2635;
INSERT INTO Payment(OrderID, PaymentDate, Amount, PaymentMethod, TransactionRef) VALUES (2635,'2025-05-20',4798,'Cash','TXN859180');
INSERT INTO [Order](CustomerID, OrderDate, Status, TotalAmount) VALUES (264,'2025-01-21','Processing',0);
INSERT INTO OrderLines(OrderID, ProductID, Qty, UnitPrice) VALUES (2636,7,2,868);
INSERT INTO OrderLines(OrderID, ProductID, Qty, UnitPrice) VALUES (2636,21,3,327);
INSERT INTO OrderLines(OrderID, ProductID, Qty, UnitPrice) VALUES (2636,8,1,1259);
INSERT INTO OrderLines(OrderID, ProductID, Qty, UnitPrice) VALUES (2636,17,3,380);
UPDATE [Order] SET TotalAmount=5116 WHERE OrderID=2636;
INSERT INTO Payment(OrderID, PaymentDate, Amount, PaymentMethod, TransactionRef) VALUES (2636,'2025-01-25',5116,'Cash','TXN576116');
INSERT INTO [Order](CustomerID, OrderDate, Status, TotalAmount) VALUES (264,'2025-02-04','Cancelled',0);
INSERT INTO OrderLines(OrderID, ProductID, Qty, UnitPrice) VALUES (2637,50,3,1429);
INSERT INTO OrderLines(OrderID, ProductID, Qty, UnitPrice) VALUES (2637,50,2,797);
INSERT INTO OrderLines(OrderID, ProductID, Qty, UnitPrice) VALUES (2637,45,1,214);
INSERT INTO OrderLines(OrderID, ProductID, Qty, UnitPrice) VALUES (2637,28,1,239);
UPDATE [Order] SET TotalAmount=6334 WHERE OrderID=2637;
INSERT INTO Payment(OrderID, PaymentDate, Amount, PaymentMethod, TransactionRef) VALUES (2637,'2025-02-05',6334,'Card','TXN149660');
INSERT INTO [Order](CustomerID, OrderDate, Status, TotalAmount) VALUES (264,'2025-02-07','Delivered',0);
INSERT INTO OrderLines(OrderID, ProductID, Qty, UnitPrice) VALUES (2638,44,3,549);
INSERT INTO OrderLines(OrderID, ProductID, Qty, UnitPrice) VALUES (2638,14,3,667);
INSERT INTO OrderLines(OrderID, ProductID, Qty, UnitPrice) VALUES (2638,4,2,1100);
INSERT INTO OrderLines(OrderID, ProductID, Qty, UnitPrice) VALUES (2638,38,1,589);
UPDATE [Order] SET TotalAmount=6437 WHERE OrderID=2638;
INSERT INTO Payment(OrderID, PaymentDate, Amount, PaymentMethod, TransactionRef) VALUES (2638,'2025-02-07',6437,'Card','TXN277932');
INSERT INTO [Order](CustomerID, OrderDate, Status, TotalAmount) VALUES (264,'2025-05-05','Processing',0);
INSERT INTO OrderLines(OrderID, ProductID, Qty, UnitPrice) VALUES (2639,13,3,601);
INSERT INTO OrderLines(OrderID, ProductID, Qty, UnitPrice) VALUES (2639,6,1,141);
INSERT INTO OrderLines(OrderID, ProductID, Qty, UnitPrice) VALUES (2639,12,3,1392);
INSERT INTO OrderLines(OrderID, ProductID, Qty, UnitPrice) VALUES (2639,5,2,1351);
UPDATE [Order] SET TotalAmount=8822 WHERE OrderID=2639;
INSERT INTO Payment(OrderID, PaymentDate, Amount, PaymentMethod, TransactionRef) VALUES (2639,'2025-05-05',8822,'Card','TXN439569');
INSERT INTO [Order](CustomerID, OrderDate, Status, TotalAmount) VALUES (264,'2025-09-04','Shipped',0);
INSERT INTO OrderLines(OrderID, ProductID, Qty, UnitPrice) VALUES (2640,5,1,1157);
INSERT INTO OrderLines(OrderID, ProductID, Qty, UnitPrice) VALUES (2640,13,2,548);
INSERT INTO OrderLines(OrderID, ProductID, Qty, UnitPrice) VALUES (2640,10,1,525);
INSERT INTO OrderLines(OrderID, ProductID, Qty, UnitPrice) VALUES (2640,42,2,1163);
UPDATE [Order] SET TotalAmount=5104 WHERE OrderID=2640;
INSERT INTO Payment(OrderID, PaymentDate, Amount, PaymentMethod, TransactionRef) VALUES (2640,'2025-09-08',5104,'Card','TXN479681');
INSERT INTO [Order](CustomerID, OrderDate, Status, TotalAmount) VALUES (265,'2025-06-20','Cancelled',0);
INSERT INTO OrderLines(OrderID, ProductID, Qty, UnitPrice) VALUES (2641,26,2,1324);
INSERT INTO OrderLines(OrderID, ProductID, Qty, UnitPrice) VALUES (2641,22,2,748);
INSERT INTO OrderLines(OrderID, ProductID, Qty, UnitPrice) VALUES (2641,25,2,390);
INSERT INTO OrderLines(OrderID, ProductID, Qty, UnitPrice) VALUES (2641,12,1,601);
UPDATE [Order] SET TotalAmount=5525 WHERE OrderID=2641;
INSERT INTO Payment(OrderID, PaymentDate, Amount, PaymentMethod, TransactionRef) VALUES (2641,'2025-06-25',5525,'PayPal','TXN515429');
INSERT INTO [Order](CustomerID, OrderDate, Status, TotalAmount) VALUES (265,'2025-07-24','Processing',0);
INSERT INTO OrderLines(OrderID, ProductID, Qty, UnitPrice) VALUES (2642,3,1,749);
INSERT INTO OrderLines(OrderID, ProductID, Qty, UnitPrice) VALUES (2642,23,2,1438);
INSERT INTO OrderLines(OrderID, ProductID, Qty, UnitPrice) VALUES (2642,42,2,712);
INSERT INTO OrderLines(OrderID, ProductID, Qty, UnitPrice) VALUES (2642,34,1,166);
UPDATE [Order] SET TotalAmount=5215 WHERE OrderID=2642;
INSERT INTO Payment(OrderID, PaymentDate, Amount, PaymentMethod, TransactionRef) VALUES (2642,'2025-07-26',5215,'Card','TXN651172');
INSERT INTO [Order](CustomerID, OrderDate, Status, TotalAmount) VALUES (265,'2025-05-01','Processing',0);
INSERT INTO OrderLines(OrderID, ProductID, Qty, UnitPrice) VALUES (2643,20,2,1471);
INSERT INTO OrderLines(OrderID, ProductID, Qty, UnitPrice) VALUES (2643,10,3,602);
INSERT INTO OrderLines(OrderID, ProductID, Qty, UnitPrice) VALUES (2643,45,1,837);
INSERT INTO OrderLines(OrderID, ProductID, Qty, UnitPrice) VALUES (2643,24,3,1180);
UPDATE [Order] SET TotalAmount=9125 WHERE OrderID=2643;
INSERT INTO Payment(OrderID, PaymentDate, Amount, PaymentMethod, TransactionRef) VALUES (2643,'2025-05-01',9125,'Card','TXN920584');
INSERT INTO [Order](CustomerID, OrderDate, Status, TotalAmount) VALUES (265,'2025-11-27','Cancelled',0);
INSERT INTO OrderLines(OrderID, ProductID, Qty, UnitPrice) VALUES (2644,34,1,283);
INSERT INTO OrderLines(OrderID, ProductID, Qty, UnitPrice) VALUES (2644,47,2,952);
INSERT INTO OrderLines(OrderID, ProductID, Qty, UnitPrice) VALUES (2644,36,1,862);
INSERT INTO OrderLines(OrderID, ProductID, Qty, UnitPrice) VALUES (2644,19,3,1416);
UPDATE [Order] SET TotalAmount=7297 WHERE OrderID=2644;
INSERT INTO Payment(OrderID, PaymentDate, Amount, PaymentMethod, TransactionRef) VALUES (2644,'2025-12-01',7297,'Card','TXN284294');
INSERT INTO [Order](CustomerID, OrderDate, Status, TotalAmount) VALUES (265,'2025-06-12','Processing',0);
INSERT INTO OrderLines(OrderID, ProductID, Qty, UnitPrice) VALUES (2645,35,3,1171);
INSERT INTO OrderLines(OrderID, ProductID, Qty, UnitPrice) VALUES (2645,3,2,344);
INSERT INTO OrderLines(OrderID, ProductID, Qty, UnitPrice) VALUES (2645,47,1,510);
INSERT INTO OrderLines(OrderID, ProductID, Qty, UnitPrice) VALUES (2645,47,3,731);
UPDATE [Order] SET TotalAmount=6904 WHERE OrderID=2645;
INSERT INTO Payment(OrderID, PaymentDate, Amount, PaymentMethod, TransactionRef) VALUES (2645,'2025-06-17',6904,'Card','TXN861438');
INSERT INTO [Order](CustomerID, OrderDate, Status, TotalAmount) VALUES (265,'2025-12-01','Processing',0);
INSERT INTO OrderLines(OrderID, ProductID, Qty, UnitPrice) VALUES (2646,39,3,356);
INSERT INTO OrderLines(OrderID, ProductID, Qty, UnitPrice) VALUES (2646,25,3,1039);
INSERT INTO OrderLines(OrderID, ProductID, Qty, UnitPrice) VALUES (2646,33,3,1281);
INSERT INTO OrderLines(OrderID, ProductID, Qty, UnitPrice) VALUES (2646,35,2,71);
UPDATE [Order] SET TotalAmount=8170 WHERE OrderID=2646;
INSERT INTO Payment(OrderID, PaymentDate, Amount, PaymentMethod, TransactionRef) VALUES (2646,'2025-12-03',8170,'Card','TXN586147');
INSERT INTO [Order](CustomerID, OrderDate, Status, TotalAmount) VALUES (265,'2025-05-05','Delivered',0);
INSERT INTO OrderLines(OrderID, ProductID, Qty, UnitPrice) VALUES (2647,40,1,1198);
INSERT INTO OrderLines(OrderID, ProductID, Qty, UnitPrice) VALUES (2647,11,1,639);
INSERT INTO OrderLines(OrderID, ProductID, Qty, UnitPrice) VALUES (2647,49,1,262);
INSERT INTO OrderLines(OrderID, ProductID, Qty, UnitPrice) VALUES (2647,8,1,1360);
UPDATE [Order] SET TotalAmount=3459 WHERE OrderID=2647;
INSERT INTO Payment(OrderID, PaymentDate, Amount, PaymentMethod, TransactionRef) VALUES (2647,'2025-05-06',3459,'Cash','TXN976721');
INSERT INTO [Order](CustomerID, OrderDate, Status, TotalAmount) VALUES (265,'2025-05-13','Delivered',0);
INSERT INTO OrderLines(OrderID, ProductID, Qty, UnitPrice) VALUES (2648,2,2,1264);
INSERT INTO OrderLines(OrderID, ProductID, Qty, UnitPrice) VALUES (2648,1,2,587);
INSERT INTO OrderLines(OrderID, ProductID, Qty, UnitPrice) VALUES (2648,38,3,836);
INSERT INTO OrderLines(OrderID, ProductID, Qty, UnitPrice) VALUES (2648,18,3,118);
UPDATE [Order] SET TotalAmount=6564 WHERE OrderID=2648;
INSERT INTO Payment(OrderID, PaymentDate, Amount, PaymentMethod, TransactionRef) VALUES (2648,'2025-05-17',6564,'PayPal','TXN308330');
INSERT INTO [Order](CustomerID, OrderDate, Status, TotalAmount) VALUES (265,'2025-09-23','Processing',0);
INSERT INTO OrderLines(OrderID, ProductID, Qty, UnitPrice) VALUES (2649,18,1,1264);
INSERT INTO OrderLines(OrderID, ProductID, Qty, UnitPrice) VALUES (2649,9,3,422);
INSERT INTO OrderLines(OrderID, ProductID, Qty, UnitPrice) VALUES (2649,49,1,1179);
INSERT INTO OrderLines(OrderID, ProductID, Qty, UnitPrice) VALUES (2649,36,2,1053);
UPDATE [Order] SET TotalAmount=5815 WHERE OrderID=2649;
INSERT INTO Payment(OrderID, PaymentDate, Amount, PaymentMethod, TransactionRef) VALUES (2649,'2025-09-23',5815,'Card','TXN361037');
INSERT INTO [Order](CustomerID, OrderDate, Status, TotalAmount) VALUES (265,'2025-07-23','Cancelled',0);
INSERT INTO OrderLines(OrderID, ProductID, Qty, UnitPrice) VALUES (2650,11,2,398);
INSERT INTO OrderLines(OrderID, ProductID, Qty, UnitPrice) VALUES (2650,5,1,293);
INSERT INTO OrderLines(OrderID, ProductID, Qty, UnitPrice) VALUES (2650,14,2,623);
INSERT INTO OrderLines(OrderID, ProductID, Qty, UnitPrice) VALUES (2650,6,1,1066);
UPDATE [Order] SET TotalAmount=3401 WHERE OrderID=2650;
INSERT INTO Payment(OrderID, PaymentDate, Amount, PaymentMethod, TransactionRef) VALUES (2650,'2025-07-28',3401,'PayPal','TXN641042');
INSERT INTO [Order](CustomerID, OrderDate, Status, TotalAmount) VALUES (266,'2025-11-20','Cancelled',0);
INSERT INTO OrderLines(OrderID, ProductID, Qty, UnitPrice) VALUES (2651,47,1,116);
INSERT INTO OrderLines(OrderID, ProductID, Qty, UnitPrice) VALUES (2651,12,2,1124);
INSERT INTO OrderLines(OrderID, ProductID, Qty, UnitPrice) VALUES (2651,19,1,1323);
INSERT INTO OrderLines(OrderID, ProductID, Qty, UnitPrice) VALUES (2651,27,3,1311);
UPDATE [Order] SET TotalAmount=7620 WHERE OrderID=2651;
INSERT INTO Payment(OrderID, PaymentDate, Amount, PaymentMethod, TransactionRef) VALUES (2651,'2025-11-21',7620,'Cash','TXN353227');
INSERT INTO [Order](CustomerID, OrderDate, Status, TotalAmount) VALUES (266,'2025-03-20','Delivered',0);
INSERT INTO OrderLines(OrderID, ProductID, Qty, UnitPrice) VALUES (2652,28,3,978);
INSERT INTO OrderLines(OrderID, ProductID, Qty, UnitPrice) VALUES (2652,4,2,1498);
INSERT INTO OrderLines(OrderID, ProductID, Qty, UnitPrice) VALUES (2652,39,2,1400);
INSERT INTO OrderLines(OrderID, ProductID, Qty, UnitPrice) VALUES (2652,50,1,207);
UPDATE [Order] SET TotalAmount=8937 WHERE OrderID=2652;
INSERT INTO Payment(OrderID, PaymentDate, Amount, PaymentMethod, TransactionRef) VALUES (2652,'2025-03-22',8937,'PayPal','TXN718555');
INSERT INTO [Order](CustomerID, OrderDate, Status, TotalAmount) VALUES (266,'2025-04-25','Delivered',0);
INSERT INTO OrderLines(OrderID, ProductID, Qty, UnitPrice) VALUES (2653,6,1,311);
INSERT INTO OrderLines(OrderID, ProductID, Qty, UnitPrice) VALUES (2653,36,2,644);
INSERT INTO OrderLines(OrderID, ProductID, Qty, UnitPrice) VALUES (2653,39,3,1498);
INSERT INTO OrderLines(OrderID, ProductID, Qty, UnitPrice) VALUES (2653,42,3,654);
UPDATE [Order] SET TotalAmount=8055 WHERE OrderID=2653;
INSERT INTO Payment(OrderID, PaymentDate, Amount, PaymentMethod, TransactionRef) VALUES (2653,'2025-04-28',8055,'Cash','TXN225419');
INSERT INTO [Order](CustomerID, OrderDate, Status, TotalAmount) VALUES (266,'2025-09-08','Shipped',0);
INSERT INTO OrderLines(OrderID, ProductID, Qty, UnitPrice) VALUES (2654,26,3,207);
INSERT INTO OrderLines(OrderID, ProductID, Qty, UnitPrice) VALUES (2654,33,1,976);
INSERT INTO OrderLines(OrderID, ProductID, Qty, UnitPrice) VALUES (2654,35,1,660);
INSERT INTO OrderLines(OrderID, ProductID, Qty, UnitPrice) VALUES (2654,16,3,944);
UPDATE [Order] SET TotalAmount=5089 WHERE OrderID=2654;
INSERT INTO Payment(OrderID, PaymentDate, Amount, PaymentMethod, TransactionRef) VALUES (2654,'2025-09-10',5089,'Card','TXN459504');
INSERT INTO [Order](CustomerID, OrderDate, Status, TotalAmount) VALUES (266,'2025-07-20','Shipped',0);
INSERT INTO OrderLines(OrderID, ProductID, Qty, UnitPrice) VALUES (2655,33,3,375);
INSERT INTO OrderLines(OrderID, ProductID, Qty, UnitPrice) VALUES (2655,11,2,1293);
INSERT INTO OrderLines(OrderID, ProductID, Qty, UnitPrice) VALUES (2655,24,3,811);
INSERT INTO OrderLines(OrderID, ProductID, Qty, UnitPrice) VALUES (2655,19,2,1370);
UPDATE [Order] SET TotalAmount=8884 WHERE OrderID=2655;
INSERT INTO Payment(OrderID, PaymentDate, Amount, PaymentMethod, TransactionRef) VALUES (2655,'2025-07-23',8884,'Card','TXN829627');
INSERT INTO [Order](CustomerID, OrderDate, Status, TotalAmount) VALUES (266,'2025-10-28','Cancelled',0);
INSERT INTO OrderLines(OrderID, ProductID, Qty, UnitPrice) VALUES (2656,41,1,527);
INSERT INTO OrderLines(OrderID, ProductID, Qty, UnitPrice) VALUES (2656,5,2,1067);
INSERT INTO OrderLines(OrderID, ProductID, Qty, UnitPrice) VALUES (2656,33,2,394);
INSERT INTO OrderLines(OrderID, ProductID, Qty, UnitPrice) VALUES (2656,23,2,1292);
UPDATE [Order] SET TotalAmount=6033 WHERE OrderID=2656;
INSERT INTO Payment(OrderID, PaymentDate, Amount, PaymentMethod, TransactionRef) VALUES (2656,'2025-10-29',6033,'Cash','TXN803134');
INSERT INTO [Order](CustomerID, OrderDate, Status, TotalAmount) VALUES (266,'2025-01-05','Delivered',0);
INSERT INTO OrderLines(OrderID, ProductID, Qty, UnitPrice) VALUES (2657,13,2,855);
INSERT INTO OrderLines(OrderID, ProductID, Qty, UnitPrice) VALUES (2657,50,3,238);
INSERT INTO OrderLines(OrderID, ProductID, Qty, UnitPrice) VALUES (2657,16,3,941);
INSERT INTO OrderLines(OrderID, ProductID, Qty, UnitPrice) VALUES (2657,34,3,1323);
UPDATE [Order] SET TotalAmount=9216 WHERE OrderID=2657;
INSERT INTO Payment(OrderID, PaymentDate, Amount, PaymentMethod, TransactionRef) VALUES (2657,'2025-01-05',9216,'Cash','TXN903871');
INSERT INTO [Order](CustomerID, OrderDate, Status, TotalAmount) VALUES (266,'2025-02-18','Cancelled',0);
INSERT INTO OrderLines(OrderID, ProductID, Qty, UnitPrice) VALUES (2658,47,2,1168);
INSERT INTO OrderLines(OrderID, ProductID, Qty, UnitPrice) VALUES (2658,29,1,1088);
INSERT INTO OrderLines(OrderID, ProductID, Qty, UnitPrice) VALUES (2658,29,1,1444);
INSERT INTO OrderLines(OrderID, ProductID, Qty, UnitPrice) VALUES (2658,12,3,223);
UPDATE [Order] SET TotalAmount=5537 WHERE OrderID=2658;
INSERT INTO Payment(OrderID, PaymentDate, Amount, PaymentMethod, TransactionRef) VALUES (2658,'2025-02-21',5537,'Card','TXN780078');
INSERT INTO [Order](CustomerID, OrderDate, Status, TotalAmount) VALUES (266,'2025-11-28','Delivered',0);
INSERT INTO OrderLines(OrderID, ProductID, Qty, UnitPrice) VALUES (2659,15,1,31);
INSERT INTO OrderLines(OrderID, ProductID, Qty, UnitPrice) VALUES (2659,36,2,626);
INSERT INTO OrderLines(OrderID, ProductID, Qty, UnitPrice) VALUES (2659,5,1,883);
INSERT INTO OrderLines(OrderID, ProductID, Qty, UnitPrice) VALUES (2659,21,3,608);
UPDATE [Order] SET TotalAmount=3990 WHERE OrderID=2659;
INSERT INTO Payment(OrderID, PaymentDate, Amount, PaymentMethod, TransactionRef) VALUES (2659,'2025-12-02',3990,'Card','TXN337125');
INSERT INTO [Order](CustomerID, OrderDate, Status, TotalAmount) VALUES (266,'2025-01-26','Cancelled',0);
INSERT INTO OrderLines(OrderID, ProductID, Qty, UnitPrice) VALUES (2660,45,1,1081);
INSERT INTO OrderLines(OrderID, ProductID, Qty, UnitPrice) VALUES (2660,49,3,1371);
INSERT INTO OrderLines(OrderID, ProductID, Qty, UnitPrice) VALUES (2660,38,3,903);
INSERT INTO OrderLines(OrderID, ProductID, Qty, UnitPrice) VALUES (2660,27,2,936);
UPDATE [Order] SET TotalAmount=9775 WHERE OrderID=2660;
INSERT INTO Payment(OrderID, PaymentDate, Amount, PaymentMethod, TransactionRef) VALUES (2660,'2025-01-29',9775,'Card','TXN980084');
INSERT INTO [Order](CustomerID, OrderDate, Status, TotalAmount) VALUES (267,'2025-06-15','Cancelled',0);
INSERT INTO OrderLines(OrderID, ProductID, Qty, UnitPrice) VALUES (2661,27,1,985);
INSERT INTO OrderLines(OrderID, ProductID, Qty, UnitPrice) VALUES (2661,34,3,995);
INSERT INTO OrderLines(OrderID, ProductID, Qty, UnitPrice) VALUES (2661,35,3,867);
INSERT INTO OrderLines(OrderID, ProductID, Qty, UnitPrice) VALUES (2661,16,3,1422);
UPDATE [Order] SET TotalAmount=10837 WHERE OrderID=2661;
INSERT INTO Payment(OrderID, PaymentDate, Amount, PaymentMethod, TransactionRef) VALUES (2661,'2025-06-17',10837,'PayPal','TXN635105');
INSERT INTO [Order](CustomerID, OrderDate, Status, TotalAmount) VALUES (267,'2025-06-24','Delivered',0);
INSERT INTO OrderLines(OrderID, ProductID, Qty, UnitPrice) VALUES (2662,12,1,227);
INSERT INTO OrderLines(OrderID, ProductID, Qty, UnitPrice) VALUES (2662,22,1,235);
INSERT INTO OrderLines(OrderID, ProductID, Qty, UnitPrice) VALUES (2662,34,2,382);
INSERT INTO OrderLines(OrderID, ProductID, Qty, UnitPrice) VALUES (2662,44,1,527);
UPDATE [Order] SET TotalAmount=1753 WHERE OrderID=2662;
INSERT INTO Payment(OrderID, PaymentDate, Amount, PaymentMethod, TransactionRef) VALUES (2662,'2025-06-24',1753,'PayPal','TXN989386');
INSERT INTO [Order](CustomerID, OrderDate, Status, TotalAmount) VALUES (267,'2025-11-23','Shipped',0);
INSERT INTO OrderLines(OrderID, ProductID, Qty, UnitPrice) VALUES (2663,10,2,135);
INSERT INTO OrderLines(OrderID, ProductID, Qty, UnitPrice) VALUES (2663,33,1,288);
INSERT INTO OrderLines(OrderID, ProductID, Qty, UnitPrice) VALUES (2663,35,1,800);
INSERT INTO OrderLines(OrderID, ProductID, Qty, UnitPrice) VALUES (2663,5,2,1254);
UPDATE [Order] SET TotalAmount=3866 WHERE OrderID=2663;
INSERT INTO Payment(OrderID, PaymentDate, Amount, PaymentMethod, TransactionRef) VALUES (2663,'2025-11-23',3866,'Card','TXN399237');
INSERT INTO [Order](CustomerID, OrderDate, Status, TotalAmount) VALUES (267,'2025-03-13','Processing',0);
INSERT INTO OrderLines(OrderID, ProductID, Qty, UnitPrice) VALUES (2664,14,2,870);
INSERT INTO OrderLines(OrderID, ProductID, Qty, UnitPrice) VALUES (2664,8,1,230);
INSERT INTO OrderLines(OrderID, ProductID, Qty, UnitPrice) VALUES (2664,44,3,167);
INSERT INTO OrderLines(OrderID, ProductID, Qty, UnitPrice) VALUES (2664,11,1,1388);
UPDATE [Order] SET TotalAmount=3859 WHERE OrderID=2664;
INSERT INTO Payment(OrderID, PaymentDate, Amount, PaymentMethod, TransactionRef) VALUES (2664,'2025-03-13',3859,'Card','TXN876861');
INSERT INTO [Order](CustomerID, OrderDate, Status, TotalAmount) VALUES (267,'2025-01-06','Delivered',0);
INSERT INTO OrderLines(OrderID, ProductID, Qty, UnitPrice) VALUES (2665,33,1,451);